program_id,input_id,params_json,store_json,source_observation_sha256,target_observation_sha256,equal,first_failure_reason
pure-arithmetic-00,0,"{""arg"":-31}","{""r"":-4}",37fd776c621d7594eef2a8a0ccf8a83808e495d17acf3cd5c4c0ba79e693ae55,37fd776c621d7594eef2a8a0ccf8a83808e495d17acf3cd5c4c0ba79e693ae55,1,
pure-arithmetic-00,1,"{""arg"":-30}","{""r"":-3}",04cb88fb31d7519cb7f5a45fa30c7430c59c5f554f2496985b64c0cbe96ae2f0,04cb88fb31d7519cb7f5a45fa30c7430c59c5f554f2496985b64c0cbe96ae2f0,1,
pure-arithmetic-00,2,"{""arg"":-29}","{""r"":-2}",ffd97f3f0cb7bf9e85d95d75e6ff260976927391e3b7df95e7205d938ebb84ab,ffd97f3f0cb7bf9e85d95d75e6ff260976927391e3b7df95e7205d938ebb84ab,1,
pure-arithmetic-00,3,"{""arg"":-28}","{""r"":-1}",eaa0ac5bc2d7d14ccc64d9bb66eecfc17c49af75d0fc88c85f08de3698ec5fd5,eaa0ac5bc2d7d14ccc64d9bb66eecfc17c49af75d0fc88c85f08de3698ec5fd5,1,
pure-arithmetic-00,4,"{""arg"":-27}","{""r"":0}",31eca8ae8c370ab65e62e84c7c4f879f5e0ee6fa533d31917a18fdb0ad872103,31eca8ae8c370ab65e62e84c7c4f879f5e0ee6fa533d31917a18fdb0ad872103,1,
pure-arithmetic-00,5,"{""arg"":-26}","{""r"":1}",70dfb3d384083179e0a5695e3235556a6e52083ac3bb13cc1f311c3e3226d5c8,70dfb3d384083179e0a5695e3235556a6e52083ac3bb13cc1f311c3e3226d5c8,1,
pure-arithmetic-00,6,"{""arg"":-25}","{""r"":2}",843cfaf272e018b6056bfd2c2e3a28791bf48598bb91a5c5657c2e5a10d0ada5,843cfaf272e018b6056bfd2c2e3a28791bf48598bb91a5c5657c2e5a10d0ada5,1,
pure-arithmetic-00,7,"{""arg"":-24}","{""r"":3}",c14356516ad58f048d6b8a74abf6c497c892433e21ce6f5714a26813fd7dba76,c14356516ad58f048d6b8a74abf6c497c892433e21ce6f5714a26813fd7dba76,1,
pure-arithmetic-01,0,"{""arg"":-14}","{""r"":-4}",90d19f56514f6c4f7bf950445535e65fcd28b0292f5f3d9f3a7ad0c724f578aa,90d19f56514f6c4f7bf950445535e65fcd28b0292f5f3d9f3a7ad0c724f578aa,1,
pure-arithmetic-01,1,"{""arg"":-13}","{""r"":-3}",9bfcff9a6f8cb57b30bc774df8c2158642ef372530468665a8a6d8941c37b47d,9bfcff9a6f8cb57b30bc774df8c2158642ef372530468665a8a6d8941c37b47d,1,
pure-arithmetic-01,2,"{""arg"":-12}","{""r"":-2}",a7748831e600ca1f1fcd506910f2c46f28bd763f4c77eb16c4b5ea9d476123cc,a7748831e600ca1f1fcd506910f2c46f28bd763f4c77eb16c4b5ea9d476123cc,1,
pure-arithmetic-01,3,"{""arg"":-11}","{""r"":-1}",3f419eb40187a541fb3945afd7b3c266875f199e110c5623e8497c1f3271069b,3f419eb40187a541fb3945afd7b3c266875f199e110c5623e8497c1f3271069b,1,
pure-arithmetic-01,4,"{""arg"":-10}","{""r"":0}",9f4f80250c06c0b531f99efc452f4fcc77bce898e788df763becce21e6440444,9f4f80250c06c0b531f99efc452f4fcc77bce898e788df763becce21e6440444,1,
pure-arithmetic-01,5,"{""arg"":-9}","{""r"":1}",ef4a5e383f215aa2dd1cd3a5031ebbd3ee322b2bdb7095a1664002fd5e08f9ec,ef4a5e383f215aa2dd1cd3a5031ebbd3ee322b2bdb7095a1664002fd5e08f9ec,1,
pure-arithmetic-01,6,"{""arg"":-8}","{""r"":2}",048da46bce531bedc4aca7cfcfbc0d206dec71f6de58a4e5f61a6bd7c1bc0321,048da46bce531bedc4aca7cfcfbc0d206dec71f6de58a4e5f61a6bd7c1bc0321,1,
pure-arithmetic-01,7,"{""arg"":-7}","{""r"":3}",a934589dd96ca5a319019b9145b7c5116ccccd6c526267d6e9ceb81c372ffac7,a934589dd96ca5a319019b9145b7c5116ccccd6c526267d6e9ceb81c372ffac7,1,
pure-arithmetic-02,0,"{""arg"":3}","{""r"":-4}",28029e756a543be5f297a6c007a5a18e307e6eb1242482b42239c2a0abdd175b,28029e756a543be5f297a6c007a5a18e307e6eb1242482b42239c2a0abdd175b,1,
pure-arithmetic-02,1,"{""arg"":4}","{""r"":-3}",5b71e8f535672aec90bfbcf8565e83e73e798f562450eeb3ee867be413ac3826,5b71e8f535672aec90bfbcf8565e83e73e798f562450eeb3ee867be413ac3826,1,
pure-arithmetic-02,2,"{""arg"":5}","{""r"":-2}",2127b3cbb0c7490107a076ddb5b5ad2b5cfd0ce638d9bb6724c3a94feff84617,2127b3cbb0c7490107a076ddb5b5ad2b5cfd0ce638d9bb6724c3a94feff84617,1,
pure-arithmetic-02,3,"{""arg"":6}","{""r"":-1}",69f510285402a93cb5ab0f106017b90e784ee3afff1f9193f1e30ed419d93ad7,69f510285402a93cb5ab0f106017b90e784ee3afff1f9193f1e30ed419d93ad7,1,
pure-arithmetic-02,4,"{""arg"":7}","{""r"":0}",7cfaeaecc7c4f5c86d3b910d494f95c17fc3373c554aa34c5547cabf9a6b7148,7cfaeaecc7c4f5c86d3b910d494f95c17fc3373c554aa34c5547cabf9a6b7148,1,
pure-arithmetic-02,5,"{""arg"":8}","{""r"":1}",8d68c8bdec1fb259db179cf58eefc3dedac8aa20325a01f3f950a353c1aede31,8d68c8bdec1fb259db179cf58eefc3dedac8aa20325a01f3f950a353c1aede31,1,
pure-arithmetic-02,6,"{""arg"":9}","{""r"":2}",63c67a4a0bb0a943562a7a75771dd8d1339edc3e4105f83c68b1e6437aadab64,63c67a4a0bb0a943562a7a75771dd8d1339edc3e4105f83c68b1e6437aadab64,1,
pure-arithmetic-02,7,"{""arg"":10}","{""r"":3}",ef7cf599e4eacf783f0c44c6893f9f0014124497a0258c92cbdf73bcec1d4e3a,ef7cf599e4eacf783f0c44c6893f9f0014124497a0258c92cbdf73bcec1d4e3a,1,
pure-arithmetic-03,0,"{""arg"":20}","{""r"":-4}",eaa9ae7d32ca10b43be4749de7179bde4a214d490df2038e94feb24042b546cd,eaa9ae7d32ca10b43be4749de7179bde4a214d490df2038e94feb24042b546cd,1,
pure-arithmetic-03,1,"{""arg"":21}","{""r"":-3}",27ac3b3b82549b68206a4bcd5c0f63515d8c7e9ed1c87fc793ddb83a54e72f6e,27ac3b3b82549b68206a4bcd5c0f63515d8c7e9ed1c87fc793ddb83a54e72f6e,1,
pure-arithmetic-03,2,"{""arg"":22}","{""r"":-2}",ce6944807e292a170b5b3a3cac87f441cd101ebfb7e56e8f370c3770d72025e1,ce6944807e292a170b5b3a3cac87f441cd101ebfb7e56e8f370c3770d72025e1,1,
pure-arithmetic-03,3,"{""arg"":23}","{""r"":-1}",e1b3798678c6b6ff459a960dbbf416408cfb6c4012403219375b700fcd98a55c,e1b3798678c6b6ff459a960dbbf416408cfb6c4012403219375b700fcd98a55c,1,
pure-arithmetic-03,4,"{""arg"":24}","{""r"":0}",d0cf6f26643233d5d68e6132b9436f98e86d4cb24b96b1fa11007d1a4d4c582f,d0cf6f26643233d5d68e6132b9436f98e86d4cb24b96b1fa11007d1a4d4c582f,1,
pure-arithmetic-03,5,"{""arg"":25}","{""r"":1}",5d8aeb38dbb92593bcb65a8c52044ab70a4cd5fbffb6c6d73106d421aa5cae59,5d8aeb38dbb92593bcb65a8c52044ab70a4cd5fbffb6c6d73106d421aa5cae59,1,
pure-arithmetic-03,6,"{""arg"":26}","{""r"":2}",af6e328df2c8a375b9bb933fe934d9de58b425c0155b64cf4ec476ca8d851428,af6e328df2c8a375b9bb933fe934d9de58b425c0155b64cf4ec476ca8d851428,1,
pure-arithmetic-03,7,"{""arg"":27}","{""r"":3}",9e294e66e0e4dc7909c71814afe3b5178556df9793b75fe382646a20669c404f,9e294e66e0e4dc7909c71814afe3b5178556df9793b75fe382646a20669c404f,1,
pure-arithmetic-04,0,"{""arg"":37}","{""r"":-4}",6c8e55fa88ac01602d391f67326c68e7a8f5f7be2debd73cfc339997788da370,6c8e55fa88ac01602d391f67326c68e7a8f5f7be2debd73cfc339997788da370,1,
pure-arithmetic-04,1,"{""arg"":38}","{""r"":-3}",e69bd2827e2f4ae2fe9dd04876ba16cdfaf24a5790756f5f2daa199b003d03c4,e69bd2827e2f4ae2fe9dd04876ba16cdfaf24a5790756f5f2daa199b003d03c4,1,
pure-arithmetic-04,2,"{""arg"":39}","{""r"":-2}",d1278c16231156add0f1e120e4b9e3bf2d5e580b9a662887014de2abb693364f,d1278c16231156add0f1e120e4b9e3bf2d5e580b9a662887014de2abb693364f,1,
pure-arithmetic-04,3,"{""arg"":40}","{""r"":-1}",50ca482eda3eeb24925dd79638a787e3433aeb385564ca74005eb4710698c670,50ca482eda3eeb24925dd79638a787e3433aeb385564ca74005eb4710698c670,1,
pure-arithmetic-04,4,"{""arg"":41}","{""r"":0}",5bb79a46fd3c5aa2c55f9991b9d29c5cd04d22d12dc254292535a6c96846be64,5bb79a46fd3c5aa2c55f9991b9d29c5cd04d22d12dc254292535a6c96846be64,1,
pure-arithmetic-04,5,"{""arg"":42}","{""r"":1}",4f525a28eb75ca4505215d20aaaa7cbd0dff9dd1d540633e564c2119c62403b9,4f525a28eb75ca4505215d20aaaa7cbd0dff9dd1d540633e564c2119c62403b9,1,
pure-arithmetic-04,6,"{""arg"":43}","{""r"":2}",4df4aa92b94aa6f8f1db70a0f814a146d7d5064a9663833b658ce9abfb131be6,4df4aa92b94aa6f8f1db70a0f814a146d7d5064a9663833b658ce9abfb131be6,1,
pure-arithmetic-04,7,"{""arg"":44}","{""r"":3}",1b58616fcf945d8a2da5aa673fe45f11e5ee3edcc89d0ba264cb21fa4194462a,1b58616fcf945d8a2da5aa673fe45f11e5ee3edcc89d0ba264cb21fa4194462a,1,
pure-arithmetic-05,0,"{""arg"":54}","{""r"":-4}",32674668358a6462b92c9461c88c98d33ce2e15fcb1174cdf69321bc8297b7ad,32674668358a6462b92c9461c88c98d33ce2e15fcb1174cdf69321bc8297b7ad,1,
pure-arithmetic-05,1,"{""arg"":55}","{""r"":-3}",9aa191d5f22ad052a5059d0b98354e36855862fe5f9f9288a75fe5919a863cc9,9aa191d5f22ad052a5059d0b98354e36855862fe5f9f9288a75fe5919a863cc9,1,
pure-arithmetic-05,2,"{""arg"":56}","{""r"":-2}",973fcd72454d0bd8861215399770caa0da4f369dc528ed6b8685865e7cb8f095,973fcd72454d0bd8861215399770caa0da4f369dc528ed6b8685865e7cb8f095,1,
pure-arithmetic-05,3,"{""arg"":57}","{""r"":-1}",74c40ef6c700fd307b83a54f9a1b5698facdaffbdd4fa82ea1ad24697706a3e5,74c40ef6c700fd307b83a54f9a1b5698facdaffbdd4fa82ea1ad24697706a3e5,1,
pure-arithmetic-05,4,"{""arg"":58}","{""r"":0}",a0ef8112de1bc7cbfa4a8fe1bba19db58eaeb408565504309c26c369a3f92fd6,a0ef8112de1bc7cbfa4a8fe1bba19db58eaeb408565504309c26c369a3f92fd6,1,
pure-arithmetic-05,5,"{""arg"":59}","{""r"":1}",91822d7e3d8a86ec7f8db55fc635035785cb12a42fbdd8a3be6868888e8c1e7c,91822d7e3d8a86ec7f8db55fc635035785cb12a42fbdd8a3be6868888e8c1e7c,1,
pure-arithmetic-05,6,"{""arg"":60}","{""r"":2}",d9b2c9190b23de5657ce9eb736f5adb633202a70d84ae75b7b5614178cbb196b,d9b2c9190b23de5657ce9eb736f5adb633202a70d84ae75b7b5614178cbb196b,1,
pure-arithmetic-05,7,"{""arg"":61}","{""r"":3}",71b321e06f88f5d85fd95b01a2fcc6ab222e721e8f32271ee7f40377e89d09e5,71b321e06f88f5d85fd95b01a2fcc6ab222e721e8f32271ee7f40377e89d09e5,1,
pure-arithmetic-06,0,"{""arg"":71}","{""r"":-4}",e3f9ed1fa9d822d8f843dc3171976da002f9cfbf0ba49f1356d531f476fa980b,e3f9ed1fa9d822d8f843dc3171976da002f9cfbf0ba49f1356d531f476fa980b,1,
pure-arithmetic-06,1,"{""arg"":72}","{""r"":-3}",90c2388278b8bc76f8f7dc30311d2133d95becc402fbb94924ffb79f790b1941,90c2388278b8bc76f8f7dc30311d2133d95becc402fbb94924ffb79f790b1941,1,
pure-arithmetic-06,2,"{""arg"":73}","{""r"":-2}",87beb8a396a271eefd81683a5ac1a65a32a6a0e07a46b03473be5917e3f27c4c,87beb8a396a271eefd81683a5ac1a65a32a6a0e07a46b03473be5917e3f27c4c,1,
pure-arithmetic-06,3,"{""arg"":74}","{""r"":-1}",c11f1e91956da219b60844ed7dbcce87522e55768b286b6ca2b075dd600839ad,c11f1e91956da219b60844ed7dbcce87522e55768b286b6ca2b075dd600839ad,1,
pure-arithmetic-06,4,"{""arg"":75}","{""r"":0}",ac3739560bc3ac583dfbc024e840b68b2cbd1881a087cc8635562e99fcfcd285,ac3739560bc3ac583dfbc024e840b68b2cbd1881a087cc8635562e99fcfcd285,1,
pure-arithmetic-06,5,"{""arg"":76}","{""r"":1}",efbb675112b5f7a194711fed9ca5be936a70138ca269880b88268d15f577407c,efbb675112b5f7a194711fed9ca5be936a70138ca269880b88268d15f577407c,1,
pure-arithmetic-06,6,"{""arg"":77}","{""r"":2}",7c3eef7ccc8a8d44285fd32960f804c1a73357873e764aa7e341885bdee21405,7c3eef7ccc8a8d44285fd32960f804c1a73357873e764aa7e341885bdee21405,1,
pure-arithmetic-06,7,"{""arg"":78}","{""r"":3}",1e6fcf3955e153031e69296d861f069f1c8491d598d2b44ccee58ef6a22a9714,1e6fcf3955e153031e69296d861f069f1c8491d598d2b44ccee58ef6a22a9714,1,
pure-arithmetic-07,0,"{""arg"":88}","{""r"":-4}",c07d127572b0a24a985d82851f1b0fd1d4aadeb673700ccd2defcc511164fabb,c07d127572b0a24a985d82851f1b0fd1d4aadeb673700ccd2defcc511164fabb,1,
pure-arithmetic-07,1,"{""arg"":89}","{""r"":-3}",9498fc01c1d801c97ad8f1de813d941f49daf63a98c625614c1984a4adeaac76,9498fc01c1d801c97ad8f1de813d941f49daf63a98c625614c1984a4adeaac76,1,
pure-arithmetic-07,2,"{""arg"":90}","{""r"":-2}",ccee2aa60d1ce82a9335809b8dd496d0a9cda854a87b0c010e1f72e158f44056,ccee2aa60d1ce82a9335809b8dd496d0a9cda854a87b0c010e1f72e158f44056,1,
pure-arithmetic-07,3,"{""arg"":91}","{""r"":-1}",c8ab22f8bd65a31e8b62e2fc413c231577af2ce85c2b3d7ce65c9717de874584,c8ab22f8bd65a31e8b62e2fc413c231577af2ce85c2b3d7ce65c9717de874584,1,
pure-arithmetic-07,4,"{""arg"":92}","{""r"":0}",8b52cb7f4d4deb81a02c36bc50f9fdad4a7a77e1292853e86f50c4c2119c5bc0,8b52cb7f4d4deb81a02c36bc50f9fdad4a7a77e1292853e86f50c4c2119c5bc0,1,
pure-arithmetic-07,5,"{""arg"":93}","{""r"":1}",646e1de7926bd9c60e8b80fbb68044c275f8fcf174fe3f27c776407629de4d1a,646e1de7926bd9c60e8b80fbb68044c275f8fcf174fe3f27c776407629de4d1a,1,
pure-arithmetic-07,6,"{""arg"":94}","{""r"":2}",a546e76c4ebcc84e44d719631abf5e43c0b73ceb4ba47bd566768c9687231a5d,a546e76c4ebcc84e44d719631abf5e43c0b73ceb4ba47bd566768c9687231a5d,1,
pure-arithmetic-07,7,"{""arg"":95}","{""r"":3}",b652fa44fff5e2916fafd13b49966c7a150807281e46e403f761177d31f4b1d5,b652fa44fff5e2916fafd13b49966c7a150807281e46e403f761177d31f4b1d5,1,
pure-arithmetic-08,0,"{""arg"":105}","{""r"":-4}",1374caa2a00c7ad04252474500a2a83942f2a16cf2d79004caf8e778b39297db,1374caa2a00c7ad04252474500a2a83942f2a16cf2d79004caf8e778b39297db,1,
pure-arithmetic-08,1,"{""arg"":106}","{""r"":-3}",6a3dc7dcbe7a978b727d1164e85980baf509021024b0f0da1a392e2299584e1a,6a3dc7dcbe7a978b727d1164e85980baf509021024b0f0da1a392e2299584e1a,1,
pure-arithmetic-08,2,"{""arg"":107}","{""r"":-2}",0528d1f830e1a5579422c4e3023907af1ebd8cb59fe71554c8a5186b620fb44b,0528d1f830e1a5579422c4e3023907af1ebd8cb59fe71554c8a5186b620fb44b,1,
pure-arithmetic-08,3,"{""arg"":108}","{""r"":-1}",312f78ef23a006c8b44b48ea426428100021a0e57cd0ae4d00eb033049228a35,312f78ef23a006c8b44b48ea426428100021a0e57cd0ae4d00eb033049228a35,1,
pure-arithmetic-08,4,"{""arg"":109}","{""r"":0}",028909ddac0c72279f0c29db5735c9ef6c41a4b475e8ea2fa4e09a4534e359f1,028909ddac0c72279f0c29db5735c9ef6c41a4b475e8ea2fa4e09a4534e359f1,1,
pure-arithmetic-08,5,"{""arg"":110}","{""r"":1}",67c7c685babc57ccf0abbd4c4c50b93c3b1aa4373a1796bebba5f4bba032f9ee,67c7c685babc57ccf0abbd4c4c50b93c3b1aa4373a1796bebba5f4bba032f9ee,1,
pure-arithmetic-08,6,"{""arg"":111}","{""r"":2}",7c460a711374afb2fd09a1bc89dccd4522fa19163a43c19d0896150d2fb32486,7c460a711374afb2fd09a1bc89dccd4522fa19163a43c19d0896150d2fb32486,1,
pure-arithmetic-08,7,"{""arg"":112}","{""r"":3}",588d1ea2e02ef6cb0421bec1856811510fdf996c80e2d0a36b5cf2fd5f80b56e,588d1ea2e02ef6cb0421bec1856811510fdf996c80e2d0a36b5cf2fd5f80b56e,1,
pure-arithmetic-09,0,"{""arg"":122}","{""r"":-4}",7bd144191c75de096e435a683fe3f0adc8013c04321e38ae8a720b2aae7d2df3,7bd144191c75de096e435a683fe3f0adc8013c04321e38ae8a720b2aae7d2df3,1,
pure-arithmetic-09,1,"{""arg"":123}","{""r"":-3}",76062eeaac761cb1c0405328a24ecb50bfe12b9661006f1f7e3f9cda75b1f3d6,76062eeaac761cb1c0405328a24ecb50bfe12b9661006f1f7e3f9cda75b1f3d6,1,
pure-arithmetic-09,2,"{""arg"":124}","{""r"":-2}",1913ed9f4e54767a2d7f7f9dbd6d52c188f2d670cae50d91ce0f9b1ffafadee2,1913ed9f4e54767a2d7f7f9dbd6d52c188f2d670cae50d91ce0f9b1ffafadee2,1,
pure-arithmetic-09,3,"{""arg"":125}","{""r"":-1}",78fe5e5f84d1a29dd5f83e5c5e1bc1042c874f1a6e478bb9208089eb41622baf,78fe5e5f84d1a29dd5f83e5c5e1bc1042c874f1a6e478bb9208089eb41622baf,1,
pure-arithmetic-09,4,"{""arg"":126}","{""r"":0}",1ab2fd7f69ea46a730295361c2713f2e398fe694c06e5791f8b447e36ba3c187,1ab2fd7f69ea46a730295361c2713f2e398fe694c06e5791f8b447e36ba3c187,1,
pure-arithmetic-09,5,"{""arg"":127}","{""r"":1}",7d112301d096b07aa0294869a21f3097099b7140b20997903799b4e097390768,7d112301d096b07aa0294869a21f3097099b7140b20997903799b4e097390768,1,
pure-arithmetic-09,6,"{""arg"":128}","{""r"":2}",655bbe42d3a1e3210229347dfdc222b29f787c588e3dad4e3e32a796fc6e3c67,655bbe42d3a1e3210229347dfdc222b29f787c588e3dad4e3e32a796fc6e3c67,1,
pure-arithmetic-09,7,"{""arg"":129}","{""r"":3}",3aaaf297a0e8bcc026c6e1ae2c00bdc81342631fc0406a9bde77c0bb19e44ddb,3aaaf297a0e8bcc026c6e1ae2c00bdc81342631fc0406a9bde77c0bb19e44ddb,1,
pure-arithmetic-10,0,"{""arg"":139}","{""r"":-4}",a87ff5785beff13e2a3e100263c92828a1d7e046243638bef1fba496623e373a,a87ff5785beff13e2a3e100263c92828a1d7e046243638bef1fba496623e373a,1,
pure-arithmetic-10,1,"{""arg"":140}","{""r"":-3}",03cd6dd4fdb12e78fe035fc92a092de9bfd7ffab41cd0fd5ae0d7f7f1e57a6f1,03cd6dd4fdb12e78fe035fc92a092de9bfd7ffab41cd0fd5ae0d7f7f1e57a6f1,1,
pure-arithmetic-10,2,"{""arg"":141}","{""r"":-2}",37fc20e8e42d0e85e1cd0f713d155733e3425d9dfb07b5886c33a5f563e80b2c,37fc20e8e42d0e85e1cd0f713d155733e3425d9dfb07b5886c33a5f563e80b2c,1,
pure-arithmetic-10,3,"{""arg"":142}","{""r"":-1}",8066d10d6a4cc16613b3b2bf51a837791bafad0de9cd7a1c6b87aed03f8c3bf2,8066d10d6a4cc16613b3b2bf51a837791bafad0de9cd7a1c6b87aed03f8c3bf2,1,
pure-arithmetic-10,4,"{""arg"":143}","{""r"":0}",8b992ea9e0864ab61ce05b251aff56a12cfe849031e0c318733b5599c62f233b,8b992ea9e0864ab61ce05b251aff56a12cfe849031e0c318733b5599c62f233b,1,
pure-arithmetic-10,5,"{""arg"":144}","{""r"":1}",e8a1177a90160d16703119258cc646dacd1dcf189926889131c3b29a62a6677e,e8a1177a90160d16703119258cc646dacd1dcf189926889131c3b29a62a6677e,1,
pure-arithmetic-10,6,"{""arg"":145}","{""r"":2}",5ab902b90fddc6682d56f949bfcd5f0c3a7bdbc5a074ccd52030cc5d83d97b83,5ab902b90fddc6682d56f949bfcd5f0c3a7bdbc5a074ccd52030cc5d83d97b83,1,
pure-arithmetic-10,7,"{""arg"":146}","{""r"":3}",2c90afed8087e74765fdc505eaf0e4689c93126362abb6c9976667b6c5d11ce8,2c90afed8087e74765fdc505eaf0e4689c93126362abb6c9976667b6c5d11ce8,1,
pure-arithmetic-11,0,"{""arg"":156}","{""r"":-4}",7d25b64a172ab8c5556cfec5359a4c438a78e745a2bd185a7a9089461118e4f0,7d25b64a172ab8c5556cfec5359a4c438a78e745a2bd185a7a9089461118e4f0,1,
pure-arithmetic-11,1,"{""arg"":157}","{""r"":-3}",9e8bd7524d307a244ae567b1d79a69a04d5cc03a0ab3f3af36bdfdd41540a833,9e8bd7524d307a244ae567b1d79a69a04d5cc03a0ab3f3af36bdfdd41540a833,1,
pure-arithmetic-11,2,"{""arg"":158}","{""r"":-2}",4197e763e4c5386c356203e5a06be50f77c61f27eae0811630a8f712d2c49a23,4197e763e4c5386c356203e5a06be50f77c61f27eae0811630a8f712d2c49a23,1,
pure-arithmetic-11,3,"{""arg"":159}","{""r"":-1}",1057acc38bb4f965e88b082e38bed7d4e232aa9b1958b4a4d9e0aaff26904a00,1057acc38bb4f965e88b082e38bed7d4e232aa9b1958b4a4d9e0aaff26904a00,1,
pure-arithmetic-11,4,"{""arg"":160}","{""r"":0}",6130eb72ea66238ab48ffc24246c9afe01aeeeb2642c38c7087ca4a30945fef9,6130eb72ea66238ab48ffc24246c9afe01aeeeb2642c38c7087ca4a30945fef9,1,
pure-arithmetic-11,5,"{""arg"":161}","{""r"":1}",5e7c86e4a33ab0c48d1a8e2c17b88216a69741c077596ef2169b37abade85b00,5e7c86e4a33ab0c48d1a8e2c17b88216a69741c077596ef2169b37abade85b00,1,
pure-arithmetic-11,6,"{""arg"":162}","{""r"":2}",c4f4cb379c9ce8712b1d737d2c473dc084a1ac91fff77e0e75e650eba0c0ac74,c4f4cb379c9ce8712b1d737d2c473dc084a1ac91fff77e0e75e650eba0c0ac74,1,
pure-arithmetic-11,7,"{""arg"":163}","{""r"":3}",620777b55acd82b45b00a5b8ee246d62035eb0c93d15a8128e647e63480af691,620777b55acd82b45b00a5b8ee246d62035eb0c93d15a8128e647e63480af691,1,
pure-arithmetic-12,0,"{""arg"":173}","{""r"":-4}",72b1fe23ae8fb84352c75138041ea0ddd54d4c44292948c1bc54110dec7b8d68,72b1fe23ae8fb84352c75138041ea0ddd54d4c44292948c1bc54110dec7b8d68,1,
pure-arithmetic-12,1,"{""arg"":174}","{""r"":-3}",786370a0628571cfd10666e0ad647f10d6361b2a9e08b345898ba979a0d27d68,786370a0628571cfd10666e0ad647f10d6361b2a9e08b345898ba979a0d27d68,1,
pure-arithmetic-12,2,"{""arg"":175}","{""r"":-2}",3841f024621b3c8164380e2a8710d01355ad10a3cd58721120fdb0e596d8478a,3841f024621b3c8164380e2a8710d01355ad10a3cd58721120fdb0e596d8478a,1,
pure-arithmetic-12,3,"{""arg"":176}","{""r"":-1}",44e198faa73523e0cd5afdda6dd4ee0430165154a8c4341931c0fe4a3c9c2e8c,44e198faa73523e0cd5afdda6dd4ee0430165154a8c4341931c0fe4a3c9c2e8c,1,
pure-arithmetic-12,4,"{""arg"":177}","{""r"":0}",cf86a2984aae19c428f9efde9376685d0cb2caa63edd476812e90128944f5eb9,cf86a2984aae19c428f9efde9376685d0cb2caa63edd476812e90128944f5eb9,1,
pure-arithmetic-12,5,"{""arg"":178}","{""r"":1}",c1ab069473e4ad321964ab8d5edb400c236ad6b250c0421d1c16fcc7025bb227,c1ab069473e4ad321964ab8d5edb400c236ad6b250c0421d1c16fcc7025bb227,1,
pure-arithmetic-12,6,"{""arg"":179}","{""r"":2}",d12679718360739d97f3bcb02ed4f8e8d83e3bbf017de8883fce41fccfd708a2,d12679718360739d97f3bcb02ed4f8e8d83e3bbf017de8883fce41fccfd708a2,1,
pure-arithmetic-12,7,"{""arg"":180}","{""r"":3}",4a7ef4e885233a8f60932c0c752ae23b43911a390f6005690c3b06ac69edc8e5,4a7ef4e885233a8f60932c0c752ae23b43911a390f6005690c3b06ac69edc8e5,1,
pure-arithmetic-13,0,"{""arg"":190}","{""r"":-4}",d674f8404e53d18bb6100624dcf73ae64dec142dba2430f7fbef6b8d1bf8e5a9,d674f8404e53d18bb6100624dcf73ae64dec142dba2430f7fbef6b8d1bf8e5a9,1,
pure-arithmetic-13,1,"{""arg"":191}","{""r"":-3}",be0ccb8f60c3d4a23340b619781c1dcaa56b43278c28d16d53ebd3452ce4e67f,be0ccb8f60c3d4a23340b619781c1dcaa56b43278c28d16d53ebd3452ce4e67f,1,
pure-arithmetic-13,2,"{""arg"":192}","{""r"":-2}",26b9f0b6ef955cb444fe19b60163b29ee8e83d5b7601b7b36b6805df6dbbc2f3,26b9f0b6ef955cb444fe19b60163b29ee8e83d5b7601b7b36b6805df6dbbc2f3,1,
pure-arithmetic-13,3,"{""arg"":193}","{""r"":-1}",d2b61fe7d787c63606db0f603e7016eb2fcec27702e2916ea5781a68e4dc2e36,d2b61fe7d787c63606db0f603e7016eb2fcec27702e2916ea5781a68e4dc2e36,1,
pure-arithmetic-13,4,"{""arg"":194}","{""r"":0}",075d335e60bd7e3569b8ce7f1a1c93f7ba4cadfb31ee3122545f5d3fa0d67b2d,075d335e60bd7e3569b8ce7f1a1c93f7ba4cadfb31ee3122545f5d3fa0d67b2d,1,
pure-arithmetic-13,5,"{""arg"":195}","{""r"":1}",94bffb027afa99bad9b5ebcffdab8974b3b336664d721c31e8183226b99b9784,94bffb027afa99bad9b5ebcffdab8974b3b336664d721c31e8183226b99b9784,1,
pure-arithmetic-13,6,"{""arg"":196}","{""r"":2}",27341118ea3c689c756e4df15484b0816d175b01396ff0013872d6865b3bda15,27341118ea3c689c756e4df15484b0816d175b01396ff0013872d6865b3bda15,1,
pure-arithmetic-13,7,"{""arg"":197}","{""r"":3}",eb92ff798f10ab10fd2f9f0483b59266e09fe5568832d54946bf7d595b486f71,eb92ff798f10ab10fd2f9f0483b59266e09fe5568832d54946bf7d595b486f71,1,
pure-arithmetic-14,0,"{""arg"":207}","{""r"":-4}",2e8df5ccad027439cce479fda0f62b658913cf4b53bbcc47545670b320a35569,2e8df5ccad027439cce479fda0f62b658913cf4b53bbcc47545670b320a35569,1,
pure-arithmetic-14,1,"{""arg"":208}","{""r"":-3}",48c9ad8ba0b56f846ac607374af95b59fdaa15065aca567bee0590e65bc1b3c0,48c9ad8ba0b56f846ac607374af95b59fdaa15065aca567bee0590e65bc1b3c0,1,
pure-arithmetic-14,2,"{""arg"":209}","{""r"":-2}",b7615f3441174d7f0f25bfd35bda051c412625d76489686ad8751db8a13b7856,b7615f3441174d7f0f25bfd35bda051c412625d76489686ad8751db8a13b7856,1,
pure-arithmetic-14,3,"{""arg"":210}","{""r"":-1}",fa3efe602d876f58e8c9016ce6f4637689569fd07e8b99bdfbf82595533a7e17,fa3efe602d876f58e8c9016ce6f4637689569fd07e8b99bdfbf82595533a7e17,1,
pure-arithmetic-14,4,"{""arg"":211}","{""r"":0}",0d3f4b0e0feb0c450b90a8f14ec7eda6e562f2c6171a070a9432615cbcb4088f,0d3f4b0e0feb0c450b90a8f14ec7eda6e562f2c6171a070a9432615cbcb4088f,1,
pure-arithmetic-14,5,"{""arg"":212}","{""r"":1}",0b87205bf5e8b0d091954ed69d778ac5d1574e051511bdfd827a837099f80eb5,0b87205bf5e8b0d091954ed69d778ac5d1574e051511bdfd827a837099f80eb5,1,
pure-arithmetic-14,6,"{""arg"":213}","{""r"":2}",f848f8c299e0cd74e0bc8edfb76472423ba4df497ac3b92fa265f7df98d4ad6d,f848f8c299e0cd74e0bc8edfb76472423ba4df497ac3b92fa265f7df98d4ad6d,1,
pure-arithmetic-14,7,"{""arg"":214}","{""r"":3}",97c1071f971832a21c7241137ec06793cdc491945e914920ed5e35f016d56b66,97c1071f971832a21c7241137ec06793cdc491945e914920ed5e35f016d56b66,1,
pure-arithmetic-15,0,"{""arg"":224}","{""r"":-4}",759c082179d338773623d2bf73d937263b937a7833e188272a930c86947b7a6d,759c082179d338773623d2bf73d937263b937a7833e188272a930c86947b7a6d,1,
pure-arithmetic-15,1,"{""arg"":225}","{""r"":-3}",e59781c9f7ed424e1aa723efea460da58484eb332b10d3fa1fa5dc1de4d810b1,e59781c9f7ed424e1aa723efea460da58484eb332b10d3fa1fa5dc1de4d810b1,1,
pure-arithmetic-15,2,"{""arg"":226}","{""r"":-2}",9f919e1a0b82f172d486e035329c436aa5b29d6542981ba809677331b17d6ada,9f919e1a0b82f172d486e035329c436aa5b29d6542981ba809677331b17d6ada,1,
pure-arithmetic-15,3,"{""arg"":227}","{""r"":-1}",d3b1880cf49745c72f56463d2f89139b7985ca105f28f4976933fb94d80f9c43,d3b1880cf49745c72f56463d2f89139b7985ca105f28f4976933fb94d80f9c43,1,
pure-arithmetic-15,4,"{""arg"":228}","{""r"":0}",087149b1e3f05dce729c3722759862403e833c963646b3eb7174f666c717a2ac,087149b1e3f05dce729c3722759862403e833c963646b3eb7174f666c717a2ac,1,
pure-arithmetic-15,5,"{""arg"":229}","{""r"":1}",bb8162a233e1c7ef8bb6aa04d113dec047cf5cfbcb499de055d85f80fa3207d1,bb8162a233e1c7ef8bb6aa04d113dec047cf5cfbcb499de055d85f80fa3207d1,1,
pure-arithmetic-15,6,"{""arg"":230}","{""r"":2}",c486b20c305c760b58db43cd0243cf3a12b744e4901a1050275a4fc3ed890d03,c486b20c305c760b58db43cd0243cf3a12b744e4901a1050275a4fc3ed890d03,1,
pure-arithmetic-15,7,"{""arg"":231}","{""r"":3}",d78fcba78b7f5eabe751cdf5333297da00d10da2ac424dbac9ec9df437ec8730,d78fcba78b7f5eabe751cdf5333297da00d10da2ac424dbac9ec9df437ec8730,1,
pure-arithmetic-16,0,"{""arg"":241}","{""r"":-4}",84173da527682e3a5a2ede7547ac14b0fc7d57ed76f1cd8081e3cf1eb049913f,84173da527682e3a5a2ede7547ac14b0fc7d57ed76f1cd8081e3cf1eb049913f,1,
pure-arithmetic-16,1,"{""arg"":242}","{""r"":-3}",8658de96e4a0c5a96bf4287e6bd45cf310eef60531843257c06b8851ca1a0b90,8658de96e4a0c5a96bf4287e6bd45cf310eef60531843257c06b8851ca1a0b90,1,
pure-arithmetic-16,2,"{""arg"":243}","{""r"":-2}",647167517292eb09bf1d9056d32867870ec957e11ef05964afc8384f53dd0975,647167517292eb09bf1d9056d32867870ec957e11ef05964afc8384f53dd0975,1,
pure-arithmetic-16,3,"{""arg"":244}","{""r"":-1}",301aac18e5933fe89197106857188dfd68c875a485200d5feb89630293777eca,301aac18e5933fe89197106857188dfd68c875a485200d5feb89630293777eca,1,
pure-arithmetic-16,4,"{""arg"":245}","{""r"":0}",763ddceee5b5085d6b0727367c334364d3271dd219d854a6300dea2a48f1439a,763ddceee5b5085d6b0727367c334364d3271dd219d854a6300dea2a48f1439a,1,
pure-arithmetic-16,5,"{""arg"":246}","{""r"":1}",a9b4b5fe75fb93e05827826fb19a5d16e741d35f77a2b0217a444835bc0bd839,a9b4b5fe75fb93e05827826fb19a5d16e741d35f77a2b0217a444835bc0bd839,1,
pure-arithmetic-16,6,"{""arg"":247}","{""r"":2}",4e1f0bd2025237b7b46f1c83c820c5c0dc22c14736902cb56263ff3e8469ab2e,4e1f0bd2025237b7b46f1c83c820c5c0dc22c14736902cb56263ff3e8469ab2e,1,
pure-arithmetic-16,7,"{""arg"":248}","{""r"":3}",81063f76a285566428f882cffdc3bc4e30c16f2623681463287476f754537cb4,81063f76a285566428f882cffdc3bc4e30c16f2623681463287476f754537cb4,1,
pure-arithmetic-17,0,"{""arg"":258}","{""r"":-4}",6c8e55fa88ac01602d391f67326c68e7a8f5f7be2debd73cfc339997788da370,6c8e55fa88ac01602d391f67326c68e7a8f5f7be2debd73cfc339997788da370,1,
pure-arithmetic-17,1,"{""arg"":259}","{""r"":-3}",e69bd2827e2f4ae2fe9dd04876ba16cdfaf24a5790756f5f2daa199b003d03c4,e69bd2827e2f4ae2fe9dd04876ba16cdfaf24a5790756f5f2daa199b003d03c4,1,
pure-arithmetic-17,2,"{""arg"":260}","{""r"":-2}",d1278c16231156add0f1e120e4b9e3bf2d5e580b9a662887014de2abb693364f,d1278c16231156add0f1e120e4b9e3bf2d5e580b9a662887014de2abb693364f,1,
pure-arithmetic-17,3,"{""arg"":261}","{""r"":-1}",50ca482eda3eeb24925dd79638a787e3433aeb385564ca74005eb4710698c670,50ca482eda3eeb24925dd79638a787e3433aeb385564ca74005eb4710698c670,1,
pure-arithmetic-17,4,"{""arg"":262}","{""r"":0}",5bb79a46fd3c5aa2c55f9991b9d29c5cd04d22d12dc254292535a6c96846be64,5bb79a46fd3c5aa2c55f9991b9d29c5cd04d22d12dc254292535a6c96846be64,1,
pure-arithmetic-17,5,"{""arg"":263}","{""r"":1}",4f525a28eb75ca4505215d20aaaa7cbd0dff9dd1d540633e564c2119c62403b9,4f525a28eb75ca4505215d20aaaa7cbd0dff9dd1d540633e564c2119c62403b9,1,
pure-arithmetic-17,6,"{""arg"":264}","{""r"":2}",4df4aa92b94aa6f8f1db70a0f814a146d7d5064a9663833b658ce9abfb131be6,4df4aa92b94aa6f8f1db70a0f814a146d7d5064a9663833b658ce9abfb131be6,1,
pure-arithmetic-17,7,"{""arg"":265}","{""r"":3}",1b58616fcf945d8a2da5aa673fe45f11e5ee3edcc89d0ba264cb21fa4194462a,1b58616fcf945d8a2da5aa673fe45f11e5ee3edcc89d0ba264cb21fa4194462a,1,
pure-arithmetic-18,0,"{""arg"":275}","{""r"":-4}",683c6e2e1762b7740ba813c6a0261df260da3b93358fcd62682fcb7c752890bc,683c6e2e1762b7740ba813c6a0261df260da3b93358fcd62682fcb7c752890bc,1,
pure-arithmetic-18,1,"{""arg"":276}","{""r"":-3}",c20cce5b022b22d564ce8468836ba4b326f3dd0cc75f2df1e4dd7f1a5fd4fef8,c20cce5b022b22d564ce8468836ba4b326f3dd0cc75f2df1e4dd7f1a5fd4fef8,1,
pure-arithmetic-18,2,"{""arg"":277}","{""r"":-2}",e04c4960a35b8196ca070d3948b022b5d9f6bb46b013e135dc0ff476a2d75fd6,e04c4960a35b8196ca070d3948b022b5d9f6bb46b013e135dc0ff476a2d75fd6,1,
pure-arithmetic-18,3,"{""arg"":278}","{""r"":-1}",90bf30cc375b78d75279d221f11d7641a497f4edcb21441de5d65c8a0d7d2c22,90bf30cc375b78d75279d221f11d7641a497f4edcb21441de5d65c8a0d7d2c22,1,
pure-arithmetic-18,4,"{""arg"":279}","{""r"":0}",172c2685f1c2a4babfdf53a6b7e3b248927c671587816a4232fe94eb79220271,172c2685f1c2a4babfdf53a6b7e3b248927c671587816a4232fe94eb79220271,1,
pure-arithmetic-18,5,"{""arg"":280}","{""r"":1}",7d5764090f65981982be738bd316cd152b5ee6d486ea3bf6a87734a63108af12,7d5764090f65981982be738bd316cd152b5ee6d486ea3bf6a87734a63108af12,1,
pure-arithmetic-18,6,"{""arg"":281}","{""r"":2}",726bc10d2ea6ad949efdc43b1bdde84c4cbc62d8c09dd20f2bc16a3a01935bcd,726bc10d2ea6ad949efdc43b1bdde84c4cbc62d8c09dd20f2bc16a3a01935bcd,1,
pure-arithmetic-18,7,"{""arg"":282}","{""r"":3}",fa5385ea2bfd485d3e9e1813951622e2572f1c3ef81efa1cc4086d857cab7679,fa5385ea2bfd485d3e9e1813951622e2572f1c3ef81efa1cc4086d857cab7679,1,
pure-arithmetic-19,0,"{""arg"":292}","{""r"":-4}",2bc88ebc2d6f47f44ebdb4e46194f909dfed84033c184e8efb1ecb9cd8a3acea,2bc88ebc2d6f47f44ebdb4e46194f909dfed84033c184e8efb1ecb9cd8a3acea,1,
pure-arithmetic-19,1,"{""arg"":293}","{""r"":-3}",f43a0b08c9a7dfdb7572b7b3b961e7038568318dc26b2db25c7f8bc67cbe26e7,f43a0b08c9a7dfdb7572b7b3b961e7038568318dc26b2db25c7f8bc67cbe26e7,1,
pure-arithmetic-19,2,"{""arg"":294}","{""r"":-2}",881ec591443746837b62074e66cd655a6a87a5e48290bced637b312df6d4dd45,881ec591443746837b62074e66cd655a6a87a5e48290bced637b312df6d4dd45,1,
pure-arithmetic-19,3,"{""arg"":295}","{""r"":-1}",c63216e07ca855da05a5005ab0fb96caec5b562c3ac6b570b16abeca599a02e5,c63216e07ca855da05a5005ab0fb96caec5b562c3ac6b570b16abeca599a02e5,1,
pure-arithmetic-19,4,"{""arg"":296}","{""r"":0}",5932483ed49ed4d7ac420754d0056c69bd02f73c8bcd7e3a95f5f6e58df9a5ff,5932483ed49ed4d7ac420754d0056c69bd02f73c8bcd7e3a95f5f6e58df9a5ff,1,
pure-arithmetic-19,5,"{""arg"":297}","{""r"":1}",abc540c970058ddb94e9f17ea5f62f403d1621d50f4955832797285757fb3f1f,abc540c970058ddb94e9f17ea5f62f403d1621d50f4955832797285757fb3f1f,1,
pure-arithmetic-19,6,"{""arg"":298}","{""r"":2}",9d56952548960ef3fac08814d5dca6c767c2b4030eb24d8335de3e35ce32e1dd,9d56952548960ef3fac08814d5dca6c767c2b4030eb24d8335de3e35ce32e1dd,1,
pure-arithmetic-19,7,"{""arg"":299}","{""r"":3}",9dfdc886866149310f8bba0f108142a56c7e49865912de1c669caa4462907976,9dfdc886866149310f8bba0f108142a56c7e49865912de1c669caa4462907976,1,
pure-arithmetic-20,0,"{""arg"":309}","{""r"":-4}",7bf8a1514d66574b410943e2f27a8aee5b119e945ba530474977a1693d1883fe,7bf8a1514d66574b410943e2f27a8aee5b119e945ba530474977a1693d1883fe,1,
pure-arithmetic-20,1,"{""arg"":310}","{""r"":-3}",dab48faaba9ebceb5c415ca267dc88f59cfc7226cd06a0761eee6aa1b4d61110,dab48faaba9ebceb5c415ca267dc88f59cfc7226cd06a0761eee6aa1b4d61110,1,
pure-arithmetic-20,2,"{""arg"":311}","{""r"":-2}",edd9fbc2f4db49b05ff8d9ad50a025d659c78bd820c8d862102fc296097da0be,edd9fbc2f4db49b05ff8d9ad50a025d659c78bd820c8d862102fc296097da0be,1,
pure-arithmetic-20,3,"{""arg"":312}","{""r"":-1}",e7c7a6df931de1da3a3fdbd1b7cb89a1221986b2754b0388c71a6b235f5a7437,e7c7a6df931de1da3a3fdbd1b7cb89a1221986b2754b0388c71a6b235f5a7437,1,
pure-arithmetic-20,4,"{""arg"":313}","{""r"":0}",7d103db09b9bfa4891337b95f23a418992adb6fb78317001e8132ead5a7cffe7,7d103db09b9bfa4891337b95f23a418992adb6fb78317001e8132ead5a7cffe7,1,
pure-arithmetic-20,5,"{""arg"":314}","{""r"":1}",1e29093c2cb2082877a4462b5892f29afbc254fcc176f19d6007c276410c91ec,1e29093c2cb2082877a4462b5892f29afbc254fcc176f19d6007c276410c91ec,1,
pure-arithmetic-20,6,"{""arg"":315}","{""r"":2}",55b9b99fc7ead5ac3ceb8853fb045b16c55b076ced9fe876804fba34ef0f3c54,55b9b99fc7ead5ac3ceb8853fb045b16c55b076ced9fe876804fba34ef0f3c54,1,
pure-arithmetic-20,7,"{""arg"":316}","{""r"":3}",30e6b6d739bdc69fbb86e6cdb9a62638c58ca82612d0640e49712f4aa0f70d79,30e6b6d739bdc69fbb86e6cdb9a62638c58ca82612d0640e49712f4aa0f70d79,1,
pure-arithmetic-21,0,"{""arg"":326}","{""r"":-4}",51406c06e772102f9b558c5eaf9556c0ebd91fbadec0643ab9c1e0b69632c918,51406c06e772102f9b558c5eaf9556c0ebd91fbadec0643ab9c1e0b69632c918,1,
pure-arithmetic-21,1,"{""arg"":327}","{""r"":-3}",6b14efeda44805f81062bcb0e4d2f9534ae6f8ce8e9aa4c63bf7ce7be36d5766,6b14efeda44805f81062bcb0e4d2f9534ae6f8ce8e9aa4c63bf7ce7be36d5766,1,
pure-arithmetic-21,2,"{""arg"":328}","{""r"":-2}",d57e6115ffd7a2bf8755e8d8764898068c615249cc2ce4c634eaec74046cad57,d57e6115ffd7a2bf8755e8d8764898068c615249cc2ce4c634eaec74046cad57,1,
pure-arithmetic-21,3,"{""arg"":329}","{""r"":-1}",080fe8507b3a28c2ab0724b25ace3f62e6ec018015f479f6b1106e8f1b65bb9d,080fe8507b3a28c2ab0724b25ace3f62e6ec018015f479f6b1106e8f1b65bb9d,1,
pure-arithmetic-21,4,"{""arg"":330}","{""r"":0}",2b44c5b8a4dd58989e31a641c26da362b7a1d67f6f4233fe2ebb9b3fa0ff2e2c,2b44c5b8a4dd58989e31a641c26da362b7a1d67f6f4233fe2ebb9b3fa0ff2e2c,1,
pure-arithmetic-21,5,"{""arg"":331}","{""r"":1}",1fe0d5ac6f51588e59e8b7f6afba534f863ef314f5918bfe86449ac3a571b9c5,1fe0d5ac6f51588e59e8b7f6afba534f863ef314f5918bfe86449ac3a571b9c5,1,
pure-arithmetic-21,6,"{""arg"":332}","{""r"":2}",ff1126853d86b6a014f59029c9830a257a2cdcfd8f3791fa678d0f492656ba7f,ff1126853d86b6a014f59029c9830a257a2cdcfd8f3791fa678d0f492656ba7f,1,
pure-arithmetic-21,7,"{""arg"":333}","{""r"":3}",740c703ced778724dde7105768a177ab8124738fd2d008613a17afc6b187387e,740c703ced778724dde7105768a177ab8124738fd2d008613a17afc6b187387e,1,
pure-arithmetic-22,0,"{""arg"":343}","{""r"":-4}",c53358c40dd5c6f248f426b49cbcf6b94ff8915b8bfedce297b6c99a92f252a0,c53358c40dd5c6f248f426b49cbcf6b94ff8915b8bfedce297b6c99a92f252a0,1,
pure-arithmetic-22,1,"{""arg"":344}","{""r"":-3}",68dac0bca534e6e265a9e54a98b742c96bc89b97e4e06310e50ac2e97c2f1505,68dac0bca534e6e265a9e54a98b742c96bc89b97e4e06310e50ac2e97c2f1505,1,
pure-arithmetic-22,2,"{""arg"":345}","{""r"":-2}",5d55b1358f6aa561602d7add1cd7733e490d67ba2ad34cd5603fcd9c16d57028,5d55b1358f6aa561602d7add1cd7733e490d67ba2ad34cd5603fcd9c16d57028,1,
pure-arithmetic-22,3,"{""arg"":346}","{""r"":-1}",78ba33debb20b72a47546210a7545cb4e90943c725b6f4dc45b8448bc41fde5d,78ba33debb20b72a47546210a7545cb4e90943c725b6f4dc45b8448bc41fde5d,1,
pure-arithmetic-22,4,"{""arg"":347}","{""r"":0}",b3be7afd886943c06cb249a1aa120e0b00aa5b7bd8ee400a8775e6283298cbe7,b3be7afd886943c06cb249a1aa120e0b00aa5b7bd8ee400a8775e6283298cbe7,1,
pure-arithmetic-22,5,"{""arg"":348}","{""r"":1}",403884aa0b6cdbe167c2e216cb9c78cbb3e3c30cae834de7c159433eb764b184,403884aa0b6cdbe167c2e216cb9c78cbb3e3c30cae834de7c159433eb764b184,1,
pure-arithmetic-22,6,"{""arg"":349}","{""r"":2}",75110899cc74001ef735372c3b2966386261c3217ab92df53b64a9f8bfd33c1b,75110899cc74001ef735372c3b2966386261c3217ab92df53b64a9f8bfd33c1b,1,
pure-arithmetic-22,7,"{""arg"":350}","{""r"":3}",b2826427e07289ba1b524721118196c2a5443aae6bf437d9783ee4fc0ed0c6f6,b2826427e07289ba1b524721118196c2a5443aae6bf437d9783ee4fc0ed0c6f6,1,
pure-arithmetic-23,0,"{""arg"":360}","{""r"":-4}",e992cc2bec2e61e76c4f190f127731d297d026d8aeebb6611958dcb0cb23ecc9,e992cc2bec2e61e76c4f190f127731d297d026d8aeebb6611958dcb0cb23ecc9,1,
pure-arithmetic-23,1,"{""arg"":361}","{""r"":-3}",b42356ddd5bd5a9896b2e95272542d22b2092006b9de7a87fa81e3400bb451bb,b42356ddd5bd5a9896b2e95272542d22b2092006b9de7a87fa81e3400bb451bb,1,
pure-arithmetic-23,2,"{""arg"":362}","{""r"":-2}",bc63f53d04808f134a709a7b08af606ac9f4ecf7c15aedc5aa1764685e5b8556,bc63f53d04808f134a709a7b08af606ac9f4ecf7c15aedc5aa1764685e5b8556,1,
pure-arithmetic-23,3,"{""arg"":363}","{""r"":-1}",dbbc8a7d64b8a21c4bde85c4a168c94ddfbd67cae620c9b85f9b88aa34978ed6,dbbc8a7d64b8a21c4bde85c4a168c94ddfbd67cae620c9b85f9b88aa34978ed6,1,
pure-arithmetic-23,4,"{""arg"":364}","{""r"":0}",caeb9270e2c0ff85f6c2caf751e712745f49bf96ecea71967dcabcbd9e803da0,caeb9270e2c0ff85f6c2caf751e712745f49bf96ecea71967dcabcbd9e803da0,1,
pure-arithmetic-23,5,"{""arg"":365}","{""r"":1}",928f54be9642ec5776cac1aabf22f8b943fdbaf51fbd140bf53e795432275216,928f54be9642ec5776cac1aabf22f8b943fdbaf51fbd140bf53e795432275216,1,
pure-arithmetic-23,6,"{""arg"":366}","{""r"":2}",292234600904954d26a7465e458ebfbeda481f920001d0b21fbc2004a26fc4b0,292234600904954d26a7465e458ebfbeda481f920001d0b21fbc2004a26fc4b0,1,
pure-arithmetic-23,7,"{""arg"":367}","{""r"":3}",f30cac2dee05b00a280b9d5d6000ad68086678a7ba266c2e3e642b04a4c1aec4,f30cac2dee05b00a280b9d5d6000ad68086678a7ba266c2e3e642b04a4c1aec4,1,
pure-arithmetic-24,0,"{""arg"":377}","{""r"":-4}",759c082179d338773623d2bf73d937263b937a7833e188272a930c86947b7a6d,759c082179d338773623d2bf73d937263b937a7833e188272a930c86947b7a6d,1,
pure-arithmetic-24,1,"{""arg"":378}","{""r"":-3}",e59781c9f7ed424e1aa723efea460da58484eb332b10d3fa1fa5dc1de4d810b1,e59781c9f7ed424e1aa723efea460da58484eb332b10d3fa1fa5dc1de4d810b1,1,
pure-arithmetic-24,2,"{""arg"":379}","{""r"":-2}",9f919e1a0b82f172d486e035329c436aa5b29d6542981ba809677331b17d6ada,9f919e1a0b82f172d486e035329c436aa5b29d6542981ba809677331b17d6ada,1,
pure-arithmetic-24,3,"{""arg"":380}","{""r"":-1}",d3b1880cf49745c72f56463d2f89139b7985ca105f28f4976933fb94d80f9c43,d3b1880cf49745c72f56463d2f89139b7985ca105f28f4976933fb94d80f9c43,1,
pure-arithmetic-24,4,"{""arg"":381}","{""r"":0}",087149b1e3f05dce729c3722759862403e833c963646b3eb7174f666c717a2ac,087149b1e3f05dce729c3722759862403e833c963646b3eb7174f666c717a2ac,1,
pure-arithmetic-24,5,"{""arg"":382}","{""r"":1}",bb8162a233e1c7ef8bb6aa04d113dec047cf5cfbcb499de055d85f80fa3207d1,bb8162a233e1c7ef8bb6aa04d113dec047cf5cfbcb499de055d85f80fa3207d1,1,
pure-arithmetic-24,6,"{""arg"":383}","{""r"":2}",c486b20c305c760b58db43cd0243cf3a12b744e4901a1050275a4fc3ed890d03,c486b20c305c760b58db43cd0243cf3a12b744e4901a1050275a4fc3ed890d03,1,
pure-arithmetic-24,7,"{""arg"":384}","{""r"":3}",d78fcba78b7f5eabe751cdf5333297da00d10da2ac424dbac9ec9df437ec8730,d78fcba78b7f5eabe751cdf5333297da00d10da2ac424dbac9ec9df437ec8730,1,
pure-arithmetic-25,0,"{""arg"":394}","{""r"":-4}",3f80310105a9290f02b326d6c426994662d4088edec6247aac916dcfbff3961f,3f80310105a9290f02b326d6c426994662d4088edec6247aac916dcfbff3961f,1,
pure-arithmetic-25,1,"{""arg"":395}","{""r"":-3}",b974e893c224db44007ffdb00fbf0b7f82fcd76a127782043a9f0fbad42d203b,b974e893c224db44007ffdb00fbf0b7f82fcd76a127782043a9f0fbad42d203b,1,
pure-arithmetic-25,2,"{""arg"":396}","{""r"":-2}",e346e60ba8424032e0305dfbefdefc3becbb0448df53aa86e83f015369e796db,e346e60ba8424032e0305dfbefdefc3becbb0448df53aa86e83f015369e796db,1,
pure-arithmetic-25,3,"{""arg"":397}","{""r"":-1}",91c95e6eb2cafd3be01a576f87daeedd381bd9faaee37afa28c95afbc5fe9f3f,91c95e6eb2cafd3be01a576f87daeedd381bd9faaee37afa28c95afbc5fe9f3f,1,
pure-arithmetic-25,4,"{""arg"":398}","{""r"":0}",020a2314a59b7c5c855741111fe93de81f65a93e063d0a475b5d04bbf3408697,020a2314a59b7c5c855741111fe93de81f65a93e063d0a475b5d04bbf3408697,1,
pure-arithmetic-25,5,"{""arg"":399}","{""r"":1}",4c183c3aaabd9a3613d4acce372912f0572f51c14b91a958767ebf3fe3580b6c,4c183c3aaabd9a3613d4acce372912f0572f51c14b91a958767ebf3fe3580b6c,1,
pure-arithmetic-25,6,"{""arg"":400}","{""r"":2}",217b04c423f0527ec339c65da05a53ea2a8631f576ac11fde3864220ec3805ba,217b04c423f0527ec339c65da05a53ea2a8631f576ac11fde3864220ec3805ba,1,
pure-arithmetic-25,7,"{""arg"":401}","{""r"":3}",5a9b9f0d7ac22993188919326bc358f38df6eb81af21987cca1b98b586eb4c42,5a9b9f0d7ac22993188919326bc358f38df6eb81af21987cca1b98b586eb4c42,1,
pure-arithmetic-26,0,"{""arg"":411}","{""r"":-4}",225619c4069150c9cd8e9ab1cf78685768549acfda5ef74d212eb9e62b0b09fe,225619c4069150c9cd8e9ab1cf78685768549acfda5ef74d212eb9e62b0b09fe,1,
pure-arithmetic-26,1,"{""arg"":412}","{""r"":-3}",0c62eabc91b73844ac5b4315f305b1f12d0fb0c42ac533d9b8ecaba397a9a561,0c62eabc91b73844ac5b4315f305b1f12d0fb0c42ac533d9b8ecaba397a9a561,1,
pure-arithmetic-26,2,"{""arg"":413}","{""r"":-2}",37f2d99ad47d359ca5294574b795be41635386a88fd2a6c14515c469d8f78f73,37f2d99ad47d359ca5294574b795be41635386a88fd2a6c14515c469d8f78f73,1,
pure-arithmetic-26,3,"{""arg"":414}","{""r"":-1}",14cd5c901b368fe9957b42573f1d185e787d46505adfb6b893fbb6ca216f2d4e,14cd5c901b368fe9957b42573f1d185e787d46505adfb6b893fbb6ca216f2d4e,1,
pure-arithmetic-26,4,"{""arg"":415}","{""r"":0}",f55036b00fdff9c37ee685ae6dac7b26e5914a8a9e1b1080219c6ea68dc73f87,f55036b00fdff9c37ee685ae6dac7b26e5914a8a9e1b1080219c6ea68dc73f87,1,
pure-arithmetic-26,5,"{""arg"":416}","{""r"":1}",cec5f800887d08d9a074a3f90f4ffb85b9bc9960f4c33cb95821b3d8296b4752,cec5f800887d08d9a074a3f90f4ffb85b9bc9960f4c33cb95821b3d8296b4752,1,
pure-arithmetic-26,6,"{""arg"":417}","{""r"":2}",d1441263b0a2fac227d78ae96db8a7c0a20f560e35ff8ebd379748443c7e1157,d1441263b0a2fac227d78ae96db8a7c0a20f560e35ff8ebd379748443c7e1157,1,
pure-arithmetic-26,7,"{""arg"":418}","{""r"":3}",4e3cfc9869c78fc1469e8ea3d242980c7b6cb58a93f432254f71c18a4e750942,4e3cfc9869c78fc1469e8ea3d242980c7b6cb58a93f432254f71c18a4e750942,1,
pure-arithmetic-27,0,"{""arg"":428}","{""r"":-4}",2e8df5ccad027439cce479fda0f62b658913cf4b53bbcc47545670b320a35569,2e8df5ccad027439cce479fda0f62b658913cf4b53bbcc47545670b320a35569,1,
pure-arithmetic-27,1,"{""arg"":429}","{""r"":-3}",48c9ad8ba0b56f846ac607374af95b59fdaa15065aca567bee0590e65bc1b3c0,48c9ad8ba0b56f846ac607374af95b59fdaa15065aca567bee0590e65bc1b3c0,1,
pure-arithmetic-27,2,"{""arg"":430}","{""r"":-2}",b7615f3441174d7f0f25bfd35bda051c412625d76489686ad8751db8a13b7856,b7615f3441174d7f0f25bfd35bda051c412625d76489686ad8751db8a13b7856,1,
pure-arithmetic-27,3,"{""arg"":431}","{""r"":-1}",fa3efe602d876f58e8c9016ce6f4637689569fd07e8b99bdfbf82595533a7e17,fa3efe602d876f58e8c9016ce6f4637689569fd07e8b99bdfbf82595533a7e17,1,
pure-arithmetic-27,4,"{""arg"":432}","{""r"":0}",0d3f4b0e0feb0c450b90a8f14ec7eda6e562f2c6171a070a9432615cbcb4088f,0d3f4b0e0feb0c450b90a8f14ec7eda6e562f2c6171a070a9432615cbcb4088f,1,
pure-arithmetic-27,5,"{""arg"":433}","{""r"":1}",0b87205bf5e8b0d091954ed69d778ac5d1574e051511bdfd827a837099f80eb5,0b87205bf5e8b0d091954ed69d778ac5d1574e051511bdfd827a837099f80eb5,1,
pure-arithmetic-27,6,"{""arg"":434}","{""r"":2}",f848f8c299e0cd74e0bc8edfb76472423ba4df497ac3b92fa265f7df98d4ad6d,f848f8c299e0cd74e0bc8edfb76472423ba4df497ac3b92fa265f7df98d4ad6d,1,
pure-arithmetic-27,7,"{""arg"":435}","{""r"":3}",97c1071f971832a21c7241137ec06793cdc491945e914920ed5e35f016d56b66,97c1071f971832a21c7241137ec06793cdc491945e914920ed5e35f016d56b66,1,
pure-arithmetic-28,0,"{""arg"":445}","{""r"":-4}",b3bab303a56eed12791748ae64ab1e7e0f9d9f80b47ae0ceca84d8c135299415,b3bab303a56eed12791748ae64ab1e7e0f9d9f80b47ae0ceca84d8c135299415,1,
pure-arithmetic-28,1,"{""arg"":446}","{""r"":-3}",af1128ba68501cef87bf4b327475139ae882ea3887f41d94dcf3b955dd571377,af1128ba68501cef87bf4b327475139ae882ea3887f41d94dcf3b955dd571377,1,
pure-arithmetic-28,2,"{""arg"":447}","{""r"":-2}",d4079f4898050ad7ab3f9579e63b01a40481f9f11d5bf2b0ee48b3071bf8608c,d4079f4898050ad7ab3f9579e63b01a40481f9f11d5bf2b0ee48b3071bf8608c,1,
pure-arithmetic-28,3,"{""arg"":448}","{""r"":-1}",50d761b65ea2c9c0d71c3e3b12019a4286a55cb09f8d0fa79bbc9c62fefb328e,50d761b65ea2c9c0d71c3e3b12019a4286a55cb09f8d0fa79bbc9c62fefb328e,1,
pure-arithmetic-28,4,"{""arg"":449}","{""r"":0}",bca069ea6d4bc9215d7818c54434a262079fa74275fc3c30b37881ad3b9fef3b,bca069ea6d4bc9215d7818c54434a262079fa74275fc3c30b37881ad3b9fef3b,1,
pure-arithmetic-28,5,"{""arg"":450}","{""r"":1}",efcd52a594f6e159280cbba93e1d40dbb85483dda2812abc127cb6edcc8ca06d,efcd52a594f6e159280cbba93e1d40dbb85483dda2812abc127cb6edcc8ca06d,1,
pure-arithmetic-28,6,"{""arg"":451}","{""r"":2}",0c68ccc0e39fadde5ad757c13ea535e287e68d9ed7a818dd53709140d250dfe0,0c68ccc0e39fadde5ad757c13ea535e287e68d9ed7a818dd53709140d250dfe0,1,
pure-arithmetic-28,7,"{""arg"":452}","{""r"":3}",5b3f95f37a3a26d26540f29dda5ca9ea29650cbe78da04efaa9907b6521c9637,5b3f95f37a3a26d26540f29dda5ca9ea29650cbe78da04efaa9907b6521c9637,1,
pure-arithmetic-29,0,"{""arg"":462}","{""r"":-4}",63701a6c3afa51c1cafdb7786278557f607bd2785df47d2bff1cfd08a506becc,63701a6c3afa51c1cafdb7786278557f607bd2785df47d2bff1cfd08a506becc,1,
pure-arithmetic-29,1,"{""arg"":463}","{""r"":-3}",14445488b3e0a65fdb4bfba99592ed745f31d1aed5603def4eeefa0946892a25,14445488b3e0a65fdb4bfba99592ed745f31d1aed5603def4eeefa0946892a25,1,
pure-arithmetic-29,2,"{""arg"":464}","{""r"":-2}",705227e6eaddc84893b38c46b46efde1b9d540ae95fab2b4d522642844534011,705227e6eaddc84893b38c46b46efde1b9d540ae95fab2b4d522642844534011,1,
pure-arithmetic-29,3,"{""arg"":465}","{""r"":-1}",8a19727a13f6ed698801afd32e5529b872a25332348f16fde9ee69e5c566ee31,8a19727a13f6ed698801afd32e5529b872a25332348f16fde9ee69e5c566ee31,1,
pure-arithmetic-29,4,"{""arg"":466}","{""r"":0}",5dfa540be518188aff1b25eae1b6895f25ff5da99139863a8a6517b80b59a63a,5dfa540be518188aff1b25eae1b6895f25ff5da99139863a8a6517b80b59a63a,1,
pure-arithmetic-29,5,"{""arg"":467}","{""r"":1}",e1e5226eee07e2d2b8d5bdfe134f111e18ed9aaea47670bf2c4a1d2cb489206d,e1e5226eee07e2d2b8d5bdfe134f111e18ed9aaea47670bf2c4a1d2cb489206d,1,
pure-arithmetic-29,6,"{""arg"":468}","{""r"":2}",f1d580fdec8dd33d99d0658c8771b96cbbce6fdb3a943c72ccaca10fce6cd128,f1d580fdec8dd33d99d0658c8771b96cbbce6fdb3a943c72ccaca10fce6cd128,1,
pure-arithmetic-29,7,"{""arg"":469}","{""r"":3}",e7007f4ee984f7e4e0adf248d293133cfed8200386d58b62dffc3a4019e53a32,e7007f4ee984f7e4e0adf248d293133cfed8200386d58b62dffc3a4019e53a32,1,
pure-arithmetic-30,0,"{""arg"":479}","{""r"":-4}",789df5b6b5a6db1ba843d512005847291f47f28babfd95b48794703631166a76,789df5b6b5a6db1ba843d512005847291f47f28babfd95b48794703631166a76,1,
pure-arithmetic-30,1,"{""arg"":480}","{""r"":-3}",e7bf0cebaec416f143bee9c78e92b8d2dab693c6cc39cf6dcf3f3269ae5b6908,e7bf0cebaec416f143bee9c78e92b8d2dab693c6cc39cf6dcf3f3269ae5b6908,1,
pure-arithmetic-30,2,"{""arg"":481}","{""r"":-2}",9d85987e366295690578d119dd9c8612726f08cbd9d3c7f732173ed7b495e5e7,9d85987e366295690578d119dd9c8612726f08cbd9d3c7f732173ed7b495e5e7,1,
pure-arithmetic-30,3,"{""arg"":482}","{""r"":-1}",6d8f12fe0b0d12df98ec9b2c13dfa3910fe642173890c8d683bc52fe1404de08,6d8f12fe0b0d12df98ec9b2c13dfa3910fe642173890c8d683bc52fe1404de08,1,
pure-arithmetic-30,4,"{""arg"":483}","{""r"":0}",3f28bf533f7f59880dde54003da714c7a8eb7c614515d7be79ecadd2919697c3,3f28bf533f7f59880dde54003da714c7a8eb7c614515d7be79ecadd2919697c3,1,
pure-arithmetic-30,5,"{""arg"":484}","{""r"":1}",4614afa6235e0905fe73a8d03133ccd83836937217ad0f630d85d2d78eb02fcf,4614afa6235e0905fe73a8d03133ccd83836937217ad0f630d85d2d78eb02fcf,1,
pure-arithmetic-30,6,"{""arg"":485}","{""r"":2}",c712393eb47d851996f5661371d82d5b26a2f5b6649f68162c8a87f07b0b3ae6,c712393eb47d851996f5661371d82d5b26a2f5b6649f68162c8a87f07b0b3ae6,1,
pure-arithmetic-30,7,"{""arg"":486}","{""r"":3}",d7fc034d52d61d3d4aaeec160f1ef932f22b8905d398fdc60f2f8a652ea0c1cf,d7fc034d52d61d3d4aaeec160f1ef932f22b8905d398fdc60f2f8a652ea0c1cf,1,
pure-arithmetic-31,0,"{""arg"":496}","{""r"":-4}",ea6b4990d2aad619ecb7f821f37b333b141fca0b0ecfa7dc8287ea6edec1b8b8,ea6b4990d2aad619ecb7f821f37b333b141fca0b0ecfa7dc8287ea6edec1b8b8,1,
pure-arithmetic-31,1,"{""arg"":497}","{""r"":-3}",4162744c4e3e6ce855ae585afe996d60f04abf313240296edf0e659586ca523c,4162744c4e3e6ce855ae585afe996d60f04abf313240296edf0e659586ca523c,1,
pure-arithmetic-31,2,"{""arg"":498}","{""r"":-2}",e45b6c2e7e79e3f8ccab77dfdfe41835983a326d2bd02d1f90e1b16c5986c020,e45b6c2e7e79e3f8ccab77dfdfe41835983a326d2bd02d1f90e1b16c5986c020,1,
pure-arithmetic-31,3,"{""arg"":499}","{""r"":-1}",008c911773fdb43ff1b90b772db44b9043915f2899c697b266603bbf3b9c7a9c,008c911773fdb43ff1b90b772db44b9043915f2899c697b266603bbf3b9c7a9c,1,
pure-arithmetic-31,4,"{""arg"":500}","{""r"":0}",d122122a90ecaefb23b95667830ccfc529346f558a024ee29787a56958bbce60,d122122a90ecaefb23b95667830ccfc529346f558a024ee29787a56958bbce60,1,
pure-arithmetic-31,5,"{""arg"":501}","{""r"":1}",6035475171e17f66b63745f478e4c18edf4e2c7b8d506cc30b276afec7b42cf3,6035475171e17f66b63745f478e4c18edf4e2c7b8d506cc30b276afec7b42cf3,1,
pure-arithmetic-31,6,"{""arg"":502}","{""r"":2}",f3d9d05d08baeb132b07c3dcaf15f1afcdb0bf467b0ad33b4fe06d95546fa1d8,f3d9d05d08baeb132b07c3dcaf15f1afcdb0bf467b0ad33b4fe06d95546fa1d8,1,
pure-arithmetic-31,7,"{""arg"":503}","{""r"":3}",81e6d3eae93115be934304476845989d0c6eecdbcd0fbe36845c19a55395decc,81e6d3eae93115be934304476845989d0c6eecdbcd0fbe36845c19a55395decc,1,
pure-arithmetic-32,0,"{""arg"":513}","{""r"":-4}",c6129a18f5d12f31e9fe20efca1dbf2cca70ff6123054fc992c7ba2fc92c5078,c6129a18f5d12f31e9fe20efca1dbf2cca70ff6123054fc992c7ba2fc92c5078,1,
pure-arithmetic-32,1,"{""arg"":514}","{""r"":-3}",451e4a50a60a0c40a133e9d68c8923f10fb940b513929512d44cc9571d167cc7,451e4a50a60a0c40a133e9d68c8923f10fb940b513929512d44cc9571d167cc7,1,
pure-arithmetic-32,2,"{""arg"":515}","{""r"":-2}",3a6ca8efc4605fee3fc3ad76e5fc5e1afefebfb2bfa3263f023750c26e855c7b,3a6ca8efc4605fee3fc3ad76e5fc5e1afefebfb2bfa3263f023750c26e855c7b,1,
pure-arithmetic-32,3,"{""arg"":516}","{""r"":-1}",0c69e1335e42623973ee3a49b9d410643949161bdc7b6be4d50dcfe1a5fae8c5,0c69e1335e42623973ee3a49b9d410643949161bdc7b6be4d50dcfe1a5fae8c5,1,
pure-arithmetic-32,4,"{""arg"":517}","{""r"":0}",2749f4b3398a3f180892105a0e3edc70f48aaf28b8c58778e3b7141e54a072a9,2749f4b3398a3f180892105a0e3edc70f48aaf28b8c58778e3b7141e54a072a9,1,
pure-arithmetic-32,5,"{""arg"":518}","{""r"":1}",ded0664957daa34475d7fa9eed55a7b17dc53c2abb3ff03109bd59f633a9ec2d,ded0664957daa34475d7fa9eed55a7b17dc53c2abb3ff03109bd59f633a9ec2d,1,
pure-arithmetic-32,6,"{""arg"":519}","{""r"":2}",05748bb7e5324ab5543b9409d2fcea52f23c29387958116ca0e5d77f3a537f32,05748bb7e5324ab5543b9409d2fcea52f23c29387958116ca0e5d77f3a537f32,1,
pure-arithmetic-32,7,"{""arg"":520}","{""r"":3}",af394e40551e84e2fd4b2b7af12e5a398c1770968b9ce5397acb6d7af3568092,af394e40551e84e2fd4b2b7af12e5a398c1770968b9ce5397acb6d7af3568092,1,
pure-arithmetic-33,0,"{""arg"":530}","{""r"":-4}",2b635154031fcfe40471108851251ee123b670c2527b65d4cfe3e8f8c019258b,2b635154031fcfe40471108851251ee123b670c2527b65d4cfe3e8f8c019258b,1,
pure-arithmetic-33,1,"{""arg"":531}","{""r"":-3}",e5bf970071114f29f9cec120175478bdd73a60a5c4b6b741c9ed7ccaec4042c1,e5bf970071114f29f9cec120175478bdd73a60a5c4b6b741c9ed7ccaec4042c1,1,
pure-arithmetic-33,2,"{""arg"":532}","{""r"":-2}",37ff85463453160fcfe3fe75f964a62171ce6b7c58c5ae5bc03ce223d8810537,37ff85463453160fcfe3fe75f964a62171ce6b7c58c5ae5bc03ce223d8810537,1,
pure-arithmetic-33,3,"{""arg"":533}","{""r"":-1}",5177b170d6d3a527342cf8ccf4cfe79c4204aad7dacf668553eee4f837ecff21,5177b170d6d3a527342cf8ccf4cfe79c4204aad7dacf668553eee4f837ecff21,1,
pure-arithmetic-33,4,"{""arg"":534}","{""r"":0}",0113109a1cfd47aab0d73dfc438309b04b2f22356b16bbf92575d2e67ff83af6,0113109a1cfd47aab0d73dfc438309b04b2f22356b16bbf92575d2e67ff83af6,1,
pure-arithmetic-33,5,"{""arg"":535}","{""r"":1}",92bcc5eb9bce54e37fa8a5c58a288c02079a302bd7d57b08ebdb5b0a261cd1d0,92bcc5eb9bce54e37fa8a5c58a288c02079a302bd7d57b08ebdb5b0a261cd1d0,1,
pure-arithmetic-33,6,"{""arg"":536}","{""r"":2}",3e22e99df0eff3ab859722e03a94d1bd3d9d1d9beb8514bcc241179e0db92fde,3e22e99df0eff3ab859722e03a94d1bd3d9d1d9beb8514bcc241179e0db92fde,1,
pure-arithmetic-33,7,"{""arg"":537}","{""r"":3}",104d2dde56e1763e41eeb51dba58338624a6fa5688a72ce2b7e1e57501422657,104d2dde56e1763e41eeb51dba58338624a6fa5688a72ce2b7e1e57501422657,1,
pure-arithmetic-34,0,"{""arg"":547}","{""r"":-4}",451b6e7bc789ca96bc42d4a987a2d677e9a37e7f14c80ea376322831ef7094ba,451b6e7bc789ca96bc42d4a987a2d677e9a37e7f14c80ea376322831ef7094ba,1,
pure-arithmetic-34,1,"{""arg"":548}","{""r"":-3}",2d7f80e6ea74af3dbd371809f9715b9a34cb65d0d663771225faee1e5785cc34,2d7f80e6ea74af3dbd371809f9715b9a34cb65d0d663771225faee1e5785cc34,1,
pure-arithmetic-34,2,"{""arg"":549}","{""r"":-2}",9adadae2f6a0ed337cd1acf0be7cbc41e1224445f2e24f0e04e3d95810b2cac9,9adadae2f6a0ed337cd1acf0be7cbc41e1224445f2e24f0e04e3d95810b2cac9,1,
pure-arithmetic-34,3,"{""arg"":550}","{""r"":-1}",834a8b178bd0f6c3d871a5be9b73299d62b1f63da7cca66c8a74e3d9654a6c21,834a8b178bd0f6c3d871a5be9b73299d62b1f63da7cca66c8a74e3d9654a6c21,1,
pure-arithmetic-34,4,"{""arg"":551}","{""r"":0}",8d02b85c3cb9d9e02c705d4106c8269637c63eb9a96117d7f64750c4a8523103,8d02b85c3cb9d9e02c705d4106c8269637c63eb9a96117d7f64750c4a8523103,1,
pure-arithmetic-34,5,"{""arg"":552}","{""r"":1}",9fe0e8e3a24407d2911df91b659895118e7ef2eb4736a600c487a75b11cd4509,9fe0e8e3a24407d2911df91b659895118e7ef2eb4736a600c487a75b11cd4509,1,
pure-arithmetic-34,6,"{""arg"":553}","{""r"":2}",db7cbfe17b816d1058e330a80a08f054b89dbe12dc4bbecaf356a0447df56a76,db7cbfe17b816d1058e330a80a08f054b89dbe12dc4bbecaf356a0447df56a76,1,
pure-arithmetic-34,7,"{""arg"":554}","{""r"":3}",bc6f8af9cc2cb6deb7705c629e998d5775df8f3607b316a237b09c078ae85477,bc6f8af9cc2cb6deb7705c629e998d5775df8f3607b316a237b09c078ae85477,1,
pure-arithmetic-35,0,"{""arg"":564}","{""r"":-4}",d778a2d2e9069dcdd3b40d24aaa7620d67c1f8231f92a26e035ce67e44d82a97,d778a2d2e9069dcdd3b40d24aaa7620d67c1f8231f92a26e035ce67e44d82a97,1,
pure-arithmetic-35,1,"{""arg"":565}","{""r"":-3}",1b4b62ef4f4a16cc66ae611f24247d8ddc5cbae2432da879914638a6723437fd,1b4b62ef4f4a16cc66ae611f24247d8ddc5cbae2432da879914638a6723437fd,1,
pure-arithmetic-35,2,"{""arg"":566}","{""r"":-2}",286e7aeb3211afed560d8e7843d26620ffa82381fb8d3bc5926db9883035f1e8,286e7aeb3211afed560d8e7843d26620ffa82381fb8d3bc5926db9883035f1e8,1,
pure-arithmetic-35,3,"{""arg"":567}","{""r"":-1}",92ed66b5e9e8ed9805ce9591e70067e56cb83bcb797155c0a58e9b67efd683ca,92ed66b5e9e8ed9805ce9591e70067e56cb83bcb797155c0a58e9b67efd683ca,1,
pure-arithmetic-35,4,"{""arg"":568}","{""r"":0}",8503a40a619a4a7599747187611743beb656bd0be097220a9b0fad3453766fc2,8503a40a619a4a7599747187611743beb656bd0be097220a9b0fad3453766fc2,1,
pure-arithmetic-35,5,"{""arg"":569}","{""r"":1}",64148ac717c049e446f6d437c5ec001add2dbff9722149efcc09fda67002da57,64148ac717c049e446f6d437c5ec001add2dbff9722149efcc09fda67002da57,1,
pure-arithmetic-35,6,"{""arg"":570}","{""r"":2}",51c3d31efba483c1528eb89dbd8a99964a597d09a5a762f291a29e0c94ace4a1,51c3d31efba483c1528eb89dbd8a99964a597d09a5a762f291a29e0c94ace4a1,1,
pure-arithmetic-35,7,"{""arg"":571}","{""r"":3}",59edec2d4f59e7896799b7a424a4ecb9ae16e0ff1ef9679ea97e5e68be608697,59edec2d4f59e7896799b7a424a4ecb9ae16e0ff1ef9679ea97e5e68be608697,1,
pure-arithmetic-36,0,"{""arg"":581}","{""r"":-4}",adbd008d96cd760470fec6b2289847eb0fae3d1a57959eac9eda15173b546051,adbd008d96cd760470fec6b2289847eb0fae3d1a57959eac9eda15173b546051,1,
pure-arithmetic-36,1,"{""arg"":582}","{""r"":-3}",b6af0ed59e4579fb97982531abbc35f9dff0263eb5c50cdcd734948e5507f7c5,b6af0ed59e4579fb97982531abbc35f9dff0263eb5c50cdcd734948e5507f7c5,1,
pure-arithmetic-36,2,"{""arg"":583}","{""r"":-2}",1127c05ad5a69dbf44e6009fcd8baa218466af68fcb41c0e335be0241a56473d,1127c05ad5a69dbf44e6009fcd8baa218466af68fcb41c0e335be0241a56473d,1,
pure-arithmetic-36,3,"{""arg"":584}","{""r"":-1}",3bf2a64b1643aa39f7fc53181f95e51f746e6564474533cec046409c900f3909,3bf2a64b1643aa39f7fc53181f95e51f746e6564474533cec046409c900f3909,1,
pure-arithmetic-36,4,"{""arg"":585}","{""r"":0}",f098096191eabf615547bba7cee7b4e89288971035ae8ab06af625afc436eb3a,f098096191eabf615547bba7cee7b4e89288971035ae8ab06af625afc436eb3a,1,
pure-arithmetic-36,5,"{""arg"":586}","{""r"":1}",54835418eecfd8d1551ef5e01d7158a80b5123dc64b0a3491a2fba668bbc220c,54835418eecfd8d1551ef5e01d7158a80b5123dc64b0a3491a2fba668bbc220c,1,
pure-arithmetic-36,6,"{""arg"":587}","{""r"":2}",b200e978a95c824e8942ff011765ecb292a3794c97e27e4431ebc1780e8cf7bd,b200e978a95c824e8942ff011765ecb292a3794c97e27e4431ebc1780e8cf7bd,1,
pure-arithmetic-36,7,"{""arg"":588}","{""r"":3}",f704614d93e9c5e289f2535d25772f57549b3fb7ebbfaecf082626743e49a4dd,f704614d93e9c5e289f2535d25772f57549b3fb7ebbfaecf082626743e49a4dd,1,
pure-arithmetic-37,0,"{""arg"":598}","{""r"":-4}",2a69b24802d795264566f92f60c450b700c01748bfa11ec3c7c10f03ac33a2d1,2a69b24802d795264566f92f60c450b700c01748bfa11ec3c7c10f03ac33a2d1,1,
pure-arithmetic-37,1,"{""arg"":599}","{""r"":-3}",50bca2301d9bb6af36e979175f923d2a1a0d5e1799985194f7e11ed7aacd437f,50bca2301d9bb6af36e979175f923d2a1a0d5e1799985194f7e11ed7aacd437f,1,
pure-arithmetic-37,2,"{""arg"":600}","{""r"":-2}",2ed3fefb4add67c314f4864a7ef46f1de547b609ffb4f048997931c221d94878,2ed3fefb4add67c314f4864a7ef46f1de547b609ffb4f048997931c221d94878,1,
pure-arithmetic-37,3,"{""arg"":601}","{""r"":-1}",16d71c09d62e0f57734f54a0a59377fbacb77ea8a2714980a41d2d4b79f31000,16d71c09d62e0f57734f54a0a59377fbacb77ea8a2714980a41d2d4b79f31000,1,
pure-arithmetic-37,4,"{""arg"":602}","{""r"":0}",6a1125b9becd9e747bbbcc45e2af7928c50a00177368bc307c5a0053bfb17ccd,6a1125b9becd9e747bbbcc45e2af7928c50a00177368bc307c5a0053bfb17ccd,1,
pure-arithmetic-37,5,"{""arg"":603}","{""r"":1}",6db86689f0f3b183603db07c7c38a88b8e5557f13dfbee08fb95728e4b6288e2,6db86689f0f3b183603db07c7c38a88b8e5557f13dfbee08fb95728e4b6288e2,1,
pure-arithmetic-37,6,"{""arg"":604}","{""r"":2}",6c875f82fd6198697321dbd5f999a3667566885a543282bc79ac4e3b0679afb9,6c875f82fd6198697321dbd5f999a3667566885a543282bc79ac4e3b0679afb9,1,
pure-arithmetic-37,7,"{""arg"":605}","{""r"":3}",d0affbd14311b03cc030f7f17538c6d911decfca361232a850b8bfca4d0d2dfe,d0affbd14311b03cc030f7f17538c6d911decfca361232a850b8bfca4d0d2dfe,1,
pure-arithmetic-38,0,"{""arg"":615}","{""r"":-4}",8b16fca7c37b805e2674333592c934df8fe7d3d35b83990ed5b4760c01c95635,8b16fca7c37b805e2674333592c934df8fe7d3d35b83990ed5b4760c01c95635,1,
pure-arithmetic-38,1,"{""arg"":616}","{""r"":-3}",68d2b20a7638b57ba77e585f2126588b1c3dbd938ed5248e8823e178e2d2f421,68d2b20a7638b57ba77e585f2126588b1c3dbd938ed5248e8823e178e2d2f421,1,
pure-arithmetic-38,2,"{""arg"":617}","{""r"":-2}",1a9b7b1c2165854fe3edc8f0926fcf1b5f751e0f5ed8ab3b6cd7cd53eb4567a0,1a9b7b1c2165854fe3edc8f0926fcf1b5f751e0f5ed8ab3b6cd7cd53eb4567a0,1,
pure-arithmetic-38,3,"{""arg"":618}","{""r"":-1}",bc25e807633c09c5cd9da256efa928952bba49f25277232943dac316e5fd5bf9,bc25e807633c09c5cd9da256efa928952bba49f25277232943dac316e5fd5bf9,1,
pure-arithmetic-38,4,"{""arg"":619}","{""r"":0}",9720b449410985f8fe4ab833ef40c38188123c47b985d203e263e25ca4467e1c,9720b449410985f8fe4ab833ef40c38188123c47b985d203e263e25ca4467e1c,1,
pure-arithmetic-38,5,"{""arg"":620}","{""r"":1}",0a879238abdce2d3498ef00d4e8468c884dcb2ed8375f171a83aa80fff8e44cf,0a879238abdce2d3498ef00d4e8468c884dcb2ed8375f171a83aa80fff8e44cf,1,
pure-arithmetic-38,6,"{""arg"":621}","{""r"":2}",3602ae6ef9ca27a45c4169968e249b2d038af6f6a8f0b07b6e5971dc90c5f90e,3602ae6ef9ca27a45c4169968e249b2d038af6f6a8f0b07b6e5971dc90c5f90e,1,
pure-arithmetic-38,7,"{""arg"":622}","{""r"":3}",0c2756accced581d8c2400884af365b2266393bdcd1fba6020aa82120ae59e5d,0c2756accced581d8c2400884af365b2266393bdcd1fba6020aa82120ae59e5d,1,
pure-arithmetic-39,0,"{""arg"":632}","{""r"":-4}",ed9411ef203eb2c0fd6383adf7e352f5fd44dc4e05d9742f9ab0ff2439ff7bf4,ed9411ef203eb2c0fd6383adf7e352f5fd44dc4e05d9742f9ab0ff2439ff7bf4,1,
pure-arithmetic-39,1,"{""arg"":633}","{""r"":-3}",9ba95776414d7849af1eedbc33f7d00352d9373c99d3628c18b6c2010bc8dc7f,9ba95776414d7849af1eedbc33f7d00352d9373c99d3628c18b6c2010bc8dc7f,1,
pure-arithmetic-39,2,"{""arg"":634}","{""r"":-2}",6630cbe012a47860b438d1f8994dada08f99f9e3702d3f6896bbe763934ab866,6630cbe012a47860b438d1f8994dada08f99f9e3702d3f6896bbe763934ab866,1,
pure-arithmetic-39,3,"{""arg"":635}","{""r"":-1}",c35585b32f52d9d4cd5b87e1054d71c1f0f110b24f539794b0a12cb1b0736171,c35585b32f52d9d4cd5b87e1054d71c1f0f110b24f539794b0a12cb1b0736171,1,
pure-arithmetic-39,4,"{""arg"":636}","{""r"":0}",d0e436f70d86929532ac232316dc3bed15c5f91eed990739fba12fa93924b210,d0e436f70d86929532ac232316dc3bed15c5f91eed990739fba12fa93924b210,1,
pure-arithmetic-39,5,"{""arg"":637}","{""r"":1}",42c8bc4a00a32702bd6cc265daabea422472e66a27108b1e9c821990b6b967b5,42c8bc4a00a32702bd6cc265daabea422472e66a27108b1e9c821990b6b967b5,1,
pure-arithmetic-39,6,"{""arg"":638}","{""r"":2}",a277a6d8552da320efc0d6d1d262f5db17320fd02a248c04b84386906959f635,a277a6d8552da320efc0d6d1d262f5db17320fd02a248c04b84386906959f635,1,
pure-arithmetic-39,7,"{""arg"":639}","{""r"":3}",3611972de11653a572e95ea22a21a873b5ab1a82ae77e992969cc369ac8a81fd,3611972de11653a572e95ea22a21a873b5ab1a82ae77e992969cc369ac8a81fd,1,
dependence-heavy-00,0,"{""arg"":649}","{""r"":-4}",a5e278ddb2962bac0fd4944784fec8d7fb14763c2f40b048bee920cbe3fda96e,a5e278ddb2962bac0fd4944784fec8d7fb14763c2f40b048bee920cbe3fda96e,1,
dependence-heavy-00,1,"{""arg"":650}","{""r"":-3}",11828863892241332b5c60e3076db7b36542a9e6eaaaba2962280fe470b4f901,11828863892241332b5c60e3076db7b36542a9e6eaaaba2962280fe470b4f901,1,
dependence-heavy-00,2,"{""arg"":651}","{""r"":-2}",ec7db99b6ac29d1e833e02dceb8919d3266c980ce63d887683ff011b1a800ecd,ec7db99b6ac29d1e833e02dceb8919d3266c980ce63d887683ff011b1a800ecd,1,
dependence-heavy-00,3,"{""arg"":652}","{""r"":-1}",32bcaad10f4a2f8bded0e206a98cd47a140876f0565a70f361eae9c92e68c367,32bcaad10f4a2f8bded0e206a98cd47a140876f0565a70f361eae9c92e68c367,1,
dependence-heavy-00,4,"{""arg"":653}","{""r"":0}",45ada45e9680141cd18820873b8028f8d54a176415303ea9833db4ab4ce75226,45ada45e9680141cd18820873b8028f8d54a176415303ea9833db4ab4ce75226,1,
dependence-heavy-00,5,"{""arg"":654}","{""r"":1}",ab97c0f9e561bd613e4e5b5ea83655617bf7fb579797123e23e539f0123a7bd8,ab97c0f9e561bd613e4e5b5ea83655617bf7fb579797123e23e539f0123a7bd8,1,
dependence-heavy-00,6,"{""arg"":655}","{""r"":2}",b59bace943e0fb34aa623f47782118c61aa1ed3be0242722d0224f76090581e3,b59bace943e0fb34aa623f47782118c61aa1ed3be0242722d0224f76090581e3,1,
dependence-heavy-00,7,"{""arg"":656}","{""r"":3}",1b4e41311f9998187f28ebfeeb15fc4a7d027fb40ac88081c22f8f35e375b918,1b4e41311f9998187f28ebfeeb15fc4a7d027fb40ac88081c22f8f35e375b918,1,
dependence-heavy-01,0,"{""arg"":666}","{""r"":-4}",b33c6f6fd22e1811e63812a06851a079182c2f9a23b4d1b8e3558484725127bb,b33c6f6fd22e1811e63812a06851a079182c2f9a23b4d1b8e3558484725127bb,1,
dependence-heavy-01,1,"{""arg"":667}","{""r"":-3}",9d0a1b653361531167cd0d6d6efa5aac8a7e66948dbb0acefe15f843922e72a7,9d0a1b653361531167cd0d6d6efa5aac8a7e66948dbb0acefe15f843922e72a7,1,
dependence-heavy-01,2,"{""arg"":668}","{""r"":-2}",b8f4c9481d54d98848e6fdb45a1935c524b2abe360ace11677061151dc49c9f9,b8f4c9481d54d98848e6fdb45a1935c524b2abe360ace11677061151dc49c9f9,1,
dependence-heavy-01,3,"{""arg"":669}","{""r"":-1}",31f41e2910c0179f9c8823a4e6fc315f6345d49855d1d89b561a83c509f62077,31f41e2910c0179f9c8823a4e6fc315f6345d49855d1d89b561a83c509f62077,1,
dependence-heavy-01,4,"{""arg"":670}","{""r"":0}",c2d75929bdbf927c318165bd7d514755a3f310216da2a8b053930bf97a571f9f,c2d75929bdbf927c318165bd7d514755a3f310216da2a8b053930bf97a571f9f,1,
dependence-heavy-01,5,"{""arg"":671}","{""r"":1}",e1a9722aea79fe05610bc2f0207772b172e364239d72a4860c432c856cfa5b1f,e1a9722aea79fe05610bc2f0207772b172e364239d72a4860c432c856cfa5b1f,1,
dependence-heavy-01,6,"{""arg"":672}","{""r"":2}",b155d90c05dfd8692e4a8972825c9fbe885bbe7fbf437498a5f337071d5c3439,b155d90c05dfd8692e4a8972825c9fbe885bbe7fbf437498a5f337071d5c3439,1,
dependence-heavy-01,7,"{""arg"":673}","{""r"":3}",81c43fe08bc7dc87f4d745a5acb3ede170b95816e8568330ac2c647ccdf636a0,81c43fe08bc7dc87f4d745a5acb3ede170b95816e8568330ac2c647ccdf636a0,1,
dependence-heavy-02,0,"{""arg"":683}","{""r"":-4}",4234de42af01759b2d3521884b95a575e1b97a71a09b9d0ecbce306832d810f2,4234de42af01759b2d3521884b95a575e1b97a71a09b9d0ecbce306832d810f2,1,
dependence-heavy-02,1,"{""arg"":684}","{""r"":-3}",7e29376d1b816f59f3be3999f82fce498704e94f3b91bee807b2a57f9e49939c,7e29376d1b816f59f3be3999f82fce498704e94f3b91bee807b2a57f9e49939c,1,
dependence-heavy-02,2,"{""arg"":685}","{""r"":-2}",1a5e1947dde957b19897e336f398b207d6d266a546e4dabd42e7ba9e17603b8e,1a5e1947dde957b19897e336f398b207d6d266a546e4dabd42e7ba9e17603b8e,1,
dependence-heavy-02,3,"{""arg"":686}","{""r"":-1}",fbad792c88a94caa31d9e1b92dfa8088bb2af76e2601447de701eff39adfda5e,fbad792c88a94caa31d9e1b92dfa8088bb2af76e2601447de701eff39adfda5e,1,
dependence-heavy-02,4,"{""arg"":687}","{""r"":0}",cb9aed0ce27e9cd93ac3533ffbf6eb16af26f200d383e76cb8ce83fed77b0c06,cb9aed0ce27e9cd93ac3533ffbf6eb16af26f200d383e76cb8ce83fed77b0c06,1,
dependence-heavy-02,5,"{""arg"":688}","{""r"":1}",aa098475c4ae28c28f572dac277001254b4c5832aa48db1fbc62bc5cdb7574ab,aa098475c4ae28c28f572dac277001254b4c5832aa48db1fbc62bc5cdb7574ab,1,
dependence-heavy-02,6,"{""arg"":689}","{""r"":2}",c41d578d5b1f9b9a43dbafb20714dde585ef0e64bcaa72b8f9ed89079705857f,c41d578d5b1f9b9a43dbafb20714dde585ef0e64bcaa72b8f9ed89079705857f,1,
dependence-heavy-02,7,"{""arg"":690}","{""r"":3}",3d1ab02ccc14538a577817ac0be51d235ac624a2a6fc47ad270ec2a21ff73893,3d1ab02ccc14538a577817ac0be51d235ac624a2a6fc47ad270ec2a21ff73893,1,
dependence-heavy-03,0,"{""arg"":700}","{""r"":-4}",332451d8e1a2898706ce754a2d8a2f8ffc705333f612edc92804868c74005850,332451d8e1a2898706ce754a2d8a2f8ffc705333f612edc92804868c74005850,1,
dependence-heavy-03,1,"{""arg"":701}","{""r"":-3}",553eca52401b52494a10e8da3fae1ca22f4e134d3c52eebc81e3a01418c5029c,553eca52401b52494a10e8da3fae1ca22f4e134d3c52eebc81e3a01418c5029c,1,
dependence-heavy-03,2,"{""arg"":702}","{""r"":-2}",47d757186cd7d165cc7b9855282b02fafcad15a305c743fb61948891871b1e01,47d757186cd7d165cc7b9855282b02fafcad15a305c743fb61948891871b1e01,1,
dependence-heavy-03,3,"{""arg"":703}","{""r"":-1}",2faa36c98e4d4130bac5defc3411f156c35e653dea1fea32e5d7076d2c5bb62e,2faa36c98e4d4130bac5defc3411f156c35e653dea1fea32e5d7076d2c5bb62e,1,
dependence-heavy-03,4,"{""arg"":704}","{""r"":0}",2b0d8a37106ad312dacad3f66dcbb561501258103674620bff655bb2502bef84,2b0d8a37106ad312dacad3f66dcbb561501258103674620bff655bb2502bef84,1,
dependence-heavy-03,5,"{""arg"":705}","{""r"":1}",f2ae4ea44c3ad21fd18229d086d7ee514823482afbfeacd9573cc2c6d798d4c0,f2ae4ea44c3ad21fd18229d086d7ee514823482afbfeacd9573cc2c6d798d4c0,1,
dependence-heavy-03,6,"{""arg"":706}","{""r"":2}",da2a4c52eea59a5bed0c568ee34460d49c1303b591a1c7f9fe40a40e8d501eb4,da2a4c52eea59a5bed0c568ee34460d49c1303b591a1c7f9fe40a40e8d501eb4,1,
dependence-heavy-03,7,"{""arg"":707}","{""r"":3}",4cc0e64cd118eba7f21c7cb94e24df5cca178e9a37b011c23d900722a62f1441,4cc0e64cd118eba7f21c7cb94e24df5cca178e9a37b011c23d900722a62f1441,1,
dependence-heavy-04,0,"{""arg"":717}","{""r"":-4}",79667c5f6a3ac863a1d4237f04b5ea77a063b5cc63d9f5e523abbde1ae26cfbe,79667c5f6a3ac863a1d4237f04b5ea77a063b5cc63d9f5e523abbde1ae26cfbe,1,
dependence-heavy-04,1,"{""arg"":718}","{""r"":-3}",bdc4d72abf5498f823130edcda5d8bc25d3230a589f02ff43f76af956a16ce03,bdc4d72abf5498f823130edcda5d8bc25d3230a589f02ff43f76af956a16ce03,1,
dependence-heavy-04,2,"{""arg"":719}","{""r"":-2}",00892672e8368b3a51cc62eb8864fafe0f05ffeed27fef899c15242aa6bf976a,00892672e8368b3a51cc62eb8864fafe0f05ffeed27fef899c15242aa6bf976a,1,
dependence-heavy-04,3,"{""arg"":720}","{""r"":-1}",eb7949b1b900d2d5b8d97b5ffb81fd55aed52b0313ad0a7396fb3eb391ae7e81,eb7949b1b900d2d5b8d97b5ffb81fd55aed52b0313ad0a7396fb3eb391ae7e81,1,
dependence-heavy-04,4,"{""arg"":721}","{""r"":0}",cfbc9f568e6183b0b8202b1678c20eff1782dd70b2ff76f1c591f1a7b4387aa1,cfbc9f568e6183b0b8202b1678c20eff1782dd70b2ff76f1c591f1a7b4387aa1,1,
dependence-heavy-04,5,"{""arg"":722}","{""r"":1}",650806b804abcd5ada20df83844c961ca36cb560f6b4f5d20d5f5ab21ad9798c,650806b804abcd5ada20df83844c961ca36cb560f6b4f5d20d5f5ab21ad9798c,1,
dependence-heavy-04,6,"{""arg"":723}","{""r"":2}",0c41aca6aeff5cb3f07a4b474c066696c8a11eb8ab8e98c6f076048670a5e9ba,0c41aca6aeff5cb3f07a4b474c066696c8a11eb8ab8e98c6f076048670a5e9ba,1,
dependence-heavy-04,7,"{""arg"":724}","{""r"":3}",007eeb635102e55d01b7d3774c310c8f87029b0c1a9b8776cf945cb4b1999268,007eeb635102e55d01b7d3774c310c8f87029b0c1a9b8776cf945cb4b1999268,1,
dependence-heavy-05,0,"{""arg"":734}","{""r"":-4}",c53358c40dd5c6f248f426b49cbcf6b94ff8915b8bfedce297b6c99a92f252a0,c53358c40dd5c6f248f426b49cbcf6b94ff8915b8bfedce297b6c99a92f252a0,1,
dependence-heavy-05,1,"{""arg"":735}","{""r"":-3}",68dac0bca534e6e265a9e54a98b742c96bc89b97e4e06310e50ac2e97c2f1505,68dac0bca534e6e265a9e54a98b742c96bc89b97e4e06310e50ac2e97c2f1505,1,
dependence-heavy-05,2,"{""arg"":736}","{""r"":-2}",5d55b1358f6aa561602d7add1cd7733e490d67ba2ad34cd5603fcd9c16d57028,5d55b1358f6aa561602d7add1cd7733e490d67ba2ad34cd5603fcd9c16d57028,1,
dependence-heavy-05,3,"{""arg"":737}","{""r"":-1}",78ba33debb20b72a47546210a7545cb4e90943c725b6f4dc45b8448bc41fde5d,78ba33debb20b72a47546210a7545cb4e90943c725b6f4dc45b8448bc41fde5d,1,
dependence-heavy-05,4,"{""arg"":738}","{""r"":0}",b3be7afd886943c06cb249a1aa120e0b00aa5b7bd8ee400a8775e6283298cbe7,b3be7afd886943c06cb249a1aa120e0b00aa5b7bd8ee400a8775e6283298cbe7,1,
dependence-heavy-05,5,"{""arg"":739}","{""r"":1}",403884aa0b6cdbe167c2e216cb9c78cbb3e3c30cae834de7c159433eb764b184,403884aa0b6cdbe167c2e216cb9c78cbb3e3c30cae834de7c159433eb764b184,1,
dependence-heavy-05,6,"{""arg"":740}","{""r"":2}",75110899cc74001ef735372c3b2966386261c3217ab92df53b64a9f8bfd33c1b,75110899cc74001ef735372c3b2966386261c3217ab92df53b64a9f8bfd33c1b,1,
dependence-heavy-05,7,"{""arg"":741}","{""r"":3}",b2826427e07289ba1b524721118196c2a5443aae6bf437d9783ee4fc0ed0c6f6,b2826427e07289ba1b524721118196c2a5443aae6bf437d9783ee4fc0ed0c6f6,1,
dependence-heavy-06,0,"{""arg"":751}","{""r"":-4}",4202d27cb2f00d1dfa8bae9c3d703cd0e478b216c70c94343fc085dcc4edb6c1,4202d27cb2f00d1dfa8bae9c3d703cd0e478b216c70c94343fc085dcc4edb6c1,1,
dependence-heavy-06,1,"{""arg"":752}","{""r"":-3}",cde546711001d4ae8cfb20b7413428afc87d44f3043a53a2ab7ba8e462fa7498,cde546711001d4ae8cfb20b7413428afc87d44f3043a53a2ab7ba8e462fa7498,1,
dependence-heavy-06,2,"{""arg"":753}","{""r"":-2}",f35bf528c98ccc4227deaf9cdf86206786ec3bf5243a91aeccc013a8882fb73c,f35bf528c98ccc4227deaf9cdf86206786ec3bf5243a91aeccc013a8882fb73c,1,
dependence-heavy-06,3,"{""arg"":754}","{""r"":-1}",c4b6c83ca2df429f6e50eda019051442551e1957c5b12758b9eed8df5ac44d6a,c4b6c83ca2df429f6e50eda019051442551e1957c5b12758b9eed8df5ac44d6a,1,
dependence-heavy-06,4,"{""arg"":755}","{""r"":0}",4f177c64e42a732cde4f8a569c2faf31b7b0587ef0a014f99065e1f283d8287a,4f177c64e42a732cde4f8a569c2faf31b7b0587ef0a014f99065e1f283d8287a,1,
dependence-heavy-06,5,"{""arg"":756}","{""r"":1}",9f9da8d163313cb90f53a26a660ab976e912c6bb8e232c56304c2650c674d2c1,9f9da8d163313cb90f53a26a660ab976e912c6bb8e232c56304c2650c674d2c1,1,
dependence-heavy-06,6,"{""arg"":757}","{""r"":2}",e5bdbcd8ba1b0b75b76d6dd6db9ac8eeadf0be1f4c757088c17da3f7bd17204f,e5bdbcd8ba1b0b75b76d6dd6db9ac8eeadf0be1f4c757088c17da3f7bd17204f,1,
dependence-heavy-06,7,"{""arg"":758}","{""r"":3}",0236cf2503109fb011d3ab8a2a585b7948da26d86ba22977a2e828a5962b970b,0236cf2503109fb011d3ab8a2a585b7948da26d86ba22977a2e828a5962b970b,1,
dependence-heavy-07,0,"{""arg"":768}","{""r"":-4}",f9e219658f771804fe9f6df603abcf8a539979a2597140afca651cd9ad1f3ef6,f9e219658f771804fe9f6df603abcf8a539979a2597140afca651cd9ad1f3ef6,1,
dependence-heavy-07,1,"{""arg"":769}","{""r"":-3}",8a7d3421882cfcea267f18500274485b1b8d6f51eee1ea5e8ba3cd4fd02fb93b,8a7d3421882cfcea267f18500274485b1b8d6f51eee1ea5e8ba3cd4fd02fb93b,1,
dependence-heavy-07,2,"{""arg"":770}","{""r"":-2}",867f20306c2744082ee5ec41efc0dbbd6f95cccb2695d20e30ee02b4cb617898,867f20306c2744082ee5ec41efc0dbbd6f95cccb2695d20e30ee02b4cb617898,1,
dependence-heavy-07,3,"{""arg"":771}","{""r"":-1}",c090bb50188bf6ca7e04df405ea5031112fa74565d5960987ef495aef30aa053,c090bb50188bf6ca7e04df405ea5031112fa74565d5960987ef495aef30aa053,1,
dependence-heavy-07,4,"{""arg"":772}","{""r"":0}",3383266fea305e5b87cd37ca74c585fbb340e0e13fd38e93e4a8a82a03be8bb1,3383266fea305e5b87cd37ca74c585fbb340e0e13fd38e93e4a8a82a03be8bb1,1,
dependence-heavy-07,5,"{""arg"":773}","{""r"":1}",d790bda58f7a879215db8765fa9587cc35295c27e262ea4f8c02d4a599f7f771,d790bda58f7a879215db8765fa9587cc35295c27e262ea4f8c02d4a599f7f771,1,
dependence-heavy-07,6,"{""arg"":774}","{""r"":2}",a275ae2c3bbe69a5c370e9629f43f72fdb99fa948e1c0ad323e5b9aadfc3baed,a275ae2c3bbe69a5c370e9629f43f72fdb99fa948e1c0ad323e5b9aadfc3baed,1,
dependence-heavy-07,7,"{""arg"":775}","{""r"":3}",d77a623aa4475072c81a2eaf168aa76af99f67da61e3eb52d97a76cb27844f42,d77a623aa4475072c81a2eaf168aa76af99f67da61e3eb52d97a76cb27844f42,1,
dependence-heavy-08,0,"{""arg"":785}","{""r"":-4}",28029e756a543be5f297a6c007a5a18e307e6eb1242482b42239c2a0abdd175b,28029e756a543be5f297a6c007a5a18e307e6eb1242482b42239c2a0abdd175b,1,
dependence-heavy-08,1,"{""arg"":786}","{""r"":-3}",5b71e8f535672aec90bfbcf8565e83e73e798f562450eeb3ee867be413ac3826,5b71e8f535672aec90bfbcf8565e83e73e798f562450eeb3ee867be413ac3826,1,
dependence-heavy-08,2,"{""arg"":787}","{""r"":-2}",2127b3cbb0c7490107a076ddb5b5ad2b5cfd0ce638d9bb6724c3a94feff84617,2127b3cbb0c7490107a076ddb5b5ad2b5cfd0ce638d9bb6724c3a94feff84617,1,
dependence-heavy-08,3,"{""arg"":788}","{""r"":-1}",69f510285402a93cb5ab0f106017b90e784ee3afff1f9193f1e30ed419d93ad7,69f510285402a93cb5ab0f106017b90e784ee3afff1f9193f1e30ed419d93ad7,1,
dependence-heavy-08,4,"{""arg"":789}","{""r"":0}",7cfaeaecc7c4f5c86d3b910d494f95c17fc3373c554aa34c5547cabf9a6b7148,7cfaeaecc7c4f5c86d3b910d494f95c17fc3373c554aa34c5547cabf9a6b7148,1,
dependence-heavy-08,5,"{""arg"":790}","{""r"":1}",8d68c8bdec1fb259db179cf58eefc3dedac8aa20325a01f3f950a353c1aede31,8d68c8bdec1fb259db179cf58eefc3dedac8aa20325a01f3f950a353c1aede31,1,
dependence-heavy-08,6,"{""arg"":791}","{""r"":2}",63c67a4a0bb0a943562a7a75771dd8d1339edc3e4105f83c68b1e6437aadab64,63c67a4a0bb0a943562a7a75771dd8d1339edc3e4105f83c68b1e6437aadab64,1,
dependence-heavy-08,7,"{""arg"":792}","{""r"":3}",ef7cf599e4eacf783f0c44c6893f9f0014124497a0258c92cbdf73bcec1d4e3a,ef7cf599e4eacf783f0c44c6893f9f0014124497a0258c92cbdf73bcec1d4e3a,1,
dependence-heavy-09,0,"{""arg"":802}","{""r"":-4}",bbfeabcbf5a9a2c62850e3d12b0d17e6b43d1b1cb62c2bdf61617468ebdf875d,bbfeabcbf5a9a2c62850e3d12b0d17e6b43d1b1cb62c2bdf61617468ebdf875d,1,
dependence-heavy-09,1,"{""arg"":803}","{""r"":-3}",5eb1ca2a72e9e180436bf37dd13e88b0af8637dc3560283415f750b08c2f9726,5eb1ca2a72e9e180436bf37dd13e88b0af8637dc3560283415f750b08c2f9726,1,
dependence-heavy-09,2,"{""arg"":804}","{""r"":-2}",c572e013d4cc1597e2527c460cdb87dbf3b7a7b3c5c42b5c4b548964203fc027,c572e013d4cc1597e2527c460cdb87dbf3b7a7b3c5c42b5c4b548964203fc027,1,
dependence-heavy-09,3,"{""arg"":805}","{""r"":-1}",d9e32f38a8edaa7f840391b5f8dc60510004c598d5444a48f530d574c2a0423c,d9e32f38a8edaa7f840391b5f8dc60510004c598d5444a48f530d574c2a0423c,1,
dependence-heavy-09,4,"{""arg"":806}","{""r"":0}",51250a02029cdbd71326383e2a0baaf1c353645d6b64a22064e96cb736466588,51250a02029cdbd71326383e2a0baaf1c353645d6b64a22064e96cb736466588,1,
dependence-heavy-09,5,"{""arg"":807}","{""r"":1}",5688ee74951d31b1372fd17d1f3da1fc5f05e187ae5ff8a486fa2ae3e2870133,5688ee74951d31b1372fd17d1f3da1fc5f05e187ae5ff8a486fa2ae3e2870133,1,
dependence-heavy-09,6,"{""arg"":808}","{""r"":2}",dda26274a72483a45c9853239630d0a5c25b7965541ad736114c835f52aba681,dda26274a72483a45c9853239630d0a5c25b7965541ad736114c835f52aba681,1,
dependence-heavy-09,7,"{""arg"":809}","{""r"":3}",600e436f855b61870963355a0f37537cf6466b44d93a16255a36fc2ae0512051,600e436f855b61870963355a0f37537cf6466b44d93a16255a36fc2ae0512051,1,
dependence-heavy-10,0,"{""arg"":819}","{""r"":-4}",c8c6a0163339115a7f10d2d48049895456c3e28dd85deafa2882ebe0695c58ac,c8c6a0163339115a7f10d2d48049895456c3e28dd85deafa2882ebe0695c58ac,1,
dependence-heavy-10,1,"{""arg"":820}","{""r"":-3}",ab7d987fdaf9f45f0e7c8bace3cccbd8df35f48f85e8dbb3ae160abbe3b39b8b,ab7d987fdaf9f45f0e7c8bace3cccbd8df35f48f85e8dbb3ae160abbe3b39b8b,1,
dependence-heavy-10,2,"{""arg"":821}","{""r"":-2}",b1771d3d752da0f824a6eaf485c37f43b1cfa13685a0059ff3deeae31720566c,b1771d3d752da0f824a6eaf485c37f43b1cfa13685a0059ff3deeae31720566c,1,
dependence-heavy-10,3,"{""arg"":822}","{""r"":-1}",dd4f730eadb3063e8ea2e855039449000ee833fe7ee1ea813be6288ad69f64f7,dd4f730eadb3063e8ea2e855039449000ee833fe7ee1ea813be6288ad69f64f7,1,
dependence-heavy-10,4,"{""arg"":823}","{""r"":0}",45d9f0e2b4e9f284d3f3eafc8966033f7034c3a228dcf64306967bfc2495a669,45d9f0e2b4e9f284d3f3eafc8966033f7034c3a228dcf64306967bfc2495a669,1,
dependence-heavy-10,5,"{""arg"":824}","{""r"":1}",4b584331955abfa5cd3a6328516f72cfc02a9df7a910824d5f95de6543a827a6,4b584331955abfa5cd3a6328516f72cfc02a9df7a910824d5f95de6543a827a6,1,
dependence-heavy-10,6,"{""arg"":825}","{""r"":2}",d7965c485a9ca473e28f292c49eaabbee938e21a31ee19609f47aea35b636a61,d7965c485a9ca473e28f292c49eaabbee938e21a31ee19609f47aea35b636a61,1,
dependence-heavy-10,7,"{""arg"":826}","{""r"":3}",2b35a694b7e9a106efb2a369abae2efe4cfb616ceeaa93d2acdf4fa9a26b861d,2b35a694b7e9a106efb2a369abae2efe4cfb616ceeaa93d2acdf4fa9a26b861d,1,
dependence-heavy-11,0,"{""arg"":836}","{""r"":-4}",bbfeabcbf5a9a2c62850e3d12b0d17e6b43d1b1cb62c2bdf61617468ebdf875d,bbfeabcbf5a9a2c62850e3d12b0d17e6b43d1b1cb62c2bdf61617468ebdf875d,1,
dependence-heavy-11,1,"{""arg"":837}","{""r"":-3}",5eb1ca2a72e9e180436bf37dd13e88b0af8637dc3560283415f750b08c2f9726,5eb1ca2a72e9e180436bf37dd13e88b0af8637dc3560283415f750b08c2f9726,1,
dependence-heavy-11,2,"{""arg"":838}","{""r"":-2}",c572e013d4cc1597e2527c460cdb87dbf3b7a7b3c5c42b5c4b548964203fc027,c572e013d4cc1597e2527c460cdb87dbf3b7a7b3c5c42b5c4b548964203fc027,1,
dependence-heavy-11,3,"{""arg"":839}","{""r"":-1}",d9e32f38a8edaa7f840391b5f8dc60510004c598d5444a48f530d574c2a0423c,d9e32f38a8edaa7f840391b5f8dc60510004c598d5444a48f530d574c2a0423c,1,
dependence-heavy-11,4,"{""arg"":840}","{""r"":0}",51250a02029cdbd71326383e2a0baaf1c353645d6b64a22064e96cb736466588,51250a02029cdbd71326383e2a0baaf1c353645d6b64a22064e96cb736466588,1,
dependence-heavy-11,5,"{""arg"":841}","{""r"":1}",5688ee74951d31b1372fd17d1f3da1fc5f05e187ae5ff8a486fa2ae3e2870133,5688ee74951d31b1372fd17d1f3da1fc5f05e187ae5ff8a486fa2ae3e2870133,1,
dependence-heavy-11,6,"{""arg"":842}","{""r"":2}",dda26274a72483a45c9853239630d0a5c25b7965541ad736114c835f52aba681,dda26274a72483a45c9853239630d0a5c25b7965541ad736114c835f52aba681,1,
dependence-heavy-11,7,"{""arg"":843}","{""r"":3}",600e436f855b61870963355a0f37537cf6466b44d93a16255a36fc2ae0512051,600e436f855b61870963355a0f37537cf6466b44d93a16255a36fc2ae0512051,1,
dependence-heavy-12,0,"{""arg"":853}","{""r"":-4}",484dabad067f86bec577cc09884a25ab416132f5d01e87ffdf9a3dc8af5d7077,484dabad067f86bec577cc09884a25ab416132f5d01e87ffdf9a3dc8af5d7077,1,
dependence-heavy-12,1,"{""arg"":854}","{""r"":-3}",f251c470ca56038504f6091f9b93913efc666bd7478caa0baa938accc0757ed2,f251c470ca56038504f6091f9b93913efc666bd7478caa0baa938accc0757ed2,1,
dependence-heavy-12,2,"{""arg"":855}","{""r"":-2}",a3e5bbbf533356d8ef6c13ab83179f5da815d9452841aa3e4e5166c39c3defef,a3e5bbbf533356d8ef6c13ab83179f5da815d9452841aa3e4e5166c39c3defef,1,
dependence-heavy-12,3,"{""arg"":856}","{""r"":-1}",157f74dfdce23514c3e9b98cb76558a302024f7471d50c3a90fa1007b9f90553,157f74dfdce23514c3e9b98cb76558a302024f7471d50c3a90fa1007b9f90553,1,
dependence-heavy-12,4,"{""arg"":857}","{""r"":0}",b343e2359f6cfb034fe763ffa97d391a4679e3d33d17ec85a6cbfb1cb9ea29a6,b343e2359f6cfb034fe763ffa97d391a4679e3d33d17ec85a6cbfb1cb9ea29a6,1,
dependence-heavy-12,5,"{""arg"":858}","{""r"":1}",e0d4ce84472733a038fb37344403a82c3ea5ff7b0fb9f7c06e79efa3d79c42b1,e0d4ce84472733a038fb37344403a82c3ea5ff7b0fb9f7c06e79efa3d79c42b1,1,
dependence-heavy-12,6,"{""arg"":859}","{""r"":2}",05f0c5a990dc66bc4b93d4a44595cdb8d5cd8c5b1cd67ef08d9ee8146419d12e,05f0c5a990dc66bc4b93d4a44595cdb8d5cd8c5b1cd67ef08d9ee8146419d12e,1,
dependence-heavy-12,7,"{""arg"":860}","{""r"":3}",fc63ac7309b0a9187bc45eb1928ca530f4d952c8b03c2bdf1be5132a39ec1c0f,fc63ac7309b0a9187bc45eb1928ca530f4d952c8b03c2bdf1be5132a39ec1c0f,1,
dependence-heavy-13,0,"{""arg"":870}","{""r"":-4}",72b1fe23ae8fb84352c75138041ea0ddd54d4c44292948c1bc54110dec7b8d68,72b1fe23ae8fb84352c75138041ea0ddd54d4c44292948c1bc54110dec7b8d68,1,
dependence-heavy-13,1,"{""arg"":871}","{""r"":-3}",786370a0628571cfd10666e0ad647f10d6361b2a9e08b345898ba979a0d27d68,786370a0628571cfd10666e0ad647f10d6361b2a9e08b345898ba979a0d27d68,1,
dependence-heavy-13,2,"{""arg"":872}","{""r"":-2}",3841f024621b3c8164380e2a8710d01355ad10a3cd58721120fdb0e596d8478a,3841f024621b3c8164380e2a8710d01355ad10a3cd58721120fdb0e596d8478a,1,
dependence-heavy-13,3,"{""arg"":873}","{""r"":-1}",44e198faa73523e0cd5afdda6dd4ee0430165154a8c4341931c0fe4a3c9c2e8c,44e198faa73523e0cd5afdda6dd4ee0430165154a8c4341931c0fe4a3c9c2e8c,1,
dependence-heavy-13,4,"{""arg"":874}","{""r"":0}",cf86a2984aae19c428f9efde9376685d0cb2caa63edd476812e90128944f5eb9,cf86a2984aae19c428f9efde9376685d0cb2caa63edd476812e90128944f5eb9,1,
dependence-heavy-13,5,"{""arg"":875}","{""r"":1}",c1ab069473e4ad321964ab8d5edb400c236ad6b250c0421d1c16fcc7025bb227,c1ab069473e4ad321964ab8d5edb400c236ad6b250c0421d1c16fcc7025bb227,1,
dependence-heavy-13,6,"{""arg"":876}","{""r"":2}",d12679718360739d97f3bcb02ed4f8e8d83e3bbf017de8883fce41fccfd708a2,d12679718360739d97f3bcb02ed4f8e8d83e3bbf017de8883fce41fccfd708a2,1,
dependence-heavy-13,7,"{""arg"":877}","{""r"":3}",4a7ef4e885233a8f60932c0c752ae23b43911a390f6005690c3b06ac69edc8e5,4a7ef4e885233a8f60932c0c752ae23b43911a390f6005690c3b06ac69edc8e5,1,
dependence-heavy-14,0,"{""arg"":887}","{""r"":-4}",e3f9ed1fa9d822d8f843dc3171976da002f9cfbf0ba49f1356d531f476fa980b,e3f9ed1fa9d822d8f843dc3171976da002f9cfbf0ba49f1356d531f476fa980b,1,
dependence-heavy-14,1,"{""arg"":888}","{""r"":-3}",90c2388278b8bc76f8f7dc30311d2133d95becc402fbb94924ffb79f790b1941,90c2388278b8bc76f8f7dc30311d2133d95becc402fbb94924ffb79f790b1941,1,
dependence-heavy-14,2,"{""arg"":889}","{""r"":-2}",87beb8a396a271eefd81683a5ac1a65a32a6a0e07a46b03473be5917e3f27c4c,87beb8a396a271eefd81683a5ac1a65a32a6a0e07a46b03473be5917e3f27c4c,1,
dependence-heavy-14,3,"{""arg"":890}","{""r"":-1}",c11f1e91956da219b60844ed7dbcce87522e55768b286b6ca2b075dd600839ad,c11f1e91956da219b60844ed7dbcce87522e55768b286b6ca2b075dd600839ad,1,
dependence-heavy-14,4,"{""arg"":891}","{""r"":0}",ac3739560bc3ac583dfbc024e840b68b2cbd1881a087cc8635562e99fcfcd285,ac3739560bc3ac583dfbc024e840b68b2cbd1881a087cc8635562e99fcfcd285,1,
dependence-heavy-14,5,"{""arg"":892}","{""r"":1}",efbb675112b5f7a194711fed9ca5be936a70138ca269880b88268d15f577407c,efbb675112b5f7a194711fed9ca5be936a70138ca269880b88268d15f577407c,1,
dependence-heavy-14,6,"{""arg"":893}","{""r"":2}",7c3eef7ccc8a8d44285fd32960f804c1a73357873e764aa7e341885bdee21405,7c3eef7ccc8a8d44285fd32960f804c1a73357873e764aa7e341885bdee21405,1,
dependence-heavy-14,7,"{""arg"":894}","{""r"":3}",1e6fcf3955e153031e69296d861f069f1c8491d598d2b44ccee58ef6a22a9714,1e6fcf3955e153031e69296d861f069f1c8491d598d2b44ccee58ef6a22a9714,1,
dependence-heavy-15,0,"{""arg"":904}","{""r"":-4}",84ad3c84f58c0cc5777a525ad316ba4a0076b978fd0361b913de43e6f385d757,84ad3c84f58c0cc5777a525ad316ba4a0076b978fd0361b913de43e6f385d757,1,
dependence-heavy-15,1,"{""arg"":905}","{""r"":-3}",fc38d62dd10b197c4cfbb82e236f24e8ff969d8fa65591c8f668c6cc861ba1da,fc38d62dd10b197c4cfbb82e236f24e8ff969d8fa65591c8f668c6cc861ba1da,1,
dependence-heavy-15,2,"{""arg"":906}","{""r"":-2}",10166d519add4933d45adc9ff9120042931fcaf980a152f8dcdd49bb388868fe,10166d519add4933d45adc9ff9120042931fcaf980a152f8dcdd49bb388868fe,1,
dependence-heavy-15,3,"{""arg"":907}","{""r"":-1}",55e766f0ac52237d8984dec41e1b14c268259395734cef576941672d6b774c71,55e766f0ac52237d8984dec41e1b14c268259395734cef576941672d6b774c71,1,
dependence-heavy-15,4,"{""arg"":908}","{""r"":0}",216dcbb8d7c9d2966233dfafc020153499a28389700003268894cdd4c0a3f090,216dcbb8d7c9d2966233dfafc020153499a28389700003268894cdd4c0a3f090,1,
dependence-heavy-15,5,"{""arg"":909}","{""r"":1}",1c4f5c3c2cb3b43aa830f64d05fd62a58ff5f857be85b0cac9c314aa391c16ad,1c4f5c3c2cb3b43aa830f64d05fd62a58ff5f857be85b0cac9c314aa391c16ad,1,
dependence-heavy-15,6,"{""arg"":910}","{""r"":2}",0166039ce2255156f8a3b2dabd30e14bd27fab4713ac22fae1da2667d433ab2b,0166039ce2255156f8a3b2dabd30e14bd27fab4713ac22fae1da2667d433ab2b,1,
dependence-heavy-15,7,"{""arg"":911}","{""r"":3}",7b4254236836f4df79331d3cc4ded32eb38f4b9f7c7cd2e119244fe0e25d5650,7b4254236836f4df79331d3cc4ded32eb38f4b9f7c7cd2e119244fe0e25d5650,1,
dependence-heavy-16,0,"{""arg"":921}","{""r"":-4}",ecf42fb01155b858d527696c37548e57e39dfd5ecc149c97b9b1b2bd7a9f73cc,ecf42fb01155b858d527696c37548e57e39dfd5ecc149c97b9b1b2bd7a9f73cc,1,
dependence-heavy-16,1,"{""arg"":922}","{""r"":-3}",bf8df83915372e989bd769ac182ee10e726c7e0f521bea6713519d475c6e156e,bf8df83915372e989bd769ac182ee10e726c7e0f521bea6713519d475c6e156e,1,
dependence-heavy-16,2,"{""arg"":923}","{""r"":-2}",e89273cd1a699749ffc80dd64bdd0931dccfe4002811486abc9c99fd4f5b91c1,e89273cd1a699749ffc80dd64bdd0931dccfe4002811486abc9c99fd4f5b91c1,1,
dependence-heavy-16,3,"{""arg"":924}","{""r"":-1}",7d6ed96ee4d4fc150158add3305b53505235671788c17cc29b4b27b9dc68376b,7d6ed96ee4d4fc150158add3305b53505235671788c17cc29b4b27b9dc68376b,1,
dependence-heavy-16,4,"{""arg"":925}","{""r"":0}",eac1f9536ea3bf7eded4e97119f038fd86f8628f867dd5f4900fb1d5b78a2dd3,eac1f9536ea3bf7eded4e97119f038fd86f8628f867dd5f4900fb1d5b78a2dd3,1,
dependence-heavy-16,5,"{""arg"":926}","{""r"":1}",9cc759759c208d500164fb11aa721b34fe69b335c0898241f23ba2132dc8348f,9cc759759c208d500164fb11aa721b34fe69b335c0898241f23ba2132dc8348f,1,
dependence-heavy-16,6,"{""arg"":927}","{""r"":2}",41efaa7e09bdf1b91f0932012cc9b3dea92828b5772725cbc28b0bb67add7380,41efaa7e09bdf1b91f0932012cc9b3dea92828b5772725cbc28b0bb67add7380,1,
dependence-heavy-16,7,"{""arg"":928}","{""r"":3}",f2da4aee8b1ef6df0575fa4e2332933636d26b64c0629535389e7a3b821e9943,f2da4aee8b1ef6df0575fa4e2332933636d26b64c0629535389e7a3b821e9943,1,
dependence-heavy-17,0,"{""arg"":938}","{""r"":-4}",c97745d203b7ee8f368197955b3269d6db0e0f17adf832c710112cc4454b40ce,c97745d203b7ee8f368197955b3269d6db0e0f17adf832c710112cc4454b40ce,1,
dependence-heavy-17,1,"{""arg"":939}","{""r"":-3}",5d6ab79d644159e0b6e0ff41f1e6218a79d633290ac8072fa9896de82184e76d,5d6ab79d644159e0b6e0ff41f1e6218a79d633290ac8072fa9896de82184e76d,1,
dependence-heavy-17,2,"{""arg"":940}","{""r"":-2}",2e0acb17636208b1254c815089996492bff11cffb2e664045473d4cc545f0749,2e0acb17636208b1254c815089996492bff11cffb2e664045473d4cc545f0749,1,
dependence-heavy-17,3,"{""arg"":941}","{""r"":-1}",1a31728276be927e881ee5b8b93da20413b3315638e9c9453c8f6ed2635c90ec,1a31728276be927e881ee5b8b93da20413b3315638e9c9453c8f6ed2635c90ec,1,
dependence-heavy-17,4,"{""arg"":942}","{""r"":0}",a7ce29a2f1dca069e208ba8a9a5c924d0cafd2f03306edeace180d589a715058,a7ce29a2f1dca069e208ba8a9a5c924d0cafd2f03306edeace180d589a715058,1,
dependence-heavy-17,5,"{""arg"":943}","{""r"":1}",d8078fe4ac59a7f05233c475c0092d7eee1847b3c140ed7a4f83ebedc4ae1c99,d8078fe4ac59a7f05233c475c0092d7eee1847b3c140ed7a4f83ebedc4ae1c99,1,
dependence-heavy-17,6,"{""arg"":944}","{""r"":2}",4a0bcad8a782b4aab11b93fad8d8dc13ca2967079e896ae324d81ab133657b24,4a0bcad8a782b4aab11b93fad8d8dc13ca2967079e896ae324d81ab133657b24,1,
dependence-heavy-17,7,"{""arg"":945}","{""r"":3}",aadf8d7bef94845b4c1dddf4c47f32d642c254d1954f2d69346cc01ea71618b8,aadf8d7bef94845b4c1dddf4c47f32d642c254d1954f2d69346cc01ea71618b8,1,
dependence-heavy-18,0,"{""arg"":955}","{""r"":-4}",6d46295e6aab72d6d166f23dc597f7eaeeda86f308132b9a951a875b606bf345,6d46295e6aab72d6d166f23dc597f7eaeeda86f308132b9a951a875b606bf345,1,
dependence-heavy-18,1,"{""arg"":956}","{""r"":-3}",3a137f1e69ee1341db4016774f5a74e310f9cbaeaabf53a011e163c5f5c62b82,3a137f1e69ee1341db4016774f5a74e310f9cbaeaabf53a011e163c5f5c62b82,1,
dependence-heavy-18,2,"{""arg"":957}","{""r"":-2}",60db0f812591ed31cc1a9ee7252f5f463f2907c64b8185b4d3ebab8e161bcbb4,60db0f812591ed31cc1a9ee7252f5f463f2907c64b8185b4d3ebab8e161bcbb4,1,
dependence-heavy-18,3,"{""arg"":958}","{""r"":-1}",42ff2e09cc2314235167e82b6c3b0dec87cf4cf6fdc5f7ce774b22ecbfe50c77,42ff2e09cc2314235167e82b6c3b0dec87cf4cf6fdc5f7ce774b22ecbfe50c77,1,
dependence-heavy-18,4,"{""arg"":959}","{""r"":0}",55cfdf3a6f6df1384a06d97e0e449d5ca13d38c5d039b38bd05b18c7ceca2cfd,55cfdf3a6f6df1384a06d97e0e449d5ca13d38c5d039b38bd05b18c7ceca2cfd,1,
dependence-heavy-18,5,"{""arg"":960}","{""r"":1}",80476536bc64fbfa1967ab91109638a30823dad2354f2151e9d599162731a8e4,80476536bc64fbfa1967ab91109638a30823dad2354f2151e9d599162731a8e4,1,
dependence-heavy-18,6,"{""arg"":961}","{""r"":2}",0e530155495174a2cee55fb899ab8b4201c5a24bfa03bad84aad244c34359c2c,0e530155495174a2cee55fb899ab8b4201c5a24bfa03bad84aad244c34359c2c,1,
dependence-heavy-18,7,"{""arg"":962}","{""r"":3}",909d438e0360bca9d0b38362cc160387f5597f7b69d429c8c95624aef66c1941,909d438e0360bca9d0b38362cc160387f5597f7b69d429c8c95624aef66c1941,1,
dependence-heavy-19,0,"{""arg"":972}","{""r"":-4}",f05b2d16d5ae2cf12c9f52b8dd6285a4364a858d2f9fd430984aad7f1b261ba2,f05b2d16d5ae2cf12c9f52b8dd6285a4364a858d2f9fd430984aad7f1b261ba2,1,
dependence-heavy-19,1,"{""arg"":973}","{""r"":-3}",144f372fa07030e0b7febdeb65dc445a550e87f75702e3d1bdbc8aaeaa0a6f48,144f372fa07030e0b7febdeb65dc445a550e87f75702e3d1bdbc8aaeaa0a6f48,1,
dependence-heavy-19,2,"{""arg"":974}","{""r"":-2}",572a2912d22f34eb25cee978e199c820aa454bdaec36bf35f30c723eb903eebb,572a2912d22f34eb25cee978e199c820aa454bdaec36bf35f30c723eb903eebb,1,
dependence-heavy-19,3,"{""arg"":975}","{""r"":-1}",e19cdf225b8e68d5f40636973d434019a1eb85ff447dc770df91919c82cc5278,e19cdf225b8e68d5f40636973d434019a1eb85ff447dc770df91919c82cc5278,1,
dependence-heavy-19,4,"{""arg"":976}","{""r"":0}",1d1c94314dfcad96af11414a39ffd1d01cb85935957acb42b1ddce2bfa759244,1d1c94314dfcad96af11414a39ffd1d01cb85935957acb42b1ddce2bfa759244,1,
dependence-heavy-19,5,"{""arg"":977}","{""r"":1}",190b92021176f4b3917b7d736325f686ca77c9e262efc41a89024e4a01cba1d0,190b92021176f4b3917b7d736325f686ca77c9e262efc41a89024e4a01cba1d0,1,
dependence-heavy-19,6,"{""arg"":978}","{""r"":2}",aeac4ac005b7b33c632beee75ba9dbe7e2ac1b90c44df6f441c95b0c63894fcf,aeac4ac005b7b33c632beee75ba9dbe7e2ac1b90c44df6f441c95b0c63894fcf,1,
dependence-heavy-19,7,"{""arg"":979}","{""r"":3}",26110792e1d16a04b186bf1e2d05710aa52c7f7f0e280aed1fb28e7107abe2c2,26110792e1d16a04b186bf1e2d05710aa52c7f7f0e280aed1fb28e7107abe2c2,1,
dependence-heavy-20,0,"{""arg"":989}","{""r"":-4}",3c02b9688c06b2950ca4c54475931cd8314db26175640ce42b2483c41ed6eb85,3c02b9688c06b2950ca4c54475931cd8314db26175640ce42b2483c41ed6eb85,1,
dependence-heavy-20,1,"{""arg"":990}","{""r"":-3}",cc5be8307bf5aafd13801d59e7f543f50809b1ed063c5fc96d20d2834954b728,cc5be8307bf5aafd13801d59e7f543f50809b1ed063c5fc96d20d2834954b728,1,
dependence-heavy-20,2,"{""arg"":991}","{""r"":-2}",8ba1c1e0bdc187157ee64d08942ff2935796a29e9bd6c156e9ffdaab56c7bb41,8ba1c1e0bdc187157ee64d08942ff2935796a29e9bd6c156e9ffdaab56c7bb41,1,
dependence-heavy-20,3,"{""arg"":992}","{""r"":-1}",861ec400c0bf0a097227ffaaacac22d13357c2f199fe0cc472eebcaefed216cd,861ec400c0bf0a097227ffaaacac22d13357c2f199fe0cc472eebcaefed216cd,1,
dependence-heavy-20,4,"{""arg"":993}","{""r"":0}",6269805955f7635d1139d8f4082c6526f789958d7413b39f095be55da137838b,6269805955f7635d1139d8f4082c6526f789958d7413b39f095be55da137838b,1,
dependence-heavy-20,5,"{""arg"":994}","{""r"":1}",0912c8c87870f918e1a9c61bcc08c8d2014167d2f2a03a1ae854bbbe9f973334,0912c8c87870f918e1a9c61bcc08c8d2014167d2f2a03a1ae854bbbe9f973334,1,
dependence-heavy-20,6,"{""arg"":995}","{""r"":2}",5990da03180144707266f54f6cf19d3bf4e2b8a7378bec460762f4590b9a69ea,5990da03180144707266f54f6cf19d3bf4e2b8a7378bec460762f4590b9a69ea,1,
dependence-heavy-20,7,"{""arg"":996}","{""r"":3}",76c3adb582b6551363ecf5977ce96cc307c47c4cd8744a875127079d7c5fdecc,76c3adb582b6551363ecf5977ce96cc307c47c4cd8744a875127079d7c5fdecc,1,
dependence-heavy-21,0,"{""arg"":1006}","{""r"":-4}",34553bdfd3c1c2db2ee941a8a29a192eec7f9e160d159d40bfe1309a6fc974d5,34553bdfd3c1c2db2ee941a8a29a192eec7f9e160d159d40bfe1309a6fc974d5,1,
dependence-heavy-21,1,"{""arg"":1007}","{""r"":-3}",c3f4b04ffc6cce8bc06fdfbe803224e07d38c369f696766f16b94a8c4290cac9,c3f4b04ffc6cce8bc06fdfbe803224e07d38c369f696766f16b94a8c4290cac9,1,
dependence-heavy-21,2,"{""arg"":1008}","{""r"":-2}",46049c01116749b7481925f2ac3f12493133fbdb16f4e6e8683526373bc98acd,46049c01116749b7481925f2ac3f12493133fbdb16f4e6e8683526373bc98acd,1,
dependence-heavy-21,3,"{""arg"":1009}","{""r"":-1}",c0f1dc047354c41a13f535728c98ec81c1a3bde60e054627ccb0bcec3676631f,c0f1dc047354c41a13f535728c98ec81c1a3bde60e054627ccb0bcec3676631f,1,
dependence-heavy-21,4,"{""arg"":1010}","{""r"":0}",83169a8a7bbbcd4a84971cefe259b3e1343e680c55bc892f5e0f16277dd2efdb,83169a8a7bbbcd4a84971cefe259b3e1343e680c55bc892f5e0f16277dd2efdb,1,
dependence-heavy-21,5,"{""arg"":1011}","{""r"":1}",5c4f2933d778ef4128acfd30297b6d84a2e6f4bb884622bb37e72976274c4158,5c4f2933d778ef4128acfd30297b6d84a2e6f4bb884622bb37e72976274c4158,1,
dependence-heavy-21,6,"{""arg"":1012}","{""r"":2}",cdce6f34eb505e2c5f39231177730a92cfba57369fd8a9db5dc47b74cf27ffc0,cdce6f34eb505e2c5f39231177730a92cfba57369fd8a9db5dc47b74cf27ffc0,1,
dependence-heavy-21,7,"{""arg"":1013}","{""r"":3}",dcce9e19099fb7a9e3c1049ad3b7a15b6a0555ebb7c28190965828209aa6b759,dcce9e19099fb7a9e3c1049ad3b7a15b6a0555ebb7c28190965828209aa6b759,1,
dependence-heavy-22,0,"{""arg"":1023}","{""r"":-4}",1374caa2a00c7ad04252474500a2a83942f2a16cf2d79004caf8e778b39297db,1374caa2a00c7ad04252474500a2a83942f2a16cf2d79004caf8e778b39297db,1,
dependence-heavy-22,1,"{""arg"":1024}","{""r"":-3}",6a3dc7dcbe7a978b727d1164e85980baf509021024b0f0da1a392e2299584e1a,6a3dc7dcbe7a978b727d1164e85980baf509021024b0f0da1a392e2299584e1a,1,
dependence-heavy-22,2,"{""arg"":1025}","{""r"":-2}",0528d1f830e1a5579422c4e3023907af1ebd8cb59fe71554c8a5186b620fb44b,0528d1f830e1a5579422c4e3023907af1ebd8cb59fe71554c8a5186b620fb44b,1,
dependence-heavy-22,3,"{""arg"":1026}","{""r"":-1}",312f78ef23a006c8b44b48ea426428100021a0e57cd0ae4d00eb033049228a35,312f78ef23a006c8b44b48ea426428100021a0e57cd0ae4d00eb033049228a35,1,
dependence-heavy-22,4,"{""arg"":1027}","{""r"":0}",028909ddac0c72279f0c29db5735c9ef6c41a4b475e8ea2fa4e09a4534e359f1,028909ddac0c72279f0c29db5735c9ef6c41a4b475e8ea2fa4e09a4534e359f1,1,
dependence-heavy-22,5,"{""arg"":1028}","{""r"":1}",67c7c685babc57ccf0abbd4c4c50b93c3b1aa4373a1796bebba5f4bba032f9ee,67c7c685babc57ccf0abbd4c4c50b93c3b1aa4373a1796bebba5f4bba032f9ee,1,
dependence-heavy-22,6,"{""arg"":1029}","{""r"":2}",7c460a711374afb2fd09a1bc89dccd4522fa19163a43c19d0896150d2fb32486,7c460a711374afb2fd09a1bc89dccd4522fa19163a43c19d0896150d2fb32486,1,
dependence-heavy-22,7,"{""arg"":1030}","{""r"":3}",588d1ea2e02ef6cb0421bec1856811510fdf996c80e2d0a36b5cf2fd5f80b56e,588d1ea2e02ef6cb0421bec1856811510fdf996c80e2d0a36b5cf2fd5f80b56e,1,
dependence-heavy-23,0,"{""arg"":1040}","{""r"":-4}",10d8004a3f4caa82103058d913637220589a61738aed7fdc84a0b4902afd9a59,10d8004a3f4caa82103058d913637220589a61738aed7fdc84a0b4902afd9a59,1,
dependence-heavy-23,1,"{""arg"":1041}","{""r"":-3}",3c4bc92187d7af57b3f5cc4912abe9cd583c1c1832b268f5ef36128941ad842b,3c4bc92187d7af57b3f5cc4912abe9cd583c1c1832b268f5ef36128941ad842b,1,
dependence-heavy-23,2,"{""arg"":1042}","{""r"":-2}",64fad6fd16d97ddd097004b211b2fbb325551eb68cd2706672cf7142e9b30a8a,64fad6fd16d97ddd097004b211b2fbb325551eb68cd2706672cf7142e9b30a8a,1,
dependence-heavy-23,3,"{""arg"":1043}","{""r"":-1}",279d587bee0e8c980d8d7d88ebf2ba75d581b40ea38bab97106280a6727332a4,279d587bee0e8c980d8d7d88ebf2ba75d581b40ea38bab97106280a6727332a4,1,
dependence-heavy-23,4,"{""arg"":1044}","{""r"":0}",1d30f675478aad5b9f832b7fbb51aedad6f31b8f57a9df9c6d03968d165fd2ed,1d30f675478aad5b9f832b7fbb51aedad6f31b8f57a9df9c6d03968d165fd2ed,1,
dependence-heavy-23,5,"{""arg"":1045}","{""r"":1}",098dd8ee27fd59fde39ee156c80cddf6588e08993c58ca7e43ed556581dc2722,098dd8ee27fd59fde39ee156c80cddf6588e08993c58ca7e43ed556581dc2722,1,
dependence-heavy-23,6,"{""arg"":1046}","{""r"":2}",588069d5ce6f1dc3aa44208a3d79916e8805abb24abcf24f9cb4f35233a038cc,588069d5ce6f1dc3aa44208a3d79916e8805abb24abcf24f9cb4f35233a038cc,1,
dependence-heavy-23,7,"{""arg"":1047}","{""r"":3}",c6180c6eddcbb0b325f165ad16ac1925f42b9ca12d2965d0afe875226dd41880,c6180c6eddcbb0b325f165ad16ac1925f42b9ca12d2965d0afe875226dd41880,1,
dependence-heavy-24,0,"{""arg"":1057}","{""r"":-4}",8173523954f3c01104ae7bde21eef9d0bf48b63549a72946cd5544456bc95f3e,8173523954f3c01104ae7bde21eef9d0bf48b63549a72946cd5544456bc95f3e,1,
dependence-heavy-24,1,"{""arg"":1058}","{""r"":-3}",8be08d16d46cbc20d4653275197cee7416bca302c635768f5a3b1ceb195989dc,8be08d16d46cbc20d4653275197cee7416bca302c635768f5a3b1ceb195989dc,1,
dependence-heavy-24,2,"{""arg"":1059}","{""r"":-2}",877e2af50c136d7b6820559e379a576987d89239a5ebc7818ac26bd6c431821d,877e2af50c136d7b6820559e379a576987d89239a5ebc7818ac26bd6c431821d,1,
dependence-heavy-24,3,"{""arg"":1060}","{""r"":-1}",05a9f41f28d4dae02102be45699a7b4bda4e0051421355fbfc07fcc81b3516f2,05a9f41f28d4dae02102be45699a7b4bda4e0051421355fbfc07fcc81b3516f2,1,
dependence-heavy-24,4,"{""arg"":1061}","{""r"":0}",6adc12a95a8a90dc93780a9e8d179b2ed0dea11b5f9e9c028fc9998b58c95562,6adc12a95a8a90dc93780a9e8d179b2ed0dea11b5f9e9c028fc9998b58c95562,1,
dependence-heavy-24,5,"{""arg"":1062}","{""r"":1}",1e779b7cbe708e6572fe199c5ef98b10fde25c2d06ee0f93e6e09d8e4195caac,1e779b7cbe708e6572fe199c5ef98b10fde25c2d06ee0f93e6e09d8e4195caac,1,
dependence-heavy-24,6,"{""arg"":1063}","{""r"":2}",832fd66dbf88b7b171967c97cf82b7867563df4cdccc5b4c7c8803e997f47733,832fd66dbf88b7b171967c97cf82b7867563df4cdccc5b4c7c8803e997f47733,1,
dependence-heavy-24,7,"{""arg"":1064}","{""r"":3}",66e29bc09d318371eaba515e610c1e9f4f6ae93586d0b2fb9ba90ca8ad79c57c,66e29bc09d318371eaba515e610c1e9f4f6ae93586d0b2fb9ba90ca8ad79c57c,1,
dependence-heavy-25,0,"{""arg"":1074}","{""r"":-4}",152b61c854f3fc314ae292eee52d06c47426826098459a2091563b2282d9a0c6,152b61c854f3fc314ae292eee52d06c47426826098459a2091563b2282d9a0c6,1,
dependence-heavy-25,1,"{""arg"":1075}","{""r"":-3}",f4e17852a77e052efc22246c4ebeedfbdc3d8b40924134c5f43b55c9973418b2,f4e17852a77e052efc22246c4ebeedfbdc3d8b40924134c5f43b55c9973418b2,1,
dependence-heavy-25,2,"{""arg"":1076}","{""r"":-2}",2f6b03b6f3429e6c8c85916d28f4687084e52edea3591f59dbd340fddc856c92,2f6b03b6f3429e6c8c85916d28f4687084e52edea3591f59dbd340fddc856c92,1,
dependence-heavy-25,3,"{""arg"":1077}","{""r"":-1}",afff68ed8da491b7b9d604317bbe2ef6da5bb4d28a330e8d783f3ffbb72dee25,afff68ed8da491b7b9d604317bbe2ef6da5bb4d28a330e8d783f3ffbb72dee25,1,
dependence-heavy-25,4,"{""arg"":1078}","{""r"":0}",a25af82eeb3bfbccce5d0c6dd472bfcc0c1c77f404acd224c6dfa61e0fe67954,a25af82eeb3bfbccce5d0c6dd472bfcc0c1c77f404acd224c6dfa61e0fe67954,1,
dependence-heavy-25,5,"{""arg"":1079}","{""r"":1}",10963db2474d2579abe249aea5e1253b37cdb2fc038caaed9f6080bd25ca23dd,10963db2474d2579abe249aea5e1253b37cdb2fc038caaed9f6080bd25ca23dd,1,
dependence-heavy-25,6,"{""arg"":1080}","{""r"":2}",f8f20d2812a8ba571d65041b2a5ca030fb03756f171f02f7dd6d685bd05fa988,f8f20d2812a8ba571d65041b2a5ca030fb03756f171f02f7dd6d685bd05fa988,1,
dependence-heavy-25,7,"{""arg"":1081}","{""r"":3}",5d483782fccdc654d01f3b76e14a0a4f2286a031712edc730d061e5b0c7488e4,5d483782fccdc654d01f3b76e14a0a4f2286a031712edc730d061e5b0c7488e4,1,
dependence-heavy-26,0,"{""arg"":1091}","{""r"":-4}",51406c06e772102f9b558c5eaf9556c0ebd91fbadec0643ab9c1e0b69632c918,51406c06e772102f9b558c5eaf9556c0ebd91fbadec0643ab9c1e0b69632c918,1,
dependence-heavy-26,1,"{""arg"":1092}","{""r"":-3}",6b14efeda44805f81062bcb0e4d2f9534ae6f8ce8e9aa4c63bf7ce7be36d5766,6b14efeda44805f81062bcb0e4d2f9534ae6f8ce8e9aa4c63bf7ce7be36d5766,1,
dependence-heavy-26,2,"{""arg"":1093}","{""r"":-2}",d57e6115ffd7a2bf8755e8d8764898068c615249cc2ce4c634eaec74046cad57,d57e6115ffd7a2bf8755e8d8764898068c615249cc2ce4c634eaec74046cad57,1,
dependence-heavy-26,3,"{""arg"":1094}","{""r"":-1}",080fe8507b3a28c2ab0724b25ace3f62e6ec018015f479f6b1106e8f1b65bb9d,080fe8507b3a28c2ab0724b25ace3f62e6ec018015f479f6b1106e8f1b65bb9d,1,
dependence-heavy-26,4,"{""arg"":1095}","{""r"":0}",2b44c5b8a4dd58989e31a641c26da362b7a1d67f6f4233fe2ebb9b3fa0ff2e2c,2b44c5b8a4dd58989e31a641c26da362b7a1d67f6f4233fe2ebb9b3fa0ff2e2c,1,
dependence-heavy-26,5,"{""arg"":1096}","{""r"":1}",1fe0d5ac6f51588e59e8b7f6afba534f863ef314f5918bfe86449ac3a571b9c5,1fe0d5ac6f51588e59e8b7f6afba534f863ef314f5918bfe86449ac3a571b9c5,1,
dependence-heavy-26,6,"{""arg"":1097}","{""r"":2}",ff1126853d86b6a014f59029c9830a257a2cdcfd8f3791fa678d0f492656ba7f,ff1126853d86b6a014f59029c9830a257a2cdcfd8f3791fa678d0f492656ba7f,1,
dependence-heavy-26,7,"{""arg"":1098}","{""r"":3}",740c703ced778724dde7105768a177ab8124738fd2d008613a17afc6b187387e,740c703ced778724dde7105768a177ab8124738fd2d008613a17afc6b187387e,1,
dependence-heavy-27,0,"{""arg"":1108}","{""r"":-4}",1ec38b518297a8d53d6a4f9fee57118ae8a68db3798a555dd6fbdf238b619528,1ec38b518297a8d53d6a4f9fee57118ae8a68db3798a555dd6fbdf238b619528,1,
dependence-heavy-27,1,"{""arg"":1109}","{""r"":-3}",25d9ba40eda2894c4ca5313b7a6c6dc5a9527cf3feab482ff960f7bf8ccb16a8,25d9ba40eda2894c4ca5313b7a6c6dc5a9527cf3feab482ff960f7bf8ccb16a8,1,
dependence-heavy-27,2,"{""arg"":1110}","{""r"":-2}",4b755448560041d7b47ec2bc20f5ecf86e725389002430433aaa31fcbc4042ac,4b755448560041d7b47ec2bc20f5ecf86e725389002430433aaa31fcbc4042ac,1,
dependence-heavy-27,3,"{""arg"":1111}","{""r"":-1}",81a9069bbdf8d05a6253349d23cd0aa5063d9ef71ee83207b049f64fc999616d,81a9069bbdf8d05a6253349d23cd0aa5063d9ef71ee83207b049f64fc999616d,1,
dependence-heavy-27,4,"{""arg"":1112}","{""r"":0}",2d9398aef453549e14b63360041e53dfccea0dfb69530b4b73cfcece34715c7c,2d9398aef453549e14b63360041e53dfccea0dfb69530b4b73cfcece34715c7c,1,
dependence-heavy-27,5,"{""arg"":1113}","{""r"":1}",4b9a028184ba2dc0c56339d1458e6ea92eef0e891c914cfe572cb01ab693f8ac,4b9a028184ba2dc0c56339d1458e6ea92eef0e891c914cfe572cb01ab693f8ac,1,
dependence-heavy-27,6,"{""arg"":1114}","{""r"":2}",1a1a448e122282dbdbcc5964e41f052e3fe2f29a54da8ffd6475e5236f3ae2ff,1a1a448e122282dbdbcc5964e41f052e3fe2f29a54da8ffd6475e5236f3ae2ff,1,
dependence-heavy-27,7,"{""arg"":1115}","{""r"":3}",35ac2b8c63ab3c7d6164feea1301dd9c03eb65664e57af72b27c524ed96aa9e2,35ac2b8c63ab3c7d6164feea1301dd9c03eb65664e57af72b27c524ed96aa9e2,1,
dependence-heavy-28,0,"{""arg"":1125}","{""r"":-4}",1d685322c59633d31583bdc178b37f9abc50d2529ea45e35e85d1ea1982fc413,1d685322c59633d31583bdc178b37f9abc50d2529ea45e35e85d1ea1982fc413,1,
dependence-heavy-28,1,"{""arg"":1126}","{""r"":-3}",f48dd7017200427b1638a03302b530dc898c03977427030bda818769304ab132,f48dd7017200427b1638a03302b530dc898c03977427030bda818769304ab132,1,
dependence-heavy-28,2,"{""arg"":1127}","{""r"":-2}",e56deeb38c04adc8d90164df2e9e5512c181860e4049748fac8dd8627ab2b892,e56deeb38c04adc8d90164df2e9e5512c181860e4049748fac8dd8627ab2b892,1,
dependence-heavy-28,3,"{""arg"":1128}","{""r"":-1}",3c1bad9b2025def12e2c3b0e116c739b2e156c242be904f70e8099c326423eb6,3c1bad9b2025def12e2c3b0e116c739b2e156c242be904f70e8099c326423eb6,1,
dependence-heavy-28,4,"{""arg"":1129}","{""r"":0}",92e4ae3225f64a9f3de33730537322560c170558de514767810ac6dcc505c733,92e4ae3225f64a9f3de33730537322560c170558de514767810ac6dcc505c733,1,
dependence-heavy-28,5,"{""arg"":1130}","{""r"":1}",632fc731be4a0e583a09e19abb643aa5f41a4fda0c6e95a07620598fe65cf992,632fc731be4a0e583a09e19abb643aa5f41a4fda0c6e95a07620598fe65cf992,1,
dependence-heavy-28,6,"{""arg"":1131}","{""r"":2}",cf1dee9126a98830e4d2d80544a964cc69e86237aa28b59d4920cd8be0bca8f4,cf1dee9126a98830e4d2d80544a964cc69e86237aa28b59d4920cd8be0bca8f4,1,
dependence-heavy-28,7,"{""arg"":1132}","{""r"":3}",1755fbc15ab5e702fc2256bbacc467889b7f6a2fcd4ba2fbbde094eb143fa432,1755fbc15ab5e702fc2256bbacc467889b7f6a2fcd4ba2fbbde094eb143fa432,1,
dependence-heavy-29,0,"{""arg"":1142}","{""r"":-4}",32448cd202b9a04bead52e538f700d4dcaae87be15eb2285687572393e3ac041,32448cd202b9a04bead52e538f700d4dcaae87be15eb2285687572393e3ac041,1,
dependence-heavy-29,1,"{""arg"":1143}","{""r"":-3}",e83d597c9ea72eed2bb420fca03c54d34710ff348d98a9f4a24d12ea99856ade,e83d597c9ea72eed2bb420fca03c54d34710ff348d98a9f4a24d12ea99856ade,1,
dependence-heavy-29,2,"{""arg"":1144}","{""r"":-2}",2c4c3c84362f752cdcde8d5834c945720d48092f1cc87eccc5552a4c7f36bc19,2c4c3c84362f752cdcde8d5834c945720d48092f1cc87eccc5552a4c7f36bc19,1,
dependence-heavy-29,3,"{""arg"":1145}","{""r"":-1}",ba36c2aa3b839d4ac494b8875405d73ebf1016d131af16d1fb12c45eefb873de,ba36c2aa3b839d4ac494b8875405d73ebf1016d131af16d1fb12c45eefb873de,1,
dependence-heavy-29,4,"{""arg"":1146}","{""r"":0}",020525f9bb498f40f5b667dd86903d1b9c1560aab4299eeadb024416d6e7edd2,020525f9bb498f40f5b667dd86903d1b9c1560aab4299eeadb024416d6e7edd2,1,
dependence-heavy-29,5,"{""arg"":1147}","{""r"":1}",b04c1f7033aa69a4b9f4e20b160faf33d6859f3d78ad17e3ce1d23f1c7df5596,b04c1f7033aa69a4b9f4e20b160faf33d6859f3d78ad17e3ce1d23f1c7df5596,1,
dependence-heavy-29,6,"{""arg"":1148}","{""r"":2}",083b6927a127e7fad74237d0209f3177ec8e62edb94fcba734a765d7c4c3040f,083b6927a127e7fad74237d0209f3177ec8e62edb94fcba734a765d7c4c3040f,1,
dependence-heavy-29,7,"{""arg"":1149}","{""r"":3}",d4cb5825afcebad9761956fa95165ae490e97ca2fba2faf60b54a2b557521901,d4cb5825afcebad9761956fa95165ae490e97ca2fba2faf60b54a2b557521901,1,
dependence-heavy-30,0,"{""arg"":1159}","{""r"":-4}",1ec38b518297a8d53d6a4f9fee57118ae8a68db3798a555dd6fbdf238b619528,1ec38b518297a8d53d6a4f9fee57118ae8a68db3798a555dd6fbdf238b619528,1,
dependence-heavy-30,1,"{""arg"":1160}","{""r"":-3}",25d9ba40eda2894c4ca5313b7a6c6dc5a9527cf3feab482ff960f7bf8ccb16a8,25d9ba40eda2894c4ca5313b7a6c6dc5a9527cf3feab482ff960f7bf8ccb16a8,1,
dependence-heavy-30,2,"{""arg"":1161}","{""r"":-2}",4b755448560041d7b47ec2bc20f5ecf86e725389002430433aaa31fcbc4042ac,4b755448560041d7b47ec2bc20f5ecf86e725389002430433aaa31fcbc4042ac,1,
dependence-heavy-30,3,"{""arg"":1162}","{""r"":-1}",81a9069bbdf8d05a6253349d23cd0aa5063d9ef71ee83207b049f64fc999616d,81a9069bbdf8d05a6253349d23cd0aa5063d9ef71ee83207b049f64fc999616d,1,
dependence-heavy-30,4,"{""arg"":1163}","{""r"":0}",2d9398aef453549e14b63360041e53dfccea0dfb69530b4b73cfcece34715c7c,2d9398aef453549e14b63360041e53dfccea0dfb69530b4b73cfcece34715c7c,1,
dependence-heavy-30,5,"{""arg"":1164}","{""r"":1}",4b9a028184ba2dc0c56339d1458e6ea92eef0e891c914cfe572cb01ab693f8ac,4b9a028184ba2dc0c56339d1458e6ea92eef0e891c914cfe572cb01ab693f8ac,1,
dependence-heavy-30,6,"{""arg"":1165}","{""r"":2}",1a1a448e122282dbdbcc5964e41f052e3fe2f29a54da8ffd6475e5236f3ae2ff,1a1a448e122282dbdbcc5964e41f052e3fe2f29a54da8ffd6475e5236f3ae2ff,1,
dependence-heavy-30,7,"{""arg"":1166}","{""r"":3}",35ac2b8c63ab3c7d6164feea1301dd9c03eb65664e57af72b27c524ed96aa9e2,35ac2b8c63ab3c7d6164feea1301dd9c03eb65664e57af72b27c524ed96aa9e2,1,
dependence-heavy-31,0,"{""arg"":1176}","{""r"":-4}",531ac7284cc69990a2577af009edc244d3386155d70d7d02027dab02ac71ee0a,531ac7284cc69990a2577af009edc244d3386155d70d7d02027dab02ac71ee0a,1,
dependence-heavy-31,1,"{""arg"":1177}","{""r"":-3}",9383d6e32c233b0ef2fa847472c85e82bfdd76487ab441fd935e748e37595565,9383d6e32c233b0ef2fa847472c85e82bfdd76487ab441fd935e748e37595565,1,
dependence-heavy-31,2,"{""arg"":1178}","{""r"":-2}",f7be0829bc1c1ae1f86a90089b88ca302cc306734d0c414c3c22b1a7d19ddb8c,f7be0829bc1c1ae1f86a90089b88ca302cc306734d0c414c3c22b1a7d19ddb8c,1,
dependence-heavy-31,3,"{""arg"":1179}","{""r"":-1}",2695cce33edc821ae77dc4557469b2964ae7f130e6148c22a44cd4232d60caa7,2695cce33edc821ae77dc4557469b2964ae7f130e6148c22a44cd4232d60caa7,1,
dependence-heavy-31,4,"{""arg"":1180}","{""r"":0}",1895e67446624e2caeebf6a3de5f7d31542db1544ab361d91e28983fe7a4c637,1895e67446624e2caeebf6a3de5f7d31542db1544ab361d91e28983fe7a4c637,1,
dependence-heavy-31,5,"{""arg"":1181}","{""r"":1}",091f7d5091b7a1fe5726ad6cbf463078aeac12d6c030064ebaeec510cb445b66,091f7d5091b7a1fe5726ad6cbf463078aeac12d6c030064ebaeec510cb445b66,1,
dependence-heavy-31,6,"{""arg"":1182}","{""r"":2}",79973b610124e2059b99cbc7fbcadd7fee4464ba570b5933e21385c1e6fbd77b,79973b610124e2059b99cbc7fbcadd7fee4464ba570b5933e21385c1e6fbd77b,1,
dependence-heavy-31,7,"{""arg"":1183}","{""r"":3}",4ef9663d0f51b418d15447ff748098d3154ade83bc97cfe06937e74ccd9ad656,4ef9663d0f51b418d15447ff748098d3154ade83bc97cfe06937e74ccd9ad656,1,
dependence-heavy-32,0,"{""arg"":1193}","{""r"":-4}",88ba144ad25ee659778c6a1c04eacf151830b0897924ea87bb6e3f380d6c7e0d,88ba144ad25ee659778c6a1c04eacf151830b0897924ea87bb6e3f380d6c7e0d,1,
dependence-heavy-32,1,"{""arg"":1194}","{""r"":-3}",0b62a16fb222330669db6cd3b8cc2e2278942672890fd5bc3a84a085f39ebcb5,0b62a16fb222330669db6cd3b8cc2e2278942672890fd5bc3a84a085f39ebcb5,1,
dependence-heavy-32,2,"{""arg"":1195}","{""r"":-2}",8e612affe0015b5395151cb97428abab31f62062f97409c797f1778e79806a6d,8e612affe0015b5395151cb97428abab31f62062f97409c797f1778e79806a6d,1,
dependence-heavy-32,3,"{""arg"":1196}","{""r"":-1}",8a48121f62c441919000c67c64e8d3d2aa16a53c9fabd22d6b4eead1cacb851a,8a48121f62c441919000c67c64e8d3d2aa16a53c9fabd22d6b4eead1cacb851a,1,
dependence-heavy-32,4,"{""arg"":1197}","{""r"":0}",866b2fabb760cbf00461d52ff64f6dbe306faabad31ab3585afbd4724ad9ef20,866b2fabb760cbf00461d52ff64f6dbe306faabad31ab3585afbd4724ad9ef20,1,
dependence-heavy-32,5,"{""arg"":1198}","{""r"":1}",db3808c8814712920e5f6bea8b3e7f7b966d278ff589f8aab7bd373bcfb99625,db3808c8814712920e5f6bea8b3e7f7b966d278ff589f8aab7bd373bcfb99625,1,
dependence-heavy-32,6,"{""arg"":1199}","{""r"":2}",350f3253193f1b70cc50a6a9db5d3a2b08f578ff6bbf9fe1bbfe764c014f4e9c,350f3253193f1b70cc50a6a9db5d3a2b08f578ff6bbf9fe1bbfe764c014f4e9c,1,
dependence-heavy-32,7,"{""arg"":1200}","{""r"":3}",0396f3d8e8d56786a5937dfab0f3f008ffb6e8b74bda57954d333312f8aa4b18,0396f3d8e8d56786a5937dfab0f3f008ffb6e8b74bda57954d333312f8aa4b18,1,
dependence-heavy-33,0,"{""arg"":1210}","{""r"":-4}",fdf9c3a7c247f5de4906e0c53966c739833c3cf37baca4b215f68626429cf4cd,fdf9c3a7c247f5de4906e0c53966c739833c3cf37baca4b215f68626429cf4cd,1,
dependence-heavy-33,1,"{""arg"":1211}","{""r"":-3}",ef604eb6c369ddec5e366e7f8f76b4611252cbc77fcc9d1db21e2a26d0c3058f,ef604eb6c369ddec5e366e7f8f76b4611252cbc77fcc9d1db21e2a26d0c3058f,1,
dependence-heavy-33,2,"{""arg"":1212}","{""r"":-2}",fe3f4f6c7b20fbe40e01d18f792e2114db2cfd12fb81631b4a1d5e674361597a,fe3f4f6c7b20fbe40e01d18f792e2114db2cfd12fb81631b4a1d5e674361597a,1,
dependence-heavy-33,3,"{""arg"":1213}","{""r"":-1}",9ab023663bf5946cf73b5e7d2e0d3b6e1db122bd6a79000f2e88c80739fcde1c,9ab023663bf5946cf73b5e7d2e0d3b6e1db122bd6a79000f2e88c80739fcde1c,1,
dependence-heavy-33,4,"{""arg"":1214}","{""r"":0}",72d2eacc1a18f864f5d803e01c00d397f0b63589b18a31477f00926d750472e2,72d2eacc1a18f864f5d803e01c00d397f0b63589b18a31477f00926d750472e2,1,
dependence-heavy-33,5,"{""arg"":1215}","{""r"":1}",c68d67216e6170a94bb0dbca73a30b1f1ffd195a708bacd0660fc6b392fa4ef8,c68d67216e6170a94bb0dbca73a30b1f1ffd195a708bacd0660fc6b392fa4ef8,1,
dependence-heavy-33,6,"{""arg"":1216}","{""r"":2}",56008c3d43fa8966695369dab8e2adf22e446ce58248de8060927917625df8c9,56008c3d43fa8966695369dab8e2adf22e446ce58248de8060927917625df8c9,1,
dependence-heavy-33,7,"{""arg"":1217}","{""r"":3}",c326fe96ed845ec082687d05f1bb2c35ed5a73c01b64050fe0f47822bcd50c83,c326fe96ed845ec082687d05f1bb2c35ed5a73c01b64050fe0f47822bcd50c83,1,
dependence-heavy-34,0,"{""arg"":1227}","{""r"":-4}",88ba144ad25ee659778c6a1c04eacf151830b0897924ea87bb6e3f380d6c7e0d,88ba144ad25ee659778c6a1c04eacf151830b0897924ea87bb6e3f380d6c7e0d,1,
dependence-heavy-34,1,"{""arg"":1228}","{""r"":-3}",0b62a16fb222330669db6cd3b8cc2e2278942672890fd5bc3a84a085f39ebcb5,0b62a16fb222330669db6cd3b8cc2e2278942672890fd5bc3a84a085f39ebcb5,1,
dependence-heavy-34,2,"{""arg"":1229}","{""r"":-2}",8e612affe0015b5395151cb97428abab31f62062f97409c797f1778e79806a6d,8e612affe0015b5395151cb97428abab31f62062f97409c797f1778e79806a6d,1,
dependence-heavy-34,3,"{""arg"":1230}","{""r"":-1}",8a48121f62c441919000c67c64e8d3d2aa16a53c9fabd22d6b4eead1cacb851a,8a48121f62c441919000c67c64e8d3d2aa16a53c9fabd22d6b4eead1cacb851a,1,
dependence-heavy-34,4,"{""arg"":1231}","{""r"":0}",866b2fabb760cbf00461d52ff64f6dbe306faabad31ab3585afbd4724ad9ef20,866b2fabb760cbf00461d52ff64f6dbe306faabad31ab3585afbd4724ad9ef20,1,
dependence-heavy-34,5,"{""arg"":1232}","{""r"":1}",db3808c8814712920e5f6bea8b3e7f7b966d278ff589f8aab7bd373bcfb99625,db3808c8814712920e5f6bea8b3e7f7b966d278ff589f8aab7bd373bcfb99625,1,
dependence-heavy-34,6,"{""arg"":1233}","{""r"":2}",350f3253193f1b70cc50a6a9db5d3a2b08f578ff6bbf9fe1bbfe764c014f4e9c,350f3253193f1b70cc50a6a9db5d3a2b08f578ff6bbf9fe1bbfe764c014f4e9c,1,
dependence-heavy-34,7,"{""arg"":1234}","{""r"":3}",0396f3d8e8d56786a5937dfab0f3f008ffb6e8b74bda57954d333312f8aa4b18,0396f3d8e8d56786a5937dfab0f3f008ffb6e8b74bda57954d333312f8aa4b18,1,
dependence-heavy-35,0,"{""arg"":1244}","{""r"":-4}",85a6a919fe5af19637ba282114d68c39e3809f322bad8034de31bce846188b00,85a6a919fe5af19637ba282114d68c39e3809f322bad8034de31bce846188b00,1,
dependence-heavy-35,1,"{""arg"":1245}","{""r"":-3}",61e0bcc00a2c7e6b5b3ead470fc5c41e1a3c2d9a54d10231171fcec6198b1ebd,61e0bcc00a2c7e6b5b3ead470fc5c41e1a3c2d9a54d10231171fcec6198b1ebd,1,
dependence-heavy-35,2,"{""arg"":1246}","{""r"":-2}",04af7ac5814c04758877fc49c38cb73766be7f6d18030b2427c50aa7ce5ff99c,04af7ac5814c04758877fc49c38cb73766be7f6d18030b2427c50aa7ce5ff99c,1,
dependence-heavy-35,3,"{""arg"":1247}","{""r"":-1}",4e36ab88deaafddbbd969669a8a1385be4fcd20071881691159dce25378f1ecb,4e36ab88deaafddbbd969669a8a1385be4fcd20071881691159dce25378f1ecb,1,
dependence-heavy-35,4,"{""arg"":1248}","{""r"":0}",e95fac5550531821cde5ba2d0c48c00d93dbb09d3529da5db26595c3be16296a,e95fac5550531821cde5ba2d0c48c00d93dbb09d3529da5db26595c3be16296a,1,
dependence-heavy-35,5,"{""arg"":1249}","{""r"":1}",c0c61ce5cee83d4a1aa555c31711f656ae8ec0f3ad9973d73b5fc64be49ab59b,c0c61ce5cee83d4a1aa555c31711f656ae8ec0f3ad9973d73b5fc64be49ab59b,1,
dependence-heavy-35,6,"{""arg"":1250}","{""r"":2}",12fd11ce89d19b2309a1a83c0b77a99116ec3cac948b516a7ffaf492e5b34bc0,12fd11ce89d19b2309a1a83c0b77a99116ec3cac948b516a7ffaf492e5b34bc0,1,
dependence-heavy-35,7,"{""arg"":1251}","{""r"":3}",d5ff5fa9fba8baf194148b679b4cfd703a634c5836c9564a08a1b965dd3821b0,d5ff5fa9fba8baf194148b679b4cfd703a634c5836c9564a08a1b965dd3821b0,1,
dependence-heavy-36,0,"{""arg"":1261}","{""r"":-4}",88ba144ad25ee659778c6a1c04eacf151830b0897924ea87bb6e3f380d6c7e0d,88ba144ad25ee659778c6a1c04eacf151830b0897924ea87bb6e3f380d6c7e0d,1,
dependence-heavy-36,1,"{""arg"":1262}","{""r"":-3}",0b62a16fb222330669db6cd3b8cc2e2278942672890fd5bc3a84a085f39ebcb5,0b62a16fb222330669db6cd3b8cc2e2278942672890fd5bc3a84a085f39ebcb5,1,
dependence-heavy-36,2,"{""arg"":1263}","{""r"":-2}",8e612affe0015b5395151cb97428abab31f62062f97409c797f1778e79806a6d,8e612affe0015b5395151cb97428abab31f62062f97409c797f1778e79806a6d,1,
dependence-heavy-36,3,"{""arg"":1264}","{""r"":-1}",8a48121f62c441919000c67c64e8d3d2aa16a53c9fabd22d6b4eead1cacb851a,8a48121f62c441919000c67c64e8d3d2aa16a53c9fabd22d6b4eead1cacb851a,1,
dependence-heavy-36,4,"{""arg"":1265}","{""r"":0}",866b2fabb760cbf00461d52ff64f6dbe306faabad31ab3585afbd4724ad9ef20,866b2fabb760cbf00461d52ff64f6dbe306faabad31ab3585afbd4724ad9ef20,1,
dependence-heavy-36,5,"{""arg"":1266}","{""r"":1}",db3808c8814712920e5f6bea8b3e7f7b966d278ff589f8aab7bd373bcfb99625,db3808c8814712920e5f6bea8b3e7f7b966d278ff589f8aab7bd373bcfb99625,1,
dependence-heavy-36,6,"{""arg"":1267}","{""r"":2}",350f3253193f1b70cc50a6a9db5d3a2b08f578ff6bbf9fe1bbfe764c014f4e9c,350f3253193f1b70cc50a6a9db5d3a2b08f578ff6bbf9fe1bbfe764c014f4e9c,1,
dependence-heavy-36,7,"{""arg"":1268}","{""r"":3}",0396f3d8e8d56786a5937dfab0f3f008ffb6e8b74bda57954d333312f8aa4b18,0396f3d8e8d56786a5937dfab0f3f008ffb6e8b74bda57954d333312f8aa4b18,1,
dependence-heavy-37,0,"{""arg"":1278}","{""r"":-4}",2d8210d35e432af081dcda1006be52cf1bc0314c051b6aec4d24c12281316308,2d8210d35e432af081dcda1006be52cf1bc0314c051b6aec4d24c12281316308,1,
dependence-heavy-37,1,"{""arg"":1279}","{""r"":-3}",1efbcc4ae1d5e20e458993b3646177248e1fb36c2a2ec548420a6f778c2b78f2,1efbcc4ae1d5e20e458993b3646177248e1fb36c2a2ec548420a6f778c2b78f2,1,
dependence-heavy-37,2,"{""arg"":1280}","{""r"":-2}",277194dd6f7214beb244475e905548a9c22979ad84b8771935092eee1322ec9c,277194dd6f7214beb244475e905548a9c22979ad84b8771935092eee1322ec9c,1,
dependence-heavy-37,3,"{""arg"":1281}","{""r"":-1}",ec2885a0e984dcddc841800ff5d309247d90f51ae73b98a10f4ebdfa59b0be83,ec2885a0e984dcddc841800ff5d309247d90f51ae73b98a10f4ebdfa59b0be83,1,
dependence-heavy-37,4,"{""arg"":1282}","{""r"":0}",7dce78c0e3cf2bacff5d85dc006eeda5713d2f9ec5564b24b57bbf455d4fc52f,7dce78c0e3cf2bacff5d85dc006eeda5713d2f9ec5564b24b57bbf455d4fc52f,1,
dependence-heavy-37,5,"{""arg"":1283}","{""r"":1}",f58f070ff67a8bc60b524226d65829bdf88872842bbbf2684a07ee73a343fe89,f58f070ff67a8bc60b524226d65829bdf88872842bbbf2684a07ee73a343fe89,1,
dependence-heavy-37,6,"{""arg"":1284}","{""r"":2}",6209bcfa74bede75b93d34c438f59614905699e0b0d27b901d30318d36a96a19,6209bcfa74bede75b93d34c438f59614905699e0b0d27b901d30318d36a96a19,1,
dependence-heavy-37,7,"{""arg"":1285}","{""r"":3}",ce60c8b474031928f093607dab530d5fcc47a0c82a805730a58aa677a60611ad,ce60c8b474031928f093607dab530d5fcc47a0c82a805730a58aa677a60611ad,1,
dependence-heavy-38,0,"{""arg"":1295}","{""r"":-4}",d04bdbf24d52762cf40f8a7e3b36c3ccc172ee2fba1c596ed6ba18bb97fcce1e,d04bdbf24d52762cf40f8a7e3b36c3ccc172ee2fba1c596ed6ba18bb97fcce1e,1,
dependence-heavy-38,1,"{""arg"":1296}","{""r"":-3}",c51eb5ab4f31f8e5e8a20826293bdf0f17da3ce272a8ae92d12d80f158a2b48c,c51eb5ab4f31f8e5e8a20826293bdf0f17da3ce272a8ae92d12d80f158a2b48c,1,
dependence-heavy-38,2,"{""arg"":1297}","{""r"":-2}",184e77784e03247d9e352bf5186a38d3704e52254efe0a993f6b9308543b58d1,184e77784e03247d9e352bf5186a38d3704e52254efe0a993f6b9308543b58d1,1,
dependence-heavy-38,3,"{""arg"":1298}","{""r"":-1}",049140ee974385b91f6fd971ec2068821f96127d51b4cff8237d2c6c3c627131,049140ee974385b91f6fd971ec2068821f96127d51b4cff8237d2c6c3c627131,1,
dependence-heavy-38,4,"{""arg"":1299}","{""r"":0}",119a373da7a4ab5d4c59d3b1c8e3bd45c4a155ccd5ff54fb0e646783a69ff7d2,119a373da7a4ab5d4c59d3b1c8e3bd45c4a155ccd5ff54fb0e646783a69ff7d2,1,
dependence-heavy-38,5,"{""arg"":1300}","{""r"":1}",cab99cdf966c96f3ab9ba307173bb6f97f4abec74e330d8c0e8ec309b8524e4f,cab99cdf966c96f3ab9ba307173bb6f97f4abec74e330d8c0e8ec309b8524e4f,1,
dependence-heavy-38,6,"{""arg"":1301}","{""r"":2}",df8c8d37cb3f250ed34fb86d6ef1769a7a936d177773178cf5dcc4f4e43cba61,df8c8d37cb3f250ed34fb86d6ef1769a7a936d177773178cf5dcc4f4e43cba61,1,
dependence-heavy-38,7,"{""arg"":1302}","{""r"":3}",3fc1e121d20e064939e82ed103ad3c1b6e0172649b126f7d1aefeefc49176a4f,3fc1e121d20e064939e82ed103ad3c1b6e0172649b126f7d1aefeefc49176a4f,1,
dependence-heavy-39,0,"{""arg"":1312}","{""r"":-4}",88ba144ad25ee659778c6a1c04eacf151830b0897924ea87bb6e3f380d6c7e0d,88ba144ad25ee659778c6a1c04eacf151830b0897924ea87bb6e3f380d6c7e0d,1,
dependence-heavy-39,1,"{""arg"":1313}","{""r"":-3}",0b62a16fb222330669db6cd3b8cc2e2278942672890fd5bc3a84a085f39ebcb5,0b62a16fb222330669db6cd3b8cc2e2278942672890fd5bc3a84a085f39ebcb5,1,
dependence-heavy-39,2,"{""arg"":1314}","{""r"":-2}",8e612affe0015b5395151cb97428abab31f62062f97409c797f1778e79806a6d,8e612affe0015b5395151cb97428abab31f62062f97409c797f1778e79806a6d,1,
dependence-heavy-39,3,"{""arg"":1315}","{""r"":-1}",8a48121f62c441919000c67c64e8d3d2aa16a53c9fabd22d6b4eead1cacb851a,8a48121f62c441919000c67c64e8d3d2aa16a53c9fabd22d6b4eead1cacb851a,1,
dependence-heavy-39,4,"{""arg"":1316}","{""r"":0}",866b2fabb760cbf00461d52ff64f6dbe306faabad31ab3585afbd4724ad9ef20,866b2fabb760cbf00461d52ff64f6dbe306faabad31ab3585afbd4724ad9ef20,1,
dependence-heavy-39,5,"{""arg"":1317}","{""r"":1}",db3808c8814712920e5f6bea8b3e7f7b966d278ff589f8aab7bd373bcfb99625,db3808c8814712920e5f6bea8b3e7f7b966d278ff589f8aab7bd373bcfb99625,1,
dependence-heavy-39,6,"{""arg"":1318}","{""r"":2}",350f3253193f1b70cc50a6a9db5d3a2b08f578ff6bbf9fe1bbfe764c014f4e9c,350f3253193f1b70cc50a6a9db5d3a2b08f578ff6bbf9fe1bbfe764c014f4e9c,1,
dependence-heavy-39,7,"{""arg"":1319}","{""r"":3}",0396f3d8e8d56786a5937dfab0f3f008ffb6e8b74bda57954d333312f8aa4b18,0396f3d8e8d56786a5937dfab0f3f008ffb6e8b74bda57954d333312f8aa4b18,1,
region-state-00,0,"{""arg"":1329}","{""r"":-4}",b08ed6ee3a051015a57179f6b166dd663a07aede24841e68ad7cb5b6156b2c16,b08ed6ee3a051015a57179f6b166dd663a07aede24841e68ad7cb5b6156b2c16,1,
region-state-00,1,"{""arg"":1330}","{""r"":-3}",b08ed6ee3a051015a57179f6b166dd663a07aede24841e68ad7cb5b6156b2c16,b08ed6ee3a051015a57179f6b166dd663a07aede24841e68ad7cb5b6156b2c16,1,
region-state-00,2,"{""arg"":1331}","{""r"":-2}",b08ed6ee3a051015a57179f6b166dd663a07aede24841e68ad7cb5b6156b2c16,b08ed6ee3a051015a57179f6b166dd663a07aede24841e68ad7cb5b6156b2c16,1,
region-state-00,3,"{""arg"":1332}","{""r"":-1}",b08ed6ee3a051015a57179f6b166dd663a07aede24841e68ad7cb5b6156b2c16,b08ed6ee3a051015a57179f6b166dd663a07aede24841e68ad7cb5b6156b2c16,1,
region-state-00,4,"{""arg"":1333}","{""r"":0}",b08ed6ee3a051015a57179f6b166dd663a07aede24841e68ad7cb5b6156b2c16,b08ed6ee3a051015a57179f6b166dd663a07aede24841e68ad7cb5b6156b2c16,1,
region-state-00,5,"{""arg"":1334}","{""r"":1}",b08ed6ee3a051015a57179f6b166dd663a07aede24841e68ad7cb5b6156b2c16,b08ed6ee3a051015a57179f6b166dd663a07aede24841e68ad7cb5b6156b2c16,1,
region-state-00,6,"{""arg"":1335}","{""r"":2}",b08ed6ee3a051015a57179f6b166dd663a07aede24841e68ad7cb5b6156b2c16,b08ed6ee3a051015a57179f6b166dd663a07aede24841e68ad7cb5b6156b2c16,1,
region-state-00,7,"{""arg"":1336}","{""r"":3}",b08ed6ee3a051015a57179f6b166dd663a07aede24841e68ad7cb5b6156b2c16,b08ed6ee3a051015a57179f6b166dd663a07aede24841e68ad7cb5b6156b2c16,1,
region-state-01,0,"{""arg"":1346}","{""r"":-4}",89e93b2bdb3de1b8a8402864a1960d324a1ba3670d057cce316be05031ce5097,89e93b2bdb3de1b8a8402864a1960d324a1ba3670d057cce316be05031ce5097,1,
region-state-01,1,"{""arg"":1347}","{""r"":-3}",89e93b2bdb3de1b8a8402864a1960d324a1ba3670d057cce316be05031ce5097,89e93b2bdb3de1b8a8402864a1960d324a1ba3670d057cce316be05031ce5097,1,
region-state-01,2,"{""arg"":1348}","{""r"":-2}",89e93b2bdb3de1b8a8402864a1960d324a1ba3670d057cce316be05031ce5097,89e93b2bdb3de1b8a8402864a1960d324a1ba3670d057cce316be05031ce5097,1,
region-state-01,3,"{""arg"":1349}","{""r"":-1}",89e93b2bdb3de1b8a8402864a1960d324a1ba3670d057cce316be05031ce5097,89e93b2bdb3de1b8a8402864a1960d324a1ba3670d057cce316be05031ce5097,1,
region-state-01,4,"{""arg"":1350}","{""r"":0}",89e93b2bdb3de1b8a8402864a1960d324a1ba3670d057cce316be05031ce5097,89e93b2bdb3de1b8a8402864a1960d324a1ba3670d057cce316be05031ce5097,1,
region-state-01,5,"{""arg"":1351}","{""r"":1}",89e93b2bdb3de1b8a8402864a1960d324a1ba3670d057cce316be05031ce5097,89e93b2bdb3de1b8a8402864a1960d324a1ba3670d057cce316be05031ce5097,1,
region-state-01,6,"{""arg"":1352}","{""r"":2}",89e93b2bdb3de1b8a8402864a1960d324a1ba3670d057cce316be05031ce5097,89e93b2bdb3de1b8a8402864a1960d324a1ba3670d057cce316be05031ce5097,1,
region-state-01,7,"{""arg"":1353}","{""r"":3}",89e93b2bdb3de1b8a8402864a1960d324a1ba3670d057cce316be05031ce5097,89e93b2bdb3de1b8a8402864a1960d324a1ba3670d057cce316be05031ce5097,1,
region-state-02,0,"{""arg"":1363}","{""r"":-4}",2287ed6a6c91edc0283fb0d7f337ac96044004798b81cba0f1ab761060ba5886,2287ed6a6c91edc0283fb0d7f337ac96044004798b81cba0f1ab761060ba5886,1,
region-state-02,1,"{""arg"":1364}","{""r"":-3}",2287ed6a6c91edc0283fb0d7f337ac96044004798b81cba0f1ab761060ba5886,2287ed6a6c91edc0283fb0d7f337ac96044004798b81cba0f1ab761060ba5886,1,
region-state-02,2,"{""arg"":1365}","{""r"":-2}",2287ed6a6c91edc0283fb0d7f337ac96044004798b81cba0f1ab761060ba5886,2287ed6a6c91edc0283fb0d7f337ac96044004798b81cba0f1ab761060ba5886,1,
region-state-02,3,"{""arg"":1366}","{""r"":-1}",2287ed6a6c91edc0283fb0d7f337ac96044004798b81cba0f1ab761060ba5886,2287ed6a6c91edc0283fb0d7f337ac96044004798b81cba0f1ab761060ba5886,1,
region-state-02,4,"{""arg"":1367}","{""r"":0}",2287ed6a6c91edc0283fb0d7f337ac96044004798b81cba0f1ab761060ba5886,2287ed6a6c91edc0283fb0d7f337ac96044004798b81cba0f1ab761060ba5886,1,
region-state-02,5,"{""arg"":1368}","{""r"":1}",2287ed6a6c91edc0283fb0d7f337ac96044004798b81cba0f1ab761060ba5886,2287ed6a6c91edc0283fb0d7f337ac96044004798b81cba0f1ab761060ba5886,1,
region-state-02,6,"{""arg"":1369}","{""r"":2}",2287ed6a6c91edc0283fb0d7f337ac96044004798b81cba0f1ab761060ba5886,2287ed6a6c91edc0283fb0d7f337ac96044004798b81cba0f1ab761060ba5886,1,
region-state-02,7,"{""arg"":1370}","{""r"":3}",2287ed6a6c91edc0283fb0d7f337ac96044004798b81cba0f1ab761060ba5886,2287ed6a6c91edc0283fb0d7f337ac96044004798b81cba0f1ab761060ba5886,1,
region-state-03,0,"{""arg"":1380}","{""r"":-4}",2287ed6a6c91edc0283fb0d7f337ac96044004798b81cba0f1ab761060ba5886,2287ed6a6c91edc0283fb0d7f337ac96044004798b81cba0f1ab761060ba5886,1,
region-state-03,1,"{""arg"":1381}","{""r"":-3}",2287ed6a6c91edc0283fb0d7f337ac96044004798b81cba0f1ab761060ba5886,2287ed6a6c91edc0283fb0d7f337ac96044004798b81cba0f1ab761060ba5886,1,
region-state-03,2,"{""arg"":1382}","{""r"":-2}",2287ed6a6c91edc0283fb0d7f337ac96044004798b81cba0f1ab761060ba5886,2287ed6a6c91edc0283fb0d7f337ac96044004798b81cba0f1ab761060ba5886,1,
region-state-03,3,"{""arg"":1383}","{""r"":-1}",2287ed6a6c91edc0283fb0d7f337ac96044004798b81cba0f1ab761060ba5886,2287ed6a6c91edc0283fb0d7f337ac96044004798b81cba0f1ab761060ba5886,1,
region-state-03,4,"{""arg"":1384}","{""r"":0}",2287ed6a6c91edc0283fb0d7f337ac96044004798b81cba0f1ab761060ba5886,2287ed6a6c91edc0283fb0d7f337ac96044004798b81cba0f1ab761060ba5886,1,
region-state-03,5,"{""arg"":1385}","{""r"":1}",2287ed6a6c91edc0283fb0d7f337ac96044004798b81cba0f1ab761060ba5886,2287ed6a6c91edc0283fb0d7f337ac96044004798b81cba0f1ab761060ba5886,1,
region-state-03,6,"{""arg"":1386}","{""r"":2}",2287ed6a6c91edc0283fb0d7f337ac96044004798b81cba0f1ab761060ba5886,2287ed6a6c91edc0283fb0d7f337ac96044004798b81cba0f1ab761060ba5886,1,
region-state-03,7,"{""arg"":1387}","{""r"":3}",2287ed6a6c91edc0283fb0d7f337ac96044004798b81cba0f1ab761060ba5886,2287ed6a6c91edc0283fb0d7f337ac96044004798b81cba0f1ab761060ba5886,1,
region-state-04,0,"{""arg"":1397}","{""r"":-4}",fbafbb3277a1f7bf6eb2ccd98f07fc564c091d8bbb4835b892f03faec2b35f22,fbafbb3277a1f7bf6eb2ccd98f07fc564c091d8bbb4835b892f03faec2b35f22,1,
region-state-04,1,"{""arg"":1398}","{""r"":-3}",fbafbb3277a1f7bf6eb2ccd98f07fc564c091d8bbb4835b892f03faec2b35f22,fbafbb3277a1f7bf6eb2ccd98f07fc564c091d8bbb4835b892f03faec2b35f22,1,
region-state-04,2,"{""arg"":1399}","{""r"":-2}",fbafbb3277a1f7bf6eb2ccd98f07fc564c091d8bbb4835b892f03faec2b35f22,fbafbb3277a1f7bf6eb2ccd98f07fc564c091d8bbb4835b892f03faec2b35f22,1,
region-state-04,3,"{""arg"":1400}","{""r"":-1}",fbafbb3277a1f7bf6eb2ccd98f07fc564c091d8bbb4835b892f03faec2b35f22,fbafbb3277a1f7bf6eb2ccd98f07fc564c091d8bbb4835b892f03faec2b35f22,1,
region-state-04,4,"{""arg"":1401}","{""r"":0}",fbafbb3277a1f7bf6eb2ccd98f07fc564c091d8bbb4835b892f03faec2b35f22,fbafbb3277a1f7bf6eb2ccd98f07fc564c091d8bbb4835b892f03faec2b35f22,1,
region-state-04,5,"{""arg"":1402}","{""r"":1}",fbafbb3277a1f7bf6eb2ccd98f07fc564c091d8bbb4835b892f03faec2b35f22,fbafbb3277a1f7bf6eb2ccd98f07fc564c091d8bbb4835b892f03faec2b35f22,1,
region-state-04,6,"{""arg"":1403}","{""r"":2}",fbafbb3277a1f7bf6eb2ccd98f07fc564c091d8bbb4835b892f03faec2b35f22,fbafbb3277a1f7bf6eb2ccd98f07fc564c091d8bbb4835b892f03faec2b35f22,1,
region-state-04,7,"{""arg"":1404}","{""r"":3}",fbafbb3277a1f7bf6eb2ccd98f07fc564c091d8bbb4835b892f03faec2b35f22,fbafbb3277a1f7bf6eb2ccd98f07fc564c091d8bbb4835b892f03faec2b35f22,1,
region-state-05,0,"{""arg"":1414}","{""r"":-4}",fbafbb3277a1f7bf6eb2ccd98f07fc564c091d8bbb4835b892f03faec2b35f22,fbafbb3277a1f7bf6eb2ccd98f07fc564c091d8bbb4835b892f03faec2b35f22,1,
region-state-05,1,"{""arg"":1415}","{""r"":-3}",fbafbb3277a1f7bf6eb2ccd98f07fc564c091d8bbb4835b892f03faec2b35f22,fbafbb3277a1f7bf6eb2ccd98f07fc564c091d8bbb4835b892f03faec2b35f22,1,
region-state-05,2,"{""arg"":1416}","{""r"":-2}",fbafbb3277a1f7bf6eb2ccd98f07fc564c091d8bbb4835b892f03faec2b35f22,fbafbb3277a1f7bf6eb2ccd98f07fc564c091d8bbb4835b892f03faec2b35f22,1,
region-state-05,3,"{""arg"":1417}","{""r"":-1}",fbafbb3277a1f7bf6eb2ccd98f07fc564c091d8bbb4835b892f03faec2b35f22,fbafbb3277a1f7bf6eb2ccd98f07fc564c091d8bbb4835b892f03faec2b35f22,1,
region-state-05,4,"{""arg"":1418}","{""r"":0}",fbafbb3277a1f7bf6eb2ccd98f07fc564c091d8bbb4835b892f03faec2b35f22,fbafbb3277a1f7bf6eb2ccd98f07fc564c091d8bbb4835b892f03faec2b35f22,1,
region-state-05,5,"{""arg"":1419}","{""r"":1}",fbafbb3277a1f7bf6eb2ccd98f07fc564c091d8bbb4835b892f03faec2b35f22,fbafbb3277a1f7bf6eb2ccd98f07fc564c091d8bbb4835b892f03faec2b35f22,1,
region-state-05,6,"{""arg"":1420}","{""r"":2}",fbafbb3277a1f7bf6eb2ccd98f07fc564c091d8bbb4835b892f03faec2b35f22,fbafbb3277a1f7bf6eb2ccd98f07fc564c091d8bbb4835b892f03faec2b35f22,1,
region-state-05,7,"{""arg"":1421}","{""r"":3}",fbafbb3277a1f7bf6eb2ccd98f07fc564c091d8bbb4835b892f03faec2b35f22,fbafbb3277a1f7bf6eb2ccd98f07fc564c091d8bbb4835b892f03faec2b35f22,1,
region-state-06,0,"{""arg"":1431}","{""r"":-4}",175119fd164c7da6d04f73231886d0113b2ce6ce2e0f0e220989a2a1f5613141,175119fd164c7da6d04f73231886d0113b2ce6ce2e0f0e220989a2a1f5613141,1,
region-state-06,1,"{""arg"":1432}","{""r"":-3}",175119fd164c7da6d04f73231886d0113b2ce6ce2e0f0e220989a2a1f5613141,175119fd164c7da6d04f73231886d0113b2ce6ce2e0f0e220989a2a1f5613141,1,
region-state-06,2,"{""arg"":1433}","{""r"":-2}",175119fd164c7da6d04f73231886d0113b2ce6ce2e0f0e220989a2a1f5613141,175119fd164c7da6d04f73231886d0113b2ce6ce2e0f0e220989a2a1f5613141,1,
region-state-06,3,"{""arg"":1434}","{""r"":-1}",175119fd164c7da6d04f73231886d0113b2ce6ce2e0f0e220989a2a1f5613141,175119fd164c7da6d04f73231886d0113b2ce6ce2e0f0e220989a2a1f5613141,1,
region-state-06,4,"{""arg"":1435}","{""r"":0}",175119fd164c7da6d04f73231886d0113b2ce6ce2e0f0e220989a2a1f5613141,175119fd164c7da6d04f73231886d0113b2ce6ce2e0f0e220989a2a1f5613141,1,
region-state-06,5,"{""arg"":1436}","{""r"":1}",175119fd164c7da6d04f73231886d0113b2ce6ce2e0f0e220989a2a1f5613141,175119fd164c7da6d04f73231886d0113b2ce6ce2e0f0e220989a2a1f5613141,1,
region-state-06,6,"{""arg"":1437}","{""r"":2}",175119fd164c7da6d04f73231886d0113b2ce6ce2e0f0e220989a2a1f5613141,175119fd164c7da6d04f73231886d0113b2ce6ce2e0f0e220989a2a1f5613141,1,
region-state-06,7,"{""arg"":1438}","{""r"":3}",175119fd164c7da6d04f73231886d0113b2ce6ce2e0f0e220989a2a1f5613141,175119fd164c7da6d04f73231886d0113b2ce6ce2e0f0e220989a2a1f5613141,1,
region-state-07,0,"{""arg"":1448}","{""r"":-4}",a3efaa8a078fcf770d75ccf9f69c14ea5ed08723d1d67af022e55e0e6f7fa69b,a3efaa8a078fcf770d75ccf9f69c14ea5ed08723d1d67af022e55e0e6f7fa69b,1,
region-state-07,1,"{""arg"":1449}","{""r"":-3}",a3efaa8a078fcf770d75ccf9f69c14ea5ed08723d1d67af022e55e0e6f7fa69b,a3efaa8a078fcf770d75ccf9f69c14ea5ed08723d1d67af022e55e0e6f7fa69b,1,
region-state-07,2,"{""arg"":1450}","{""r"":-2}",a3efaa8a078fcf770d75ccf9f69c14ea5ed08723d1d67af022e55e0e6f7fa69b,a3efaa8a078fcf770d75ccf9f69c14ea5ed08723d1d67af022e55e0e6f7fa69b,1,
region-state-07,3,"{""arg"":1451}","{""r"":-1}",a3efaa8a078fcf770d75ccf9f69c14ea5ed08723d1d67af022e55e0e6f7fa69b,a3efaa8a078fcf770d75ccf9f69c14ea5ed08723d1d67af022e55e0e6f7fa69b,1,
region-state-07,4,"{""arg"":1452}","{""r"":0}",a3efaa8a078fcf770d75ccf9f69c14ea5ed08723d1d67af022e55e0e6f7fa69b,a3efaa8a078fcf770d75ccf9f69c14ea5ed08723d1d67af022e55e0e6f7fa69b,1,
region-state-07,5,"{""arg"":1453}","{""r"":1}",a3efaa8a078fcf770d75ccf9f69c14ea5ed08723d1d67af022e55e0e6f7fa69b,a3efaa8a078fcf770d75ccf9f69c14ea5ed08723d1d67af022e55e0e6f7fa69b,1,
region-state-07,6,"{""arg"":1454}","{""r"":2}",a3efaa8a078fcf770d75ccf9f69c14ea5ed08723d1d67af022e55e0e6f7fa69b,a3efaa8a078fcf770d75ccf9f69c14ea5ed08723d1d67af022e55e0e6f7fa69b,1,
region-state-07,7,"{""arg"":1455}","{""r"":3}",a3efaa8a078fcf770d75ccf9f69c14ea5ed08723d1d67af022e55e0e6f7fa69b,a3efaa8a078fcf770d75ccf9f69c14ea5ed08723d1d67af022e55e0e6f7fa69b,1,
region-state-08,0,"{""arg"":1465}","{""r"":-4}",2287ed6a6c91edc0283fb0d7f337ac96044004798b81cba0f1ab761060ba5886,2287ed6a6c91edc0283fb0d7f337ac96044004798b81cba0f1ab761060ba5886,1,
region-state-08,1,"{""arg"":1466}","{""r"":-3}",2287ed6a6c91edc0283fb0d7f337ac96044004798b81cba0f1ab761060ba5886,2287ed6a6c91edc0283fb0d7f337ac96044004798b81cba0f1ab761060ba5886,1,
region-state-08,2,"{""arg"":1467}","{""r"":-2}",2287ed6a6c91edc0283fb0d7f337ac96044004798b81cba0f1ab761060ba5886,2287ed6a6c91edc0283fb0d7f337ac96044004798b81cba0f1ab761060ba5886,1,
region-state-08,3,"{""arg"":1468}","{""r"":-1}",2287ed6a6c91edc0283fb0d7f337ac96044004798b81cba0f1ab761060ba5886,2287ed6a6c91edc0283fb0d7f337ac96044004798b81cba0f1ab761060ba5886,1,
region-state-08,4,"{""arg"":1469}","{""r"":0}",2287ed6a6c91edc0283fb0d7f337ac96044004798b81cba0f1ab761060ba5886,2287ed6a6c91edc0283fb0d7f337ac96044004798b81cba0f1ab761060ba5886,1,
region-state-08,5,"{""arg"":1470}","{""r"":1}",2287ed6a6c91edc0283fb0d7f337ac96044004798b81cba0f1ab761060ba5886,2287ed6a6c91edc0283fb0d7f337ac96044004798b81cba0f1ab761060ba5886,1,
region-state-08,6,"{""arg"":1471}","{""r"":2}",2287ed6a6c91edc0283fb0d7f337ac96044004798b81cba0f1ab761060ba5886,2287ed6a6c91edc0283fb0d7f337ac96044004798b81cba0f1ab761060ba5886,1,
region-state-08,7,"{""arg"":1472}","{""r"":3}",2287ed6a6c91edc0283fb0d7f337ac96044004798b81cba0f1ab761060ba5886,2287ed6a6c91edc0283fb0d7f337ac96044004798b81cba0f1ab761060ba5886,1,
region-state-09,0,"{""arg"":1482}","{""r"":-4}",40e87ff1e7c040cef0718869baac55730d30a6aed6c9c3238837223c201f9d05,40e87ff1e7c040cef0718869baac55730d30a6aed6c9c3238837223c201f9d05,1,
region-state-09,1,"{""arg"":1483}","{""r"":-3}",40e87ff1e7c040cef0718869baac55730d30a6aed6c9c3238837223c201f9d05,40e87ff1e7c040cef0718869baac55730d30a6aed6c9c3238837223c201f9d05,1,
region-state-09,2,"{""arg"":1484}","{""r"":-2}",40e87ff1e7c040cef0718869baac55730d30a6aed6c9c3238837223c201f9d05,40e87ff1e7c040cef0718869baac55730d30a6aed6c9c3238837223c201f9d05,1,
region-state-09,3,"{""arg"":1485}","{""r"":-1}",40e87ff1e7c040cef0718869baac55730d30a6aed6c9c3238837223c201f9d05,40e87ff1e7c040cef0718869baac55730d30a6aed6c9c3238837223c201f9d05,1,
region-state-09,4,"{""arg"":1486}","{""r"":0}",40e87ff1e7c040cef0718869baac55730d30a6aed6c9c3238837223c201f9d05,40e87ff1e7c040cef0718869baac55730d30a6aed6c9c3238837223c201f9d05,1,
region-state-09,5,"{""arg"":1487}","{""r"":1}",40e87ff1e7c040cef0718869baac55730d30a6aed6c9c3238837223c201f9d05,40e87ff1e7c040cef0718869baac55730d30a6aed6c9c3238837223c201f9d05,1,
region-state-09,6,"{""arg"":1488}","{""r"":2}",40e87ff1e7c040cef0718869baac55730d30a6aed6c9c3238837223c201f9d05,40e87ff1e7c040cef0718869baac55730d30a6aed6c9c3238837223c201f9d05,1,
region-state-09,7,"{""arg"":1489}","{""r"":3}",40e87ff1e7c040cef0718869baac55730d30a6aed6c9c3238837223c201f9d05,40e87ff1e7c040cef0718869baac55730d30a6aed6c9c3238837223c201f9d05,1,
region-state-10,0,"{""arg"":1499}","{""r"":-4}",89e93b2bdb3de1b8a8402864a1960d324a1ba3670d057cce316be05031ce5097,89e93b2bdb3de1b8a8402864a1960d324a1ba3670d057cce316be05031ce5097,1,
region-state-10,1,"{""arg"":1500}","{""r"":-3}",89e93b2bdb3de1b8a8402864a1960d324a1ba3670d057cce316be05031ce5097,89e93b2bdb3de1b8a8402864a1960d324a1ba3670d057cce316be05031ce5097,1,
region-state-10,2,"{""arg"":1501}","{""r"":-2}",89e93b2bdb3de1b8a8402864a1960d324a1ba3670d057cce316be05031ce5097,89e93b2bdb3de1b8a8402864a1960d324a1ba3670d057cce316be05031ce5097,1,
region-state-10,3,"{""arg"":1502}","{""r"":-1}",89e93b2bdb3de1b8a8402864a1960d324a1ba3670d057cce316be05031ce5097,89e93b2bdb3de1b8a8402864a1960d324a1ba3670d057cce316be05031ce5097,1,
region-state-10,4,"{""arg"":1503}","{""r"":0}",89e93b2bdb3de1b8a8402864a1960d324a1ba3670d057cce316be05031ce5097,89e93b2bdb3de1b8a8402864a1960d324a1ba3670d057cce316be05031ce5097,1,
region-state-10,5,"{""arg"":1504}","{""r"":1}",89e93b2bdb3de1b8a8402864a1960d324a1ba3670d057cce316be05031ce5097,89e93b2bdb3de1b8a8402864a1960d324a1ba3670d057cce316be05031ce5097,1,
region-state-10,6,"{""arg"":1505}","{""r"":2}",89e93b2bdb3de1b8a8402864a1960d324a1ba3670d057cce316be05031ce5097,89e93b2bdb3de1b8a8402864a1960d324a1ba3670d057cce316be05031ce5097,1,
region-state-10,7,"{""arg"":1506}","{""r"":3}",89e93b2bdb3de1b8a8402864a1960d324a1ba3670d057cce316be05031ce5097,89e93b2bdb3de1b8a8402864a1960d324a1ba3670d057cce316be05031ce5097,1,
region-state-11,0,"{""arg"":1516}","{""r"":-4}",6a61c465917cf6aebc2107dd1ffd1c94eaf7f1fd1e7bbfa3feda5f9bd7a98939,6a61c465917cf6aebc2107dd1ffd1c94eaf7f1fd1e7bbfa3feda5f9bd7a98939,1,
region-state-11,1,"{""arg"":1517}","{""r"":-3}",6a61c465917cf6aebc2107dd1ffd1c94eaf7f1fd1e7bbfa3feda5f9bd7a98939,6a61c465917cf6aebc2107dd1ffd1c94eaf7f1fd1e7bbfa3feda5f9bd7a98939,1,
region-state-11,2,"{""arg"":1518}","{""r"":-2}",6a61c465917cf6aebc2107dd1ffd1c94eaf7f1fd1e7bbfa3feda5f9bd7a98939,6a61c465917cf6aebc2107dd1ffd1c94eaf7f1fd1e7bbfa3feda5f9bd7a98939,1,
region-state-11,3,"{""arg"":1519}","{""r"":-1}",6a61c465917cf6aebc2107dd1ffd1c94eaf7f1fd1e7bbfa3feda5f9bd7a98939,6a61c465917cf6aebc2107dd1ffd1c94eaf7f1fd1e7bbfa3feda5f9bd7a98939,1,
region-state-11,4,"{""arg"":1520}","{""r"":0}",6a61c465917cf6aebc2107dd1ffd1c94eaf7f1fd1e7bbfa3feda5f9bd7a98939,6a61c465917cf6aebc2107dd1ffd1c94eaf7f1fd1e7bbfa3feda5f9bd7a98939,1,
region-state-11,5,"{""arg"":1521}","{""r"":1}",6a61c465917cf6aebc2107dd1ffd1c94eaf7f1fd1e7bbfa3feda5f9bd7a98939,6a61c465917cf6aebc2107dd1ffd1c94eaf7f1fd1e7bbfa3feda5f9bd7a98939,1,
region-state-11,6,"{""arg"":1522}","{""r"":2}",6a61c465917cf6aebc2107dd1ffd1c94eaf7f1fd1e7bbfa3feda5f9bd7a98939,6a61c465917cf6aebc2107dd1ffd1c94eaf7f1fd1e7bbfa3feda5f9bd7a98939,1,
region-state-11,7,"{""arg"":1523}","{""r"":3}",6a61c465917cf6aebc2107dd1ffd1c94eaf7f1fd1e7bbfa3feda5f9bd7a98939,6a61c465917cf6aebc2107dd1ffd1c94eaf7f1fd1e7bbfa3feda5f9bd7a98939,1,
region-state-12,0,"{""arg"":1533}","{""r"":-4}",175119fd164c7da6d04f73231886d0113b2ce6ce2e0f0e220989a2a1f5613141,175119fd164c7da6d04f73231886d0113b2ce6ce2e0f0e220989a2a1f5613141,1,
region-state-12,1,"{""arg"":1534}","{""r"":-3}",175119fd164c7da6d04f73231886d0113b2ce6ce2e0f0e220989a2a1f5613141,175119fd164c7da6d04f73231886d0113b2ce6ce2e0f0e220989a2a1f5613141,1,
region-state-12,2,"{""arg"":1535}","{""r"":-2}",175119fd164c7da6d04f73231886d0113b2ce6ce2e0f0e220989a2a1f5613141,175119fd164c7da6d04f73231886d0113b2ce6ce2e0f0e220989a2a1f5613141,1,
region-state-12,3,"{""arg"":1536}","{""r"":-1}",175119fd164c7da6d04f73231886d0113b2ce6ce2e0f0e220989a2a1f5613141,175119fd164c7da6d04f73231886d0113b2ce6ce2e0f0e220989a2a1f5613141,1,
region-state-12,4,"{""arg"":1537}","{""r"":0}",175119fd164c7da6d04f73231886d0113b2ce6ce2e0f0e220989a2a1f5613141,175119fd164c7da6d04f73231886d0113b2ce6ce2e0f0e220989a2a1f5613141,1,
region-state-12,5,"{""arg"":1538}","{""r"":1}",175119fd164c7da6d04f73231886d0113b2ce6ce2e0f0e220989a2a1f5613141,175119fd164c7da6d04f73231886d0113b2ce6ce2e0f0e220989a2a1f5613141,1,
region-state-12,6,"{""arg"":1539}","{""r"":2}",175119fd164c7da6d04f73231886d0113b2ce6ce2e0f0e220989a2a1f5613141,175119fd164c7da6d04f73231886d0113b2ce6ce2e0f0e220989a2a1f5613141,1,
region-state-12,7,"{""arg"":1540}","{""r"":3}",175119fd164c7da6d04f73231886d0113b2ce6ce2e0f0e220989a2a1f5613141,175119fd164c7da6d04f73231886d0113b2ce6ce2e0f0e220989a2a1f5613141,1,
region-state-13,0,"{""arg"":1550}","{""r"":-4}",40e87ff1e7c040cef0718869baac55730d30a6aed6c9c3238837223c201f9d05,40e87ff1e7c040cef0718869baac55730d30a6aed6c9c3238837223c201f9d05,1,
region-state-13,1,"{""arg"":1551}","{""r"":-3}",40e87ff1e7c040cef0718869baac55730d30a6aed6c9c3238837223c201f9d05,40e87ff1e7c040cef0718869baac55730d30a6aed6c9c3238837223c201f9d05,1,
region-state-13,2,"{""arg"":1552}","{""r"":-2}",40e87ff1e7c040cef0718869baac55730d30a6aed6c9c3238837223c201f9d05,40e87ff1e7c040cef0718869baac55730d30a6aed6c9c3238837223c201f9d05,1,
region-state-13,3,"{""arg"":1553}","{""r"":-1}",40e87ff1e7c040cef0718869baac55730d30a6aed6c9c3238837223c201f9d05,40e87ff1e7c040cef0718869baac55730d30a6aed6c9c3238837223c201f9d05,1,
region-state-13,4,"{""arg"":1554}","{""r"":0}",40e87ff1e7c040cef0718869baac55730d30a6aed6c9c3238837223c201f9d05,40e87ff1e7c040cef0718869baac55730d30a6aed6c9c3238837223c201f9d05,1,
region-state-13,5,"{""arg"":1555}","{""r"":1}",40e87ff1e7c040cef0718869baac55730d30a6aed6c9c3238837223c201f9d05,40e87ff1e7c040cef0718869baac55730d30a6aed6c9c3238837223c201f9d05,1,
region-state-13,6,"{""arg"":1556}","{""r"":2}",40e87ff1e7c040cef0718869baac55730d30a6aed6c9c3238837223c201f9d05,40e87ff1e7c040cef0718869baac55730d30a6aed6c9c3238837223c201f9d05,1,
region-state-13,7,"{""arg"":1557}","{""r"":3}",40e87ff1e7c040cef0718869baac55730d30a6aed6c9c3238837223c201f9d05,40e87ff1e7c040cef0718869baac55730d30a6aed6c9c3238837223c201f9d05,1,
region-state-14,0,"{""arg"":1567}","{""r"":-4}",2287ed6a6c91edc0283fb0d7f337ac96044004798b81cba0f1ab761060ba5886,2287ed6a6c91edc0283fb0d7f337ac96044004798b81cba0f1ab761060ba5886,1,
region-state-14,1,"{""arg"":1568}","{""r"":-3}",2287ed6a6c91edc0283fb0d7f337ac96044004798b81cba0f1ab761060ba5886,2287ed6a6c91edc0283fb0d7f337ac96044004798b81cba0f1ab761060ba5886,1,
region-state-14,2,"{""arg"":1569}","{""r"":-2}",2287ed6a6c91edc0283fb0d7f337ac96044004798b81cba0f1ab761060ba5886,2287ed6a6c91edc0283fb0d7f337ac96044004798b81cba0f1ab761060ba5886,1,
region-state-14,3,"{""arg"":1570}","{""r"":-1}",2287ed6a6c91edc0283fb0d7f337ac96044004798b81cba0f1ab761060ba5886,2287ed6a6c91edc0283fb0d7f337ac96044004798b81cba0f1ab761060ba5886,1,
region-state-14,4,"{""arg"":1571}","{""r"":0}",2287ed6a6c91edc0283fb0d7f337ac96044004798b81cba0f1ab761060ba5886,2287ed6a6c91edc0283fb0d7f337ac96044004798b81cba0f1ab761060ba5886,1,
region-state-14,5,"{""arg"":1572}","{""r"":1}",2287ed6a6c91edc0283fb0d7f337ac96044004798b81cba0f1ab761060ba5886,2287ed6a6c91edc0283fb0d7f337ac96044004798b81cba0f1ab761060ba5886,1,
region-state-14,6,"{""arg"":1573}","{""r"":2}",2287ed6a6c91edc0283fb0d7f337ac96044004798b81cba0f1ab761060ba5886,2287ed6a6c91edc0283fb0d7f337ac96044004798b81cba0f1ab761060ba5886,1,
region-state-14,7,"{""arg"":1574}","{""r"":3}",2287ed6a6c91edc0283fb0d7f337ac96044004798b81cba0f1ab761060ba5886,2287ed6a6c91edc0283fb0d7f337ac96044004798b81cba0f1ab761060ba5886,1,
region-state-15,0,"{""arg"":1584}","{""r"":-4}",89e93b2bdb3de1b8a8402864a1960d324a1ba3670d057cce316be05031ce5097,89e93b2bdb3de1b8a8402864a1960d324a1ba3670d057cce316be05031ce5097,1,
region-state-15,1,"{""arg"":1585}","{""r"":-3}",89e93b2bdb3de1b8a8402864a1960d324a1ba3670d057cce316be05031ce5097,89e93b2bdb3de1b8a8402864a1960d324a1ba3670d057cce316be05031ce5097,1,
region-state-15,2,"{""arg"":1586}","{""r"":-2}",89e93b2bdb3de1b8a8402864a1960d324a1ba3670d057cce316be05031ce5097,89e93b2bdb3de1b8a8402864a1960d324a1ba3670d057cce316be05031ce5097,1,
region-state-15,3,"{""arg"":1587}","{""r"":-1}",89e93b2bdb3de1b8a8402864a1960d324a1ba3670d057cce316be05031ce5097,89e93b2bdb3de1b8a8402864a1960d324a1ba3670d057cce316be05031ce5097,1,
region-state-15,4,"{""arg"":1588}","{""r"":0}",89e93b2bdb3de1b8a8402864a1960d324a1ba3670d057cce316be05031ce5097,89e93b2bdb3de1b8a8402864a1960d324a1ba3670d057cce316be05031ce5097,1,
region-state-15,5,"{""arg"":1589}","{""r"":1}",89e93b2bdb3de1b8a8402864a1960d324a1ba3670d057cce316be05031ce5097,89e93b2bdb3de1b8a8402864a1960d324a1ba3670d057cce316be05031ce5097,1,
region-state-15,6,"{""arg"":1590}","{""r"":2}",89e93b2bdb3de1b8a8402864a1960d324a1ba3670d057cce316be05031ce5097,89e93b2bdb3de1b8a8402864a1960d324a1ba3670d057cce316be05031ce5097,1,
region-state-15,7,"{""arg"":1591}","{""r"":3}",89e93b2bdb3de1b8a8402864a1960d324a1ba3670d057cce316be05031ce5097,89e93b2bdb3de1b8a8402864a1960d324a1ba3670d057cce316be05031ce5097,1,
region-state-16,0,"{""arg"":1601}","{""r"":-4}",89e93b2bdb3de1b8a8402864a1960d324a1ba3670d057cce316be05031ce5097,89e93b2bdb3de1b8a8402864a1960d324a1ba3670d057cce316be05031ce5097,1,
region-state-16,1,"{""arg"":1602}","{""r"":-3}",89e93b2bdb3de1b8a8402864a1960d324a1ba3670d057cce316be05031ce5097,89e93b2bdb3de1b8a8402864a1960d324a1ba3670d057cce316be05031ce5097,1,
region-state-16,2,"{""arg"":1603}","{""r"":-2}",89e93b2bdb3de1b8a8402864a1960d324a1ba3670d057cce316be05031ce5097,89e93b2bdb3de1b8a8402864a1960d324a1ba3670d057cce316be05031ce5097,1,
region-state-16,3,"{""arg"":1604}","{""r"":-1}",89e93b2bdb3de1b8a8402864a1960d324a1ba3670d057cce316be05031ce5097,89e93b2bdb3de1b8a8402864a1960d324a1ba3670d057cce316be05031ce5097,1,
region-state-16,4,"{""arg"":1605}","{""r"":0}",89e93b2bdb3de1b8a8402864a1960d324a1ba3670d057cce316be05031ce5097,89e93b2bdb3de1b8a8402864a1960d324a1ba3670d057cce316be05031ce5097,1,
region-state-16,5,"{""arg"":1606}","{""r"":1}",89e93b2bdb3de1b8a8402864a1960d324a1ba3670d057cce316be05031ce5097,89e93b2bdb3de1b8a8402864a1960d324a1ba3670d057cce316be05031ce5097,1,
region-state-16,6,"{""arg"":1607}","{""r"":2}",89e93b2bdb3de1b8a8402864a1960d324a1ba3670d057cce316be05031ce5097,89e93b2bdb3de1b8a8402864a1960d324a1ba3670d057cce316be05031ce5097,1,
region-state-16,7,"{""arg"":1608}","{""r"":3}",89e93b2bdb3de1b8a8402864a1960d324a1ba3670d057cce316be05031ce5097,89e93b2bdb3de1b8a8402864a1960d324a1ba3670d057cce316be05031ce5097,1,
region-state-17,0,"{""arg"":1618}","{""r"":-4}",736e640cd7893548310dc0665f3d650ff96c7fa56e6d46365b081286ff3ab918,736e640cd7893548310dc0665f3d650ff96c7fa56e6d46365b081286ff3ab918,1,
region-state-17,1,"{""arg"":1619}","{""r"":-3}",736e640cd7893548310dc0665f3d650ff96c7fa56e6d46365b081286ff3ab918,736e640cd7893548310dc0665f3d650ff96c7fa56e6d46365b081286ff3ab918,1,
region-state-17,2,"{""arg"":1620}","{""r"":-2}",736e640cd7893548310dc0665f3d650ff96c7fa56e6d46365b081286ff3ab918,736e640cd7893548310dc0665f3d650ff96c7fa56e6d46365b081286ff3ab918,1,
region-state-17,3,"{""arg"":1621}","{""r"":-1}",736e640cd7893548310dc0665f3d650ff96c7fa56e6d46365b081286ff3ab918,736e640cd7893548310dc0665f3d650ff96c7fa56e6d46365b081286ff3ab918,1,
region-state-17,4,"{""arg"":1622}","{""r"":0}",736e640cd7893548310dc0665f3d650ff96c7fa56e6d46365b081286ff3ab918,736e640cd7893548310dc0665f3d650ff96c7fa56e6d46365b081286ff3ab918,1,
region-state-17,5,"{""arg"":1623}","{""r"":1}",736e640cd7893548310dc0665f3d650ff96c7fa56e6d46365b081286ff3ab918,736e640cd7893548310dc0665f3d650ff96c7fa56e6d46365b081286ff3ab918,1,
region-state-17,6,"{""arg"":1624}","{""r"":2}",736e640cd7893548310dc0665f3d650ff96c7fa56e6d46365b081286ff3ab918,736e640cd7893548310dc0665f3d650ff96c7fa56e6d46365b081286ff3ab918,1,
region-state-17,7,"{""arg"":1625}","{""r"":3}",736e640cd7893548310dc0665f3d650ff96c7fa56e6d46365b081286ff3ab918,736e640cd7893548310dc0665f3d650ff96c7fa56e6d46365b081286ff3ab918,1,
region-state-18,0,"{""arg"":1635}","{""r"":-4}",7f1f6393c8aa47fb3c71e5511321289171309a7063e5dfa3f696d37c90f02cdd,7f1f6393c8aa47fb3c71e5511321289171309a7063e5dfa3f696d37c90f02cdd,1,
region-state-18,1,"{""arg"":1636}","{""r"":-3}",7f1f6393c8aa47fb3c71e5511321289171309a7063e5dfa3f696d37c90f02cdd,7f1f6393c8aa47fb3c71e5511321289171309a7063e5dfa3f696d37c90f02cdd,1,
region-state-18,2,"{""arg"":1637}","{""r"":-2}",7f1f6393c8aa47fb3c71e5511321289171309a7063e5dfa3f696d37c90f02cdd,7f1f6393c8aa47fb3c71e5511321289171309a7063e5dfa3f696d37c90f02cdd,1,
region-state-18,3,"{""arg"":1638}","{""r"":-1}",7f1f6393c8aa47fb3c71e5511321289171309a7063e5dfa3f696d37c90f02cdd,7f1f6393c8aa47fb3c71e5511321289171309a7063e5dfa3f696d37c90f02cdd,1,
region-state-18,4,"{""arg"":1639}","{""r"":0}",7f1f6393c8aa47fb3c71e5511321289171309a7063e5dfa3f696d37c90f02cdd,7f1f6393c8aa47fb3c71e5511321289171309a7063e5dfa3f696d37c90f02cdd,1,
region-state-18,5,"{""arg"":1640}","{""r"":1}",7f1f6393c8aa47fb3c71e5511321289171309a7063e5dfa3f696d37c90f02cdd,7f1f6393c8aa47fb3c71e5511321289171309a7063e5dfa3f696d37c90f02cdd,1,
region-state-18,6,"{""arg"":1641}","{""r"":2}",7f1f6393c8aa47fb3c71e5511321289171309a7063e5dfa3f696d37c90f02cdd,7f1f6393c8aa47fb3c71e5511321289171309a7063e5dfa3f696d37c90f02cdd,1,
region-state-18,7,"{""arg"":1642}","{""r"":3}",7f1f6393c8aa47fb3c71e5511321289171309a7063e5dfa3f696d37c90f02cdd,7f1f6393c8aa47fb3c71e5511321289171309a7063e5dfa3f696d37c90f02cdd,1,
region-state-19,0,"{""arg"":1652}","{""r"":-4}",83876f00845d82fda6c98c39954657c4d7f62ce519b13a6ccd069617c1167a8f,83876f00845d82fda6c98c39954657c4d7f62ce519b13a6ccd069617c1167a8f,1,
region-state-19,1,"{""arg"":1653}","{""r"":-3}",83876f00845d82fda6c98c39954657c4d7f62ce519b13a6ccd069617c1167a8f,83876f00845d82fda6c98c39954657c4d7f62ce519b13a6ccd069617c1167a8f,1,
region-state-19,2,"{""arg"":1654}","{""r"":-2}",83876f00845d82fda6c98c39954657c4d7f62ce519b13a6ccd069617c1167a8f,83876f00845d82fda6c98c39954657c4d7f62ce519b13a6ccd069617c1167a8f,1,
region-state-19,3,"{""arg"":1655}","{""r"":-1}",83876f00845d82fda6c98c39954657c4d7f62ce519b13a6ccd069617c1167a8f,83876f00845d82fda6c98c39954657c4d7f62ce519b13a6ccd069617c1167a8f,1,
region-state-19,4,"{""arg"":1656}","{""r"":0}",83876f00845d82fda6c98c39954657c4d7f62ce519b13a6ccd069617c1167a8f,83876f00845d82fda6c98c39954657c4d7f62ce519b13a6ccd069617c1167a8f,1,
region-state-19,5,"{""arg"":1657}","{""r"":1}",83876f00845d82fda6c98c39954657c4d7f62ce519b13a6ccd069617c1167a8f,83876f00845d82fda6c98c39954657c4d7f62ce519b13a6ccd069617c1167a8f,1,
region-state-19,6,"{""arg"":1658}","{""r"":2}",83876f00845d82fda6c98c39954657c4d7f62ce519b13a6ccd069617c1167a8f,83876f00845d82fda6c98c39954657c4d7f62ce519b13a6ccd069617c1167a8f,1,
region-state-19,7,"{""arg"":1659}","{""r"":3}",83876f00845d82fda6c98c39954657c4d7f62ce519b13a6ccd069617c1167a8f,83876f00845d82fda6c98c39954657c4d7f62ce519b13a6ccd069617c1167a8f,1,
region-state-20,0,"{""arg"":1669}","{""r"":-4}",1628098cf90fc91c46f6d5130e7a505203979d6079ef9cc136bf3eddd14c153b,1628098cf90fc91c46f6d5130e7a505203979d6079ef9cc136bf3eddd14c153b,1,
region-state-20,1,"{""arg"":1670}","{""r"":-3}",1628098cf90fc91c46f6d5130e7a505203979d6079ef9cc136bf3eddd14c153b,1628098cf90fc91c46f6d5130e7a505203979d6079ef9cc136bf3eddd14c153b,1,
region-state-20,2,"{""arg"":1671}","{""r"":-2}",1628098cf90fc91c46f6d5130e7a505203979d6079ef9cc136bf3eddd14c153b,1628098cf90fc91c46f6d5130e7a505203979d6079ef9cc136bf3eddd14c153b,1,
region-state-20,3,"{""arg"":1672}","{""r"":-1}",1628098cf90fc91c46f6d5130e7a505203979d6079ef9cc136bf3eddd14c153b,1628098cf90fc91c46f6d5130e7a505203979d6079ef9cc136bf3eddd14c153b,1,
region-state-20,4,"{""arg"":1673}","{""r"":0}",1628098cf90fc91c46f6d5130e7a505203979d6079ef9cc136bf3eddd14c153b,1628098cf90fc91c46f6d5130e7a505203979d6079ef9cc136bf3eddd14c153b,1,
region-state-20,5,"{""arg"":1674}","{""r"":1}",1628098cf90fc91c46f6d5130e7a505203979d6079ef9cc136bf3eddd14c153b,1628098cf90fc91c46f6d5130e7a505203979d6079ef9cc136bf3eddd14c153b,1,
region-state-20,6,"{""arg"":1675}","{""r"":2}",1628098cf90fc91c46f6d5130e7a505203979d6079ef9cc136bf3eddd14c153b,1628098cf90fc91c46f6d5130e7a505203979d6079ef9cc136bf3eddd14c153b,1,
region-state-20,7,"{""arg"":1676}","{""r"":3}",1628098cf90fc91c46f6d5130e7a505203979d6079ef9cc136bf3eddd14c153b,1628098cf90fc91c46f6d5130e7a505203979d6079ef9cc136bf3eddd14c153b,1,
region-state-21,0,"{""arg"":1686}","{""r"":-4}",83876f00845d82fda6c98c39954657c4d7f62ce519b13a6ccd069617c1167a8f,83876f00845d82fda6c98c39954657c4d7f62ce519b13a6ccd069617c1167a8f,1,
region-state-21,1,"{""arg"":1687}","{""r"":-3}",83876f00845d82fda6c98c39954657c4d7f62ce519b13a6ccd069617c1167a8f,83876f00845d82fda6c98c39954657c4d7f62ce519b13a6ccd069617c1167a8f,1,
region-state-21,2,"{""arg"":1688}","{""r"":-2}",83876f00845d82fda6c98c39954657c4d7f62ce519b13a6ccd069617c1167a8f,83876f00845d82fda6c98c39954657c4d7f62ce519b13a6ccd069617c1167a8f,1,
region-state-21,3,"{""arg"":1689}","{""r"":-1}",83876f00845d82fda6c98c39954657c4d7f62ce519b13a6ccd069617c1167a8f,83876f00845d82fda6c98c39954657c4d7f62ce519b13a6ccd069617c1167a8f,1,
region-state-21,4,"{""arg"":1690}","{""r"":0}",83876f00845d82fda6c98c39954657c4d7f62ce519b13a6ccd069617c1167a8f,83876f00845d82fda6c98c39954657c4d7f62ce519b13a6ccd069617c1167a8f,1,
region-state-21,5,"{""arg"":1691}","{""r"":1}",83876f00845d82fda6c98c39954657c4d7f62ce519b13a6ccd069617c1167a8f,83876f00845d82fda6c98c39954657c4d7f62ce519b13a6ccd069617c1167a8f,1,
region-state-21,6,"{""arg"":1692}","{""r"":2}",83876f00845d82fda6c98c39954657c4d7f62ce519b13a6ccd069617c1167a8f,83876f00845d82fda6c98c39954657c4d7f62ce519b13a6ccd069617c1167a8f,1,
region-state-21,7,"{""arg"":1693}","{""r"":3}",83876f00845d82fda6c98c39954657c4d7f62ce519b13a6ccd069617c1167a8f,83876f00845d82fda6c98c39954657c4d7f62ce519b13a6ccd069617c1167a8f,1,
region-state-22,0,"{""arg"":1703}","{""r"":-4}",83876f00845d82fda6c98c39954657c4d7f62ce519b13a6ccd069617c1167a8f,83876f00845d82fda6c98c39954657c4d7f62ce519b13a6ccd069617c1167a8f,1,
region-state-22,1,"{""arg"":1704}","{""r"":-3}",83876f00845d82fda6c98c39954657c4d7f62ce519b13a6ccd069617c1167a8f,83876f00845d82fda6c98c39954657c4d7f62ce519b13a6ccd069617c1167a8f,1,
region-state-22,2,"{""arg"":1705}","{""r"":-2}",83876f00845d82fda6c98c39954657c4d7f62ce519b13a6ccd069617c1167a8f,83876f00845d82fda6c98c39954657c4d7f62ce519b13a6ccd069617c1167a8f,1,
region-state-22,3,"{""arg"":1706}","{""r"":-1}",83876f00845d82fda6c98c39954657c4d7f62ce519b13a6ccd069617c1167a8f,83876f00845d82fda6c98c39954657c4d7f62ce519b13a6ccd069617c1167a8f,1,
region-state-22,4,"{""arg"":1707}","{""r"":0}",83876f00845d82fda6c98c39954657c4d7f62ce519b13a6ccd069617c1167a8f,83876f00845d82fda6c98c39954657c4d7f62ce519b13a6ccd069617c1167a8f,1,
region-state-22,5,"{""arg"":1708}","{""r"":1}",83876f00845d82fda6c98c39954657c4d7f62ce519b13a6ccd069617c1167a8f,83876f00845d82fda6c98c39954657c4d7f62ce519b13a6ccd069617c1167a8f,1,
region-state-22,6,"{""arg"":1709}","{""r"":2}",83876f00845d82fda6c98c39954657c4d7f62ce519b13a6ccd069617c1167a8f,83876f00845d82fda6c98c39954657c4d7f62ce519b13a6ccd069617c1167a8f,1,
region-state-22,7,"{""arg"":1710}","{""r"":3}",83876f00845d82fda6c98c39954657c4d7f62ce519b13a6ccd069617c1167a8f,83876f00845d82fda6c98c39954657c4d7f62ce519b13a6ccd069617c1167a8f,1,
region-state-23,0,"{""arg"":1720}","{""r"":-4}",1628098cf90fc91c46f6d5130e7a505203979d6079ef9cc136bf3eddd14c153b,1628098cf90fc91c46f6d5130e7a505203979d6079ef9cc136bf3eddd14c153b,1,
region-state-23,1,"{""arg"":1721}","{""r"":-3}",1628098cf90fc91c46f6d5130e7a505203979d6079ef9cc136bf3eddd14c153b,1628098cf90fc91c46f6d5130e7a505203979d6079ef9cc136bf3eddd14c153b,1,
region-state-23,2,"{""arg"":1722}","{""r"":-2}",1628098cf90fc91c46f6d5130e7a505203979d6079ef9cc136bf3eddd14c153b,1628098cf90fc91c46f6d5130e7a505203979d6079ef9cc136bf3eddd14c153b,1,
region-state-23,3,"{""arg"":1723}","{""r"":-1}",1628098cf90fc91c46f6d5130e7a505203979d6079ef9cc136bf3eddd14c153b,1628098cf90fc91c46f6d5130e7a505203979d6079ef9cc136bf3eddd14c153b,1,
region-state-23,4,"{""arg"":1724}","{""r"":0}",1628098cf90fc91c46f6d5130e7a505203979d6079ef9cc136bf3eddd14c153b,1628098cf90fc91c46f6d5130e7a505203979d6079ef9cc136bf3eddd14c153b,1,
region-state-23,5,"{""arg"":1725}","{""r"":1}",1628098cf90fc91c46f6d5130e7a505203979d6079ef9cc136bf3eddd14c153b,1628098cf90fc91c46f6d5130e7a505203979d6079ef9cc136bf3eddd14c153b,1,
region-state-23,6,"{""arg"":1726}","{""r"":2}",1628098cf90fc91c46f6d5130e7a505203979d6079ef9cc136bf3eddd14c153b,1628098cf90fc91c46f6d5130e7a505203979d6079ef9cc136bf3eddd14c153b,1,
region-state-23,7,"{""arg"":1727}","{""r"":3}",1628098cf90fc91c46f6d5130e7a505203979d6079ef9cc136bf3eddd14c153b,1628098cf90fc91c46f6d5130e7a505203979d6079ef9cc136bf3eddd14c153b,1,
region-state-24,0,"{""arg"":1737}","{""r"":-4}",3a4c93d05257f32f1c1a00d16e1b0b01054be8b184b1aefb99cdfbaa80a9a6bd,3a4c93d05257f32f1c1a00d16e1b0b01054be8b184b1aefb99cdfbaa80a9a6bd,1,
region-state-24,1,"{""arg"":1738}","{""r"":-3}",3a4c93d05257f32f1c1a00d16e1b0b01054be8b184b1aefb99cdfbaa80a9a6bd,3a4c93d05257f32f1c1a00d16e1b0b01054be8b184b1aefb99cdfbaa80a9a6bd,1,
region-state-24,2,"{""arg"":1739}","{""r"":-2}",3a4c93d05257f32f1c1a00d16e1b0b01054be8b184b1aefb99cdfbaa80a9a6bd,3a4c93d05257f32f1c1a00d16e1b0b01054be8b184b1aefb99cdfbaa80a9a6bd,1,
region-state-24,3,"{""arg"":1740}","{""r"":-1}",3a4c93d05257f32f1c1a00d16e1b0b01054be8b184b1aefb99cdfbaa80a9a6bd,3a4c93d05257f32f1c1a00d16e1b0b01054be8b184b1aefb99cdfbaa80a9a6bd,1,
region-state-24,4,"{""arg"":1741}","{""r"":0}",3a4c93d05257f32f1c1a00d16e1b0b01054be8b184b1aefb99cdfbaa80a9a6bd,3a4c93d05257f32f1c1a00d16e1b0b01054be8b184b1aefb99cdfbaa80a9a6bd,1,
region-state-24,5,"{""arg"":1742}","{""r"":1}",3a4c93d05257f32f1c1a00d16e1b0b01054be8b184b1aefb99cdfbaa80a9a6bd,3a4c93d05257f32f1c1a00d16e1b0b01054be8b184b1aefb99cdfbaa80a9a6bd,1,
region-state-24,6,"{""arg"":1743}","{""r"":2}",3a4c93d05257f32f1c1a00d16e1b0b01054be8b184b1aefb99cdfbaa80a9a6bd,3a4c93d05257f32f1c1a00d16e1b0b01054be8b184b1aefb99cdfbaa80a9a6bd,1,
region-state-24,7,"{""arg"":1744}","{""r"":3}",3a4c93d05257f32f1c1a00d16e1b0b01054be8b184b1aefb99cdfbaa80a9a6bd,3a4c93d05257f32f1c1a00d16e1b0b01054be8b184b1aefb99cdfbaa80a9a6bd,1,
region-state-25,0,"{""arg"":1754}","{""r"":-4}",37c03bb7d6496343d8286456d2f288fd732c9c17c537c7c891677d79cca291c4,37c03bb7d6496343d8286456d2f288fd732c9c17c537c7c891677d79cca291c4,1,
region-state-25,1,"{""arg"":1755}","{""r"":-3}",37c03bb7d6496343d8286456d2f288fd732c9c17c537c7c891677d79cca291c4,37c03bb7d6496343d8286456d2f288fd732c9c17c537c7c891677d79cca291c4,1,
region-state-25,2,"{""arg"":1756}","{""r"":-2}",37c03bb7d6496343d8286456d2f288fd732c9c17c537c7c891677d79cca291c4,37c03bb7d6496343d8286456d2f288fd732c9c17c537c7c891677d79cca291c4,1,
region-state-25,3,"{""arg"":1757}","{""r"":-1}",37c03bb7d6496343d8286456d2f288fd732c9c17c537c7c891677d79cca291c4,37c03bb7d6496343d8286456d2f288fd732c9c17c537c7c891677d79cca291c4,1,
region-state-25,4,"{""arg"":1758}","{""r"":0}",37c03bb7d6496343d8286456d2f288fd732c9c17c537c7c891677d79cca291c4,37c03bb7d6496343d8286456d2f288fd732c9c17c537c7c891677d79cca291c4,1,
region-state-25,5,"{""arg"":1759}","{""r"":1}",37c03bb7d6496343d8286456d2f288fd732c9c17c537c7c891677d79cca291c4,37c03bb7d6496343d8286456d2f288fd732c9c17c537c7c891677d79cca291c4,1,
region-state-25,6,"{""arg"":1760}","{""r"":2}",37c03bb7d6496343d8286456d2f288fd732c9c17c537c7c891677d79cca291c4,37c03bb7d6496343d8286456d2f288fd732c9c17c537c7c891677d79cca291c4,1,
region-state-25,7,"{""arg"":1761}","{""r"":3}",37c03bb7d6496343d8286456d2f288fd732c9c17c537c7c891677d79cca291c4,37c03bb7d6496343d8286456d2f288fd732c9c17c537c7c891677d79cca291c4,1,
region-state-26,0,"{""arg"":1771}","{""r"":-4}",7f1f6393c8aa47fb3c71e5511321289171309a7063e5dfa3f696d37c90f02cdd,7f1f6393c8aa47fb3c71e5511321289171309a7063e5dfa3f696d37c90f02cdd,1,
region-state-26,1,"{""arg"":1772}","{""r"":-3}",7f1f6393c8aa47fb3c71e5511321289171309a7063e5dfa3f696d37c90f02cdd,7f1f6393c8aa47fb3c71e5511321289171309a7063e5dfa3f696d37c90f02cdd,1,
region-state-26,2,"{""arg"":1773}","{""r"":-2}",7f1f6393c8aa47fb3c71e5511321289171309a7063e5dfa3f696d37c90f02cdd,7f1f6393c8aa47fb3c71e5511321289171309a7063e5dfa3f696d37c90f02cdd,1,
region-state-26,3,"{""arg"":1774}","{""r"":-1}",7f1f6393c8aa47fb3c71e5511321289171309a7063e5dfa3f696d37c90f02cdd,7f1f6393c8aa47fb3c71e5511321289171309a7063e5dfa3f696d37c90f02cdd,1,
region-state-26,4,"{""arg"":1775}","{""r"":0}",7f1f6393c8aa47fb3c71e5511321289171309a7063e5dfa3f696d37c90f02cdd,7f1f6393c8aa47fb3c71e5511321289171309a7063e5dfa3f696d37c90f02cdd,1,
region-state-26,5,"{""arg"":1776}","{""r"":1}",7f1f6393c8aa47fb3c71e5511321289171309a7063e5dfa3f696d37c90f02cdd,7f1f6393c8aa47fb3c71e5511321289171309a7063e5dfa3f696d37c90f02cdd,1,
region-state-26,6,"{""arg"":1777}","{""r"":2}",7f1f6393c8aa47fb3c71e5511321289171309a7063e5dfa3f696d37c90f02cdd,7f1f6393c8aa47fb3c71e5511321289171309a7063e5dfa3f696d37c90f02cdd,1,
region-state-26,7,"{""arg"":1778}","{""r"":3}",7f1f6393c8aa47fb3c71e5511321289171309a7063e5dfa3f696d37c90f02cdd,7f1f6393c8aa47fb3c71e5511321289171309a7063e5dfa3f696d37c90f02cdd,1,
region-state-27,0,"{""arg"":1788}","{""r"":-4}",1ded8293589fb1a77e16fdde6cb306db1c6152f103e117113cabc88f164ca57b,1ded8293589fb1a77e16fdde6cb306db1c6152f103e117113cabc88f164ca57b,1,
region-state-27,1,"{""arg"":1789}","{""r"":-3}",1ded8293589fb1a77e16fdde6cb306db1c6152f103e117113cabc88f164ca57b,1ded8293589fb1a77e16fdde6cb306db1c6152f103e117113cabc88f164ca57b,1,
region-state-27,2,"{""arg"":1790}","{""r"":-2}",1ded8293589fb1a77e16fdde6cb306db1c6152f103e117113cabc88f164ca57b,1ded8293589fb1a77e16fdde6cb306db1c6152f103e117113cabc88f164ca57b,1,
region-state-27,3,"{""arg"":1791}","{""r"":-1}",1ded8293589fb1a77e16fdde6cb306db1c6152f103e117113cabc88f164ca57b,1ded8293589fb1a77e16fdde6cb306db1c6152f103e117113cabc88f164ca57b,1,
region-state-27,4,"{""arg"":1792}","{""r"":0}",1ded8293589fb1a77e16fdde6cb306db1c6152f103e117113cabc88f164ca57b,1ded8293589fb1a77e16fdde6cb306db1c6152f103e117113cabc88f164ca57b,1,
region-state-27,5,"{""arg"":1793}","{""r"":1}",1ded8293589fb1a77e16fdde6cb306db1c6152f103e117113cabc88f164ca57b,1ded8293589fb1a77e16fdde6cb306db1c6152f103e117113cabc88f164ca57b,1,
region-state-27,6,"{""arg"":1794}","{""r"":2}",1ded8293589fb1a77e16fdde6cb306db1c6152f103e117113cabc88f164ca57b,1ded8293589fb1a77e16fdde6cb306db1c6152f103e117113cabc88f164ca57b,1,
region-state-27,7,"{""arg"":1795}","{""r"":3}",1ded8293589fb1a77e16fdde6cb306db1c6152f103e117113cabc88f164ca57b,1ded8293589fb1a77e16fdde6cb306db1c6152f103e117113cabc88f164ca57b,1,
region-state-28,0,"{""arg"":1805}","{""r"":-4}",03ab1b0d5f0fc3ac38ffaa6675dd920e9f401757eea326e533701e1c52f8833b,03ab1b0d5f0fc3ac38ffaa6675dd920e9f401757eea326e533701e1c52f8833b,1,
region-state-28,1,"{""arg"":1806}","{""r"":-3}",03ab1b0d5f0fc3ac38ffaa6675dd920e9f401757eea326e533701e1c52f8833b,03ab1b0d5f0fc3ac38ffaa6675dd920e9f401757eea326e533701e1c52f8833b,1,
region-state-28,2,"{""arg"":1807}","{""r"":-2}",03ab1b0d5f0fc3ac38ffaa6675dd920e9f401757eea326e533701e1c52f8833b,03ab1b0d5f0fc3ac38ffaa6675dd920e9f401757eea326e533701e1c52f8833b,1,
region-state-28,3,"{""arg"":1808}","{""r"":-1}",03ab1b0d5f0fc3ac38ffaa6675dd920e9f401757eea326e533701e1c52f8833b,03ab1b0d5f0fc3ac38ffaa6675dd920e9f401757eea326e533701e1c52f8833b,1,
region-state-28,4,"{""arg"":1809}","{""r"":0}",03ab1b0d5f0fc3ac38ffaa6675dd920e9f401757eea326e533701e1c52f8833b,03ab1b0d5f0fc3ac38ffaa6675dd920e9f401757eea326e533701e1c52f8833b,1,
region-state-28,5,"{""arg"":1810}","{""r"":1}",03ab1b0d5f0fc3ac38ffaa6675dd920e9f401757eea326e533701e1c52f8833b,03ab1b0d5f0fc3ac38ffaa6675dd920e9f401757eea326e533701e1c52f8833b,1,
region-state-28,6,"{""arg"":1811}","{""r"":2}",03ab1b0d5f0fc3ac38ffaa6675dd920e9f401757eea326e533701e1c52f8833b,03ab1b0d5f0fc3ac38ffaa6675dd920e9f401757eea326e533701e1c52f8833b,1,
region-state-28,7,"{""arg"":1812}","{""r"":3}",03ab1b0d5f0fc3ac38ffaa6675dd920e9f401757eea326e533701e1c52f8833b,03ab1b0d5f0fc3ac38ffaa6675dd920e9f401757eea326e533701e1c52f8833b,1,
region-state-29,0,"{""arg"":1822}","{""r"":-4}",8d7f907501e693416a21cee95a2a05c4a22448f8de2c4c6f8ffd4e849d477be2,8d7f907501e693416a21cee95a2a05c4a22448f8de2c4c6f8ffd4e849d477be2,1,
region-state-29,1,"{""arg"":1823}","{""r"":-3}",8d7f907501e693416a21cee95a2a05c4a22448f8de2c4c6f8ffd4e849d477be2,8d7f907501e693416a21cee95a2a05c4a22448f8de2c4c6f8ffd4e849d477be2,1,
region-state-29,2,"{""arg"":1824}","{""r"":-2}",8d7f907501e693416a21cee95a2a05c4a22448f8de2c4c6f8ffd4e849d477be2,8d7f907501e693416a21cee95a2a05c4a22448f8de2c4c6f8ffd4e849d477be2,1,
region-state-29,3,"{""arg"":1825}","{""r"":-1}",8d7f907501e693416a21cee95a2a05c4a22448f8de2c4c6f8ffd4e849d477be2,8d7f907501e693416a21cee95a2a05c4a22448f8de2c4c6f8ffd4e849d477be2,1,
region-state-29,4,"{""arg"":1826}","{""r"":0}",8d7f907501e693416a21cee95a2a05c4a22448f8de2c4c6f8ffd4e849d477be2,8d7f907501e693416a21cee95a2a05c4a22448f8de2c4c6f8ffd4e849d477be2,1,
region-state-29,5,"{""arg"":1827}","{""r"":1}",8d7f907501e693416a21cee95a2a05c4a22448f8de2c4c6f8ffd4e849d477be2,8d7f907501e693416a21cee95a2a05c4a22448f8de2c4c6f8ffd4e849d477be2,1,
region-state-29,6,"{""arg"":1828}","{""r"":2}",8d7f907501e693416a21cee95a2a05c4a22448f8de2c4c6f8ffd4e849d477be2,8d7f907501e693416a21cee95a2a05c4a22448f8de2c4c6f8ffd4e849d477be2,1,
region-state-29,7,"{""arg"":1829}","{""r"":3}",8d7f907501e693416a21cee95a2a05c4a22448f8de2c4c6f8ffd4e849d477be2,8d7f907501e693416a21cee95a2a05c4a22448f8de2c4c6f8ffd4e849d477be2,1,
region-state-30,0,"{""arg"":1839}","{""r"":-4}",1ded8293589fb1a77e16fdde6cb306db1c6152f103e117113cabc88f164ca57b,1ded8293589fb1a77e16fdde6cb306db1c6152f103e117113cabc88f164ca57b,1,
region-state-30,1,"{""arg"":1840}","{""r"":-3}",1ded8293589fb1a77e16fdde6cb306db1c6152f103e117113cabc88f164ca57b,1ded8293589fb1a77e16fdde6cb306db1c6152f103e117113cabc88f164ca57b,1,
region-state-30,2,"{""arg"":1841}","{""r"":-2}",1ded8293589fb1a77e16fdde6cb306db1c6152f103e117113cabc88f164ca57b,1ded8293589fb1a77e16fdde6cb306db1c6152f103e117113cabc88f164ca57b,1,
region-state-30,3,"{""arg"":1842}","{""r"":-1}",1ded8293589fb1a77e16fdde6cb306db1c6152f103e117113cabc88f164ca57b,1ded8293589fb1a77e16fdde6cb306db1c6152f103e117113cabc88f164ca57b,1,
region-state-30,4,"{""arg"":1843}","{""r"":0}",1ded8293589fb1a77e16fdde6cb306db1c6152f103e117113cabc88f164ca57b,1ded8293589fb1a77e16fdde6cb306db1c6152f103e117113cabc88f164ca57b,1,
region-state-30,5,"{""arg"":1844}","{""r"":1}",1ded8293589fb1a77e16fdde6cb306db1c6152f103e117113cabc88f164ca57b,1ded8293589fb1a77e16fdde6cb306db1c6152f103e117113cabc88f164ca57b,1,
region-state-30,6,"{""arg"":1845}","{""r"":2}",1ded8293589fb1a77e16fdde6cb306db1c6152f103e117113cabc88f164ca57b,1ded8293589fb1a77e16fdde6cb306db1c6152f103e117113cabc88f164ca57b,1,
region-state-30,7,"{""arg"":1846}","{""r"":3}",1ded8293589fb1a77e16fdde6cb306db1c6152f103e117113cabc88f164ca57b,1ded8293589fb1a77e16fdde6cb306db1c6152f103e117113cabc88f164ca57b,1,
region-state-31,0,"{""arg"":1856}","{""r"":-4}",9b5a905fee377561a468bd1926b34662d6892f56f94ecef1d8bb569739ca6f45,9b5a905fee377561a468bd1926b34662d6892f56f94ecef1d8bb569739ca6f45,1,
region-state-31,1,"{""arg"":1857}","{""r"":-3}",9b5a905fee377561a468bd1926b34662d6892f56f94ecef1d8bb569739ca6f45,9b5a905fee377561a468bd1926b34662d6892f56f94ecef1d8bb569739ca6f45,1,
region-state-31,2,"{""arg"":1858}","{""r"":-2}",9b5a905fee377561a468bd1926b34662d6892f56f94ecef1d8bb569739ca6f45,9b5a905fee377561a468bd1926b34662d6892f56f94ecef1d8bb569739ca6f45,1,
region-state-31,3,"{""arg"":1859}","{""r"":-1}",9b5a905fee377561a468bd1926b34662d6892f56f94ecef1d8bb569739ca6f45,9b5a905fee377561a468bd1926b34662d6892f56f94ecef1d8bb569739ca6f45,1,
region-state-31,4,"{""arg"":1860}","{""r"":0}",9b5a905fee377561a468bd1926b34662d6892f56f94ecef1d8bb569739ca6f45,9b5a905fee377561a468bd1926b34662d6892f56f94ecef1d8bb569739ca6f45,1,
region-state-31,5,"{""arg"":1861}","{""r"":1}",9b5a905fee377561a468bd1926b34662d6892f56f94ecef1d8bb569739ca6f45,9b5a905fee377561a468bd1926b34662d6892f56f94ecef1d8bb569739ca6f45,1,
region-state-31,6,"{""arg"":1862}","{""r"":2}",9b5a905fee377561a468bd1926b34662d6892f56f94ecef1d8bb569739ca6f45,9b5a905fee377561a468bd1926b34662d6892f56f94ecef1d8bb569739ca6f45,1,
region-state-31,7,"{""arg"":1863}","{""r"":3}",9b5a905fee377561a468bd1926b34662d6892f56f94ecef1d8bb569739ca6f45,9b5a905fee377561a468bd1926b34662d6892f56f94ecef1d8bb569739ca6f45,1,
region-state-32,0,"{""arg"":1873}","{""r"":-4}",a91ec1959174cd392d8489909e6ec3ed5caf5a8d5ffad7b7c74428338afa81db,a91ec1959174cd392d8489909e6ec3ed5caf5a8d5ffad7b7c74428338afa81db,1,
region-state-32,1,"{""arg"":1874}","{""r"":-3}",a91ec1959174cd392d8489909e6ec3ed5caf5a8d5ffad7b7c74428338afa81db,a91ec1959174cd392d8489909e6ec3ed5caf5a8d5ffad7b7c74428338afa81db,1,
region-state-32,2,"{""arg"":1875}","{""r"":-2}",a91ec1959174cd392d8489909e6ec3ed5caf5a8d5ffad7b7c74428338afa81db,a91ec1959174cd392d8489909e6ec3ed5caf5a8d5ffad7b7c74428338afa81db,1,
region-state-32,3,"{""arg"":1876}","{""r"":-1}",a91ec1959174cd392d8489909e6ec3ed5caf5a8d5ffad7b7c74428338afa81db,a91ec1959174cd392d8489909e6ec3ed5caf5a8d5ffad7b7c74428338afa81db,1,
region-state-32,4,"{""arg"":1877}","{""r"":0}",a91ec1959174cd392d8489909e6ec3ed5caf5a8d5ffad7b7c74428338afa81db,a91ec1959174cd392d8489909e6ec3ed5caf5a8d5ffad7b7c74428338afa81db,1,
region-state-32,5,"{""arg"":1878}","{""r"":1}",a91ec1959174cd392d8489909e6ec3ed5caf5a8d5ffad7b7c74428338afa81db,a91ec1959174cd392d8489909e6ec3ed5caf5a8d5ffad7b7c74428338afa81db,1,
region-state-32,6,"{""arg"":1879}","{""r"":2}",a91ec1959174cd392d8489909e6ec3ed5caf5a8d5ffad7b7c74428338afa81db,a91ec1959174cd392d8489909e6ec3ed5caf5a8d5ffad7b7c74428338afa81db,1,
region-state-32,7,"{""arg"":1880}","{""r"":3}",a91ec1959174cd392d8489909e6ec3ed5caf5a8d5ffad7b7c74428338afa81db,a91ec1959174cd392d8489909e6ec3ed5caf5a8d5ffad7b7c74428338afa81db,1,
region-state-33,0,"{""arg"":1890}","{""r"":-4}",8a2cb6e71975138b72faae984d95ba6a7476987cef26edc050d1cc68e38f33e5,8a2cb6e71975138b72faae984d95ba6a7476987cef26edc050d1cc68e38f33e5,1,
region-state-33,1,"{""arg"":1891}","{""r"":-3}",8a2cb6e71975138b72faae984d95ba6a7476987cef26edc050d1cc68e38f33e5,8a2cb6e71975138b72faae984d95ba6a7476987cef26edc050d1cc68e38f33e5,1,
region-state-33,2,"{""arg"":1892}","{""r"":-2}",8a2cb6e71975138b72faae984d95ba6a7476987cef26edc050d1cc68e38f33e5,8a2cb6e71975138b72faae984d95ba6a7476987cef26edc050d1cc68e38f33e5,1,
region-state-33,3,"{""arg"":1893}","{""r"":-1}",8a2cb6e71975138b72faae984d95ba6a7476987cef26edc050d1cc68e38f33e5,8a2cb6e71975138b72faae984d95ba6a7476987cef26edc050d1cc68e38f33e5,1,
region-state-33,4,"{""arg"":1894}","{""r"":0}",8a2cb6e71975138b72faae984d95ba6a7476987cef26edc050d1cc68e38f33e5,8a2cb6e71975138b72faae984d95ba6a7476987cef26edc050d1cc68e38f33e5,1,
region-state-33,5,"{""arg"":1895}","{""r"":1}",8a2cb6e71975138b72faae984d95ba6a7476987cef26edc050d1cc68e38f33e5,8a2cb6e71975138b72faae984d95ba6a7476987cef26edc050d1cc68e38f33e5,1,
region-state-33,6,"{""arg"":1896}","{""r"":2}",8a2cb6e71975138b72faae984d95ba6a7476987cef26edc050d1cc68e38f33e5,8a2cb6e71975138b72faae984d95ba6a7476987cef26edc050d1cc68e38f33e5,1,
region-state-33,7,"{""arg"":1897}","{""r"":3}",8a2cb6e71975138b72faae984d95ba6a7476987cef26edc050d1cc68e38f33e5,8a2cb6e71975138b72faae984d95ba6a7476987cef26edc050d1cc68e38f33e5,1,
region-state-34,0,"{""arg"":1907}","{""r"":-4}",f3c5b0479c9ff690a34edac330a6bbccd8b0d8770099e0ac4e36e4863b139a22,f3c5b0479c9ff690a34edac330a6bbccd8b0d8770099e0ac4e36e4863b139a22,1,
region-state-34,1,"{""arg"":1908}","{""r"":-3}",f3c5b0479c9ff690a34edac330a6bbccd8b0d8770099e0ac4e36e4863b139a22,f3c5b0479c9ff690a34edac330a6bbccd8b0d8770099e0ac4e36e4863b139a22,1,
region-state-34,2,"{""arg"":1909}","{""r"":-2}",f3c5b0479c9ff690a34edac330a6bbccd8b0d8770099e0ac4e36e4863b139a22,f3c5b0479c9ff690a34edac330a6bbccd8b0d8770099e0ac4e36e4863b139a22,1,
region-state-34,3,"{""arg"":1910}","{""r"":-1}",f3c5b0479c9ff690a34edac330a6bbccd8b0d8770099e0ac4e36e4863b139a22,f3c5b0479c9ff690a34edac330a6bbccd8b0d8770099e0ac4e36e4863b139a22,1,
region-state-34,4,"{""arg"":1911}","{""r"":0}",f3c5b0479c9ff690a34edac330a6bbccd8b0d8770099e0ac4e36e4863b139a22,f3c5b0479c9ff690a34edac330a6bbccd8b0d8770099e0ac4e36e4863b139a22,1,
region-state-34,5,"{""arg"":1912}","{""r"":1}",f3c5b0479c9ff690a34edac330a6bbccd8b0d8770099e0ac4e36e4863b139a22,f3c5b0479c9ff690a34edac330a6bbccd8b0d8770099e0ac4e36e4863b139a22,1,
region-state-34,6,"{""arg"":1913}","{""r"":2}",f3c5b0479c9ff690a34edac330a6bbccd8b0d8770099e0ac4e36e4863b139a22,f3c5b0479c9ff690a34edac330a6bbccd8b0d8770099e0ac4e36e4863b139a22,1,
region-state-34,7,"{""arg"":1914}","{""r"":3}",f3c5b0479c9ff690a34edac330a6bbccd8b0d8770099e0ac4e36e4863b139a22,f3c5b0479c9ff690a34edac330a6bbccd8b0d8770099e0ac4e36e4863b139a22,1,
region-state-35,0,"{""arg"":1924}","{""r"":-4}",b16f39ffdef3ff757ddb81253c4abcaa6c233e6f4242e6a9e4f6a14c2da0ad91,b16f39ffdef3ff757ddb81253c4abcaa6c233e6f4242e6a9e4f6a14c2da0ad91,1,
region-state-35,1,"{""arg"":1925}","{""r"":-3}",b16f39ffdef3ff757ddb81253c4abcaa6c233e6f4242e6a9e4f6a14c2da0ad91,b16f39ffdef3ff757ddb81253c4abcaa6c233e6f4242e6a9e4f6a14c2da0ad91,1,
region-state-35,2,"{""arg"":1926}","{""r"":-2}",b16f39ffdef3ff757ddb81253c4abcaa6c233e6f4242e6a9e4f6a14c2da0ad91,b16f39ffdef3ff757ddb81253c4abcaa6c233e6f4242e6a9e4f6a14c2da0ad91,1,
region-state-35,3,"{""arg"":1927}","{""r"":-1}",b16f39ffdef3ff757ddb81253c4abcaa6c233e6f4242e6a9e4f6a14c2da0ad91,b16f39ffdef3ff757ddb81253c4abcaa6c233e6f4242e6a9e4f6a14c2da0ad91,1,
region-state-35,4,"{""arg"":1928}","{""r"":0}",b16f39ffdef3ff757ddb81253c4abcaa6c233e6f4242e6a9e4f6a14c2da0ad91,b16f39ffdef3ff757ddb81253c4abcaa6c233e6f4242e6a9e4f6a14c2da0ad91,1,
region-state-35,5,"{""arg"":1929}","{""r"":1}",b16f39ffdef3ff757ddb81253c4abcaa6c233e6f4242e6a9e4f6a14c2da0ad91,b16f39ffdef3ff757ddb81253c4abcaa6c233e6f4242e6a9e4f6a14c2da0ad91,1,
region-state-35,6,"{""arg"":1930}","{""r"":2}",b16f39ffdef3ff757ddb81253c4abcaa6c233e6f4242e6a9e4f6a14c2da0ad91,b16f39ffdef3ff757ddb81253c4abcaa6c233e6f4242e6a9e4f6a14c2da0ad91,1,
region-state-35,7,"{""arg"":1931}","{""r"":3}",b16f39ffdef3ff757ddb81253c4abcaa6c233e6f4242e6a9e4f6a14c2da0ad91,b16f39ffdef3ff757ddb81253c4abcaa6c233e6f4242e6a9e4f6a14c2da0ad91,1,
region-state-36,0,"{""arg"":1941}","{""r"":-4}",a8c5e2b37daef6ba068e55ba93635d01071524c6d3d693bbe510a2c4a3b381c3,a8c5e2b37daef6ba068e55ba93635d01071524c6d3d693bbe510a2c4a3b381c3,1,
region-state-36,1,"{""arg"":1942}","{""r"":-3}",a8c5e2b37daef6ba068e55ba93635d01071524c6d3d693bbe510a2c4a3b381c3,a8c5e2b37daef6ba068e55ba93635d01071524c6d3d693bbe510a2c4a3b381c3,1,
region-state-36,2,"{""arg"":1943}","{""r"":-2}",a8c5e2b37daef6ba068e55ba93635d01071524c6d3d693bbe510a2c4a3b381c3,a8c5e2b37daef6ba068e55ba93635d01071524c6d3d693bbe510a2c4a3b381c3,1,
region-state-36,3,"{""arg"":1944}","{""r"":-1}",a8c5e2b37daef6ba068e55ba93635d01071524c6d3d693bbe510a2c4a3b381c3,a8c5e2b37daef6ba068e55ba93635d01071524c6d3d693bbe510a2c4a3b381c3,1,
region-state-36,4,"{""arg"":1945}","{""r"":0}",a8c5e2b37daef6ba068e55ba93635d01071524c6d3d693bbe510a2c4a3b381c3,a8c5e2b37daef6ba068e55ba93635d01071524c6d3d693bbe510a2c4a3b381c3,1,
region-state-36,5,"{""arg"":1946}","{""r"":1}",a8c5e2b37daef6ba068e55ba93635d01071524c6d3d693bbe510a2c4a3b381c3,a8c5e2b37daef6ba068e55ba93635d01071524c6d3d693bbe510a2c4a3b381c3,1,
region-state-36,6,"{""arg"":1947}","{""r"":2}",a8c5e2b37daef6ba068e55ba93635d01071524c6d3d693bbe510a2c4a3b381c3,a8c5e2b37daef6ba068e55ba93635d01071524c6d3d693bbe510a2c4a3b381c3,1,
region-state-36,7,"{""arg"":1948}","{""r"":3}",a8c5e2b37daef6ba068e55ba93635d01071524c6d3d693bbe510a2c4a3b381c3,a8c5e2b37daef6ba068e55ba93635d01071524c6d3d693bbe510a2c4a3b381c3,1,
region-state-37,0,"{""arg"":1958}","{""r"":-4}",dbcb9a394e5548233128966ccc8cb17cc03e98731996eb516d139c3fe2055280,dbcb9a394e5548233128966ccc8cb17cc03e98731996eb516d139c3fe2055280,1,
region-state-37,1,"{""arg"":1959}","{""r"":-3}",dbcb9a394e5548233128966ccc8cb17cc03e98731996eb516d139c3fe2055280,dbcb9a394e5548233128966ccc8cb17cc03e98731996eb516d139c3fe2055280,1,
region-state-37,2,"{""arg"":1960}","{""r"":-2}",dbcb9a394e5548233128966ccc8cb17cc03e98731996eb516d139c3fe2055280,dbcb9a394e5548233128966ccc8cb17cc03e98731996eb516d139c3fe2055280,1,
region-state-37,3,"{""arg"":1961}","{""r"":-1}",dbcb9a394e5548233128966ccc8cb17cc03e98731996eb516d139c3fe2055280,dbcb9a394e5548233128966ccc8cb17cc03e98731996eb516d139c3fe2055280,1,
region-state-37,4,"{""arg"":1962}","{""r"":0}",dbcb9a394e5548233128966ccc8cb17cc03e98731996eb516d139c3fe2055280,dbcb9a394e5548233128966ccc8cb17cc03e98731996eb516d139c3fe2055280,1,
region-state-37,5,"{""arg"":1963}","{""r"":1}",dbcb9a394e5548233128966ccc8cb17cc03e98731996eb516d139c3fe2055280,dbcb9a394e5548233128966ccc8cb17cc03e98731996eb516d139c3fe2055280,1,
region-state-37,6,"{""arg"":1964}","{""r"":2}",dbcb9a394e5548233128966ccc8cb17cc03e98731996eb516d139c3fe2055280,dbcb9a394e5548233128966ccc8cb17cc03e98731996eb516d139c3fe2055280,1,
region-state-37,7,"{""arg"":1965}","{""r"":3}",dbcb9a394e5548233128966ccc8cb17cc03e98731996eb516d139c3fe2055280,dbcb9a394e5548233128966ccc8cb17cc03e98731996eb516d139c3fe2055280,1,
region-state-38,0,"{""arg"":1975}","{""r"":-4}",63d45b8357ccd208b816aadc4d7a06cdded37d36e420acd31ff5a38a9821a837,63d45b8357ccd208b816aadc4d7a06cdded37d36e420acd31ff5a38a9821a837,1,
region-state-38,1,"{""arg"":1976}","{""r"":-3}",63d45b8357ccd208b816aadc4d7a06cdded37d36e420acd31ff5a38a9821a837,63d45b8357ccd208b816aadc4d7a06cdded37d36e420acd31ff5a38a9821a837,1,
region-state-38,2,"{""arg"":1977}","{""r"":-2}",63d45b8357ccd208b816aadc4d7a06cdded37d36e420acd31ff5a38a9821a837,63d45b8357ccd208b816aadc4d7a06cdded37d36e420acd31ff5a38a9821a837,1,
region-state-38,3,"{""arg"":1978}","{""r"":-1}",63d45b8357ccd208b816aadc4d7a06cdded37d36e420acd31ff5a38a9821a837,63d45b8357ccd208b816aadc4d7a06cdded37d36e420acd31ff5a38a9821a837,1,
region-state-38,4,"{""arg"":1979}","{""r"":0}",63d45b8357ccd208b816aadc4d7a06cdded37d36e420acd31ff5a38a9821a837,63d45b8357ccd208b816aadc4d7a06cdded37d36e420acd31ff5a38a9821a837,1,
region-state-38,5,"{""arg"":1980}","{""r"":1}",63d45b8357ccd208b816aadc4d7a06cdded37d36e420acd31ff5a38a9821a837,63d45b8357ccd208b816aadc4d7a06cdded37d36e420acd31ff5a38a9821a837,1,
region-state-38,6,"{""arg"":1981}","{""r"":2}",63d45b8357ccd208b816aadc4d7a06cdded37d36e420acd31ff5a38a9821a837,63d45b8357ccd208b816aadc4d7a06cdded37d36e420acd31ff5a38a9821a837,1,
region-state-38,7,"{""arg"":1982}","{""r"":3}",63d45b8357ccd208b816aadc4d7a06cdded37d36e420acd31ff5a38a9821a837,63d45b8357ccd208b816aadc4d7a06cdded37d36e420acd31ff5a38a9821a837,1,
region-state-39,0,"{""arg"":1992}","{""r"":-4}",bf2862bf1ec53209c2a1029b5b2fc7748abc2241c300ab3c06e5d04f724231f3,bf2862bf1ec53209c2a1029b5b2fc7748abc2241c300ab3c06e5d04f724231f3,1,
region-state-39,1,"{""arg"":1993}","{""r"":-3}",bf2862bf1ec53209c2a1029b5b2fc7748abc2241c300ab3c06e5d04f724231f3,bf2862bf1ec53209c2a1029b5b2fc7748abc2241c300ab3c06e5d04f724231f3,1,
region-state-39,2,"{""arg"":1994}","{""r"":-2}",bf2862bf1ec53209c2a1029b5b2fc7748abc2241c300ab3c06e5d04f724231f3,bf2862bf1ec53209c2a1029b5b2fc7748abc2241c300ab3c06e5d04f724231f3,1,
region-state-39,3,"{""arg"":1995}","{""r"":-1}",bf2862bf1ec53209c2a1029b5b2fc7748abc2241c300ab3c06e5d04f724231f3,bf2862bf1ec53209c2a1029b5b2fc7748abc2241c300ab3c06e5d04f724231f3,1,
region-state-39,4,"{""arg"":1996}","{""r"":0}",bf2862bf1ec53209c2a1029b5b2fc7748abc2241c300ab3c06e5d04f724231f3,bf2862bf1ec53209c2a1029b5b2fc7748abc2241c300ab3c06e5d04f724231f3,1,
region-state-39,5,"{""arg"":1997}","{""r"":1}",bf2862bf1ec53209c2a1029b5b2fc7748abc2241c300ab3c06e5d04f724231f3,bf2862bf1ec53209c2a1029b5b2fc7748abc2241c300ab3c06e5d04f724231f3,1,
region-state-39,6,"{""arg"":1998}","{""r"":2}",bf2862bf1ec53209c2a1029b5b2fc7748abc2241c300ab3c06e5d04f724231f3,bf2862bf1ec53209c2a1029b5b2fc7748abc2241c300ab3c06e5d04f724231f3,1,
region-state-39,7,"{""arg"":1999}","{""r"":3}",bf2862bf1ec53209c2a1029b5b2fc7748abc2241c300ab3c06e5d04f724231f3,bf2862bf1ec53209c2a1029b5b2fc7748abc2241c300ab3c06e5d04f724231f3,1,
ordered-trace-00,0,"{""arg"":2009}","{""r"":-4}",fa71e12dca86bf70a7e5a5bc17eb62ab88f85f36ad763e352426822c3ddd0c2d,fa71e12dca86bf70a7e5a5bc17eb62ab88f85f36ad763e352426822c3ddd0c2d,1,
ordered-trace-00,1,"{""arg"":2010}","{""r"":-3}",42d5ba4af3a76c49772f0243ed0a58e0d3a722889a73fe6af7327e98af0bd962,42d5ba4af3a76c49772f0243ed0a58e0d3a722889a73fe6af7327e98af0bd962,1,
ordered-trace-00,2,"{""arg"":2011}","{""r"":-2}",ddaf115fedc09df25e550d61cbad37fef3baef65479482d8bed0acb68db1be20,ddaf115fedc09df25e550d61cbad37fef3baef65479482d8bed0acb68db1be20,1,
ordered-trace-00,3,"{""arg"":2012}","{""r"":-1}",673e237c39a8e786ec24fff168f36f357ad82c244a4f8ef88cf9cdb3feeecf27,673e237c39a8e786ec24fff168f36f357ad82c244a4f8ef88cf9cdb3feeecf27,1,
ordered-trace-00,4,"{""arg"":2013}","{""r"":0}",2f21d1fe5cabc98733bd371c88faabdcc3371f4e38a2fe33eacc8a76c805510c,2f21d1fe5cabc98733bd371c88faabdcc3371f4e38a2fe33eacc8a76c805510c,1,
ordered-trace-00,5,"{""arg"":2014}","{""r"":1}",a32579f5c6c5e80c009439aced52538b1eeaab7ccbbbe4a0ebbe58826e67239c,a32579f5c6c5e80c009439aced52538b1eeaab7ccbbbe4a0ebbe58826e67239c,1,
ordered-trace-00,6,"{""arg"":2015}","{""r"":2}",0ad2ba66fab5324db70879144eaaa847849754c19b4cae44dcd43e8d7d681337,0ad2ba66fab5324db70879144eaaa847849754c19b4cae44dcd43e8d7d681337,1,
ordered-trace-00,7,"{""arg"":2016}","{""r"":3}",e4e9784c4b003256178d49c0cf14a41c0c153a75c8eee3076cc365b1f33c81d5,e4e9784c4b003256178d49c0cf14a41c0c153a75c8eee3076cc365b1f33c81d5,1,
ordered-trace-01,0,"{""arg"":2026}","{""r"":-4}",0c41e7397cd063f3ada0db520654ba459905cfaccdf19de920f3c87fc17fb688,0c41e7397cd063f3ada0db520654ba459905cfaccdf19de920f3c87fc17fb688,1,
ordered-trace-01,1,"{""arg"":2027}","{""r"":-3}",7af9ea9c5e487ef30a22b39ef70f9e5740917dcf491e306ceab527f03df995a2,7af9ea9c5e487ef30a22b39ef70f9e5740917dcf491e306ceab527f03df995a2,1,
ordered-trace-01,2,"{""arg"":2028}","{""r"":-2}",473158fb6f65fcc2620c4c4f87a7629c4fd3ce34aa87c75a8f31a2ca3e45a5a1,473158fb6f65fcc2620c4c4f87a7629c4fd3ce34aa87c75a8f31a2ca3e45a5a1,1,
ordered-trace-01,3,"{""arg"":2029}","{""r"":-1}",a522b4c2ea3fdf3d6311d21970c57bb67f96d7c15ebb495427c0fd7d716c9d86,a522b4c2ea3fdf3d6311d21970c57bb67f96d7c15ebb495427c0fd7d716c9d86,1,
ordered-trace-01,4,"{""arg"":2030}","{""r"":0}",d59569b6f9b7a7b15f32b864d48923512643b4c99b555de5c39c31da9a7b3d19,d59569b6f9b7a7b15f32b864d48923512643b4c99b555de5c39c31da9a7b3d19,1,
ordered-trace-01,5,"{""arg"":2031}","{""r"":1}",2f2b26e9505bd31e84c8588584b515b6ab2a84b5a243d235d013b5e206fe9135,2f2b26e9505bd31e84c8588584b515b6ab2a84b5a243d235d013b5e206fe9135,1,
ordered-trace-01,6,"{""arg"":2032}","{""r"":2}",247c7604fed4e012460ef9c3cbf20d509e972d0fca369f6dfe0b988ccb3c5df6,247c7604fed4e012460ef9c3cbf20d509e972d0fca369f6dfe0b988ccb3c5df6,1,
ordered-trace-01,7,"{""arg"":2033}","{""r"":3}",7329bde0e8a032a706a77e5531d686a6494e5de62544daaf11a0b533ed4b2186,7329bde0e8a032a706a77e5531d686a6494e5de62544daaf11a0b533ed4b2186,1,
ordered-trace-02,0,"{""arg"":2043}","{""r"":-4}",236f7af7619f7aefbc6db9342c8577ad32ec899674f7e7e32755eb3ea01b354f,236f7af7619f7aefbc6db9342c8577ad32ec899674f7e7e32755eb3ea01b354f,1,
ordered-trace-02,1,"{""arg"":2044}","{""r"":-3}",bae5ae3ab1522c68efb97ea01f65a95640237deda1985aaac6e80c51b1264254,bae5ae3ab1522c68efb97ea01f65a95640237deda1985aaac6e80c51b1264254,1,
ordered-trace-02,2,"{""arg"":2045}","{""r"":-2}",34dc4939636401b1556323a72bb8db59ea6880ffa14d43d3c1247c1d27ceae4f,34dc4939636401b1556323a72bb8db59ea6880ffa14d43d3c1247c1d27ceae4f,1,
ordered-trace-02,3,"{""arg"":2046}","{""r"":-1}",0135292e0228aaf4b50c84b3935d6b72a110e89c49387f86accf1691d3bee1e1,0135292e0228aaf4b50c84b3935d6b72a110e89c49387f86accf1691d3bee1e1,1,
ordered-trace-02,4,"{""arg"":2047}","{""r"":0}",2437dfd1942cf718a14ed4b969f658e33c7e38038f555ecea74f80b9d4bdd523,2437dfd1942cf718a14ed4b969f658e33c7e38038f555ecea74f80b9d4bdd523,1,
ordered-trace-02,5,"{""arg"":2048}","{""r"":1}",d74a4fee2444a5d086673e540de0b516f2f68bf17eba879eac42f51ee7dff4cd,d74a4fee2444a5d086673e540de0b516f2f68bf17eba879eac42f51ee7dff4cd,1,
ordered-trace-02,6,"{""arg"":2049}","{""r"":2}",119220d48d5ff563295a31613ada9aa40323cb0fee7de55cdddbb739027a1520,119220d48d5ff563295a31613ada9aa40323cb0fee7de55cdddbb739027a1520,1,
ordered-trace-02,7,"{""arg"":2050}","{""r"":3}",f95a4a1152de7e9aeedc231ee91dff93b1fa40069f1a16e457b101d3d0cc0a61,f95a4a1152de7e9aeedc231ee91dff93b1fa40069f1a16e457b101d3d0cc0a61,1,
ordered-trace-03,0,"{""arg"":2060}","{""r"":-4}",6a403148a120ba3d2cacac4aa152d39f5a4408258ef5265dc0de567ee9108ae9,6a403148a120ba3d2cacac4aa152d39f5a4408258ef5265dc0de567ee9108ae9,1,
ordered-trace-03,1,"{""arg"":2061}","{""r"":-3}",6c3a43b3c8f4330b1803600267893f5f9088c389762b27cf3a4970f8dd626a2f,6c3a43b3c8f4330b1803600267893f5f9088c389762b27cf3a4970f8dd626a2f,1,
ordered-trace-03,2,"{""arg"":2062}","{""r"":-2}",daee9126bd3048106e8524651ff99c71fed65386a6a532b10b4c692b4f3fb317,daee9126bd3048106e8524651ff99c71fed65386a6a532b10b4c692b4f3fb317,1,
ordered-trace-03,3,"{""arg"":2063}","{""r"":-1}",11d31fcb732d84bded96ff8eee3f7fd9666b5e99ec5aeae7762c8b505d807950,11d31fcb732d84bded96ff8eee3f7fd9666b5e99ec5aeae7762c8b505d807950,1,
ordered-trace-03,4,"{""arg"":2064}","{""r"":0}",303e71212f727e25f63b579365a1cbf585964ff37999589efabe5a0357efca33,303e71212f727e25f63b579365a1cbf585964ff37999589efabe5a0357efca33,1,
ordered-trace-03,5,"{""arg"":2065}","{""r"":1}",fa55884a78d39563091cfdc6355f7d84a0bad0b7b8071258f03748ab37233103,fa55884a78d39563091cfdc6355f7d84a0bad0b7b8071258f03748ab37233103,1,
ordered-trace-03,6,"{""arg"":2066}","{""r"":2}",2e3b249a2be2f83811eff72940b13cf0d74d59b515c29ddddbcdb2e17bbeb8d8,2e3b249a2be2f83811eff72940b13cf0d74d59b515c29ddddbcdb2e17bbeb8d8,1,
ordered-trace-03,7,"{""arg"":2067}","{""r"":3}",28753219327a314d75868000a182a94cb9ed868107d4b24e346e95489904d6fb,28753219327a314d75868000a182a94cb9ed868107d4b24e346e95489904d6fb,1,
ordered-trace-04,0,"{""arg"":2077}","{""r"":-4}",8709848df2cfdcfe0ec524b688a119f4935789d22ab42d447e13f22d147ec291,8709848df2cfdcfe0ec524b688a119f4935789d22ab42d447e13f22d147ec291,1,
ordered-trace-04,1,"{""arg"":2078}","{""r"":-3}",7f58a99bc70ec25e887dfcd82f3690885d91a129b0a101bca739e045bc29d01e,7f58a99bc70ec25e887dfcd82f3690885d91a129b0a101bca739e045bc29d01e,1,
ordered-trace-04,2,"{""arg"":2079}","{""r"":-2}",21c59f853e7b59bbd9a8bc436fa5c432f7cdfe4a0fe6d73c193c3e2e8110d364,21c59f853e7b59bbd9a8bc436fa5c432f7cdfe4a0fe6d73c193c3e2e8110d364,1,
ordered-trace-04,3,"{""arg"":2080}","{""r"":-1}",030299533c50a82599efacb44319588c01ffa0ddf28a961f53d6990d2c8600cd,030299533c50a82599efacb44319588c01ffa0ddf28a961f53d6990d2c8600cd,1,
ordered-trace-04,4,"{""arg"":2081}","{""r"":0}",506cf9bcbf742e4cc62719fa9994c8307e0070edc38851e21eeb5b8a649a33d0,506cf9bcbf742e4cc62719fa9994c8307e0070edc38851e21eeb5b8a649a33d0,1,
ordered-trace-04,5,"{""arg"":2082}","{""r"":1}",67a3994fc8d5579d975904ca9c9085764feca4c9966f5a6303e77ba1fc10c960,67a3994fc8d5579d975904ca9c9085764feca4c9966f5a6303e77ba1fc10c960,1,
ordered-trace-04,6,"{""arg"":2083}","{""r"":2}",86e439a1cdae2b5d204bc97866c9a67940acee629d5485a6e7b9a3907910353d,86e439a1cdae2b5d204bc97866c9a67940acee629d5485a6e7b9a3907910353d,1,
ordered-trace-04,7,"{""arg"":2084}","{""r"":3}",3968b0f14c4278f792b3e41a8ff49dd7e992672bf40acbfc37280b5e47bf8c3e,3968b0f14c4278f792b3e41a8ff49dd7e992672bf40acbfc37280b5e47bf8c3e,1,
ordered-trace-05,0,"{""arg"":2094}","{""r"":-4}",1a849ea828c73d3a400488c3d0358f98441419fda5579111e6c9de40e26ec783,1a849ea828c73d3a400488c3d0358f98441419fda5579111e6c9de40e26ec783,1,
ordered-trace-05,1,"{""arg"":2095}","{""r"":-3}",3921e97beb10efc2e95870afb28b0c133d8efd993b947305d84e833253e64870,3921e97beb10efc2e95870afb28b0c133d8efd993b947305d84e833253e64870,1,
ordered-trace-05,2,"{""arg"":2096}","{""r"":-2}",05ce9befed47db2f0382a10989bb84d38f89edd77f6de00ad6322ebc154981fb,05ce9befed47db2f0382a10989bb84d38f89edd77f6de00ad6322ebc154981fb,1,
ordered-trace-05,3,"{""arg"":2097}","{""r"":-1}",3dcf5f8fe67e79ec44c090f1029dee572492333d73d2e381d1e0e5fa882af3b1,3dcf5f8fe67e79ec44c090f1029dee572492333d73d2e381d1e0e5fa882af3b1,1,
ordered-trace-05,4,"{""arg"":2098}","{""r"":0}",554b357252c27eef01d7a65e34662f8387473bbcae9e30389db2929fe4c00b96,554b357252c27eef01d7a65e34662f8387473bbcae9e30389db2929fe4c00b96,1,
ordered-trace-05,5,"{""arg"":2099}","{""r"":1}",556247df0f7236d533454faff6c62f8220691ff6d89d54b4ff3a2ef0c09546c3,556247df0f7236d533454faff6c62f8220691ff6d89d54b4ff3a2ef0c09546c3,1,
ordered-trace-05,6,"{""arg"":2100}","{""r"":2}",728bf2f4f27622adb4077a465eb0d181e49a6e42d6651a3a956c53094c973988,728bf2f4f27622adb4077a465eb0d181e49a6e42d6651a3a956c53094c973988,1,
ordered-trace-05,7,"{""arg"":2101}","{""r"":3}",21bcd80049dc1c35bfa57e31347d401052ae6219ac37d172792bf9798ceabede,21bcd80049dc1c35bfa57e31347d401052ae6219ac37d172792bf9798ceabede,1,
ordered-trace-06,0,"{""arg"":2111}","{""r"":-4}",77e1fce3b6711469fe6ad43bedd7b332eb00cdfda404f2dad6f52037962b8284,77e1fce3b6711469fe6ad43bedd7b332eb00cdfda404f2dad6f52037962b8284,1,
ordered-trace-06,1,"{""arg"":2112}","{""r"":-3}",f2d0b6a19859151ab66bc80c1e5dea5e16fab45903e4f53bbb31883c1e89cad6,f2d0b6a19859151ab66bc80c1e5dea5e16fab45903e4f53bbb31883c1e89cad6,1,
ordered-trace-06,2,"{""arg"":2113}","{""r"":-2}",a9aa3f375cabc3b1dc57294074580e5279426c72b60e3c8a9d337463379959cb,a9aa3f375cabc3b1dc57294074580e5279426c72b60e3c8a9d337463379959cb,1,
ordered-trace-06,3,"{""arg"":2114}","{""r"":-1}",a652b17567917d56c0a82da558c7183e9523bc9095cf425dcd0eda9e80030a94,a652b17567917d56c0a82da558c7183e9523bc9095cf425dcd0eda9e80030a94,1,
ordered-trace-06,4,"{""arg"":2115}","{""r"":0}",8b418c75402d419460b646b3f9af59b8202de45e376a7c2d73d7bc7bc561a10f,8b418c75402d419460b646b3f9af59b8202de45e376a7c2d73d7bc7bc561a10f,1,
ordered-trace-06,5,"{""arg"":2116}","{""r"":1}",dafdf7468575e8dcbc789ccd05be6bd11dce2bd35eebb7d26aafb1f64a640dbe,dafdf7468575e8dcbc789ccd05be6bd11dce2bd35eebb7d26aafb1f64a640dbe,1,
ordered-trace-06,6,"{""arg"":2117}","{""r"":2}",33bb135d4432e14397d864151aeeb6fcf23fda8f930f70d9d5096afcae748f71,33bb135d4432e14397d864151aeeb6fcf23fda8f930f70d9d5096afcae748f71,1,
ordered-trace-06,7,"{""arg"":2118}","{""r"":3}",5ef4894a3b14e0c27ef17a470c47877263933c24d4e0e38abddeaf1a392d134f,5ef4894a3b14e0c27ef17a470c47877263933c24d4e0e38abddeaf1a392d134f,1,
ordered-trace-07,0,"{""arg"":2128}","{""r"":-4}",c378da19c36ac89d63b650a1cbfc4befd98b2d5227d6a1ad6c95716383364772,c378da19c36ac89d63b650a1cbfc4befd98b2d5227d6a1ad6c95716383364772,1,
ordered-trace-07,1,"{""arg"":2129}","{""r"":-3}",746e9c34b7f85ed70fcf92e3bfe4258ad9bf8d5f2c0f49b12d53c608c1f6605a,746e9c34b7f85ed70fcf92e3bfe4258ad9bf8d5f2c0f49b12d53c608c1f6605a,1,
ordered-trace-07,2,"{""arg"":2130}","{""r"":-2}",8ae341c2406e1470c3131fccbd7e74c6a4fb1934c29119b116974aa992e40c7f,8ae341c2406e1470c3131fccbd7e74c6a4fb1934c29119b116974aa992e40c7f,1,
ordered-trace-07,3,"{""arg"":2131}","{""r"":-1}",4caf24aeb0737d5466d4702e326044ad7dff194e5eb49651c273c5058ae3613f,4caf24aeb0737d5466d4702e326044ad7dff194e5eb49651c273c5058ae3613f,1,
ordered-trace-07,4,"{""arg"":2132}","{""r"":0}",58afade59cd67c96283723dc7a57658f76368f5db542c2ae7b70abd97188bfbd,58afade59cd67c96283723dc7a57658f76368f5db542c2ae7b70abd97188bfbd,1,
ordered-trace-07,5,"{""arg"":2133}","{""r"":1}",2f764ec5b6588493f29c7a31d73e654d4c3b0090924fc794fca80f941c8505c5,2f764ec5b6588493f29c7a31d73e654d4c3b0090924fc794fca80f941c8505c5,1,
ordered-trace-07,6,"{""arg"":2134}","{""r"":2}",1a4593c3f22c32d8e7408797d256f0a140e99de30a5659045307e44ca4a81ca7,1a4593c3f22c32d8e7408797d256f0a140e99de30a5659045307e44ca4a81ca7,1,
ordered-trace-07,7,"{""arg"":2135}","{""r"":3}",9df3d3f73d4db09f563ba06d4ebeda1caf6cd8282359bb6c60582368b6713af7,9df3d3f73d4db09f563ba06d4ebeda1caf6cd8282359bb6c60582368b6713af7,1,
ordered-trace-08,0,"{""arg"":2145}","{""r"":-4}",c884e3640a381f9adc2d6a404e53861b86df86b2f759b69eb962dcb807eb6fdd,c884e3640a381f9adc2d6a404e53861b86df86b2f759b69eb962dcb807eb6fdd,1,
ordered-trace-08,1,"{""arg"":2146}","{""r"":-3}",6271f59e926ca7b183378a4bc9034cdb3208f6af9c914bb002ad3543bdfe77e7,6271f59e926ca7b183378a4bc9034cdb3208f6af9c914bb002ad3543bdfe77e7,1,
ordered-trace-08,2,"{""arg"":2147}","{""r"":-2}",9251c91ef8efdbb60671be5adab3c27ce14e04093b5b1e98457260b1bad27978,9251c91ef8efdbb60671be5adab3c27ce14e04093b5b1e98457260b1bad27978,1,
ordered-trace-08,3,"{""arg"":2148}","{""r"":-1}",2c330de73fe708714556ae59ed4aa20cac75cdc56b0a70df727813bf437d0a4b,2c330de73fe708714556ae59ed4aa20cac75cdc56b0a70df727813bf437d0a4b,1,
ordered-trace-08,4,"{""arg"":2149}","{""r"":0}",1624bb355b39fd374c1eadf39a3371caa40909d7872c2615821b3938fe03f0c3,1624bb355b39fd374c1eadf39a3371caa40909d7872c2615821b3938fe03f0c3,1,
ordered-trace-08,5,"{""arg"":2150}","{""r"":1}",1cbc105541342d7a34b77f75a0984b20a7974ea46fa6f6a8d4d0d989c7b5c01e,1cbc105541342d7a34b77f75a0984b20a7974ea46fa6f6a8d4d0d989c7b5c01e,1,
ordered-trace-08,6,"{""arg"":2151}","{""r"":2}",33d9ff4f8246b4fae0e7c27f44ffa08c0fc026d8e0907037259d0bdcc719ab12,33d9ff4f8246b4fae0e7c27f44ffa08c0fc026d8e0907037259d0bdcc719ab12,1,
ordered-trace-08,7,"{""arg"":2152}","{""r"":3}",316a946efd2d3ca9d105e4dfddff273a5962c3f7f084056ea505df1f78307802,316a946efd2d3ca9d105e4dfddff273a5962c3f7f084056ea505df1f78307802,1,
ordered-trace-09,0,"{""arg"":2162}","{""r"":-4}",4cfc4398664992635d5bd0152148c14e15c0564fcbf747157cda87f5f41aa10c,4cfc4398664992635d5bd0152148c14e15c0564fcbf747157cda87f5f41aa10c,1,
ordered-trace-09,1,"{""arg"":2163}","{""r"":-3}",717c7deab716816712266ba32389fb9e4c9d1abd6f30132280e3e44414e6f92f,717c7deab716816712266ba32389fb9e4c9d1abd6f30132280e3e44414e6f92f,1,
ordered-trace-09,2,"{""arg"":2164}","{""r"":-2}",cac128b02a069d9d8d02569b0052366badf5aed29b2082ea196216b0d447846e,cac128b02a069d9d8d02569b0052366badf5aed29b2082ea196216b0d447846e,1,
ordered-trace-09,3,"{""arg"":2165}","{""r"":-1}",b27a692d97d3f6feeb7eca99f37782e6a4e39e2d16ff0cb9a23d4a7209b28ba3,b27a692d97d3f6feeb7eca99f37782e6a4e39e2d16ff0cb9a23d4a7209b28ba3,1,
ordered-trace-09,4,"{""arg"":2166}","{""r"":0}",291c59d97b6053ee9e3ec5bf648308988e93a0f8c7a88603f4df34edceb0e2ac,291c59d97b6053ee9e3ec5bf648308988e93a0f8c7a88603f4df34edceb0e2ac,1,
ordered-trace-09,5,"{""arg"":2167}","{""r"":1}",c072b82fbe38423cdb8db9b8f0517cf20a7cde65a1ade6ece8d45d377a872297,c072b82fbe38423cdb8db9b8f0517cf20a7cde65a1ade6ece8d45d377a872297,1,
ordered-trace-09,6,"{""arg"":2168}","{""r"":2}",d25514f29031971e682a7788c75acae5ebb00ffbe4ad9684caf54dabdd004bec,d25514f29031971e682a7788c75acae5ebb00ffbe4ad9684caf54dabdd004bec,1,
ordered-trace-09,7,"{""arg"":2169}","{""r"":3}",b77006ec2a7bb63943f052187cc509ba1156baa1cf9b39ad4bc9e35e6d815b59,b77006ec2a7bb63943f052187cc509ba1156baa1cf9b39ad4bc9e35e6d815b59,1,
ordered-trace-10,0,"{""arg"":2179}","{""r"":-4}",a19f645682115fdce7c08c58d3b069893f10cd7549f725f81e68b52e8cca16df,a19f645682115fdce7c08c58d3b069893f10cd7549f725f81e68b52e8cca16df,1,
ordered-trace-10,1,"{""arg"":2180}","{""r"":-3}",6212ca620f87875fc21d93538960fa98cf7fe50fcdcb5ffffcdc905b757d0941,6212ca620f87875fc21d93538960fa98cf7fe50fcdcb5ffffcdc905b757d0941,1,
ordered-trace-10,2,"{""arg"":2181}","{""r"":-2}",605cc3dcfa23010838685452f0a9cf9d480b4da2c33d04a2fcd7c42c6e4b06b9,605cc3dcfa23010838685452f0a9cf9d480b4da2c33d04a2fcd7c42c6e4b06b9,1,
ordered-trace-10,3,"{""arg"":2182}","{""r"":-1}",e2b20905fedf2b074b3e1214856bd8fa5259095959af6f6e496e1ddd4f01ed01,e2b20905fedf2b074b3e1214856bd8fa5259095959af6f6e496e1ddd4f01ed01,1,
ordered-trace-10,4,"{""arg"":2183}","{""r"":0}",9c7de984ed9a3bd49e5b39a5423a2fc65b76f152d221fa8f007c9ab9cef036f9,9c7de984ed9a3bd49e5b39a5423a2fc65b76f152d221fa8f007c9ab9cef036f9,1,
ordered-trace-10,5,"{""arg"":2184}","{""r"":1}",b0921d548f8df4654bb0db2e44018da347f410710719fb5ef8d3f0b1e7c0691a,b0921d548f8df4654bb0db2e44018da347f410710719fb5ef8d3f0b1e7c0691a,1,
ordered-trace-10,6,"{""arg"":2185}","{""r"":2}",62fbb0a94b5d0e19ba5dd21bd853524a1b5d4371b7ce0e84344e5107f1c6092f,62fbb0a94b5d0e19ba5dd21bd853524a1b5d4371b7ce0e84344e5107f1c6092f,1,
ordered-trace-10,7,"{""arg"":2186}","{""r"":3}",e98f155da08456c5aecadd6bb3a94676f94570af93e83333671dbc5835dc9b91,e98f155da08456c5aecadd6bb3a94676f94570af93e83333671dbc5835dc9b91,1,
ordered-trace-11,0,"{""arg"":2196}","{""r"":-4}",7320af0e19beebfab898325f6ecaf3fa59072e71ac5a397a23bece126718ad55,7320af0e19beebfab898325f6ecaf3fa59072e71ac5a397a23bece126718ad55,1,
ordered-trace-11,1,"{""arg"":2197}","{""r"":-3}",8da4339d7e8101d8cb199bfe4b2f0548b2a5d2b33a0eb1608b5017733a7095ff,8da4339d7e8101d8cb199bfe4b2f0548b2a5d2b33a0eb1608b5017733a7095ff,1,
ordered-trace-11,2,"{""arg"":2198}","{""r"":-2}",04ef0dab0001b75596e820503d373250cf36a7cbc0c95127827672744a63f1fb,04ef0dab0001b75596e820503d373250cf36a7cbc0c95127827672744a63f1fb,1,
ordered-trace-11,3,"{""arg"":2199}","{""r"":-1}",fd2f665354f2b80998808a4cbf1229942093be845a30c9da8f7f65563521324d,fd2f665354f2b80998808a4cbf1229942093be845a30c9da8f7f65563521324d,1,
ordered-trace-11,4,"{""arg"":2200}","{""r"":0}",69fd4c240e999b24f6311d39a9af8405c0fbc452b7ff187e76ea2d98c3a95c8e,69fd4c240e999b24f6311d39a9af8405c0fbc452b7ff187e76ea2d98c3a95c8e,1,
ordered-trace-11,5,"{""arg"":2201}","{""r"":1}",807cd140599ebb5bab663456f0b0f613bd1e8e499183e98bfe0fcded3601d30e,807cd140599ebb5bab663456f0b0f613bd1e8e499183e98bfe0fcded3601d30e,1,
ordered-trace-11,6,"{""arg"":2202}","{""r"":2}",c75331611189d9330a298d15bec369af7cb9223b989a8d73ecd846cc809eb723,c75331611189d9330a298d15bec369af7cb9223b989a8d73ecd846cc809eb723,1,
ordered-trace-11,7,"{""arg"":2203}","{""r"":3}",6aca49dd4f36c124d837dc165bac5902c4dbfaee12734ca0206541d51f9ed24f,6aca49dd4f36c124d837dc165bac5902c4dbfaee12734ca0206541d51f9ed24f,1,
ordered-trace-12,0,"{""arg"":2213}","{""r"":-4}",cbf7692226dc76220b3a23c45427ae7f9f33a6624ad38066ffdd0b4e877f73ef,cbf7692226dc76220b3a23c45427ae7f9f33a6624ad38066ffdd0b4e877f73ef,1,
ordered-trace-12,1,"{""arg"":2214}","{""r"":-3}",be6aa293c77bc692937c44d6b5eacd7d427225ab173f92cfe0cfb40f02502645,be6aa293c77bc692937c44d6b5eacd7d427225ab173f92cfe0cfb40f02502645,1,
ordered-trace-12,2,"{""arg"":2215}","{""r"":-2}",3bca0992a42d95ddf799c90be1f7cff9fce477443008c0c8794c4b0bdb1c6580,3bca0992a42d95ddf799c90be1f7cff9fce477443008c0c8794c4b0bdb1c6580,1,
ordered-trace-12,3,"{""arg"":2216}","{""r"":-1}",4bb18dc95e9b6ad6d504efd9f095e74ddd5f85f6dd271f008f963a324b59eff6,4bb18dc95e9b6ad6d504efd9f095e74ddd5f85f6dd271f008f963a324b59eff6,1,
ordered-trace-12,4,"{""arg"":2217}","{""r"":0}",756430b5dfa6403c7b85b3d0f2e09f6be117801467489b57ebb00f0b5c18da32,756430b5dfa6403c7b85b3d0f2e09f6be117801467489b57ebb00f0b5c18da32,1,
ordered-trace-12,5,"{""arg"":2218}","{""r"":1}",8257bdc6237452bac65fb7c1599faebe375d1bbb30a9d10c74315dbfe9f27d75,8257bdc6237452bac65fb7c1599faebe375d1bbb30a9d10c74315dbfe9f27d75,1,
ordered-trace-12,6,"{""arg"":2219}","{""r"":2}",f227eefc963212ad419b877a5f014f867e7f825fd178d7ced2226436b86d4eab,f227eefc963212ad419b877a5f014f867e7f825fd178d7ced2226436b86d4eab,1,
ordered-trace-12,7,"{""arg"":2220}","{""r"":3}",d2c0447331f55084a113d11624700c720e7bfcc6ad0548305913a9346b0567d3,d2c0447331f55084a113d11624700c720e7bfcc6ad0548305913a9346b0567d3,1,
ordered-trace-13,0,"{""arg"":2230}","{""r"":-4}",fd06fa5b26555968d6de50b9ab658a3dce622f0ed039c4235ce36cc5c36f33f7,fd06fa5b26555968d6de50b9ab658a3dce622f0ed039c4235ce36cc5c36f33f7,1,
ordered-trace-13,1,"{""arg"":2231}","{""r"":-3}",e5a1cbfaaf384a293aac87751a8195beac8d8623916115489e6c7a2c99cc54a8,e5a1cbfaaf384a293aac87751a8195beac8d8623916115489e6c7a2c99cc54a8,1,
ordered-trace-13,2,"{""arg"":2232}","{""r"":-2}",e853e21bd0f5c7d0d7a9b5bb3e9f177511503e79aaff12da9b9a2c69c80d744d,e853e21bd0f5c7d0d7a9b5bb3e9f177511503e79aaff12da9b9a2c69c80d744d,1,
ordered-trace-13,3,"{""arg"":2233}","{""r"":-1}",93a70a9806be0059bce2ac40d234627e5ff40bc93f188480cbdf6a900ac28817,93a70a9806be0059bce2ac40d234627e5ff40bc93f188480cbdf6a900ac28817,1,
ordered-trace-13,4,"{""arg"":2234}","{""r"":0}",623e81f8d819faf5082880e6feb412396ffc6891793ca4e7f7249e84b623fa5d,623e81f8d819faf5082880e6feb412396ffc6891793ca4e7f7249e84b623fa5d,1,
ordered-trace-13,5,"{""arg"":2235}","{""r"":1}",d8a9d06cb269dcb2830e235706855fde83da294b4b9df02f0122fbe10a285924,d8a9d06cb269dcb2830e235706855fde83da294b4b9df02f0122fbe10a285924,1,
ordered-trace-13,6,"{""arg"":2236}","{""r"":2}",194a30aa1e69cbe18d218f86ccffd89f67092c4bcc164cbe83af3d4be149230b,194a30aa1e69cbe18d218f86ccffd89f67092c4bcc164cbe83af3d4be149230b,1,
ordered-trace-13,7,"{""arg"":2237}","{""r"":3}",68f26b500155d080a4113cae441900dfcd1773ccd0e3d25bb21ea4de4f94f4a5,68f26b500155d080a4113cae441900dfcd1773ccd0e3d25bb21ea4de4f94f4a5,1,
ordered-trace-14,0,"{""arg"":2247}","{""r"":-4}",77e1fce3b6711469fe6ad43bedd7b332eb00cdfda404f2dad6f52037962b8284,77e1fce3b6711469fe6ad43bedd7b332eb00cdfda404f2dad6f52037962b8284,1,
ordered-trace-14,1,"{""arg"":2248}","{""r"":-3}",f2d0b6a19859151ab66bc80c1e5dea5e16fab45903e4f53bbb31883c1e89cad6,f2d0b6a19859151ab66bc80c1e5dea5e16fab45903e4f53bbb31883c1e89cad6,1,
ordered-trace-14,2,"{""arg"":2249}","{""r"":-2}",a9aa3f375cabc3b1dc57294074580e5279426c72b60e3c8a9d337463379959cb,a9aa3f375cabc3b1dc57294074580e5279426c72b60e3c8a9d337463379959cb,1,
ordered-trace-14,3,"{""arg"":2250}","{""r"":-1}",a652b17567917d56c0a82da558c7183e9523bc9095cf425dcd0eda9e80030a94,a652b17567917d56c0a82da558c7183e9523bc9095cf425dcd0eda9e80030a94,1,
ordered-trace-14,4,"{""arg"":2251}","{""r"":0}",8b418c75402d419460b646b3f9af59b8202de45e376a7c2d73d7bc7bc561a10f,8b418c75402d419460b646b3f9af59b8202de45e376a7c2d73d7bc7bc561a10f,1,
ordered-trace-14,5,"{""arg"":2252}","{""r"":1}",dafdf7468575e8dcbc789ccd05be6bd11dce2bd35eebb7d26aafb1f64a640dbe,dafdf7468575e8dcbc789ccd05be6bd11dce2bd35eebb7d26aafb1f64a640dbe,1,
ordered-trace-14,6,"{""arg"":2253}","{""r"":2}",33bb135d4432e14397d864151aeeb6fcf23fda8f930f70d9d5096afcae748f71,33bb135d4432e14397d864151aeeb6fcf23fda8f930f70d9d5096afcae748f71,1,
ordered-trace-14,7,"{""arg"":2254}","{""r"":3}",5ef4894a3b14e0c27ef17a470c47877263933c24d4e0e38abddeaf1a392d134f,5ef4894a3b14e0c27ef17a470c47877263933c24d4e0e38abddeaf1a392d134f,1,
ordered-trace-15,0,"{""arg"":2264}","{""r"":-4}",f1ea70122e2e9a16654f71b0ad62b87b04560f5d668bd5b47fa05befc50fc6a3,f1ea70122e2e9a16654f71b0ad62b87b04560f5d668bd5b47fa05befc50fc6a3,1,
ordered-trace-15,1,"{""arg"":2265}","{""r"":-3}",6018ed2954388cbf7df59d7a973c6c065da4352f0e6e958ee716dfe5d14f7121,6018ed2954388cbf7df59d7a973c6c065da4352f0e6e958ee716dfe5d14f7121,1,
ordered-trace-15,2,"{""arg"":2266}","{""r"":-2}",35963e50a5e7800d68dbe9924c2b94ba00d3964e6f128a7acaa9f3f416f7bec2,35963e50a5e7800d68dbe9924c2b94ba00d3964e6f128a7acaa9f3f416f7bec2,1,
ordered-trace-15,3,"{""arg"":2267}","{""r"":-1}",c69638e364dab1c8ac31306a96b6434ad27bd375581e77310e720d5354a0dadf,c69638e364dab1c8ac31306a96b6434ad27bd375581e77310e720d5354a0dadf,1,
ordered-trace-15,4,"{""arg"":2268}","{""r"":0}",7e8c84fad1227d44b309e0a642850234d7a772c0efa42fb50cf5dc2a2e4710ba,7e8c84fad1227d44b309e0a642850234d7a772c0efa42fb50cf5dc2a2e4710ba,1,
ordered-trace-15,5,"{""arg"":2269}","{""r"":1}",9fa0b659b27acd0e8df6a03443e472ca4ec60560b24458db0ec066582fc5ecb8,9fa0b659b27acd0e8df6a03443e472ca4ec60560b24458db0ec066582fc5ecb8,1,
ordered-trace-15,6,"{""arg"":2270}","{""r"":2}",f78d5c7ccb893db6c5e74c14aff813ce608a1de9bf6e3f51a0968f2a1a2a1310,f78d5c7ccb893db6c5e74c14aff813ce608a1de9bf6e3f51a0968f2a1a2a1310,1,
ordered-trace-15,7,"{""arg"":2271}","{""r"":3}",1d7c818d97563d7fd285454bbc49a318f367ef530ae64bf9249474527d4399be,1d7c818d97563d7fd285454bbc49a318f367ef530ae64bf9249474527d4399be,1,
ordered-trace-16,0,"{""arg"":2281}","{""r"":-4}",03b7950483e512276162a1418c38c21de5dcaa8fb8fecbc720dddcaa0a41e7f1,03b7950483e512276162a1418c38c21de5dcaa8fb8fecbc720dddcaa0a41e7f1,1,
ordered-trace-16,1,"{""arg"":2282}","{""r"":-3}",1450db16cc15a8d79bd572834887b9834806d51d70ec9ed2c52724c5c6b49256,1450db16cc15a8d79bd572834887b9834806d51d70ec9ed2c52724c5c6b49256,1,
ordered-trace-16,2,"{""arg"":2283}","{""r"":-2}",9cc45801e9ad0203236c7db2ef980f995a0e44699d703889c7b91609609dbf2e,9cc45801e9ad0203236c7db2ef980f995a0e44699d703889c7b91609609dbf2e,1,
ordered-trace-16,3,"{""arg"":2284}","{""r"":-1}",c6ede74b0a9c0043785fb27e82020c498985c5cfa79a9a46592d85d471516910,c6ede74b0a9c0043785fb27e82020c498985c5cfa79a9a46592d85d471516910,1,
ordered-trace-16,4,"{""arg"":2285}","{""r"":0}",aea63414e5c9ba4acbd312073bf96f941c1a0fde4fdd75c7c56f51ff5c4d524e,aea63414e5c9ba4acbd312073bf96f941c1a0fde4fdd75c7c56f51ff5c4d524e,1,
ordered-trace-16,5,"{""arg"":2286}","{""r"":1}",8d299a606aed98a6b7e0f331303d16edee1770a611415dfaf4560512164e06c2,8d299a606aed98a6b7e0f331303d16edee1770a611415dfaf4560512164e06c2,1,
ordered-trace-16,6,"{""arg"":2287}","{""r"":2}",6c7f9cf62bc88c998e365c1304cbfec6e2bac8281f46bccb36982e0c33fe07fd,6c7f9cf62bc88c998e365c1304cbfec6e2bac8281f46bccb36982e0c33fe07fd,1,
ordered-trace-16,7,"{""arg"":2288}","{""r"":3}",b74f68826e85f4bb7ac0506a79ff75a75bf3e608bdbf63e68711ada6f00cf6d1,b74f68826e85f4bb7ac0506a79ff75a75bf3e608bdbf63e68711ada6f00cf6d1,1,
ordered-trace-17,0,"{""arg"":2298}","{""r"":-4}",1f752e844fcc9fa7f8700cdf32d0e86efa46bb65409c4ee816a104ff94a232ff,1f752e844fcc9fa7f8700cdf32d0e86efa46bb65409c4ee816a104ff94a232ff,1,
ordered-trace-17,1,"{""arg"":2299}","{""r"":-3}",e9facc4f44a09eb875f01e67243fa4aac1d003cbdefd765847a4bc73946f4103,e9facc4f44a09eb875f01e67243fa4aac1d003cbdefd765847a4bc73946f4103,1,
ordered-trace-17,2,"{""arg"":2300}","{""r"":-2}",49149497d9b08ec3f5cd2b2a4cf8d44626a660da06dbb045326bb46ec7ba484f,49149497d9b08ec3f5cd2b2a4cf8d44626a660da06dbb045326bb46ec7ba484f,1,
ordered-trace-17,3,"{""arg"":2301}","{""r"":-1}",7f7ed8c7c821b59c89527e4decdcbf616b02f2c92a8fda242dfe884b42f80ef6,7f7ed8c7c821b59c89527e4decdcbf616b02f2c92a8fda242dfe884b42f80ef6,1,
ordered-trace-17,4,"{""arg"":2302}","{""r"":0}",3315c7fc48444ee206eea54bfa2f846c058428a710a0be637fbfa0992dbeddf9,3315c7fc48444ee206eea54bfa2f846c058428a710a0be637fbfa0992dbeddf9,1,
ordered-trace-17,5,"{""arg"":2303}","{""r"":1}",2954112d69611809813a8fd2ae6d0228d693f8533052d8e0461d3da22205a612,2954112d69611809813a8fd2ae6d0228d693f8533052d8e0461d3da22205a612,1,
ordered-trace-17,6,"{""arg"":2304}","{""r"":2}",d279e29b9f77f9bb161d4b13e5dd1a09ba215f304db942482ed0116b37a2eee9,d279e29b9f77f9bb161d4b13e5dd1a09ba215f304db942482ed0116b37a2eee9,1,
ordered-trace-17,7,"{""arg"":2305}","{""r"":3}",3346b1b905ff689743d83ccadb7d5ecf97ad68009fadc977b5549e7139872d4c,3346b1b905ff689743d83ccadb7d5ecf97ad68009fadc977b5549e7139872d4c,1,
ordered-trace-18,0,"{""arg"":2315}","{""r"":-4}",9abec84ce56ed39e12d9672d01efc3551cf13e49c3b28bfb537ff98528c25ac9,9abec84ce56ed39e12d9672d01efc3551cf13e49c3b28bfb537ff98528c25ac9,1,
ordered-trace-18,1,"{""arg"":2316}","{""r"":-3}",9b02edfc34eb9772947b32825829707f377f441829ac3a63dc79127fa19d8b0f,9b02edfc34eb9772947b32825829707f377f441829ac3a63dc79127fa19d8b0f,1,
ordered-trace-18,2,"{""arg"":2317}","{""r"":-2}",1fb81cc91298f926624b2be9a9bf6559f7a341d9370d50d0174a4bc28b9d933f,1fb81cc91298f926624b2be9a9bf6559f7a341d9370d50d0174a4bc28b9d933f,1,
ordered-trace-18,3,"{""arg"":2318}","{""r"":-1}",f1373807e791485344762298620f1c013c1593db40b7b9a4e6f4b7f71a025090,f1373807e791485344762298620f1c013c1593db40b7b9a4e6f4b7f71a025090,1,
ordered-trace-18,4,"{""arg"":2319}","{""r"":0}",3629b6cdb2da61a77cd09b211fc310db40fe7c61575f5060199fb7543cedc41f,3629b6cdb2da61a77cd09b211fc310db40fe7c61575f5060199fb7543cedc41f,1,
ordered-trace-18,5,"{""arg"":2320}","{""r"":1}",d68bb793b50d96765312aa7676fc42d54c1c45abaa71bbe705a02164305ae748,d68bb793b50d96765312aa7676fc42d54c1c45abaa71bbe705a02164305ae748,1,
ordered-trace-18,6,"{""arg"":2321}","{""r"":2}",e758d32cc55d3ac0ac08346b67f9c0fc2e7f311cbb7289e618053d8f1c389411,e758d32cc55d3ac0ac08346b67f9c0fc2e7f311cbb7289e618053d8f1c389411,1,
ordered-trace-18,7,"{""arg"":2322}","{""r"":3}",5976ee8c4bd862cb2ce8e6a20e7c8ec02b989014ece49d452953a1e624b6250e,5976ee8c4bd862cb2ce8e6a20e7c8ec02b989014ece49d452953a1e624b6250e,1,
ordered-trace-19,0,"{""arg"":2332}","{""r"":-4}",1edd39fadc642845bee19516bb70d9fbe2b05a4bd65f873b3481da319d8f5d9f,1edd39fadc642845bee19516bb70d9fbe2b05a4bd65f873b3481da319d8f5d9f,1,
ordered-trace-19,1,"{""arg"":2333}","{""r"":-3}",ecd9228c65033d328c08e3ac69573d792eeffb8ae63f458ed4e84c3dbdb191ed,ecd9228c65033d328c08e3ac69573d792eeffb8ae63f458ed4e84c3dbdb191ed,1,
ordered-trace-19,2,"{""arg"":2334}","{""r"":-2}",76f10d161943a5cc148df53c1bc078c1542f272f2c6d8f1eef488157628318cb,76f10d161943a5cc148df53c1bc078c1542f272f2c6d8f1eef488157628318cb,1,
ordered-trace-19,3,"{""arg"":2335}","{""r"":-1}",7a64091e14b0805351476eba27813727c5211db94ef6d6ce6941494c4634035e,7a64091e14b0805351476eba27813727c5211db94ef6d6ce6941494c4634035e,1,
ordered-trace-19,4,"{""arg"":2336}","{""r"":0}",075c7c2e69ffaaae5ebcd7d6f573c5f9bd94fb08c3c5c158f022cdddb2b7c6f5,075c7c2e69ffaaae5ebcd7d6f573c5f9bd94fb08c3c5c158f022cdddb2b7c6f5,1,
ordered-trace-19,5,"{""arg"":2337}","{""r"":1}",302477920a029fde20222ddb40b529d1f6808247f7f9e652107092436991ef0b,302477920a029fde20222ddb40b529d1f6808247f7f9e652107092436991ef0b,1,
ordered-trace-19,6,"{""arg"":2338}","{""r"":2}",46cdc74624301cb6c130d4266ffaba08d257e6af407f90fec31516f41b3b11c5,46cdc74624301cb6c130d4266ffaba08d257e6af407f90fec31516f41b3b11c5,1,
ordered-trace-19,7,"{""arg"":2339}","{""r"":3}",065f41bff5ce2ef6362ad91af7a434783d98e7961e103754a8cdb616501054ca,065f41bff5ce2ef6362ad91af7a434783d98e7961e103754a8cdb616501054ca,1,
ordered-trace-20,0,"{""arg"":2349}","{""r"":-4}",d2891b9ead83cdef0a0a5fd977bb3cc47336e0cbdb78006564d9ccea5f104059,d2891b9ead83cdef0a0a5fd977bb3cc47336e0cbdb78006564d9ccea5f104059,1,
ordered-trace-20,1,"{""arg"":2350}","{""r"":-3}",6e9330ee4a2378e77fb7c1cfc600a7932e404dbce96cd2b69d1c68725f551b91,6e9330ee4a2378e77fb7c1cfc600a7932e404dbce96cd2b69d1c68725f551b91,1,
ordered-trace-20,2,"{""arg"":2351}","{""r"":-2}",6f006ea6ccd8885e85c4a165535e50237fc44f75345a6b03b17dce757780518d,6f006ea6ccd8885e85c4a165535e50237fc44f75345a6b03b17dce757780518d,1,
ordered-trace-20,3,"{""arg"":2352}","{""r"":-1}",6489de22ccec40c32a79c2921622cffe2831b6cb4c896a1aaf6e750733d93058,6489de22ccec40c32a79c2921622cffe2831b6cb4c896a1aaf6e750733d93058,1,
ordered-trace-20,4,"{""arg"":2353}","{""r"":0}",e1d62b7838e0845631aa7fc0dce467aca4e0c926127d344008edf770be17cb55,e1d62b7838e0845631aa7fc0dce467aca4e0c926127d344008edf770be17cb55,1,
ordered-trace-20,5,"{""arg"":2354}","{""r"":1}",f97606b2c1744434c9b96a1ad42c149fe40bec2008d0f4390fe0f2e4a6da78b9,f97606b2c1744434c9b96a1ad42c149fe40bec2008d0f4390fe0f2e4a6da78b9,1,
ordered-trace-20,6,"{""arg"":2355}","{""r"":2}",20132993cfe0d5605953b7489a3ef22b052b52682e16b56a21d96572a803ffc4,20132993cfe0d5605953b7489a3ef22b052b52682e16b56a21d96572a803ffc4,1,
ordered-trace-20,7,"{""arg"":2356}","{""r"":3}",ca81cf1f65dae02546605b8896239083d2d0a4503354b9c08f01c1e55d92272b,ca81cf1f65dae02546605b8896239083d2d0a4503354b9c08f01c1e55d92272b,1,
ordered-trace-21,0,"{""arg"":2366}","{""r"":-4}",1f752e844fcc9fa7f8700cdf32d0e86efa46bb65409c4ee816a104ff94a232ff,1f752e844fcc9fa7f8700cdf32d0e86efa46bb65409c4ee816a104ff94a232ff,1,
ordered-trace-21,1,"{""arg"":2367}","{""r"":-3}",e9facc4f44a09eb875f01e67243fa4aac1d003cbdefd765847a4bc73946f4103,e9facc4f44a09eb875f01e67243fa4aac1d003cbdefd765847a4bc73946f4103,1,
ordered-trace-21,2,"{""arg"":2368}","{""r"":-2}",49149497d9b08ec3f5cd2b2a4cf8d44626a660da06dbb045326bb46ec7ba484f,49149497d9b08ec3f5cd2b2a4cf8d44626a660da06dbb045326bb46ec7ba484f,1,
ordered-trace-21,3,"{""arg"":2369}","{""r"":-1}",7f7ed8c7c821b59c89527e4decdcbf616b02f2c92a8fda242dfe884b42f80ef6,7f7ed8c7c821b59c89527e4decdcbf616b02f2c92a8fda242dfe884b42f80ef6,1,
ordered-trace-21,4,"{""arg"":2370}","{""r"":0}",3315c7fc48444ee206eea54bfa2f846c058428a710a0be637fbfa0992dbeddf9,3315c7fc48444ee206eea54bfa2f846c058428a710a0be637fbfa0992dbeddf9,1,
ordered-trace-21,5,"{""arg"":2371}","{""r"":1}",2954112d69611809813a8fd2ae6d0228d693f8533052d8e0461d3da22205a612,2954112d69611809813a8fd2ae6d0228d693f8533052d8e0461d3da22205a612,1,
ordered-trace-21,6,"{""arg"":2372}","{""r"":2}",d279e29b9f77f9bb161d4b13e5dd1a09ba215f304db942482ed0116b37a2eee9,d279e29b9f77f9bb161d4b13e5dd1a09ba215f304db942482ed0116b37a2eee9,1,
ordered-trace-21,7,"{""arg"":2373}","{""r"":3}",3346b1b905ff689743d83ccadb7d5ecf97ad68009fadc977b5549e7139872d4c,3346b1b905ff689743d83ccadb7d5ecf97ad68009fadc977b5549e7139872d4c,1,
ordered-trace-22,0,"{""arg"":2383}","{""r"":-4}",98fcf9f160139133aae72de03380156bad815e4e1415a3db918f3e6ba050f5cd,98fcf9f160139133aae72de03380156bad815e4e1415a3db918f3e6ba050f5cd,1,
ordered-trace-22,1,"{""arg"":2384}","{""r"":-3}",2052794e8186617739fce26c3f10c989cf888083770494a3de78b34374174119,2052794e8186617739fce26c3f10c989cf888083770494a3de78b34374174119,1,
ordered-trace-22,2,"{""arg"":2385}","{""r"":-2}",977efa6af268d32c9f65cc54c4f3b57fb1c14fc5b581c2fc91be3f7d8cac1892,977efa6af268d32c9f65cc54c4f3b57fb1c14fc5b581c2fc91be3f7d8cac1892,1,
ordered-trace-22,3,"{""arg"":2386}","{""r"":-1}",96834091dba13b51184eee5f2739aa199b253ea715ed2ec3ef1ca62dfb2d121d,96834091dba13b51184eee5f2739aa199b253ea715ed2ec3ef1ca62dfb2d121d,1,
ordered-trace-22,4,"{""arg"":2387}","{""r"":0}",7481758328284370c5b9c982e632039310addd6b2d260e8bb6809216dadf5044,7481758328284370c5b9c982e632039310addd6b2d260e8bb6809216dadf5044,1,
ordered-trace-22,5,"{""arg"":2388}","{""r"":1}",ac46a6f7cc4fb06c341a944b8b1c33571b7311aa0b31f36acc1becf1e3792151,ac46a6f7cc4fb06c341a944b8b1c33571b7311aa0b31f36acc1becf1e3792151,1,
ordered-trace-22,6,"{""arg"":2389}","{""r"":2}",9120023ab2f6edf37871c8a7362acb855096a673d06ce922a39545a02cfe00d1,9120023ab2f6edf37871c8a7362acb855096a673d06ce922a39545a02cfe00d1,1,
ordered-trace-22,7,"{""arg"":2390}","{""r"":3}",b63aeed4a705e42ac6f31494703917c44b645d55dc11f88b457e7429349814fe,b63aeed4a705e42ac6f31494703917c44b645d55dc11f88b457e7429349814fe,1,
ordered-trace-23,0,"{""arg"":2400}","{""r"":-4}",1f752e844fcc9fa7f8700cdf32d0e86efa46bb65409c4ee816a104ff94a232ff,1f752e844fcc9fa7f8700cdf32d0e86efa46bb65409c4ee816a104ff94a232ff,1,
ordered-trace-23,1,"{""arg"":2401}","{""r"":-3}",e9facc4f44a09eb875f01e67243fa4aac1d003cbdefd765847a4bc73946f4103,e9facc4f44a09eb875f01e67243fa4aac1d003cbdefd765847a4bc73946f4103,1,
ordered-trace-23,2,"{""arg"":2402}","{""r"":-2}",49149497d9b08ec3f5cd2b2a4cf8d44626a660da06dbb045326bb46ec7ba484f,49149497d9b08ec3f5cd2b2a4cf8d44626a660da06dbb045326bb46ec7ba484f,1,
ordered-trace-23,3,"{""arg"":2403}","{""r"":-1}",7f7ed8c7c821b59c89527e4decdcbf616b02f2c92a8fda242dfe884b42f80ef6,7f7ed8c7c821b59c89527e4decdcbf616b02f2c92a8fda242dfe884b42f80ef6,1,
ordered-trace-23,4,"{""arg"":2404}","{""r"":0}",3315c7fc48444ee206eea54bfa2f846c058428a710a0be637fbfa0992dbeddf9,3315c7fc48444ee206eea54bfa2f846c058428a710a0be637fbfa0992dbeddf9,1,
ordered-trace-23,5,"{""arg"":2405}","{""r"":1}",2954112d69611809813a8fd2ae6d0228d693f8533052d8e0461d3da22205a612,2954112d69611809813a8fd2ae6d0228d693f8533052d8e0461d3da22205a612,1,
ordered-trace-23,6,"{""arg"":2406}","{""r"":2}",d279e29b9f77f9bb161d4b13e5dd1a09ba215f304db942482ed0116b37a2eee9,d279e29b9f77f9bb161d4b13e5dd1a09ba215f304db942482ed0116b37a2eee9,1,
ordered-trace-23,7,"{""arg"":2407}","{""r"":3}",3346b1b905ff689743d83ccadb7d5ecf97ad68009fadc977b5549e7139872d4c,3346b1b905ff689743d83ccadb7d5ecf97ad68009fadc977b5549e7139872d4c,1,
ordered-trace-24,0,"{""arg"":2417}","{""r"":-4}",e92ef21313a3a006b8c57727d6c7147acb4a792d387decf99054f39938be5233,e92ef21313a3a006b8c57727d6c7147acb4a792d387decf99054f39938be5233,1,
ordered-trace-24,1,"{""arg"":2418}","{""r"":-3}",805c1675b5ce545f7c85097d1ac07c735ac273da2f4851c42dcf95d3e4b9a951,805c1675b5ce545f7c85097d1ac07c735ac273da2f4851c42dcf95d3e4b9a951,1,
ordered-trace-24,2,"{""arg"":2419}","{""r"":-2}",8e01e93db4ccb5a708e253b13e997efb97ec7b70c38516f5667d8c498ab00ee6,8e01e93db4ccb5a708e253b13e997efb97ec7b70c38516f5667d8c498ab00ee6,1,
ordered-trace-24,3,"{""arg"":2420}","{""r"":-1}",42d3263492e1b62004ee4db605708e9156c33f6eca3d629efc4f640bf5e9ea0e,42d3263492e1b62004ee4db605708e9156c33f6eca3d629efc4f640bf5e9ea0e,1,
ordered-trace-24,4,"{""arg"":2421}","{""r"":0}",b9ff7176cb89e3539d225da4df63e3b35fd56b0ab6d1247704f0412caeab9e06,b9ff7176cb89e3539d225da4df63e3b35fd56b0ab6d1247704f0412caeab9e06,1,
ordered-trace-24,5,"{""arg"":2422}","{""r"":1}",3f776b8c825267c10548abaf23631552f8c1a241240f3f4a5e33bc2ea26bb6af,3f776b8c825267c10548abaf23631552f8c1a241240f3f4a5e33bc2ea26bb6af,1,
ordered-trace-24,6,"{""arg"":2423}","{""r"":2}",021f4915ee8125d3fd33cf63a2fbb45623225c4f3912e4eeec2424061de55ae1,021f4915ee8125d3fd33cf63a2fbb45623225c4f3912e4eeec2424061de55ae1,1,
ordered-trace-24,7,"{""arg"":2424}","{""r"":3}",bdd2c118b8efa74125ffb1d2d87a70fb57c8be4b9f05a5918bc88f3afc48dc5c,bdd2c118b8efa74125ffb1d2d87a70fb57c8be4b9f05a5918bc88f3afc48dc5c,1,
ordered-trace-25,0,"{""arg"":2434}","{""r"":-4}",5193d4b57dd6e11db8b79766e5a755baf3805adffd310075250ef92fce6f13c1,5193d4b57dd6e11db8b79766e5a755baf3805adffd310075250ef92fce6f13c1,1,
ordered-trace-25,1,"{""arg"":2435}","{""r"":-3}",efa3b7ad24ada1febc4dc01a3935634ef562e26a2c1a676e5b743e420e620187,efa3b7ad24ada1febc4dc01a3935634ef562e26a2c1a676e5b743e420e620187,1,
ordered-trace-25,2,"{""arg"":2436}","{""r"":-2}",8c7d2b45fb31ffb4d80273a10a838ca353a534f80617a7429d4c4b730d42db47,8c7d2b45fb31ffb4d80273a10a838ca353a534f80617a7429d4c4b730d42db47,1,
ordered-trace-25,3,"{""arg"":2437}","{""r"":-1}",f32d17dd72ca995ea05bca42911c289bc3c18da9fc6dbc37ead9ca2d488a0354,f32d17dd72ca995ea05bca42911c289bc3c18da9fc6dbc37ead9ca2d488a0354,1,
ordered-trace-25,4,"{""arg"":2438}","{""r"":0}",d537504c4dc53ab3f7ee59ba9ce32f49d40deb038e946350b87e0a45c294ad4c,d537504c4dc53ab3f7ee59ba9ce32f49d40deb038e946350b87e0a45c294ad4c,1,
ordered-trace-25,5,"{""arg"":2439}","{""r"":1}",9f0a6a6ffea16199c04a99dbf8b0bbb4a3e458b96e9a6c3bd5a36ced70dc2c21,9f0a6a6ffea16199c04a99dbf8b0bbb4a3e458b96e9a6c3bd5a36ced70dc2c21,1,
ordered-trace-25,6,"{""arg"":2440}","{""r"":2}",97b4fd9c96fb1339d6a113fe290a4ab040aa28aa298985045b5f0903bf7ced77,97b4fd9c96fb1339d6a113fe290a4ab040aa28aa298985045b5f0903bf7ced77,1,
ordered-trace-25,7,"{""arg"":2441}","{""r"":3}",7bb4bb8a49960324d2590201508d5b3f5e60b0a63ee1d406216bea917d0d5ac2,7bb4bb8a49960324d2590201508d5b3f5e60b0a63ee1d406216bea917d0d5ac2,1,
ordered-trace-26,0,"{""arg"":2451}","{""r"":-4}",50f7982db430edf67f5459dd9aaf56682327ba2898095cf77dd791df898ea122,50f7982db430edf67f5459dd9aaf56682327ba2898095cf77dd791df898ea122,1,
ordered-trace-26,1,"{""arg"":2452}","{""r"":-3}",81059095a002ca95224f03da2ea7a9001199576076f4e760d2deb368658913bf,81059095a002ca95224f03da2ea7a9001199576076f4e760d2deb368658913bf,1,
ordered-trace-26,2,"{""arg"":2453}","{""r"":-2}",619558e079d41e00520daf1867e9ceede286dcee7cbb52423afc02b863c1ea6c,619558e079d41e00520daf1867e9ceede286dcee7cbb52423afc02b863c1ea6c,1,
ordered-trace-26,3,"{""arg"":2454}","{""r"":-1}",38a9af018c2b7cff99885e27ff3409d80d548397ecfa5f82e340d671fa27378e,38a9af018c2b7cff99885e27ff3409d80d548397ecfa5f82e340d671fa27378e,1,
ordered-trace-26,4,"{""arg"":2455}","{""r"":0}",1c89864d1d673bda2c2e39f8b174721ecd78d36c84a356ee7ef9c31e545b8d23,1c89864d1d673bda2c2e39f8b174721ecd78d36c84a356ee7ef9c31e545b8d23,1,
ordered-trace-26,5,"{""arg"":2456}","{""r"":1}",6363947930e90822ab2383c47f9bd114c17f9b9ae9accf9996ae68a1fb6b3035,6363947930e90822ab2383c47f9bd114c17f9b9ae9accf9996ae68a1fb6b3035,1,
ordered-trace-26,6,"{""arg"":2457}","{""r"":2}",83364892e1e2a3ad2ed804e2433786dc5fdf1316e6e18ce1afbe083af5d04e6f,83364892e1e2a3ad2ed804e2433786dc5fdf1316e6e18ce1afbe083af5d04e6f,1,
ordered-trace-26,7,"{""arg"":2458}","{""r"":3}",96f7cb97e1b6848950c364fba27ebe6aecdb23862b8bc33150b3499a3b2cc539,96f7cb97e1b6848950c364fba27ebe6aecdb23862b8bc33150b3499a3b2cc539,1,
ordered-trace-27,0,"{""arg"":2468}","{""r"":-4}",d6247102923dd2f94223e219f94534c9c1b4df5c8830eb69b116ae1792295950,d6247102923dd2f94223e219f94534c9c1b4df5c8830eb69b116ae1792295950,1,
ordered-trace-27,1,"{""arg"":2469}","{""r"":-3}",b15e20d2a207f553369bb94a839fbce3673a20fcb1cefa3a0edbeafa7e7eb911,b15e20d2a207f553369bb94a839fbce3673a20fcb1cefa3a0edbeafa7e7eb911,1,
ordered-trace-27,2,"{""arg"":2470}","{""r"":-2}",37a4c8cd558b2ce1c5330ed89e301fd149a5262e9cf2824037079ca658e29caf,37a4c8cd558b2ce1c5330ed89e301fd149a5262e9cf2824037079ca658e29caf,1,
ordered-trace-27,3,"{""arg"":2471}","{""r"":-1}",f8e593d27eb1a717429f3311b4c7286e9998f92d2f7094dbee4b8a9d1e134a65,f8e593d27eb1a717429f3311b4c7286e9998f92d2f7094dbee4b8a9d1e134a65,1,
ordered-trace-27,4,"{""arg"":2472}","{""r"":0}",6cb184e2e141d3aa6326822e7d2b823459c743cc96807114a9e6f83b945dfa23,6cb184e2e141d3aa6326822e7d2b823459c743cc96807114a9e6f83b945dfa23,1,
ordered-trace-27,5,"{""arg"":2473}","{""r"":1}",67c119f38be5fdc118035c78a0609e4739b7e1e1ad6d1373f1e0091507eae1d6,67c119f38be5fdc118035c78a0609e4739b7e1e1ad6d1373f1e0091507eae1d6,1,
ordered-trace-27,6,"{""arg"":2474}","{""r"":2}",55c5c85f055545a226534c989800c6eeb39491b29aa437409336dfaa2a689261,55c5c85f055545a226534c989800c6eeb39491b29aa437409336dfaa2a689261,1,
ordered-trace-27,7,"{""arg"":2475}","{""r"":3}",59942a90033e9a1d71e01d78f75c37f99190c9fe9bda77746cb383f05acd248e,59942a90033e9a1d71e01d78f75c37f99190c9fe9bda77746cb383f05acd248e,1,
ordered-trace-28,0,"{""arg"":2485}","{""r"":-4}",5dc0c034deee98a7ff15b23f54e95675d502cb7abb53cf1f4e8e1f41bc857ec7,5dc0c034deee98a7ff15b23f54e95675d502cb7abb53cf1f4e8e1f41bc857ec7,1,
ordered-trace-28,1,"{""arg"":2486}","{""r"":-3}",0d5248c9b073c7ef0907d4fda646b6d2f103f98a2531a0c2f0309b7de10410fe,0d5248c9b073c7ef0907d4fda646b6d2f103f98a2531a0c2f0309b7de10410fe,1,
ordered-trace-28,2,"{""arg"":2487}","{""r"":-2}",1eb9bfa06db0d9c17320d3e67ae1bbbda614da8b7d750d38b583a5f84ba4b23d,1eb9bfa06db0d9c17320d3e67ae1bbbda614da8b7d750d38b583a5f84ba4b23d,1,
ordered-trace-28,3,"{""arg"":2488}","{""r"":-1}",5361df30d70d94e6016e3460fc2856342082793e8049ca739535656d5099c5ae,5361df30d70d94e6016e3460fc2856342082793e8049ca739535656d5099c5ae,1,
ordered-trace-28,4,"{""arg"":2489}","{""r"":0}",f466eed4de7e4ed5964dc97e1aebc76bd3cea761a9d80ab622c8b744818d4e6e,f466eed4de7e4ed5964dc97e1aebc76bd3cea761a9d80ab622c8b744818d4e6e,1,
ordered-trace-28,5,"{""arg"":2490}","{""r"":1}",f4f03ea3a0a30739f27a27f330faf8e87885c85a03074eb6d2a2a2103395ec04,f4f03ea3a0a30739f27a27f330faf8e87885c85a03074eb6d2a2a2103395ec04,1,
ordered-trace-28,6,"{""arg"":2491}","{""r"":2}",6a3fa98b9bf2384cecd2d5155b75d4f489092c5b6f76fe45779564335dc2fa58,6a3fa98b9bf2384cecd2d5155b75d4f489092c5b6f76fe45779564335dc2fa58,1,
ordered-trace-28,7,"{""arg"":2492}","{""r"":3}",6ab8d1886821b37c8879c2c22cb3e04cb616e2ec192afc17a3eaccf8728c18ad,6ab8d1886821b37c8879c2c22cb3e04cb616e2ec192afc17a3eaccf8728c18ad,1,
ordered-trace-29,0,"{""arg"":2502}","{""r"":-4}",77e1fce3b6711469fe6ad43bedd7b332eb00cdfda404f2dad6f52037962b8284,77e1fce3b6711469fe6ad43bedd7b332eb00cdfda404f2dad6f52037962b8284,1,
ordered-trace-29,1,"{""arg"":2503}","{""r"":-3}",f2d0b6a19859151ab66bc80c1e5dea5e16fab45903e4f53bbb31883c1e89cad6,f2d0b6a19859151ab66bc80c1e5dea5e16fab45903e4f53bbb31883c1e89cad6,1,
ordered-trace-29,2,"{""arg"":2504}","{""r"":-2}",a9aa3f375cabc3b1dc57294074580e5279426c72b60e3c8a9d337463379959cb,a9aa3f375cabc3b1dc57294074580e5279426c72b60e3c8a9d337463379959cb,1,
ordered-trace-29,3,"{""arg"":2505}","{""r"":-1}",a652b17567917d56c0a82da558c7183e9523bc9095cf425dcd0eda9e80030a94,a652b17567917d56c0a82da558c7183e9523bc9095cf425dcd0eda9e80030a94,1,
ordered-trace-29,4,"{""arg"":2506}","{""r"":0}",8b418c75402d419460b646b3f9af59b8202de45e376a7c2d73d7bc7bc561a10f,8b418c75402d419460b646b3f9af59b8202de45e376a7c2d73d7bc7bc561a10f,1,
ordered-trace-29,5,"{""arg"":2507}","{""r"":1}",dafdf7468575e8dcbc789ccd05be6bd11dce2bd35eebb7d26aafb1f64a640dbe,dafdf7468575e8dcbc789ccd05be6bd11dce2bd35eebb7d26aafb1f64a640dbe,1,
ordered-trace-29,6,"{""arg"":2508}","{""r"":2}",33bb135d4432e14397d864151aeeb6fcf23fda8f930f70d9d5096afcae748f71,33bb135d4432e14397d864151aeeb6fcf23fda8f930f70d9d5096afcae748f71,1,
ordered-trace-29,7,"{""arg"":2509}","{""r"":3}",5ef4894a3b14e0c27ef17a470c47877263933c24d4e0e38abddeaf1a392d134f,5ef4894a3b14e0c27ef17a470c47877263933c24d4e0e38abddeaf1a392d134f,1,
ordered-trace-30,0,"{""arg"":2519}","{""r"":-4}",56dd9aad9c5b0df2dbd831f31c98787707ae75a8a5e3aeaff9cd2ed6c9f16627,56dd9aad9c5b0df2dbd831f31c98787707ae75a8a5e3aeaff9cd2ed6c9f16627,1,
ordered-trace-30,1,"{""arg"":2520}","{""r"":-3}",fdf9f0fc46e6f60139c151f08b3717574c27eca40d154ecf3678445e2058a8be,fdf9f0fc46e6f60139c151f08b3717574c27eca40d154ecf3678445e2058a8be,1,
ordered-trace-30,2,"{""arg"":2521}","{""r"":-2}",e68e67b34f54bce1f1364e282f9f683daeba06daefe2d1f47b1111457eeaf68f,e68e67b34f54bce1f1364e282f9f683daeba06daefe2d1f47b1111457eeaf68f,1,
ordered-trace-30,3,"{""arg"":2522}","{""r"":-1}",f5db17dd027e29681c3e0887a7ec6573c20d11d16105fab19a8b5adcc12cf1b2,f5db17dd027e29681c3e0887a7ec6573c20d11d16105fab19a8b5adcc12cf1b2,1,
ordered-trace-30,4,"{""arg"":2523}","{""r"":0}",3e8f04032fb29f6d17906fdb37d8c1214aa699a68e2b51d284de45e77a1bfae7,3e8f04032fb29f6d17906fdb37d8c1214aa699a68e2b51d284de45e77a1bfae7,1,
ordered-trace-30,5,"{""arg"":2524}","{""r"":1}",519760606ed2b90c9922a9a2970af769925ef44d48775314f18b424b651afb6b,519760606ed2b90c9922a9a2970af769925ef44d48775314f18b424b651afb6b,1,
ordered-trace-30,6,"{""arg"":2525}","{""r"":2}",6b8fe74aa469daafb12c7d8e07c0f1a1e717af302db5f46e7f17d09a6672f8a9,6b8fe74aa469daafb12c7d8e07c0f1a1e717af302db5f46e7f17d09a6672f8a9,1,
ordered-trace-30,7,"{""arg"":2526}","{""r"":3}",cbc8f8380d3404bc10a6a47dd223e388a98d7582129b78b56b0501304f2d947c,cbc8f8380d3404bc10a6a47dd223e388a98d7582129b78b56b0501304f2d947c,1,
ordered-trace-31,0,"{""arg"":2536}","{""r"":-4}",d2891b9ead83cdef0a0a5fd977bb3cc47336e0cbdb78006564d9ccea5f104059,d2891b9ead83cdef0a0a5fd977bb3cc47336e0cbdb78006564d9ccea5f104059,1,
ordered-trace-31,1,"{""arg"":2537}","{""r"":-3}",6e9330ee4a2378e77fb7c1cfc600a7932e404dbce96cd2b69d1c68725f551b91,6e9330ee4a2378e77fb7c1cfc600a7932e404dbce96cd2b69d1c68725f551b91,1,
ordered-trace-31,2,"{""arg"":2538}","{""r"":-2}",6f006ea6ccd8885e85c4a165535e50237fc44f75345a6b03b17dce757780518d,6f006ea6ccd8885e85c4a165535e50237fc44f75345a6b03b17dce757780518d,1,
ordered-trace-31,3,"{""arg"":2539}","{""r"":-1}",6489de22ccec40c32a79c2921622cffe2831b6cb4c896a1aaf6e750733d93058,6489de22ccec40c32a79c2921622cffe2831b6cb4c896a1aaf6e750733d93058,1,
ordered-trace-31,4,"{""arg"":2540}","{""r"":0}",e1d62b7838e0845631aa7fc0dce467aca4e0c926127d344008edf770be17cb55,e1d62b7838e0845631aa7fc0dce467aca4e0c926127d344008edf770be17cb55,1,
ordered-trace-31,5,"{""arg"":2541}","{""r"":1}",f97606b2c1744434c9b96a1ad42c149fe40bec2008d0f4390fe0f2e4a6da78b9,f97606b2c1744434c9b96a1ad42c149fe40bec2008d0f4390fe0f2e4a6da78b9,1,
ordered-trace-31,6,"{""arg"":2542}","{""r"":2}",20132993cfe0d5605953b7489a3ef22b052b52682e16b56a21d96572a803ffc4,20132993cfe0d5605953b7489a3ef22b052b52682e16b56a21d96572a803ffc4,1,
ordered-trace-31,7,"{""arg"":2543}","{""r"":3}",ca81cf1f65dae02546605b8896239083d2d0a4503354b9c08f01c1e55d92272b,ca81cf1f65dae02546605b8896239083d2d0a4503354b9c08f01c1e55d92272b,1,
ordered-trace-32,0,"{""arg"":2553}","{""r"":-4}",de138fa963686ecc7698ee674cc8c88afaf331d8995fb339cca672b5ef20f25b,de138fa963686ecc7698ee674cc8c88afaf331d8995fb339cca672b5ef20f25b,1,
ordered-trace-32,1,"{""arg"":2554}","{""r"":-3}",263ff707471a27cfd175f84ec37eb8fffe91d7b10ef21576db3297d851582d1a,263ff707471a27cfd175f84ec37eb8fffe91d7b10ef21576db3297d851582d1a,1,
ordered-trace-32,2,"{""arg"":2555}","{""r"":-2}",7fe3ae831d25b95f4dd24d6a03fa2724680c5bd3a1e2f013981c5cd8303ab6e4,7fe3ae831d25b95f4dd24d6a03fa2724680c5bd3a1e2f013981c5cd8303ab6e4,1,
ordered-trace-32,3,"{""arg"":2556}","{""r"":-1}",7e53fe51f2be38aaa59ac65d38e569bd2c1f2efa2dcd9a7d131120a45eaa58f4,7e53fe51f2be38aaa59ac65d38e569bd2c1f2efa2dcd9a7d131120a45eaa58f4,1,
ordered-trace-32,4,"{""arg"":2557}","{""r"":0}",772159fd10dcc8503365810bf959af859852c46ecb5ec22698825f9415792e9e,772159fd10dcc8503365810bf959af859852c46ecb5ec22698825f9415792e9e,1,
ordered-trace-32,5,"{""arg"":2558}","{""r"":1}",2387aec19695594f369cdf73c0ddfcd41926f2f74cd537985cda5e312e39dd44,2387aec19695594f369cdf73c0ddfcd41926f2f74cd537985cda5e312e39dd44,1,
ordered-trace-32,6,"{""arg"":2559}","{""r"":2}",e73494989fbfb3700ecd77ad70b1a6dc96414bfedca2abef903f983e74292801,e73494989fbfb3700ecd77ad70b1a6dc96414bfedca2abef903f983e74292801,1,
ordered-trace-32,7,"{""arg"":2560}","{""r"":3}",16a5e250b2ab1cc0501afa56430087792f167900bed5c75f790297e4f112e706,16a5e250b2ab1cc0501afa56430087792f167900bed5c75f790297e4f112e706,1,
ordered-trace-33,0,"{""arg"":2570}","{""r"":-4}",c66206887eb0d71a72d1292f0a5b0bfb902dce8f9e8c18a0f8883583b1e76955,c66206887eb0d71a72d1292f0a5b0bfb902dce8f9e8c18a0f8883583b1e76955,1,
ordered-trace-33,1,"{""arg"":2571}","{""r"":-3}",44347e5f4edd70abbb5feae45a3eb98337a6f81cda9cfe2b32f4f1c06f185cfc,44347e5f4edd70abbb5feae45a3eb98337a6f81cda9cfe2b32f4f1c06f185cfc,1,
ordered-trace-33,2,"{""arg"":2572}","{""r"":-2}",06097298362548b481d8ab86539f3a16c1ec9f7af75c5d817b6a88249901cece,06097298362548b481d8ab86539f3a16c1ec9f7af75c5d817b6a88249901cece,1,
ordered-trace-33,3,"{""arg"":2573}","{""r"":-1}",abf6c6bb7bbf8deda3eb05ccdf0d47e4cd59c7de66cd7fa87eaf0b43e93e862a,abf6c6bb7bbf8deda3eb05ccdf0d47e4cd59c7de66cd7fa87eaf0b43e93e862a,1,
ordered-trace-33,4,"{""arg"":2574}","{""r"":0}",2626c05ad0b2d267a45fb5afd0bb9ea70be602e09029689c447652c9f75a5d16,2626c05ad0b2d267a45fb5afd0bb9ea70be602e09029689c447652c9f75a5d16,1,
ordered-trace-33,5,"{""arg"":2575}","{""r"":1}",b06fa788513e897cddd4f86f57a0da03b2aa9f4aa105bfbf030a29c775088f10,b06fa788513e897cddd4f86f57a0da03b2aa9f4aa105bfbf030a29c775088f10,1,
ordered-trace-33,6,"{""arg"":2576}","{""r"":2}",562fe7414d285c9726fbec17cc463cfbb8ea3b4474aa7da24839bb8713ae0a03,562fe7414d285c9726fbec17cc463cfbb8ea3b4474aa7da24839bb8713ae0a03,1,
ordered-trace-33,7,"{""arg"":2577}","{""r"":3}",0afa582e64739005a7bc86b86b3f780e6c74b9c2e51a7ca61dafe836ac747d03,0afa582e64739005a7bc86b86b3f780e6c74b9c2e51a7ca61dafe836ac747d03,1,
ordered-trace-34,0,"{""arg"":2587}","{""r"":-4}",5dc0c034deee98a7ff15b23f54e95675d502cb7abb53cf1f4e8e1f41bc857ec7,5dc0c034deee98a7ff15b23f54e95675d502cb7abb53cf1f4e8e1f41bc857ec7,1,
ordered-trace-34,1,"{""arg"":2588}","{""r"":-3}",0d5248c9b073c7ef0907d4fda646b6d2f103f98a2531a0c2f0309b7de10410fe,0d5248c9b073c7ef0907d4fda646b6d2f103f98a2531a0c2f0309b7de10410fe,1,
ordered-trace-34,2,"{""arg"":2589}","{""r"":-2}",1eb9bfa06db0d9c17320d3e67ae1bbbda614da8b7d750d38b583a5f84ba4b23d,1eb9bfa06db0d9c17320d3e67ae1bbbda614da8b7d750d38b583a5f84ba4b23d,1,
ordered-trace-34,3,"{""arg"":2590}","{""r"":-1}",5361df30d70d94e6016e3460fc2856342082793e8049ca739535656d5099c5ae,5361df30d70d94e6016e3460fc2856342082793e8049ca739535656d5099c5ae,1,
ordered-trace-34,4,"{""arg"":2591}","{""r"":0}",f466eed4de7e4ed5964dc97e1aebc76bd3cea761a9d80ab622c8b744818d4e6e,f466eed4de7e4ed5964dc97e1aebc76bd3cea761a9d80ab622c8b744818d4e6e,1,
ordered-trace-34,5,"{""arg"":2592}","{""r"":1}",f4f03ea3a0a30739f27a27f330faf8e87885c85a03074eb6d2a2a2103395ec04,f4f03ea3a0a30739f27a27f330faf8e87885c85a03074eb6d2a2a2103395ec04,1,
ordered-trace-34,6,"{""arg"":2593}","{""r"":2}",6a3fa98b9bf2384cecd2d5155b75d4f489092c5b6f76fe45779564335dc2fa58,6a3fa98b9bf2384cecd2d5155b75d4f489092c5b6f76fe45779564335dc2fa58,1,
ordered-trace-34,7,"{""arg"":2594}","{""r"":3}",6ab8d1886821b37c8879c2c22cb3e04cb616e2ec192afc17a3eaccf8728c18ad,6ab8d1886821b37c8879c2c22cb3e04cb616e2ec192afc17a3eaccf8728c18ad,1,
ordered-trace-35,0,"{""arg"":2604}","{""r"":-4}",2efae0f32d2181a57ad69ed027d73f9df1d610cb06a7a3685a7bd8061bdda829,2efae0f32d2181a57ad69ed027d73f9df1d610cb06a7a3685a7bd8061bdda829,1,
ordered-trace-35,1,"{""arg"":2605}","{""r"":-3}",f26521ea37ee68f5358a122502634b8ba2d6c6606a7c127a73c271a9c06f0dda,f26521ea37ee68f5358a122502634b8ba2d6c6606a7c127a73c271a9c06f0dda,1,
ordered-trace-35,2,"{""arg"":2606}","{""r"":-2}",c48ea31f0e30cbcf7ebea12211f74256a33122553be865f5514fd037e34ed5c8,c48ea31f0e30cbcf7ebea12211f74256a33122553be865f5514fd037e34ed5c8,1,
ordered-trace-35,3,"{""arg"":2607}","{""r"":-1}",6ff5e0a616aea3b3088695eefd6fd0008f11b225e25473c3fa1670f0ec855eb1,6ff5e0a616aea3b3088695eefd6fd0008f11b225e25473c3fa1670f0ec855eb1,1,
ordered-trace-35,4,"{""arg"":2608}","{""r"":0}",216dbc397a028113254e51559d27c6ae02cd996437923a4048e2b82d81f07180,216dbc397a028113254e51559d27c6ae02cd996437923a4048e2b82d81f07180,1,
ordered-trace-35,5,"{""arg"":2609}","{""r"":1}",04fe13874cf697697311951697637af01de6c13f8fbb2fff0b26824a562d87ad,04fe13874cf697697311951697637af01de6c13f8fbb2fff0b26824a562d87ad,1,
ordered-trace-35,6,"{""arg"":2610}","{""r"":2}",0f804789ea97aafa5e7436a0cf9cc07226919903295c40a7b6bb698cec59d9b6,0f804789ea97aafa5e7436a0cf9cc07226919903295c40a7b6bb698cec59d9b6,1,
ordered-trace-35,7,"{""arg"":2611}","{""r"":3}",8fc92d02122453ff703331091538e4326cb9074a3a4ee342bc95348451271615,8fc92d02122453ff703331091538e4326cb9074a3a4ee342bc95348451271615,1,
ordered-trace-36,0,"{""arg"":2621}","{""r"":-4}",7320af0e19beebfab898325f6ecaf3fa59072e71ac5a397a23bece126718ad55,7320af0e19beebfab898325f6ecaf3fa59072e71ac5a397a23bece126718ad55,1,
ordered-trace-36,1,"{""arg"":2622}","{""r"":-3}",8da4339d7e8101d8cb199bfe4b2f0548b2a5d2b33a0eb1608b5017733a7095ff,8da4339d7e8101d8cb199bfe4b2f0548b2a5d2b33a0eb1608b5017733a7095ff,1,
ordered-trace-36,2,"{""arg"":2623}","{""r"":-2}",04ef0dab0001b75596e820503d373250cf36a7cbc0c95127827672744a63f1fb,04ef0dab0001b75596e820503d373250cf36a7cbc0c95127827672744a63f1fb,1,
ordered-trace-36,3,"{""arg"":2624}","{""r"":-1}",fd2f665354f2b80998808a4cbf1229942093be845a30c9da8f7f65563521324d,fd2f665354f2b80998808a4cbf1229942093be845a30c9da8f7f65563521324d,1,
ordered-trace-36,4,"{""arg"":2625}","{""r"":0}",69fd4c240e999b24f6311d39a9af8405c0fbc452b7ff187e76ea2d98c3a95c8e,69fd4c240e999b24f6311d39a9af8405c0fbc452b7ff187e76ea2d98c3a95c8e,1,
ordered-trace-36,5,"{""arg"":2626}","{""r"":1}",807cd140599ebb5bab663456f0b0f613bd1e8e499183e98bfe0fcded3601d30e,807cd140599ebb5bab663456f0b0f613bd1e8e499183e98bfe0fcded3601d30e,1,
ordered-trace-36,6,"{""arg"":2627}","{""r"":2}",c75331611189d9330a298d15bec369af7cb9223b989a8d73ecd846cc809eb723,c75331611189d9330a298d15bec369af7cb9223b989a8d73ecd846cc809eb723,1,
ordered-trace-36,7,"{""arg"":2628}","{""r"":3}",6aca49dd4f36c124d837dc165bac5902c4dbfaee12734ca0206541d51f9ed24f,6aca49dd4f36c124d837dc165bac5902c4dbfaee12734ca0206541d51f9ed24f,1,
ordered-trace-37,0,"{""arg"":2638}","{""r"":-4}",1e469fc81fc8670a23b2ba0a3e0981adc3a18ab2d4ea4013c1b13794c5128c39,1e469fc81fc8670a23b2ba0a3e0981adc3a18ab2d4ea4013c1b13794c5128c39,1,
ordered-trace-37,1,"{""arg"":2639}","{""r"":-3}",79ec106f96817090ab9b46d283c7d2bcc77c47a790a94ee89414edc9e8e2456d,79ec106f96817090ab9b46d283c7d2bcc77c47a790a94ee89414edc9e8e2456d,1,
ordered-trace-37,2,"{""arg"":2640}","{""r"":-2}",17333d57f5cab4199145b82f93a36ba61cc2c24681b10b1240965e3ba4ab9fde,17333d57f5cab4199145b82f93a36ba61cc2c24681b10b1240965e3ba4ab9fde,1,
ordered-trace-37,3,"{""arg"":2641}","{""r"":-1}",c8286f5fe32bfc322e8f7953ee9e10f9e34a3cd3a610d4ba95fb4fb61ac50337,c8286f5fe32bfc322e8f7953ee9e10f9e34a3cd3a610d4ba95fb4fb61ac50337,1,
ordered-trace-37,4,"{""arg"":2642}","{""r"":0}",a09702489d9be63dd1420d1f91b30231eb0cf95e10f8af4623a17459d883dce7,a09702489d9be63dd1420d1f91b30231eb0cf95e10f8af4623a17459d883dce7,1,
ordered-trace-37,5,"{""arg"":2643}","{""r"":1}",210a997e1322ad1f693580b2b9195ca8a82a998acbd4398dc9654420ff0b5589,210a997e1322ad1f693580b2b9195ca8a82a998acbd4398dc9654420ff0b5589,1,
ordered-trace-37,6,"{""arg"":2644}","{""r"":2}",16d6ed9663a7531f8cedd5b1584e38f3439e45b485bb3322b7d2bf743c8b51c0,16d6ed9663a7531f8cedd5b1584e38f3439e45b485bb3322b7d2bf743c8b51c0,1,
ordered-trace-37,7,"{""arg"":2645}","{""r"":3}",6de24bb5ea0c0b4d3e2fadb39d1ba9dfdff95bd1a3624bcefe4c11be83fbdf2f,6de24bb5ea0c0b4d3e2fadb39d1ba9dfdff95bd1a3624bcefe4c11be83fbdf2f,1,
ordered-trace-38,0,"{""arg"":2655}","{""r"":-4}",9312ad66fde15af048307243802df6bf6e73e0e948cecd21bea6b5982b7add86,9312ad66fde15af048307243802df6bf6e73e0e948cecd21bea6b5982b7add86,1,
ordered-trace-38,1,"{""arg"":2656}","{""r"":-3}",cf0de1ebbbfe00abd9200c470e87abc19fcfa985e4e1d1cdd3df20ef005cd991,cf0de1ebbbfe00abd9200c470e87abc19fcfa985e4e1d1cdd3df20ef005cd991,1,
ordered-trace-38,2,"{""arg"":2657}","{""r"":-2}",35c70ba30f6bfeb436e8c7b7620534c5ae0549113c24dbd583003d3ffaab2499,35c70ba30f6bfeb436e8c7b7620534c5ae0549113c24dbd583003d3ffaab2499,1,
ordered-trace-38,3,"{""arg"":2658}","{""r"":-1}",98db9c11f0a6e9aa76da284ba9d4f50c648f63289e8de7e0f1cae04631fc13a4,98db9c11f0a6e9aa76da284ba9d4f50c648f63289e8de7e0f1cae04631fc13a4,1,
ordered-trace-38,4,"{""arg"":2659}","{""r"":0}",3f4eecdc8cd9fdac9612aa2a394ce368bed46a070b835cecc1122cd776197940,3f4eecdc8cd9fdac9612aa2a394ce368bed46a070b835cecc1122cd776197940,1,
ordered-trace-38,5,"{""arg"":2660}","{""r"":1}",6ee1f4e7691d939f9b06cb20f8b76460aec04c766b1cbab28c4e97d3d754fc0d,6ee1f4e7691d939f9b06cb20f8b76460aec04c766b1cbab28c4e97d3d754fc0d,1,
ordered-trace-38,6,"{""arg"":2661}","{""r"":2}",46f8280df6af52b85982380fad91a946e83020d866015ba226f30cb38ecc0871,46f8280df6af52b85982380fad91a946e83020d866015ba226f30cb38ecc0871,1,
ordered-trace-38,7,"{""arg"":2662}","{""r"":3}",93b88cbaddea3ada04534286e53b5dc975682b39be2c4ef24ced92d02afd660d,93b88cbaddea3ada04534286e53b5dc975682b39be2c4ef24ced92d02afd660d,1,
ordered-trace-39,0,"{""arg"":2672}","{""r"":-4}",c6cfb1c7ec53de2b399464343d5b628304038f39e6b91d6ee5a773ce1bf4ac1a,c6cfb1c7ec53de2b399464343d5b628304038f39e6b91d6ee5a773ce1bf4ac1a,1,
ordered-trace-39,1,"{""arg"":2673}","{""r"":-3}",a289a8d8ec2091d1b3899df1c8dae657f43b201e9b67419bd0ad6a2e15e98274,a289a8d8ec2091d1b3899df1c8dae657f43b201e9b67419bd0ad6a2e15e98274,1,
ordered-trace-39,2,"{""arg"":2674}","{""r"":-2}",61450ead85367ac541721deca61c95cf0327beaebe4676f4e86ec49a5871204a,61450ead85367ac541721deca61c95cf0327beaebe4676f4e86ec49a5871204a,1,
ordered-trace-39,3,"{""arg"":2675}","{""r"":-1}",088f0eb1115bc9195b20bc93a9d2da24212adea6c2af04ef5385e716e4d5f8dc,088f0eb1115bc9195b20bc93a9d2da24212adea6c2af04ef5385e716e4d5f8dc,1,
ordered-trace-39,4,"{""arg"":2676}","{""r"":0}",59c0145efe2e7aec8948930d7a632eb77e3ca88024493a37ae7bc9589cdce525,59c0145efe2e7aec8948930d7a632eb77e3ca88024493a37ae7bc9589cdce525,1,
ordered-trace-39,5,"{""arg"":2677}","{""r"":1}",d2b317a7b08b292ce053ac10a41d371bb951823e63855541d88d58cc5dd55e78,d2b317a7b08b292ce053ac10a41d371bb951823e63855541d88d58cc5dd55e78,1,
ordered-trace-39,6,"{""arg"":2678}","{""r"":2}",3f0bbc6cc97b3c14b66bd2725a3db664da28f1238826f4b8b0104991bbfc92f0,3f0bbc6cc97b3c14b66bd2725a3db664da28f1238826f4b8b0104991bbfc92f0,1,
ordered-trace-39,7,"{""arg"":2679}","{""r"":3}",98f1a7892613c3d8f84c2e639e32e35bd88e4fbe90809a8a3acb99fae028ada7,98f1a7892613c3d8f84c2e639e32e35bd88e4fbe90809a8a3acb99fae028ada7,1,
branches-00,0,"{""arg"":2689}","{""r"":-4}",4202d27cb2f00d1dfa8bae9c3d703cd0e478b216c70c94343fc085dcc4edb6c1,4202d27cb2f00d1dfa8bae9c3d703cd0e478b216c70c94343fc085dcc4edb6c1,1,
branches-00,1,"{""arg"":2690}","{""r"":-3}",cde546711001d4ae8cfb20b7413428afc87d44f3043a53a2ab7ba8e462fa7498,cde546711001d4ae8cfb20b7413428afc87d44f3043a53a2ab7ba8e462fa7498,1,
branches-00,2,"{""arg"":2691}","{""r"":-2}",f35bf528c98ccc4227deaf9cdf86206786ec3bf5243a91aeccc013a8882fb73c,f35bf528c98ccc4227deaf9cdf86206786ec3bf5243a91aeccc013a8882fb73c,1,
branches-00,3,"{""arg"":2692}","{""r"":-1}",c4b6c83ca2df429f6e50eda019051442551e1957c5b12758b9eed8df5ac44d6a,c4b6c83ca2df429f6e50eda019051442551e1957c5b12758b9eed8df5ac44d6a,1,
branches-00,4,"{""arg"":2693}","{""r"":0}",4f177c64e42a732cde4f8a569c2faf31b7b0587ef0a014f99065e1f283d8287a,4f177c64e42a732cde4f8a569c2faf31b7b0587ef0a014f99065e1f283d8287a,1,
branches-00,5,"{""arg"":2694}","{""r"":1}",9f9da8d163313cb90f53a26a660ab976e912c6bb8e232c56304c2650c674d2c1,9f9da8d163313cb90f53a26a660ab976e912c6bb8e232c56304c2650c674d2c1,1,
branches-00,6,"{""arg"":2695}","{""r"":2}",e5bdbcd8ba1b0b75b76d6dd6db9ac8eeadf0be1f4c757088c17da3f7bd17204f,e5bdbcd8ba1b0b75b76d6dd6db9ac8eeadf0be1f4c757088c17da3f7bd17204f,1,
branches-00,7,"{""arg"":2696}","{""r"":3}",0236cf2503109fb011d3ab8a2a585b7948da26d86ba22977a2e828a5962b970b,0236cf2503109fb011d3ab8a2a585b7948da26d86ba22977a2e828a5962b970b,1,
branches-01,0,"{""arg"":2706}","{""r"":-4}",6cace2cbc44065acf9cbc4cf48a296baca470be778785518361bb3cdc8a15b4b,6cace2cbc44065acf9cbc4cf48a296baca470be778785518361bb3cdc8a15b4b,1,
branches-01,1,"{""arg"":2707}","{""r"":-3}",3a493347be896e0c53b4818774d7fbcf7b49d14d6cc71d922b91df7fb6bc4e44,3a493347be896e0c53b4818774d7fbcf7b49d14d6cc71d922b91df7fb6bc4e44,1,
branches-01,2,"{""arg"":2708}","{""r"":-2}",440b063e1e902539888c388fbd252ed50230b78d1772f928d7b7873124eaf24a,440b063e1e902539888c388fbd252ed50230b78d1772f928d7b7873124eaf24a,1,
branches-01,3,"{""arg"":2709}","{""r"":-1}",29e33f31ba74b55ab311f8ef6c4d502966e83dae5f8dee6ca9853eba1d605641,29e33f31ba74b55ab311f8ef6c4d502966e83dae5f8dee6ca9853eba1d605641,1,
branches-01,4,"{""arg"":2710}","{""r"":0}",ca71b71d3be29d02704dea4e04dfc7b01ba2794fab7c06f8aaf45bef7aaa7b60,ca71b71d3be29d02704dea4e04dfc7b01ba2794fab7c06f8aaf45bef7aaa7b60,1,
branches-01,5,"{""arg"":2711}","{""r"":1}",e483e09abd732cb4464304b6f9fcd966a3835a4e532092e3f2b4afd090ac6e39,e483e09abd732cb4464304b6f9fcd966a3835a4e532092e3f2b4afd090ac6e39,1,
branches-01,6,"{""arg"":2712}","{""r"":2}",920500075e670c3155e68d55fc738ecb9d4d4ba08f2bd8993458ddb2beac0fba,920500075e670c3155e68d55fc738ecb9d4d4ba08f2bd8993458ddb2beac0fba,1,
branches-01,7,"{""arg"":2713}","{""r"":3}",3ad9db37c57796a02541a78bc535d63a75f8faa614e5822c59aa7fa59a021c72,3ad9db37c57796a02541a78bc535d63a75f8faa614e5822c59aa7fa59a021c72,1,
branches-02,0,"{""arg"":2723}","{""r"":-4}",ca1e812d6aeb916d50b10f493ffb2a187b7aff29b2821b4e76fc0e9d349a103a,ca1e812d6aeb916d50b10f493ffb2a187b7aff29b2821b4e76fc0e9d349a103a,1,
branches-02,1,"{""arg"":2724}","{""r"":-3}",f495956de2d3861fa67518932e27f24a3c37a6bee44f97dd3d7a2707f21dc240,f495956de2d3861fa67518932e27f24a3c37a6bee44f97dd3d7a2707f21dc240,1,
branches-02,2,"{""arg"":2725}","{""r"":-2}",0d72ce28d6b6c629dc2114385dc1e53e3db23798867f8be0d62cbca73b30e9aa,0d72ce28d6b6c629dc2114385dc1e53e3db23798867f8be0d62cbca73b30e9aa,1,
branches-02,3,"{""arg"":2726}","{""r"":-1}",a44c788b8e1fd7cd9f751eac21db4f8c249f3ea2da68cb6a01763cf508ffbdbf,a44c788b8e1fd7cd9f751eac21db4f8c249f3ea2da68cb6a01763cf508ffbdbf,1,
branches-02,4,"{""arg"":2727}","{""r"":0}",0663176a8163c9b2c7bbd58b7015153a0b61a07f9baefaa3657bd6c3ba7e1733,0663176a8163c9b2c7bbd58b7015153a0b61a07f9baefaa3657bd6c3ba7e1733,1,
branches-02,5,"{""arg"":2728}","{""r"":1}",93f247ed47dd430b762f17c3cd59628a1cbe50d664517dd07559936ae5a87f83,93f247ed47dd430b762f17c3cd59628a1cbe50d664517dd07559936ae5a87f83,1,
branches-02,6,"{""arg"":2729}","{""r"":2}",61f0048bc1922a58556b90940749d75c70a74cb1b1baaf5d5c0407330b4f85fe,61f0048bc1922a58556b90940749d75c70a74cb1b1baaf5d5c0407330b4f85fe,1,
branches-02,7,"{""arg"":2730}","{""r"":3}",fa6da99a5923ea997003aac29eceef2ec3edf1d9ac7a36bb29e4bba3d399dc18,fa6da99a5923ea997003aac29eceef2ec3edf1d9ac7a36bb29e4bba3d399dc18,1,
branches-03,0,"{""arg"":2740}","{""r"":-4}",3c02b9688c06b2950ca4c54475931cd8314db26175640ce42b2483c41ed6eb85,3c02b9688c06b2950ca4c54475931cd8314db26175640ce42b2483c41ed6eb85,1,
branches-03,1,"{""arg"":2741}","{""r"":-3}",cc5be8307bf5aafd13801d59e7f543f50809b1ed063c5fc96d20d2834954b728,cc5be8307bf5aafd13801d59e7f543f50809b1ed063c5fc96d20d2834954b728,1,
branches-03,2,"{""arg"":2742}","{""r"":-2}",8ba1c1e0bdc187157ee64d08942ff2935796a29e9bd6c156e9ffdaab56c7bb41,8ba1c1e0bdc187157ee64d08942ff2935796a29e9bd6c156e9ffdaab56c7bb41,1,
branches-03,3,"{""arg"":2743}","{""r"":-1}",861ec400c0bf0a097227ffaaacac22d13357c2f199fe0cc472eebcaefed216cd,861ec400c0bf0a097227ffaaacac22d13357c2f199fe0cc472eebcaefed216cd,1,
branches-03,4,"{""arg"":2744}","{""r"":0}",6269805955f7635d1139d8f4082c6526f789958d7413b39f095be55da137838b,6269805955f7635d1139d8f4082c6526f789958d7413b39f095be55da137838b,1,
branches-03,5,"{""arg"":2745}","{""r"":1}",0912c8c87870f918e1a9c61bcc08c8d2014167d2f2a03a1ae854bbbe9f973334,0912c8c87870f918e1a9c61bcc08c8d2014167d2f2a03a1ae854bbbe9f973334,1,
branches-03,6,"{""arg"":2746}","{""r"":2}",5990da03180144707266f54f6cf19d3bf4e2b8a7378bec460762f4590b9a69ea,5990da03180144707266f54f6cf19d3bf4e2b8a7378bec460762f4590b9a69ea,1,
branches-03,7,"{""arg"":2747}","{""r"":3}",76c3adb582b6551363ecf5977ce96cc307c47c4cd8744a875127079d7c5fdecc,76c3adb582b6551363ecf5977ce96cc307c47c4cd8744a875127079d7c5fdecc,1,
branches-04,0,"{""arg"":2757}","{""r"":-4}",4202d27cb2f00d1dfa8bae9c3d703cd0e478b216c70c94343fc085dcc4edb6c1,4202d27cb2f00d1dfa8bae9c3d703cd0e478b216c70c94343fc085dcc4edb6c1,1,
branches-04,1,"{""arg"":2758}","{""r"":-3}",cde546711001d4ae8cfb20b7413428afc87d44f3043a53a2ab7ba8e462fa7498,cde546711001d4ae8cfb20b7413428afc87d44f3043a53a2ab7ba8e462fa7498,1,
branches-04,2,"{""arg"":2759}","{""r"":-2}",f35bf528c98ccc4227deaf9cdf86206786ec3bf5243a91aeccc013a8882fb73c,f35bf528c98ccc4227deaf9cdf86206786ec3bf5243a91aeccc013a8882fb73c,1,
branches-04,3,"{""arg"":2760}","{""r"":-1}",c4b6c83ca2df429f6e50eda019051442551e1957c5b12758b9eed8df5ac44d6a,c4b6c83ca2df429f6e50eda019051442551e1957c5b12758b9eed8df5ac44d6a,1,
branches-04,4,"{""arg"":2761}","{""r"":0}",4f177c64e42a732cde4f8a569c2faf31b7b0587ef0a014f99065e1f283d8287a,4f177c64e42a732cde4f8a569c2faf31b7b0587ef0a014f99065e1f283d8287a,1,
branches-04,5,"{""arg"":2762}","{""r"":1}",9f9da8d163313cb90f53a26a660ab976e912c6bb8e232c56304c2650c674d2c1,9f9da8d163313cb90f53a26a660ab976e912c6bb8e232c56304c2650c674d2c1,1,
branches-04,6,"{""arg"":2763}","{""r"":2}",e5bdbcd8ba1b0b75b76d6dd6db9ac8eeadf0be1f4c757088c17da3f7bd17204f,e5bdbcd8ba1b0b75b76d6dd6db9ac8eeadf0be1f4c757088c17da3f7bd17204f,1,
branches-04,7,"{""arg"":2764}","{""r"":3}",0236cf2503109fb011d3ab8a2a585b7948da26d86ba22977a2e828a5962b970b,0236cf2503109fb011d3ab8a2a585b7948da26d86ba22977a2e828a5962b970b,1,
branches-05,0,"{""arg"":2774}","{""r"":-4}",6b3820f54c75e1b066671e99bd30e89ffe1568abca8e7fd5262bb8e568fa28ff,6b3820f54c75e1b066671e99bd30e89ffe1568abca8e7fd5262bb8e568fa28ff,1,
branches-05,1,"{""arg"":2775}","{""r"":-3}",31d4469941c6728e50fa02da4126905e83032ee1807f509c26365f1369678762,31d4469941c6728e50fa02da4126905e83032ee1807f509c26365f1369678762,1,
branches-05,2,"{""arg"":2776}","{""r"":-2}",aa80d8e7920fd53df1dab5d6e88108b7efa6e409d9336a325cf944bd13e672e6,aa80d8e7920fd53df1dab5d6e88108b7efa6e409d9336a325cf944bd13e672e6,1,
branches-05,3,"{""arg"":2777}","{""r"":-1}",0e52d0002c790f16786876723015231b889cecca86a161bb583591f5065bbbd6,0e52d0002c790f16786876723015231b889cecca86a161bb583591f5065bbbd6,1,
branches-05,4,"{""arg"":2778}","{""r"":0}",0d948d632243a1ea2272ddf2d575c8084108f2fa6fb6cbd627cb7cfbdc69614e,0d948d632243a1ea2272ddf2d575c8084108f2fa6fb6cbd627cb7cfbdc69614e,1,
branches-05,5,"{""arg"":2779}","{""r"":1}",006599469e8b263aa391e912ecba67c9f03851cc9119f843b74896879e8bf2d6,006599469e8b263aa391e912ecba67c9f03851cc9119f843b74896879e8bf2d6,1,
branches-05,6,"{""arg"":2780}","{""r"":2}",1291c9bd7ca50336187035e80d35352a38281791e23a155e46322ef9e89e046d,1291c9bd7ca50336187035e80d35352a38281791e23a155e46322ef9e89e046d,1,
branches-05,7,"{""arg"":2781}","{""r"":3}",07029630c0f200a2b038f70cacf112240325f18f115d1341729c1e7277e5b0cf,07029630c0f200a2b038f70cacf112240325f18f115d1341729c1e7277e5b0cf,1,
branches-06,0,"{""arg"":2791}","{""r"":-4}",a7d4307255c556f6211abee4454d099d49e678f81c153e79d78360b4cd01ac04,a7d4307255c556f6211abee4454d099d49e678f81c153e79d78360b4cd01ac04,1,
branches-06,1,"{""arg"":2792}","{""r"":-3}",6b905250beefb543f8632cc1a6f976fc60f86e3de8ba0f65231671a09fa578d0,6b905250beefb543f8632cc1a6f976fc60f86e3de8ba0f65231671a09fa578d0,1,
branches-06,2,"{""arg"":2793}","{""r"":-2}",d9d5b7a62bd44c3a6d2964231fd0dcd7e68be24ba2abbbe3504c3ae95b975cd0,d9d5b7a62bd44c3a6d2964231fd0dcd7e68be24ba2abbbe3504c3ae95b975cd0,1,
branches-06,3,"{""arg"":2794}","{""r"":-1}",f08c0f1420f7dd0d55db7a316cf057efa5013dcf0953ea1a72cdb160f8896828,f08c0f1420f7dd0d55db7a316cf057efa5013dcf0953ea1a72cdb160f8896828,1,
branches-06,4,"{""arg"":2795}","{""r"":0}",acd704a548094da5a575bb5635f1e1d1c30e9e4621131bc15da06db2d1cf352d,acd704a548094da5a575bb5635f1e1d1c30e9e4621131bc15da06db2d1cf352d,1,
branches-06,5,"{""arg"":2796}","{""r"":1}",80c55ed31f77df5c871ae3d14ac3abcc8a74fe6637992211570e883d0ad7eb00,80c55ed31f77df5c871ae3d14ac3abcc8a74fe6637992211570e883d0ad7eb00,1,
branches-06,6,"{""arg"":2797}","{""r"":2}",41dbf642086873f3cc73557110526b8c0e52dc64b52b3df0c93c95fd7c99e63b,41dbf642086873f3cc73557110526b8c0e52dc64b52b3df0c93c95fd7c99e63b,1,
branches-06,7,"{""arg"":2798}","{""r"":3}",00e76de868a96271f5935d75143088c0f593f1486ca0520ff453dd104b13db9a,00e76de868a96271f5935d75143088c0f593f1486ca0520ff453dd104b13db9a,1,
branches-07,0,"{""arg"":2808}","{""r"":-4}",3c02b9688c06b2950ca4c54475931cd8314db26175640ce42b2483c41ed6eb85,3c02b9688c06b2950ca4c54475931cd8314db26175640ce42b2483c41ed6eb85,1,
branches-07,1,"{""arg"":2809}","{""r"":-3}",cc5be8307bf5aafd13801d59e7f543f50809b1ed063c5fc96d20d2834954b728,cc5be8307bf5aafd13801d59e7f543f50809b1ed063c5fc96d20d2834954b728,1,
branches-07,2,"{""arg"":2810}","{""r"":-2}",8ba1c1e0bdc187157ee64d08942ff2935796a29e9bd6c156e9ffdaab56c7bb41,8ba1c1e0bdc187157ee64d08942ff2935796a29e9bd6c156e9ffdaab56c7bb41,1,
branches-07,3,"{""arg"":2811}","{""r"":-1}",861ec400c0bf0a097227ffaaacac22d13357c2f199fe0cc472eebcaefed216cd,861ec400c0bf0a097227ffaaacac22d13357c2f199fe0cc472eebcaefed216cd,1,
branches-07,4,"{""arg"":2812}","{""r"":0}",6269805955f7635d1139d8f4082c6526f789958d7413b39f095be55da137838b,6269805955f7635d1139d8f4082c6526f789958d7413b39f095be55da137838b,1,
branches-07,5,"{""arg"":2813}","{""r"":1}",0912c8c87870f918e1a9c61bcc08c8d2014167d2f2a03a1ae854bbbe9f973334,0912c8c87870f918e1a9c61bcc08c8d2014167d2f2a03a1ae854bbbe9f973334,1,
branches-07,6,"{""arg"":2814}","{""r"":2}",5990da03180144707266f54f6cf19d3bf4e2b8a7378bec460762f4590b9a69ea,5990da03180144707266f54f6cf19d3bf4e2b8a7378bec460762f4590b9a69ea,1,
branches-07,7,"{""arg"":2815}","{""r"":3}",76c3adb582b6551363ecf5977ce96cc307c47c4cd8744a875127079d7c5fdecc,76c3adb582b6551363ecf5977ce96cc307c47c4cd8744a875127079d7c5fdecc,1,
branches-08,0,"{""arg"":2825}","{""r"":-4}",1ab6c4ec75bd8beae29db437160184512bfb12471c8ab5a12304abd782eacbee,1ab6c4ec75bd8beae29db437160184512bfb12471c8ab5a12304abd782eacbee,1,
branches-08,1,"{""arg"":2826}","{""r"":-3}",5ce43c3002ea5981430af46c87178942f30de88913f65c47531f13ab5d31d5d1,5ce43c3002ea5981430af46c87178942f30de88913f65c47531f13ab5d31d5d1,1,
branches-08,2,"{""arg"":2827}","{""r"":-2}",61e00d9a050c8d20a1f7b3bacc740cdcfab0ac4d8c03f5bf679f56bb72ecbef9,61e00d9a050c8d20a1f7b3bacc740cdcfab0ac4d8c03f5bf679f56bb72ecbef9,1,
branches-08,3,"{""arg"":2828}","{""r"":-1}",1a75dc42f6e09255cd5b5e0c71950eb2b40cde29aafed7f10bc7bb0af7cd63f2,1a75dc42f6e09255cd5b5e0c71950eb2b40cde29aafed7f10bc7bb0af7cd63f2,1,
branches-08,4,"{""arg"":2829}","{""r"":0}",27b9ac3eb0dea5d90f0bae2439ae0f6772fc62c42fae32e2b6afa644b3c48007,27b9ac3eb0dea5d90f0bae2439ae0f6772fc62c42fae32e2b6afa644b3c48007,1,
branches-08,5,"{""arg"":2830}","{""r"":1}",ac7affbf9c626549a86c4d4009b28ca050a5ebc732fdbb818a1f149867b18c0a,ac7affbf9c626549a86c4d4009b28ca050a5ebc732fdbb818a1f149867b18c0a,1,
branches-08,6,"{""arg"":2831}","{""r"":2}",ebd7e1ad76da482f6a9368cd35b031d588cfdf13d6da6ab80cc0a55c7c5e34a2,ebd7e1ad76da482f6a9368cd35b031d588cfdf13d6da6ab80cc0a55c7c5e34a2,1,
branches-08,7,"{""arg"":2832}","{""r"":3}",f6f37316b76c03e33b514142f8c51388e6e9b56573a17efb24ba50e587a9963d,f6f37316b76c03e33b514142f8c51388e6e9b56573a17efb24ba50e587a9963d,1,
branches-09,0,"{""arg"":2842}","{""r"":-4}",cf3d8e9f5ea0a3db076c25eb23327a1156c32bbb0af848cecc4c9683f8cee20c,cf3d8e9f5ea0a3db076c25eb23327a1156c32bbb0af848cecc4c9683f8cee20c,1,
branches-09,1,"{""arg"":2843}","{""r"":-3}",b6aa4055baf428280106d3127b9c6cf0b13c9d774a0fd801d50b634626e7b350,b6aa4055baf428280106d3127b9c6cf0b13c9d774a0fd801d50b634626e7b350,1,
branches-09,2,"{""arg"":2844}","{""r"":-2}",1da08c12e0f6e0c914199ee82cf1b17ff8c8b2b32c26c7018bb1298169c2ff9e,1da08c12e0f6e0c914199ee82cf1b17ff8c8b2b32c26c7018bb1298169c2ff9e,1,
branches-09,3,"{""arg"":2845}","{""r"":-1}",a46d017ffcd1cf9e74b46e490011ffe2849894f57c963a39560c1fb906f7c3a2,a46d017ffcd1cf9e74b46e490011ffe2849894f57c963a39560c1fb906f7c3a2,1,
branches-09,4,"{""arg"":2846}","{""r"":0}",69c727d24937fd122cdfebb4dbd731f16aa666cb409a6f316a556d66144b3ed6,69c727d24937fd122cdfebb4dbd731f16aa666cb409a6f316a556d66144b3ed6,1,
branches-09,5,"{""arg"":2847}","{""r"":1}",eb29075100d24424d2b3ae05e97e12d79a8a8df9e7237f6808c9d24f69f529c8,eb29075100d24424d2b3ae05e97e12d79a8a8df9e7237f6808c9d24f69f529c8,1,
branches-09,6,"{""arg"":2848}","{""r"":2}",e910613432e9f2a9a6a87958403eef03dd76ef18ea5aa5ad3999cc9287d877ff,e910613432e9f2a9a6a87958403eef03dd76ef18ea5aa5ad3999cc9287d877ff,1,
branches-09,7,"{""arg"":2849}","{""r"":3}",76b40e7d33d7ebeacce4524787d9d451b091a06360eba3fb21676e3d44aea05a,76b40e7d33d7ebeacce4524787d9d451b091a06360eba3fb21676e3d44aea05a,1,
branches-10,0,"{""arg"":2859}","{""r"":-4}",6f4943ca499dc92134594d558ee2c92e0e7e7b9a8d8decb78ede7dd89fe29774,6f4943ca499dc92134594d558ee2c92e0e7e7b9a8d8decb78ede7dd89fe29774,1,
branches-10,1,"{""arg"":2860}","{""r"":-3}",baea5f7df0fb4dc649c7231a928356ce2a8ee3e9b3add2a51e828a37eecc3866,baea5f7df0fb4dc649c7231a928356ce2a8ee3e9b3add2a51e828a37eecc3866,1,
branches-10,2,"{""arg"":2861}","{""r"":-2}",205643cdc53722cc34170bda1691336f16b4aa01dde03101348853b91745cdcd,205643cdc53722cc34170bda1691336f16b4aa01dde03101348853b91745cdcd,1,
branches-10,3,"{""arg"":2862}","{""r"":-1}",67c0ed99eaf8017eb8cdccb94a024a4d8fa4b6f3fe4236c911514743e9cde743,67c0ed99eaf8017eb8cdccb94a024a4d8fa4b6f3fe4236c911514743e9cde743,1,
branches-10,4,"{""arg"":2863}","{""r"":0}",7b3a930d2b87c42c4a661ff79a92847398b2721c0c4df9c014e63c5020254f21,7b3a930d2b87c42c4a661ff79a92847398b2721c0c4df9c014e63c5020254f21,1,
branches-10,5,"{""arg"":2864}","{""r"":1}",a7d409aa0a301bb88c2b5c1d024ad9b86b7c3a6e42ff2c8839406e669efca42b,a7d409aa0a301bb88c2b5c1d024ad9b86b7c3a6e42ff2c8839406e669efca42b,1,
branches-10,6,"{""arg"":2865}","{""r"":2}",0b532f01956aaa97262b133743644c0fea80c959f2145c0a68dd26ee0ef8cfb7,0b532f01956aaa97262b133743644c0fea80c959f2145c0a68dd26ee0ef8cfb7,1,
branches-10,7,"{""arg"":2866}","{""r"":3}",f7b36327634b4a8efcdea5c409030c8718de315d28c79f9a345c60a7151c34c1,f7b36327634b4a8efcdea5c409030c8718de315d28c79f9a345c60a7151c34c1,1,
branches-11,0,"{""arg"":2876}","{""r"":-4}",4b9ac6fb24a8b5b78ae7674384272928062e822ef8460fcf0e4b320a35fa7486,4b9ac6fb24a8b5b78ae7674384272928062e822ef8460fcf0e4b320a35fa7486,1,
branches-11,1,"{""arg"":2877}","{""r"":-3}",eb61b7374424ee804ff93a015d275129a2ad3049431bd0cc48abf1fe9a27757b,eb61b7374424ee804ff93a015d275129a2ad3049431bd0cc48abf1fe9a27757b,1,
branches-11,2,"{""arg"":2878}","{""r"":-2}",066465678d2eb5286e8fcd4c1f07672b856ade60f6a095a98425e915774060ad,066465678d2eb5286e8fcd4c1f07672b856ade60f6a095a98425e915774060ad,1,
branches-11,3,"{""arg"":2879}","{""r"":-1}",00d745c9fd031afe6769769b7cf6b7c2e9f9e17480f1a6ae9aa1c9ee24277d54,00d745c9fd031afe6769769b7cf6b7c2e9f9e17480f1a6ae9aa1c9ee24277d54,1,
branches-11,4,"{""arg"":2880}","{""r"":0}",8382c63fdab56d663ddcca02d1e2eb0c939890198af24242ccd8e609ce158bbf,8382c63fdab56d663ddcca02d1e2eb0c939890198af24242ccd8e609ce158bbf,1,
branches-11,5,"{""arg"":2881}","{""r"":1}",0df584b0e700ed32906daf4912e1ebb624dcf8e24e61aad1ecba9de8b969b175,0df584b0e700ed32906daf4912e1ebb624dcf8e24e61aad1ecba9de8b969b175,1,
branches-11,6,"{""arg"":2882}","{""r"":2}",503f00c69e994268181f636026aaff72ac7b5b0678363010127488d3ebf8d9a5,503f00c69e994268181f636026aaff72ac7b5b0678363010127488d3ebf8d9a5,1,
branches-11,7,"{""arg"":2883}","{""r"":3}",bd9a5e9aa189bf0e9c7b14e2053f281af700af6fa2b698e7e0050dc45ad9d1e9,bd9a5e9aa189bf0e9c7b14e2053f281af700af6fa2b698e7e0050dc45ad9d1e9,1,
branches-12,0,"{""arg"":2893}","{""r"":-4}",b6b3e382eab3324f72513d0e1cfd3a2639ae4f0076759e6787be84255b7868a3,b6b3e382eab3324f72513d0e1cfd3a2639ae4f0076759e6787be84255b7868a3,1,
branches-12,1,"{""arg"":2894}","{""r"":-3}",81a89f99d23d56533a14e146a2973d3da2445e609ec731bb781ccd97dde4945e,81a89f99d23d56533a14e146a2973d3da2445e609ec731bb781ccd97dde4945e,1,
branches-12,2,"{""arg"":2895}","{""r"":-2}",01748ce32d44d9847769c8348d9dc895577243110a71568d659ccab7ceb5e1e7,01748ce32d44d9847769c8348d9dc895577243110a71568d659ccab7ceb5e1e7,1,
branches-12,3,"{""arg"":2896}","{""r"":-1}",3fd7bad510106fd55a0524e5d7b08c088a7e2ec94a236e5e79e118e38379bd88,3fd7bad510106fd55a0524e5d7b08c088a7e2ec94a236e5e79e118e38379bd88,1,
branches-12,4,"{""arg"":2897}","{""r"":0}",a9372a4b7f6874726dcc8c379d673175dff2b0445e42eb82557628afcb294277,a9372a4b7f6874726dcc8c379d673175dff2b0445e42eb82557628afcb294277,1,
branches-12,5,"{""arg"":2898}","{""r"":1}",6f5254d8ae819255fea3c12566c89b2ee2b8467b828fa611a4042d4db796d957,6f5254d8ae819255fea3c12566c89b2ee2b8467b828fa611a4042d4db796d957,1,
branches-12,6,"{""arg"":2899}","{""r"":2}",c9c1a03db7579c0282ddb87674bbbd863bcc50bbf605ea73fefa06cc4818b836,c9c1a03db7579c0282ddb87674bbbd863bcc50bbf605ea73fefa06cc4818b836,1,
branches-12,7,"{""arg"":2900}","{""r"":3}",705a44d7863bb3d61a35668c3f06841101a52bd9c63df5b47113f42e36d7e18f,705a44d7863bb3d61a35668c3f06841101a52bd9c63df5b47113f42e36d7e18f,1,
branches-13,0,"{""arg"":2910}","{""r"":-4}",b15a201ff5fde0145ff86f276bb2cd6daf0c4f7dab9941c2c1e534922052e2d1,b15a201ff5fde0145ff86f276bb2cd6daf0c4f7dab9941c2c1e534922052e2d1,1,
branches-13,1,"{""arg"":2911}","{""r"":-3}",b5db0824a8b0f72b257800621dec9722160c5c50ef74e02a56d9fddaebcf267c,b5db0824a8b0f72b257800621dec9722160c5c50ef74e02a56d9fddaebcf267c,1,
branches-13,2,"{""arg"":2912}","{""r"":-2}",8e921c50eee7e84ebfff6cbbc2d6349df60c81771915bcc2cd6a539af10eafa0,8e921c50eee7e84ebfff6cbbc2d6349df60c81771915bcc2cd6a539af10eafa0,1,
branches-13,3,"{""arg"":2913}","{""r"":-1}",4977162fc095acd981e6c0ac678a71afbc96a41d7d6fc5b4408eef4460eaadf8,4977162fc095acd981e6c0ac678a71afbc96a41d7d6fc5b4408eef4460eaadf8,1,
branches-13,4,"{""arg"":2914}","{""r"":0}",4594e62abac16cef298a9f2d620c6b6cf341159b02977218ac11f88f1653431e,4594e62abac16cef298a9f2d620c6b6cf341159b02977218ac11f88f1653431e,1,
branches-13,5,"{""arg"":2915}","{""r"":1}",c18db6969e66aabeed5836b69dbc3754948485af540e62f2ddf5c3b393ff8f5c,c18db6969e66aabeed5836b69dbc3754948485af540e62f2ddf5c3b393ff8f5c,1,
branches-13,6,"{""arg"":2916}","{""r"":2}",59184f781722470ac1786767e84f70e26878f4d002c37945e592ed995cd475cf,59184f781722470ac1786767e84f70e26878f4d002c37945e592ed995cd475cf,1,
branches-13,7,"{""arg"":2917}","{""r"":3}",5bbd5db405ed2ba6125665bb604c534def7084e13d18874e08670d1d31791b62,5bbd5db405ed2ba6125665bb604c534def7084e13d18874e08670d1d31791b62,1,
branches-14,0,"{""arg"":2927}","{""r"":-4}",ef3a7f9deb1672a6abbca9b115b68e9f015ae98fff08f28701c93a015e5d7cc5,ef3a7f9deb1672a6abbca9b115b68e9f015ae98fff08f28701c93a015e5d7cc5,1,
branches-14,1,"{""arg"":2928}","{""r"":-3}",908b89cf72627f8a42afcaecfc13b9ab6f7f5771c16ab536fd8b4bbaf329a747,908b89cf72627f8a42afcaecfc13b9ab6f7f5771c16ab536fd8b4bbaf329a747,1,
branches-14,2,"{""arg"":2929}","{""r"":-2}",d4aec21c33afa01bfd4b1e655542b6f8167ae94b74e4f326ee43b4e1fcea7154,d4aec21c33afa01bfd4b1e655542b6f8167ae94b74e4f326ee43b4e1fcea7154,1,
branches-14,3,"{""arg"":2930}","{""r"":-1}",14875a18a241570017094e19f1bd974f70ba46d0107772d5d26031823539ff12,14875a18a241570017094e19f1bd974f70ba46d0107772d5d26031823539ff12,1,
branches-14,4,"{""arg"":2931}","{""r"":0}",59ff814c9b1bbc155c3b462bb8a824156182b072422973fb3a068a571571f633,59ff814c9b1bbc155c3b462bb8a824156182b072422973fb3a068a571571f633,1,
branches-14,5,"{""arg"":2932}","{""r"":1}",8c4e3af75833c2605ebfaf74c2f1373c8fc4f0c08cf52be935c6b375310510df,8c4e3af75833c2605ebfaf74c2f1373c8fc4f0c08cf52be935c6b375310510df,1,
branches-14,6,"{""arg"":2933}","{""r"":2}",ba514d22a579553b2440a41ebdac854038c1ea434098a62e76f6d6955cbe2b71,ba514d22a579553b2440a41ebdac854038c1ea434098a62e76f6d6955cbe2b71,1,
branches-14,7,"{""arg"":2934}","{""r"":3}",fec681fbe66f96d4f43ce01141931688fdb074527370a86def7574d0db106c49,fec681fbe66f96d4f43ce01141931688fdb074527370a86def7574d0db106c49,1,
branches-15,0,"{""arg"":2944}","{""r"":-4}",873057ba0611e7369257fb32014dc4c19ee2cac78e1ab7aafc5447aaeec4686f,873057ba0611e7369257fb32014dc4c19ee2cac78e1ab7aafc5447aaeec4686f,1,
branches-15,1,"{""arg"":2945}","{""r"":-3}",a7e330e15d2c051de94e91b88b557cd8e151061eaaf13151057975e82d483382,a7e330e15d2c051de94e91b88b557cd8e151061eaaf13151057975e82d483382,1,
branches-15,2,"{""arg"":2946}","{""r"":-2}",c8c93542459e23b6bfde62fb71a3ab06864df6cadfa16440f71fadd1db50789a,c8c93542459e23b6bfde62fb71a3ab06864df6cadfa16440f71fadd1db50789a,1,
branches-15,3,"{""arg"":2947}","{""r"":-1}",218f726c56d8a45745d396a04be83a61253d10ac34ddfacd104a0c65002b7add,218f726c56d8a45745d396a04be83a61253d10ac34ddfacd104a0c65002b7add,1,
branches-15,4,"{""arg"":2948}","{""r"":0}",7438b2c7a90630cf6e6bc340c3e4eac20fd572365d8a10232597e50bbb1561c9,7438b2c7a90630cf6e6bc340c3e4eac20fd572365d8a10232597e50bbb1561c9,1,
branches-15,5,"{""arg"":2949}","{""r"":1}",19ff2e8e45b258825077bfa9a020c2aafbe79ae1d753cc79f8060d9d7be96e3a,19ff2e8e45b258825077bfa9a020c2aafbe79ae1d753cc79f8060d9d7be96e3a,1,
branches-15,6,"{""arg"":2950}","{""r"":2}",3519dab3428ae5b204f38bd95239654063fef95ec036fb3f5d5ca23fd7c4e8d3,3519dab3428ae5b204f38bd95239654063fef95ec036fb3f5d5ca23fd7c4e8d3,1,
branches-15,7,"{""arg"":2951}","{""r"":3}",9e2726f3e82f893d70705c8f209b7040ae94a584185f66d7c997b42bfc460cbf,9e2726f3e82f893d70705c8f209b7040ae94a584185f66d7c997b42bfc460cbf,1,
branches-16,0,"{""arg"":2961}","{""r"":-4}",8173523954f3c01104ae7bde21eef9d0bf48b63549a72946cd5544456bc95f3e,8173523954f3c01104ae7bde21eef9d0bf48b63549a72946cd5544456bc95f3e,1,
branches-16,1,"{""arg"":2962}","{""r"":-3}",8be08d16d46cbc20d4653275197cee7416bca302c635768f5a3b1ceb195989dc,8be08d16d46cbc20d4653275197cee7416bca302c635768f5a3b1ceb195989dc,1,
branches-16,2,"{""arg"":2963}","{""r"":-2}",877e2af50c136d7b6820559e379a576987d89239a5ebc7818ac26bd6c431821d,877e2af50c136d7b6820559e379a576987d89239a5ebc7818ac26bd6c431821d,1,
branches-16,3,"{""arg"":2964}","{""r"":-1}",05a9f41f28d4dae02102be45699a7b4bda4e0051421355fbfc07fcc81b3516f2,05a9f41f28d4dae02102be45699a7b4bda4e0051421355fbfc07fcc81b3516f2,1,
branches-16,4,"{""arg"":2965}","{""r"":0}",6adc12a95a8a90dc93780a9e8d179b2ed0dea11b5f9e9c028fc9998b58c95562,6adc12a95a8a90dc93780a9e8d179b2ed0dea11b5f9e9c028fc9998b58c95562,1,
branches-16,5,"{""arg"":2966}","{""r"":1}",1e779b7cbe708e6572fe199c5ef98b10fde25c2d06ee0f93e6e09d8e4195caac,1e779b7cbe708e6572fe199c5ef98b10fde25c2d06ee0f93e6e09d8e4195caac,1,
branches-16,6,"{""arg"":2967}","{""r"":2}",832fd66dbf88b7b171967c97cf82b7867563df4cdccc5b4c7c8803e997f47733,832fd66dbf88b7b171967c97cf82b7867563df4cdccc5b4c7c8803e997f47733,1,
branches-16,7,"{""arg"":2968}","{""r"":3}",66e29bc09d318371eaba515e610c1e9f4f6ae93586d0b2fb9ba90ca8ad79c57c,66e29bc09d318371eaba515e610c1e9f4f6ae93586d0b2fb9ba90ca8ad79c57c,1,
branches-17,0,"{""arg"":2978}","{""r"":-4}",fd43698c013d48ae1d075de603d1b95646b2b5d718efcd019c2bd2be9f101db8,fd43698c013d48ae1d075de603d1b95646b2b5d718efcd019c2bd2be9f101db8,1,
branches-17,1,"{""arg"":2979}","{""r"":-3}",26ddb5030c791a64a33d1a3c55beedd91744cf2e880cde8d6fad2ffcdc917a40,26ddb5030c791a64a33d1a3c55beedd91744cf2e880cde8d6fad2ffcdc917a40,1,
branches-17,2,"{""arg"":2980}","{""r"":-2}",3ee486f10192d1e71ebf0c2eebd4f765e3a13c2719e6db17aa632e28f50bb266,3ee486f10192d1e71ebf0c2eebd4f765e3a13c2719e6db17aa632e28f50bb266,1,
branches-17,3,"{""arg"":2981}","{""r"":-1}",5f5509d2f8e22bfff67a02d2eff760236ae67ba46e63e60a091cb192b5065853,5f5509d2f8e22bfff67a02d2eff760236ae67ba46e63e60a091cb192b5065853,1,
branches-17,4,"{""arg"":2982}","{""r"":0}",a443ce7791fcb9c75178e3c8aa15454b49a9732cc9ffb399e52e3c4fb08cdf72,a443ce7791fcb9c75178e3c8aa15454b49a9732cc9ffb399e52e3c4fb08cdf72,1,
branches-17,5,"{""arg"":2983}","{""r"":1}",66aaca1c385b6e0637c133c7b4edd81938376c797ccdb2d8567a8822266eddb3,66aaca1c385b6e0637c133c7b4edd81938376c797ccdb2d8567a8822266eddb3,1,
branches-17,6,"{""arg"":2984}","{""r"":2}",dc8ce0cf43d642d71663c415e7412d63ac2ed5f144d79ebb2b0aa2d5c323c5f9,dc8ce0cf43d642d71663c415e7412d63ac2ed5f144d79ebb2b0aa2d5c323c5f9,1,
branches-17,7,"{""arg"":2985}","{""r"":3}",d1cf39f14faa17d9e0eb2d52b6fcbf65967d0f7c00eeb2abaf9d505b83777404,d1cf39f14faa17d9e0eb2d52b6fcbf65967d0f7c00eeb2abaf9d505b83777404,1,
branches-18,0,"{""arg"":2995}","{""r"":-4}",c07d127572b0a24a985d82851f1b0fd1d4aadeb673700ccd2defcc511164fabb,c07d127572b0a24a985d82851f1b0fd1d4aadeb673700ccd2defcc511164fabb,1,
branches-18,1,"{""arg"":2996}","{""r"":-3}",9498fc01c1d801c97ad8f1de813d941f49daf63a98c625614c1984a4adeaac76,9498fc01c1d801c97ad8f1de813d941f49daf63a98c625614c1984a4adeaac76,1,
branches-18,2,"{""arg"":2997}","{""r"":-2}",ccee2aa60d1ce82a9335809b8dd496d0a9cda854a87b0c010e1f72e158f44056,ccee2aa60d1ce82a9335809b8dd496d0a9cda854a87b0c010e1f72e158f44056,1,
branches-18,3,"{""arg"":2998}","{""r"":-1}",c8ab22f8bd65a31e8b62e2fc413c231577af2ce85c2b3d7ce65c9717de874584,c8ab22f8bd65a31e8b62e2fc413c231577af2ce85c2b3d7ce65c9717de874584,1,
branches-18,4,"{""arg"":2999}","{""r"":0}",8b52cb7f4d4deb81a02c36bc50f9fdad4a7a77e1292853e86f50c4c2119c5bc0,8b52cb7f4d4deb81a02c36bc50f9fdad4a7a77e1292853e86f50c4c2119c5bc0,1,
branches-18,5,"{""arg"":3000}","{""r"":1}",646e1de7926bd9c60e8b80fbb68044c275f8fcf174fe3f27c776407629de4d1a,646e1de7926bd9c60e8b80fbb68044c275f8fcf174fe3f27c776407629de4d1a,1,
branches-18,6,"{""arg"":3001}","{""r"":2}",a546e76c4ebcc84e44d719631abf5e43c0b73ceb4ba47bd566768c9687231a5d,a546e76c4ebcc84e44d719631abf5e43c0b73ceb4ba47bd566768c9687231a5d,1,
branches-18,7,"{""arg"":3002}","{""r"":3}",b652fa44fff5e2916fafd13b49966c7a150807281e46e403f761177d31f4b1d5,b652fa44fff5e2916fafd13b49966c7a150807281e46e403f761177d31f4b1d5,1,
branches-19,0,"{""arg"":3012}","{""r"":-4}",46f20cd9e4c6fd7dd0249dfaa343929e9779c42fd79dc00374ec3c26af5c1633,46f20cd9e4c6fd7dd0249dfaa343929e9779c42fd79dc00374ec3c26af5c1633,1,
branches-19,1,"{""arg"":3013}","{""r"":-3}",4894b20c08c2e12488eea07fc5cb450497ca570feb8785116a2d077544fd852d,4894b20c08c2e12488eea07fc5cb450497ca570feb8785116a2d077544fd852d,1,
branches-19,2,"{""arg"":3014}","{""r"":-2}",035c01fbf09626e15002ac59b6c9efb7a13e7a3536a8de6ee8d2ece0193259a5,035c01fbf09626e15002ac59b6c9efb7a13e7a3536a8de6ee8d2ece0193259a5,1,
branches-19,3,"{""arg"":3015}","{""r"":-1}",761e54510e0f223128263aa6001d52f5d37ca53dd7e64a99e0a7920fe3d4964e,761e54510e0f223128263aa6001d52f5d37ca53dd7e64a99e0a7920fe3d4964e,1,
branches-19,4,"{""arg"":3016}","{""r"":0}",d5e668f909e5852607a2b2c9182d2be3813125c6be9a4427623358ea5b1beff9,d5e668f909e5852607a2b2c9182d2be3813125c6be9a4427623358ea5b1beff9,1,
branches-19,5,"{""arg"":3017}","{""r"":1}",e70586d6fa140c2504b09b0a98d8165eaa4485d7d0d2b809bdb262221d70a87d,e70586d6fa140c2504b09b0a98d8165eaa4485d7d0d2b809bdb262221d70a87d,1,
branches-19,6,"{""arg"":3018}","{""r"":2}",452e2136d342a14cc40edcddd33be4799e323302fb7e005d30427a611f50e343,452e2136d342a14cc40edcddd33be4799e323302fb7e005d30427a611f50e343,1,
branches-19,7,"{""arg"":3019}","{""r"":3}",b3c43fe24f607bc44292545b4a2924fbe5385bfe816cd2191b6842abdceeea9a,b3c43fe24f607bc44292545b4a2924fbe5385bfe816cd2191b6842abdceeea9a,1,
branches-20,0,"{""arg"":3029}","{""r"":-4}",79667c5f6a3ac863a1d4237f04b5ea77a063b5cc63d9f5e523abbde1ae26cfbe,79667c5f6a3ac863a1d4237f04b5ea77a063b5cc63d9f5e523abbde1ae26cfbe,1,
branches-20,1,"{""arg"":3030}","{""r"":-3}",bdc4d72abf5498f823130edcda5d8bc25d3230a589f02ff43f76af956a16ce03,bdc4d72abf5498f823130edcda5d8bc25d3230a589f02ff43f76af956a16ce03,1,
branches-20,2,"{""arg"":3031}","{""r"":-2}",00892672e8368b3a51cc62eb8864fafe0f05ffeed27fef899c15242aa6bf976a,00892672e8368b3a51cc62eb8864fafe0f05ffeed27fef899c15242aa6bf976a,1,
branches-20,3,"{""arg"":3032}","{""r"":-1}",eb7949b1b900d2d5b8d97b5ffb81fd55aed52b0313ad0a7396fb3eb391ae7e81,eb7949b1b900d2d5b8d97b5ffb81fd55aed52b0313ad0a7396fb3eb391ae7e81,1,
branches-20,4,"{""arg"":3033}","{""r"":0}",cfbc9f568e6183b0b8202b1678c20eff1782dd70b2ff76f1c591f1a7b4387aa1,cfbc9f568e6183b0b8202b1678c20eff1782dd70b2ff76f1c591f1a7b4387aa1,1,
branches-20,5,"{""arg"":3034}","{""r"":1}",650806b804abcd5ada20df83844c961ca36cb560f6b4f5d20d5f5ab21ad9798c,650806b804abcd5ada20df83844c961ca36cb560f6b4f5d20d5f5ab21ad9798c,1,
branches-20,6,"{""arg"":3035}","{""r"":2}",0c41aca6aeff5cb3f07a4b474c066696c8a11eb8ab8e98c6f076048670a5e9ba,0c41aca6aeff5cb3f07a4b474c066696c8a11eb8ab8e98c6f076048670a5e9ba,1,
branches-20,7,"{""arg"":3036}","{""r"":3}",007eeb635102e55d01b7d3774c310c8f87029b0c1a9b8776cf945cb4b1999268,007eeb635102e55d01b7d3774c310c8f87029b0c1a9b8776cf945cb4b1999268,1,
branches-21,0,"{""arg"":3046}","{""r"":-4}",85d10b61abcb0fe2e05104eb75c37dacbfccf901b1c503b8bd44805696863ee9,85d10b61abcb0fe2e05104eb75c37dacbfccf901b1c503b8bd44805696863ee9,1,
branches-21,1,"{""arg"":3047}","{""r"":-3}",cd93d67ab9b1d7d71177c366897c3ebe93d4bbcff0b292b8bf0401c3659a36fa,cd93d67ab9b1d7d71177c366897c3ebe93d4bbcff0b292b8bf0401c3659a36fa,1,
branches-21,2,"{""arg"":3048}","{""r"":-2}",df29ef08682c2cb233c07b9e8da44d66780eb8003d0b68bb43648a6bd5f9b2c0,df29ef08682c2cb233c07b9e8da44d66780eb8003d0b68bb43648a6bd5f9b2c0,1,
branches-21,3,"{""arg"":3049}","{""r"":-1}",7a0efca371922ab4d6a309b1ec2f95186af2fc5b99c297dc170fd9ca08ccb497,7a0efca371922ab4d6a309b1ec2f95186af2fc5b99c297dc170fd9ca08ccb497,1,
branches-21,4,"{""arg"":3050}","{""r"":0}",93364b0bbc88d7c262971b9d90c93183ea74a36b7d49a6332372296b069dc1d7,93364b0bbc88d7c262971b9d90c93183ea74a36b7d49a6332372296b069dc1d7,1,
branches-21,5,"{""arg"":3051}","{""r"":1}",39438184c982eb828018a9ae50c8e6b7735f6e7422ace44298071f4a13cf2995,39438184c982eb828018a9ae50c8e6b7735f6e7422ace44298071f4a13cf2995,1,
branches-21,6,"{""arg"":3052}","{""r"":2}",4ab9b0df1a464611009f46fc47b6c48244352a40e85fe0e5ba29c75aacba5f95,4ab9b0df1a464611009f46fc47b6c48244352a40e85fe0e5ba29c75aacba5f95,1,
branches-21,7,"{""arg"":3053}","{""r"":3}",e4fc5beed364f64e3c2183eccea7ad3f724d02f298de71f5a6ea9b3d9b6bc1ae,e4fc5beed364f64e3c2183eccea7ad3f724d02f298de71f5a6ea9b3d9b6bc1ae,1,
branches-22,0,"{""arg"":3063}","{""r"":-4}",008fa9cc436b3fb0142c1ea842e35d1eec40f4cb352930a433df0985afe934f4,008fa9cc436b3fb0142c1ea842e35d1eec40f4cb352930a433df0985afe934f4,1,
branches-22,1,"{""arg"":3064}","{""r"":-3}",e1a65ccb6861699b9effc42394e05b4c5e1ef0b8ad15b5bc6722d7ecd22225f6,e1a65ccb6861699b9effc42394e05b4c5e1ef0b8ad15b5bc6722d7ecd22225f6,1,
branches-22,2,"{""arg"":3065}","{""r"":-2}",67a0bae763b5dfade36ea0dac4d96fae523f9714f24968d7e275517ffd8a8d3c,67a0bae763b5dfade36ea0dac4d96fae523f9714f24968d7e275517ffd8a8d3c,1,
branches-22,3,"{""arg"":3066}","{""r"":-1}",aebd3895e5205b7774f666589a1c752ccfb88e6b83e4b8838052e6abb2529ce6,aebd3895e5205b7774f666589a1c752ccfb88e6b83e4b8838052e6abb2529ce6,1,
branches-22,4,"{""arg"":3067}","{""r"":0}",a6537225d88b7b2095c364444666fcfb290a349d9cb933bf99fd839734523e77,a6537225d88b7b2095c364444666fcfb290a349d9cb933bf99fd839734523e77,1,
branches-22,5,"{""arg"":3068}","{""r"":1}",ef01439b967c0618187da84ce1878ecafbc8cb9e6bf3ed639df6514fec957492,ef01439b967c0618187da84ce1878ecafbc8cb9e6bf3ed639df6514fec957492,1,
branches-22,6,"{""arg"":3069}","{""r"":2}",ae98837cb3dd39be4b67d13fd9b0d395fa86dbdd2141f2d6ab6730670758f99c,ae98837cb3dd39be4b67d13fd9b0d395fa86dbdd2141f2d6ab6730670758f99c,1,
branches-22,7,"{""arg"":3070}","{""r"":3}",29b5c09dd6d9ad32b151842048397266cda721ee64125fc1fb8181a7f0abc849,29b5c09dd6d9ad32b151842048397266cda721ee64125fc1fb8181a7f0abc849,1,
branches-23,0,"{""arg"":3080}","{""r"":-4}",c0200192fe3bbbed1a7d2cad20db3f83d561ce4ed25b1db91b4503ec81d25b65,c0200192fe3bbbed1a7d2cad20db3f83d561ce4ed25b1db91b4503ec81d25b65,1,
branches-23,1,"{""arg"":3081}","{""r"":-3}",08eae666f2076f2a0b220b65ef128655b1c614df440c9dc471b665959aa8b02c,08eae666f2076f2a0b220b65ef128655b1c614df440c9dc471b665959aa8b02c,1,
branches-23,2,"{""arg"":3082}","{""r"":-2}",11c1a5ab0caadb21fa0c6aa05a058135cb366c19d4324a6641c783d48c8f6a0f,11c1a5ab0caadb21fa0c6aa05a058135cb366c19d4324a6641c783d48c8f6a0f,1,
branches-23,3,"{""arg"":3083}","{""r"":-1}",5a530514388329f0d3e34782bc9ec48859529b94b4c1f61a03ad81c26566480d,5a530514388329f0d3e34782bc9ec48859529b94b4c1f61a03ad81c26566480d,1,
branches-23,4,"{""arg"":3084}","{""r"":0}",db9312c117d51b6d07bceefc98f003e24927c58918e0e7ec4aabba48426a18b3,db9312c117d51b6d07bceefc98f003e24927c58918e0e7ec4aabba48426a18b3,1,
branches-23,5,"{""arg"":3085}","{""r"":1}",d846c5be11e763ef93d7412c1ab42dcd99ccdcdeb1a323510496d8aa753f6a69,d846c5be11e763ef93d7412c1ab42dcd99ccdcdeb1a323510496d8aa753f6a69,1,
branches-23,6,"{""arg"":3086}","{""r"":2}",301be1db7208cfaa9abdf5c2e92f3c3b4c965401bc0b1243e3fff1a9f3521a55,301be1db7208cfaa9abdf5c2e92f3c3b4c965401bc0b1243e3fff1a9f3521a55,1,
branches-23,7,"{""arg"":3087}","{""r"":3}",fb79f9691de0e31c87dccd4f0f96710e7c10253209bef524e827efa18f3757b0,fb79f9691de0e31c87dccd4f0f96710e7c10253209bef524e827efa18f3757b0,1,
branches-24,0,"{""arg"":3097}","{""r"":-4}",01d1995a2f9e719d45cad3cccffd35a850c08f3c3743c048502b57625cdce5e1,01d1995a2f9e719d45cad3cccffd35a850c08f3c3743c048502b57625cdce5e1,1,
branches-24,1,"{""arg"":3098}","{""r"":-3}",271c92367654ccf1dd5d171f4811f4da166659527c239839b2b6e16e13b460ac,271c92367654ccf1dd5d171f4811f4da166659527c239839b2b6e16e13b460ac,1,
branches-24,2,"{""arg"":3099}","{""r"":-2}",be4511988a35353136dcd262eea9375aee8bde9695b2ef2c4fe2b2c8da7cd43f,be4511988a35353136dcd262eea9375aee8bde9695b2ef2c4fe2b2c8da7cd43f,1,
branches-24,3,"{""arg"":3100}","{""r"":-1}",73254cd9842a5995520f4ad6e971dd24a0eab95d42099b5bb1908a2ce7a205fa,73254cd9842a5995520f4ad6e971dd24a0eab95d42099b5bb1908a2ce7a205fa,1,
branches-24,4,"{""arg"":3101}","{""r"":0}",fd684aad1a5f0e3f0f6db96f0982e535e7f1cb79abf27fab23b25b677cf37e8e,fd684aad1a5f0e3f0f6db96f0982e535e7f1cb79abf27fab23b25b677cf37e8e,1,
branches-24,5,"{""arg"":3102}","{""r"":1}",759cfbd3ef09c967e63c2b64c0d18f363368b907b32ad7d87fed8f1731ef499c,759cfbd3ef09c967e63c2b64c0d18f363368b907b32ad7d87fed8f1731ef499c,1,
branches-24,6,"{""arg"":3103}","{""r"":2}",86dc757a9ac2edf87f3f8d0a4b2b772069e88fb12fc7ebd2ca3988749086f48f,86dc757a9ac2edf87f3f8d0a4b2b772069e88fb12fc7ebd2ca3988749086f48f,1,
branches-24,7,"{""arg"":3104}","{""r"":3}",6087adc97eb00289027e38b0bb00060934a6315f36543d1951c9fb83d2c64925,6087adc97eb00289027e38b0bb00060934a6315f36543d1951c9fb83d2c64925,1,
branches-25,0,"{""arg"":3114}","{""r"":-4}",3c02b9688c06b2950ca4c54475931cd8314db26175640ce42b2483c41ed6eb85,3c02b9688c06b2950ca4c54475931cd8314db26175640ce42b2483c41ed6eb85,1,
branches-25,1,"{""arg"":3115}","{""r"":-3}",cc5be8307bf5aafd13801d59e7f543f50809b1ed063c5fc96d20d2834954b728,cc5be8307bf5aafd13801d59e7f543f50809b1ed063c5fc96d20d2834954b728,1,
branches-25,2,"{""arg"":3116}","{""r"":-2}",8ba1c1e0bdc187157ee64d08942ff2935796a29e9bd6c156e9ffdaab56c7bb41,8ba1c1e0bdc187157ee64d08942ff2935796a29e9bd6c156e9ffdaab56c7bb41,1,
branches-25,3,"{""arg"":3117}","{""r"":-1}",861ec400c0bf0a097227ffaaacac22d13357c2f199fe0cc472eebcaefed216cd,861ec400c0bf0a097227ffaaacac22d13357c2f199fe0cc472eebcaefed216cd,1,
branches-25,4,"{""arg"":3118}","{""r"":0}",6269805955f7635d1139d8f4082c6526f789958d7413b39f095be55da137838b,6269805955f7635d1139d8f4082c6526f789958d7413b39f095be55da137838b,1,
branches-25,5,"{""arg"":3119}","{""r"":1}",0912c8c87870f918e1a9c61bcc08c8d2014167d2f2a03a1ae854bbbe9f973334,0912c8c87870f918e1a9c61bcc08c8d2014167d2f2a03a1ae854bbbe9f973334,1,
branches-25,6,"{""arg"":3120}","{""r"":2}",5990da03180144707266f54f6cf19d3bf4e2b8a7378bec460762f4590b9a69ea,5990da03180144707266f54f6cf19d3bf4e2b8a7378bec460762f4590b9a69ea,1,
branches-25,7,"{""arg"":3121}","{""r"":3}",76c3adb582b6551363ecf5977ce96cc307c47c4cd8744a875127079d7c5fdecc,76c3adb582b6551363ecf5977ce96cc307c47c4cd8744a875127079d7c5fdecc,1,
branches-26,0,"{""arg"":3131}","{""r"":-4}",c07d127572b0a24a985d82851f1b0fd1d4aadeb673700ccd2defcc511164fabb,c07d127572b0a24a985d82851f1b0fd1d4aadeb673700ccd2defcc511164fabb,1,
branches-26,1,"{""arg"":3132}","{""r"":-3}",9498fc01c1d801c97ad8f1de813d941f49daf63a98c625614c1984a4adeaac76,9498fc01c1d801c97ad8f1de813d941f49daf63a98c625614c1984a4adeaac76,1,
branches-26,2,"{""arg"":3133}","{""r"":-2}",ccee2aa60d1ce82a9335809b8dd496d0a9cda854a87b0c010e1f72e158f44056,ccee2aa60d1ce82a9335809b8dd496d0a9cda854a87b0c010e1f72e158f44056,1,
branches-26,3,"{""arg"":3134}","{""r"":-1}",c8ab22f8bd65a31e8b62e2fc413c231577af2ce85c2b3d7ce65c9717de874584,c8ab22f8bd65a31e8b62e2fc413c231577af2ce85c2b3d7ce65c9717de874584,1,
branches-26,4,"{""arg"":3135}","{""r"":0}",8b52cb7f4d4deb81a02c36bc50f9fdad4a7a77e1292853e86f50c4c2119c5bc0,8b52cb7f4d4deb81a02c36bc50f9fdad4a7a77e1292853e86f50c4c2119c5bc0,1,
branches-26,5,"{""arg"":3136}","{""r"":1}",646e1de7926bd9c60e8b80fbb68044c275f8fcf174fe3f27c776407629de4d1a,646e1de7926bd9c60e8b80fbb68044c275f8fcf174fe3f27c776407629de4d1a,1,
branches-26,6,"{""arg"":3137}","{""r"":2}",a546e76c4ebcc84e44d719631abf5e43c0b73ceb4ba47bd566768c9687231a5d,a546e76c4ebcc84e44d719631abf5e43c0b73ceb4ba47bd566768c9687231a5d,1,
branches-26,7,"{""arg"":3138}","{""r"":3}",b652fa44fff5e2916fafd13b49966c7a150807281e46e403f761177d31f4b1d5,b652fa44fff5e2916fafd13b49966c7a150807281e46e403f761177d31f4b1d5,1,
branches-27,0,"{""arg"":3148}","{""r"":-4}",46f20cd9e4c6fd7dd0249dfaa343929e9779c42fd79dc00374ec3c26af5c1633,46f20cd9e4c6fd7dd0249dfaa343929e9779c42fd79dc00374ec3c26af5c1633,1,
branches-27,1,"{""arg"":3149}","{""r"":-3}",4894b20c08c2e12488eea07fc5cb450497ca570feb8785116a2d077544fd852d,4894b20c08c2e12488eea07fc5cb450497ca570feb8785116a2d077544fd852d,1,
branches-27,2,"{""arg"":3150}","{""r"":-2}",035c01fbf09626e15002ac59b6c9efb7a13e7a3536a8de6ee8d2ece0193259a5,035c01fbf09626e15002ac59b6c9efb7a13e7a3536a8de6ee8d2ece0193259a5,1,
branches-27,3,"{""arg"":3151}","{""r"":-1}",761e54510e0f223128263aa6001d52f5d37ca53dd7e64a99e0a7920fe3d4964e,761e54510e0f223128263aa6001d52f5d37ca53dd7e64a99e0a7920fe3d4964e,1,
branches-27,4,"{""arg"":3152}","{""r"":0}",d5e668f909e5852607a2b2c9182d2be3813125c6be9a4427623358ea5b1beff9,d5e668f909e5852607a2b2c9182d2be3813125c6be9a4427623358ea5b1beff9,1,
branches-27,5,"{""arg"":3153}","{""r"":1}",e70586d6fa140c2504b09b0a98d8165eaa4485d7d0d2b809bdb262221d70a87d,e70586d6fa140c2504b09b0a98d8165eaa4485d7d0d2b809bdb262221d70a87d,1,
branches-27,6,"{""arg"":3154}","{""r"":2}",452e2136d342a14cc40edcddd33be4799e323302fb7e005d30427a611f50e343,452e2136d342a14cc40edcddd33be4799e323302fb7e005d30427a611f50e343,1,
branches-27,7,"{""arg"":3155}","{""r"":3}",b3c43fe24f607bc44292545b4a2924fbe5385bfe816cd2191b6842abdceeea9a,b3c43fe24f607bc44292545b4a2924fbe5385bfe816cd2191b6842abdceeea9a,1,
branches-28,0,"{""arg"":3165}","{""r"":-4}",79667c5f6a3ac863a1d4237f04b5ea77a063b5cc63d9f5e523abbde1ae26cfbe,79667c5f6a3ac863a1d4237f04b5ea77a063b5cc63d9f5e523abbde1ae26cfbe,1,
branches-28,1,"{""arg"":3166}","{""r"":-3}",bdc4d72abf5498f823130edcda5d8bc25d3230a589f02ff43f76af956a16ce03,bdc4d72abf5498f823130edcda5d8bc25d3230a589f02ff43f76af956a16ce03,1,
branches-28,2,"{""arg"":3167}","{""r"":-2}",00892672e8368b3a51cc62eb8864fafe0f05ffeed27fef899c15242aa6bf976a,00892672e8368b3a51cc62eb8864fafe0f05ffeed27fef899c15242aa6bf976a,1,
branches-28,3,"{""arg"":3168}","{""r"":-1}",eb7949b1b900d2d5b8d97b5ffb81fd55aed52b0313ad0a7396fb3eb391ae7e81,eb7949b1b900d2d5b8d97b5ffb81fd55aed52b0313ad0a7396fb3eb391ae7e81,1,
branches-28,4,"{""arg"":3169}","{""r"":0}",cfbc9f568e6183b0b8202b1678c20eff1782dd70b2ff76f1c591f1a7b4387aa1,cfbc9f568e6183b0b8202b1678c20eff1782dd70b2ff76f1c591f1a7b4387aa1,1,
branches-28,5,"{""arg"":3170}","{""r"":1}",650806b804abcd5ada20df83844c961ca36cb560f6b4f5d20d5f5ab21ad9798c,650806b804abcd5ada20df83844c961ca36cb560f6b4f5d20d5f5ab21ad9798c,1,
branches-28,6,"{""arg"":3171}","{""r"":2}",0c41aca6aeff5cb3f07a4b474c066696c8a11eb8ab8e98c6f076048670a5e9ba,0c41aca6aeff5cb3f07a4b474c066696c8a11eb8ab8e98c6f076048670a5e9ba,1,
branches-28,7,"{""arg"":3172}","{""r"":3}",007eeb635102e55d01b7d3774c310c8f87029b0c1a9b8776cf945cb4b1999268,007eeb635102e55d01b7d3774c310c8f87029b0c1a9b8776cf945cb4b1999268,1,
branches-29,0,"{""arg"":3182}","{""r"":-4}",46f20cd9e4c6fd7dd0249dfaa343929e9779c42fd79dc00374ec3c26af5c1633,46f20cd9e4c6fd7dd0249dfaa343929e9779c42fd79dc00374ec3c26af5c1633,1,
branches-29,1,"{""arg"":3183}","{""r"":-3}",4894b20c08c2e12488eea07fc5cb450497ca570feb8785116a2d077544fd852d,4894b20c08c2e12488eea07fc5cb450497ca570feb8785116a2d077544fd852d,1,
branches-29,2,"{""arg"":3184}","{""r"":-2}",035c01fbf09626e15002ac59b6c9efb7a13e7a3536a8de6ee8d2ece0193259a5,035c01fbf09626e15002ac59b6c9efb7a13e7a3536a8de6ee8d2ece0193259a5,1,
branches-29,3,"{""arg"":3185}","{""r"":-1}",761e54510e0f223128263aa6001d52f5d37ca53dd7e64a99e0a7920fe3d4964e,761e54510e0f223128263aa6001d52f5d37ca53dd7e64a99e0a7920fe3d4964e,1,
branches-29,4,"{""arg"":3186}","{""r"":0}",d5e668f909e5852607a2b2c9182d2be3813125c6be9a4427623358ea5b1beff9,d5e668f909e5852607a2b2c9182d2be3813125c6be9a4427623358ea5b1beff9,1,
branches-29,5,"{""arg"":3187}","{""r"":1}",e70586d6fa140c2504b09b0a98d8165eaa4485d7d0d2b809bdb262221d70a87d,e70586d6fa140c2504b09b0a98d8165eaa4485d7d0d2b809bdb262221d70a87d,1,
branches-29,6,"{""arg"":3188}","{""r"":2}",452e2136d342a14cc40edcddd33be4799e323302fb7e005d30427a611f50e343,452e2136d342a14cc40edcddd33be4799e323302fb7e005d30427a611f50e343,1,
branches-29,7,"{""arg"":3189}","{""r"":3}",b3c43fe24f607bc44292545b4a2924fbe5385bfe816cd2191b6842abdceeea9a,b3c43fe24f607bc44292545b4a2924fbe5385bfe816cd2191b6842abdceeea9a,1,
branches-30,0,"{""arg"":3199}","{""r"":-4}",9b4be7efe8f119f59ed1fca4b8dafde97cd9982453e49309e8d0b32f92ec5c41,9b4be7efe8f119f59ed1fca4b8dafde97cd9982453e49309e8d0b32f92ec5c41,1,
branches-30,1,"{""arg"":3200}","{""r"":-3}",5330b282dc6d7ce245a0bc07e8381026817a3a208e1343ff182730b06053af0e,5330b282dc6d7ce245a0bc07e8381026817a3a208e1343ff182730b06053af0e,1,
branches-30,2,"{""arg"":3201}","{""r"":-2}",a49b19ea8a61b2b2e4c1848c7364bd2ffdbe216aa87ca4675b2fc8730728be3d,a49b19ea8a61b2b2e4c1848c7364bd2ffdbe216aa87ca4675b2fc8730728be3d,1,
branches-30,3,"{""arg"":3202}","{""r"":-1}",15bc795d30cf869ac9e2b769921a5d79fd100bd6bc2169660a525d76572de84c,15bc795d30cf869ac9e2b769921a5d79fd100bd6bc2169660a525d76572de84c,1,
branches-30,4,"{""arg"":3203}","{""r"":0}",56ca02546038f3e6b038a9cb75e8d8aebcce5607292b402245b160632407e69a,56ca02546038f3e6b038a9cb75e8d8aebcce5607292b402245b160632407e69a,1,
branches-30,5,"{""arg"":3204}","{""r"":1}",6f5bee594828744a38e3885f53b4bdddf18864acc1d388ed29caa49fdad6a820,6f5bee594828744a38e3885f53b4bdddf18864acc1d388ed29caa49fdad6a820,1,
branches-30,6,"{""arg"":3205}","{""r"":2}",12e83ce6a46fff40501f9cf35e2887973baeb5205dc29b0192ee8edc42025890,12e83ce6a46fff40501f9cf35e2887973baeb5205dc29b0192ee8edc42025890,1,
branches-30,7,"{""arg"":3206}","{""r"":3}",0e4baf9b5c0472263ac3910a4a113851a8da743ba4218abf89b2b158b429b100,0e4baf9b5c0472263ac3910a4a113851a8da743ba4218abf89b2b158b429b100,1,
branches-31,0,"{""arg"":3216}","{""r"":-4}",c1ff795782c4d2a9b03ef8b7defaedd04b2d3475eaaf759c9d6bfbcd9888528c,c1ff795782c4d2a9b03ef8b7defaedd04b2d3475eaaf759c9d6bfbcd9888528c,1,
branches-31,1,"{""arg"":3217}","{""r"":-3}",c9408df18bbcb430b0988a56c735870d5e0b09ecbae73f3e902022fbe6598b79,c9408df18bbcb430b0988a56c735870d5e0b09ecbae73f3e902022fbe6598b79,1,
branches-31,2,"{""arg"":3218}","{""r"":-2}",ab24fab3949a9ad550c565cf80747ae412e20aa4cf4a429618bbb886cfab8ca3,ab24fab3949a9ad550c565cf80747ae412e20aa4cf4a429618bbb886cfab8ca3,1,
branches-31,3,"{""arg"":3219}","{""r"":-1}",80cad7180b8bd5b06e2ba38b4f4cf8084dd92c2ce7f9dc8dae7bd767ad26da9d,80cad7180b8bd5b06e2ba38b4f4cf8084dd92c2ce7f9dc8dae7bd767ad26da9d,1,
branches-31,4,"{""arg"":3220}","{""r"":0}",e4527c89a3378fbda31c7028c5dfe25b5747f3376bc3a96a4715337fcce0ad06,e4527c89a3378fbda31c7028c5dfe25b5747f3376bc3a96a4715337fcce0ad06,1,
branches-31,5,"{""arg"":3221}","{""r"":1}",a2be06dbbcae88524a4da9e6a80769953df1630783076dcb67d1e203ecebcc6c,a2be06dbbcae88524a4da9e6a80769953df1630783076dcb67d1e203ecebcc6c,1,
branches-31,6,"{""arg"":3222}","{""r"":2}",3de5fe8df3d2cc14a89eacd429d372e51b3f697c5d51d89dde4ea6aa72d920ee,3de5fe8df3d2cc14a89eacd429d372e51b3f697c5d51d89dde4ea6aa72d920ee,1,
branches-31,7,"{""arg"":3223}","{""r"":3}",5053adc47a5dd78165de4416feca0ac314ca0befce0166b66a25afeb1bb485b2,5053adc47a5dd78165de4416feca0ac314ca0befce0166b66a25afeb1bb485b2,1,
branches-32,0,"{""arg"":3233}","{""r"":-4}",008fa9cc436b3fb0142c1ea842e35d1eec40f4cb352930a433df0985afe934f4,008fa9cc436b3fb0142c1ea842e35d1eec40f4cb352930a433df0985afe934f4,1,
branches-32,1,"{""arg"":3234}","{""r"":-3}",e1a65ccb6861699b9effc42394e05b4c5e1ef0b8ad15b5bc6722d7ecd22225f6,e1a65ccb6861699b9effc42394e05b4c5e1ef0b8ad15b5bc6722d7ecd22225f6,1,
branches-32,2,"{""arg"":3235}","{""r"":-2}",67a0bae763b5dfade36ea0dac4d96fae523f9714f24968d7e275517ffd8a8d3c,67a0bae763b5dfade36ea0dac4d96fae523f9714f24968d7e275517ffd8a8d3c,1,
branches-32,3,"{""arg"":3236}","{""r"":-1}",aebd3895e5205b7774f666589a1c752ccfb88e6b83e4b8838052e6abb2529ce6,aebd3895e5205b7774f666589a1c752ccfb88e6b83e4b8838052e6abb2529ce6,1,
branches-32,4,"{""arg"":3237}","{""r"":0}",a6537225d88b7b2095c364444666fcfb290a349d9cb933bf99fd839734523e77,a6537225d88b7b2095c364444666fcfb290a349d9cb933bf99fd839734523e77,1,
branches-32,5,"{""arg"":3238}","{""r"":1}",ef01439b967c0618187da84ce1878ecafbc8cb9e6bf3ed639df6514fec957492,ef01439b967c0618187da84ce1878ecafbc8cb9e6bf3ed639df6514fec957492,1,
branches-32,6,"{""arg"":3239}","{""r"":2}",ae98837cb3dd39be4b67d13fd9b0d395fa86dbdd2141f2d6ab6730670758f99c,ae98837cb3dd39be4b67d13fd9b0d395fa86dbdd2141f2d6ab6730670758f99c,1,
branches-32,7,"{""arg"":3240}","{""r"":3}",29b5c09dd6d9ad32b151842048397266cda721ee64125fc1fb8181a7f0abc849,29b5c09dd6d9ad32b151842048397266cda721ee64125fc1fb8181a7f0abc849,1,
branches-33,0,"{""arg"":3250}","{""r"":-4}",46f20cd9e4c6fd7dd0249dfaa343929e9779c42fd79dc00374ec3c26af5c1633,46f20cd9e4c6fd7dd0249dfaa343929e9779c42fd79dc00374ec3c26af5c1633,1,
branches-33,1,"{""arg"":3251}","{""r"":-3}",4894b20c08c2e12488eea07fc5cb450497ca570feb8785116a2d077544fd852d,4894b20c08c2e12488eea07fc5cb450497ca570feb8785116a2d077544fd852d,1,
branches-33,2,"{""arg"":3252}","{""r"":-2}",035c01fbf09626e15002ac59b6c9efb7a13e7a3536a8de6ee8d2ece0193259a5,035c01fbf09626e15002ac59b6c9efb7a13e7a3536a8de6ee8d2ece0193259a5,1,
branches-33,3,"{""arg"":3253}","{""r"":-1}",761e54510e0f223128263aa6001d52f5d37ca53dd7e64a99e0a7920fe3d4964e,761e54510e0f223128263aa6001d52f5d37ca53dd7e64a99e0a7920fe3d4964e,1,
branches-33,4,"{""arg"":3254}","{""r"":0}",d5e668f909e5852607a2b2c9182d2be3813125c6be9a4427623358ea5b1beff9,d5e668f909e5852607a2b2c9182d2be3813125c6be9a4427623358ea5b1beff9,1,
branches-33,5,"{""arg"":3255}","{""r"":1}",e70586d6fa140c2504b09b0a98d8165eaa4485d7d0d2b809bdb262221d70a87d,e70586d6fa140c2504b09b0a98d8165eaa4485d7d0d2b809bdb262221d70a87d,1,
branches-33,6,"{""arg"":3256}","{""r"":2}",452e2136d342a14cc40edcddd33be4799e323302fb7e005d30427a611f50e343,452e2136d342a14cc40edcddd33be4799e323302fb7e005d30427a611f50e343,1,
branches-33,7,"{""arg"":3257}","{""r"":3}",b3c43fe24f607bc44292545b4a2924fbe5385bfe816cd2191b6842abdceeea9a,b3c43fe24f607bc44292545b4a2924fbe5385bfe816cd2191b6842abdceeea9a,1,
branches-34,0,"{""arg"":3267}","{""r"":-4}",65456cb13b03bca2fdc358ce9e7ad81e9d0164fd5672c8a44a5cd4df1fbf3212,65456cb13b03bca2fdc358ce9e7ad81e9d0164fd5672c8a44a5cd4df1fbf3212,1,
branches-34,1,"{""arg"":3268}","{""r"":-3}",c56c2f3a13afed001f9a7a3ef6609a8ff4e32c9d1e7153752461cdbf92f9fc9a,c56c2f3a13afed001f9a7a3ef6609a8ff4e32c9d1e7153752461cdbf92f9fc9a,1,
branches-34,2,"{""arg"":3269}","{""r"":-2}",4cc7f4deaa06535aafc70ce42c793cee43e3f6edd01c151fa1b72bdc6bdb8f63,4cc7f4deaa06535aafc70ce42c793cee43e3f6edd01c151fa1b72bdc6bdb8f63,1,
branches-34,3,"{""arg"":3270}","{""r"":-1}",3bee35c9fdaaeabaf19f305d8421197d2a0cb4ba90406f5d10eb37384ca3707f,3bee35c9fdaaeabaf19f305d8421197d2a0cb4ba90406f5d10eb37384ca3707f,1,
branches-34,4,"{""arg"":3271}","{""r"":0}",6ca75fc504e6aeb0641711f2412de401b718b6379ae5201858648ac964bde58b,6ca75fc504e6aeb0641711f2412de401b718b6379ae5201858648ac964bde58b,1,
branches-34,5,"{""arg"":3272}","{""r"":1}",08fd68727d9d8819a1fdda35a2c50344454457c1cf75039219abc5077828f3a0,08fd68727d9d8819a1fdda35a2c50344454457c1cf75039219abc5077828f3a0,1,
branches-34,6,"{""arg"":3273}","{""r"":2}",bc06d7675f246e61c3f132f7d0ff7d00935cebaf5a132576d8afa7512bfad2cf,bc06d7675f246e61c3f132f7d0ff7d00935cebaf5a132576d8afa7512bfad2cf,1,
branches-34,7,"{""arg"":3274}","{""r"":3}",b513b3d3b37eac5e152bbef36080e1a1bb9fdcbcd47bdcdab75c03c4ed44372c,b513b3d3b37eac5e152bbef36080e1a1bb9fdcbcd47bdcdab75c03c4ed44372c,1,
branches-35,0,"{""arg"":3284}","{""r"":-4}",1414c7c946cff5dc211ae5934d3619782637d5f781f3a1755eff18e8c9b0a9f7,1414c7c946cff5dc211ae5934d3619782637d5f781f3a1755eff18e8c9b0a9f7,1,
branches-35,1,"{""arg"":3285}","{""r"":-3}",308dd642832af6b012c04165a35b3e55dd767e8376f70db26be94389584fc3c1,308dd642832af6b012c04165a35b3e55dd767e8376f70db26be94389584fc3c1,1,
branches-35,2,"{""arg"":3286}","{""r"":-2}",f46c3971cd60da88bf6dd2afcb19eebab9df7a51bfd6431d393c09af47df4e7f,f46c3971cd60da88bf6dd2afcb19eebab9df7a51bfd6431d393c09af47df4e7f,1,
branches-35,3,"{""arg"":3287}","{""r"":-1}",6012ae3030ccf7f59bb7c1b448f28cf2ad09b6b397a9a699a6aa52510c77b6e9,6012ae3030ccf7f59bb7c1b448f28cf2ad09b6b397a9a699a6aa52510c77b6e9,1,
branches-35,4,"{""arg"":3288}","{""r"":0}",621f967bd2ab900c4c201ba3bd89b50e535ef9fe757cd582915c6e7652619c09,621f967bd2ab900c4c201ba3bd89b50e535ef9fe757cd582915c6e7652619c09,1,
branches-35,5,"{""arg"":3289}","{""r"":1}",9a5c2bf9c1a9addf3c71b923b980eb8ab8f3fb9c680d35cd67c0395e90ad8065,9a5c2bf9c1a9addf3c71b923b980eb8ab8f3fb9c680d35cd67c0395e90ad8065,1,
branches-35,6,"{""arg"":3290}","{""r"":2}",24cfde45c1307dbd080a530ee1cc85e9db208c3f69ee47840b179f11d8794950,24cfde45c1307dbd080a530ee1cc85e9db208c3f69ee47840b179f11d8794950,1,
branches-35,7,"{""arg"":3291}","{""r"":3}",7d925f6983cdf887a7e0bb3fa22070f8dfb69e1aa6abdbe39de86253bccb0170,7d925f6983cdf887a7e0bb3fa22070f8dfb69e1aa6abdbe39de86253bccb0170,1,
branches-36,0,"{""arg"":3301}","{""r"":-4}",e9b4978ec907d14c2f0c8d009c9b78d486f2c942ec0b34a0da585a6193309c07,e9b4978ec907d14c2f0c8d009c9b78d486f2c942ec0b34a0da585a6193309c07,1,
branches-36,1,"{""arg"":3302}","{""r"":-3}",5b43d338ac06b657fc862f739691052fd842ca5fb34738ed145d307d9659d1d0,5b43d338ac06b657fc862f739691052fd842ca5fb34738ed145d307d9659d1d0,1,
branches-36,2,"{""arg"":3303}","{""r"":-2}",f0b970a0bd274a88725fd3e7e0d179ec5a3ad498c78c0c003db1b8e873c262ad,f0b970a0bd274a88725fd3e7e0d179ec5a3ad498c78c0c003db1b8e873c262ad,1,
branches-36,3,"{""arg"":3304}","{""r"":-1}",e27e768467244e1ecc0e29173fdb39bcd2f69a55cd560e544ab15ba443e3a50f,e27e768467244e1ecc0e29173fdb39bcd2f69a55cd560e544ab15ba443e3a50f,1,
branches-36,4,"{""arg"":3305}","{""r"":0}",162935bd1d258a6d794615151cb515f63499c8bd61f5acaa701a5d92b4295e29,162935bd1d258a6d794615151cb515f63499c8bd61f5acaa701a5d92b4295e29,1,
branches-36,5,"{""arg"":3306}","{""r"":1}",1f17a08257ca761699b01b8f98019aff30c4644b7ec3771551f0e9b42560c3ac,1f17a08257ca761699b01b8f98019aff30c4644b7ec3771551f0e9b42560c3ac,1,
branches-36,6,"{""arg"":3307}","{""r"":2}",dfb6206964851f582c1d63a5758774664d7d29bc23627c2123ef1497ed048db9,dfb6206964851f582c1d63a5758774664d7d29bc23627c2123ef1497ed048db9,1,
branches-36,7,"{""arg"":3308}","{""r"":3}",f42a57ae7c596b42fbc896a5ce3a52b95418204f91d136113dcbbed5c5f498ac,f42a57ae7c596b42fbc896a5ce3a52b95418204f91d136113dcbbed5c5f498ac,1,
branches-37,0,"{""arg"":3318}","{""r"":-4}",fd43698c013d48ae1d075de603d1b95646b2b5d718efcd019c2bd2be9f101db8,fd43698c013d48ae1d075de603d1b95646b2b5d718efcd019c2bd2be9f101db8,1,
branches-37,1,"{""arg"":3319}","{""r"":-3}",26ddb5030c791a64a33d1a3c55beedd91744cf2e880cde8d6fad2ffcdc917a40,26ddb5030c791a64a33d1a3c55beedd91744cf2e880cde8d6fad2ffcdc917a40,1,
branches-37,2,"{""arg"":3320}","{""r"":-2}",3ee486f10192d1e71ebf0c2eebd4f765e3a13c2719e6db17aa632e28f50bb266,3ee486f10192d1e71ebf0c2eebd4f765e3a13c2719e6db17aa632e28f50bb266,1,
branches-37,3,"{""arg"":3321}","{""r"":-1}",5f5509d2f8e22bfff67a02d2eff760236ae67ba46e63e60a091cb192b5065853,5f5509d2f8e22bfff67a02d2eff760236ae67ba46e63e60a091cb192b5065853,1,
branches-37,4,"{""arg"":3322}","{""r"":0}",a443ce7791fcb9c75178e3c8aa15454b49a9732cc9ffb399e52e3c4fb08cdf72,a443ce7791fcb9c75178e3c8aa15454b49a9732cc9ffb399e52e3c4fb08cdf72,1,
branches-37,5,"{""arg"":3323}","{""r"":1}",66aaca1c385b6e0637c133c7b4edd81938376c797ccdb2d8567a8822266eddb3,66aaca1c385b6e0637c133c7b4edd81938376c797ccdb2d8567a8822266eddb3,1,
branches-37,6,"{""arg"":3324}","{""r"":2}",dc8ce0cf43d642d71663c415e7412d63ac2ed5f144d79ebb2b0aa2d5c323c5f9,dc8ce0cf43d642d71663c415e7412d63ac2ed5f144d79ebb2b0aa2d5c323c5f9,1,
branches-37,7,"{""arg"":3325}","{""r"":3}",d1cf39f14faa17d9e0eb2d52b6fcbf65967d0f7c00eeb2abaf9d505b83777404,d1cf39f14faa17d9e0eb2d52b6fcbf65967d0f7c00eeb2abaf9d505b83777404,1,
branches-38,0,"{""arg"":3335}","{""r"":-4}",3f80310105a9290f02b326d6c426994662d4088edec6247aac916dcfbff3961f,3f80310105a9290f02b326d6c426994662d4088edec6247aac916dcfbff3961f,1,
branches-38,1,"{""arg"":3336}","{""r"":-3}",b974e893c224db44007ffdb00fbf0b7f82fcd76a127782043a9f0fbad42d203b,b974e893c224db44007ffdb00fbf0b7f82fcd76a127782043a9f0fbad42d203b,1,
branches-38,2,"{""arg"":3337}","{""r"":-2}",e346e60ba8424032e0305dfbefdefc3becbb0448df53aa86e83f015369e796db,e346e60ba8424032e0305dfbefdefc3becbb0448df53aa86e83f015369e796db,1,
branches-38,3,"{""arg"":3338}","{""r"":-1}",91c95e6eb2cafd3be01a576f87daeedd381bd9faaee37afa28c95afbc5fe9f3f,91c95e6eb2cafd3be01a576f87daeedd381bd9faaee37afa28c95afbc5fe9f3f,1,
branches-38,4,"{""arg"":3339}","{""r"":0}",020a2314a59b7c5c855741111fe93de81f65a93e063d0a475b5d04bbf3408697,020a2314a59b7c5c855741111fe93de81f65a93e063d0a475b5d04bbf3408697,1,
branches-38,5,"{""arg"":3340}","{""r"":1}",4c183c3aaabd9a3613d4acce372912f0572f51c14b91a958767ebf3fe3580b6c,4c183c3aaabd9a3613d4acce372912f0572f51c14b91a958767ebf3fe3580b6c,1,
branches-38,6,"{""arg"":3341}","{""r"":2}",217b04c423f0527ec339c65da05a53ea2a8631f576ac11fde3864220ec3805ba,217b04c423f0527ec339c65da05a53ea2a8631f576ac11fde3864220ec3805ba,1,
branches-38,7,"{""arg"":3342}","{""r"":3}",5a9b9f0d7ac22993188919326bc358f38df6eb81af21987cca1b98b586eb4c42,5a9b9f0d7ac22993188919326bc358f38df6eb81af21987cca1b98b586eb4c42,1,
branches-39,0,"{""arg"":3352}","{""r"":-4}",85d10b61abcb0fe2e05104eb75c37dacbfccf901b1c503b8bd44805696863ee9,85d10b61abcb0fe2e05104eb75c37dacbfccf901b1c503b8bd44805696863ee9,1,
branches-39,1,"{""arg"":3353}","{""r"":-3}",cd93d67ab9b1d7d71177c366897c3ebe93d4bbcff0b292b8bf0401c3659a36fa,cd93d67ab9b1d7d71177c366897c3ebe93d4bbcff0b292b8bf0401c3659a36fa,1,
branches-39,2,"{""arg"":3354}","{""r"":-2}",df29ef08682c2cb233c07b9e8da44d66780eb8003d0b68bb43648a6bd5f9b2c0,df29ef08682c2cb233c07b9e8da44d66780eb8003d0b68bb43648a6bd5f9b2c0,1,
branches-39,3,"{""arg"":3355}","{""r"":-1}",7a0efca371922ab4d6a309b1ec2f95186af2fc5b99c297dc170fd9ca08ccb497,7a0efca371922ab4d6a309b1ec2f95186af2fc5b99c297dc170fd9ca08ccb497,1,
branches-39,4,"{""arg"":3356}","{""r"":0}",93364b0bbc88d7c262971b9d90c93183ea74a36b7d49a6332372296b069dc1d7,93364b0bbc88d7c262971b9d90c93183ea74a36b7d49a6332372296b069dc1d7,1,
branches-39,5,"{""arg"":3357}","{""r"":1}",39438184c982eb828018a9ae50c8e6b7735f6e7422ace44298071f4a13cf2995,39438184c982eb828018a9ae50c8e6b7735f6e7422ace44298071f4a13cf2995,1,
branches-39,6,"{""arg"":3358}","{""r"":2}",4ab9b0df1a464611009f46fc47b6c48244352a40e85fe0e5ba29c75aacba5f95,4ab9b0df1a464611009f46fc47b6c48244352a40e85fe0e5ba29c75aacba5f95,1,
branches-39,7,"{""arg"":3359}","{""r"":3}",e4fc5beed364f64e3c2183eccea7ad3f724d02f298de71f5a6ea9b3d9b6bc1ae,e4fc5beed364f64e3c2183eccea7ad3f724d02f298de71f5a6ea9b3d9b6bc1ae,1,
mixed-00,0,"{""arg"":3369}","{""r"":-4}",b70981e25a17b054084043bc1a69674e32ab05e49de03924d7135eb123c623c4,b70981e25a17b054084043bc1a69674e32ab05e49de03924d7135eb123c623c4,1,
mixed-00,1,"{""arg"":3370}","{""r"":-3}",b70981e25a17b054084043bc1a69674e32ab05e49de03924d7135eb123c623c4,b70981e25a17b054084043bc1a69674e32ab05e49de03924d7135eb123c623c4,1,
mixed-00,2,"{""arg"":3371}","{""r"":-2}",b70981e25a17b054084043bc1a69674e32ab05e49de03924d7135eb123c623c4,b70981e25a17b054084043bc1a69674e32ab05e49de03924d7135eb123c623c4,1,
mixed-00,3,"{""arg"":3372}","{""r"":-1}",b70981e25a17b054084043bc1a69674e32ab05e49de03924d7135eb123c623c4,b70981e25a17b054084043bc1a69674e32ab05e49de03924d7135eb123c623c4,1,
mixed-00,4,"{""arg"":3373}","{""r"":0}",b70981e25a17b054084043bc1a69674e32ab05e49de03924d7135eb123c623c4,b70981e25a17b054084043bc1a69674e32ab05e49de03924d7135eb123c623c4,1,
mixed-00,5,"{""arg"":3374}","{""r"":1}",b70981e25a17b054084043bc1a69674e32ab05e49de03924d7135eb123c623c4,b70981e25a17b054084043bc1a69674e32ab05e49de03924d7135eb123c623c4,1,
mixed-00,6,"{""arg"":3375}","{""r"":2}",b70981e25a17b054084043bc1a69674e32ab05e49de03924d7135eb123c623c4,b70981e25a17b054084043bc1a69674e32ab05e49de03924d7135eb123c623c4,1,
mixed-00,7,"{""arg"":3376}","{""r"":3}",b70981e25a17b054084043bc1a69674e32ab05e49de03924d7135eb123c623c4,b70981e25a17b054084043bc1a69674e32ab05e49de03924d7135eb123c623c4,1,
mixed-01,0,"{""arg"":3386}","{""r"":-4}",395f1ad5aa08cf1bca142de7d1e04b967c2954364eea40673394ec15b2cff3f5,395f1ad5aa08cf1bca142de7d1e04b967c2954364eea40673394ec15b2cff3f5,1,
mixed-01,1,"{""arg"":3387}","{""r"":-3}",395f1ad5aa08cf1bca142de7d1e04b967c2954364eea40673394ec15b2cff3f5,395f1ad5aa08cf1bca142de7d1e04b967c2954364eea40673394ec15b2cff3f5,1,
mixed-01,2,"{""arg"":3388}","{""r"":-2}",395f1ad5aa08cf1bca142de7d1e04b967c2954364eea40673394ec15b2cff3f5,395f1ad5aa08cf1bca142de7d1e04b967c2954364eea40673394ec15b2cff3f5,1,
mixed-01,3,"{""arg"":3389}","{""r"":-1}",395f1ad5aa08cf1bca142de7d1e04b967c2954364eea40673394ec15b2cff3f5,395f1ad5aa08cf1bca142de7d1e04b967c2954364eea40673394ec15b2cff3f5,1,
mixed-01,4,"{""arg"":3390}","{""r"":0}",395f1ad5aa08cf1bca142de7d1e04b967c2954364eea40673394ec15b2cff3f5,395f1ad5aa08cf1bca142de7d1e04b967c2954364eea40673394ec15b2cff3f5,1,
mixed-01,5,"{""arg"":3391}","{""r"":1}",395f1ad5aa08cf1bca142de7d1e04b967c2954364eea40673394ec15b2cff3f5,395f1ad5aa08cf1bca142de7d1e04b967c2954364eea40673394ec15b2cff3f5,1,
mixed-01,6,"{""arg"":3392}","{""r"":2}",395f1ad5aa08cf1bca142de7d1e04b967c2954364eea40673394ec15b2cff3f5,395f1ad5aa08cf1bca142de7d1e04b967c2954364eea40673394ec15b2cff3f5,1,
mixed-01,7,"{""arg"":3393}","{""r"":3}",395f1ad5aa08cf1bca142de7d1e04b967c2954364eea40673394ec15b2cff3f5,395f1ad5aa08cf1bca142de7d1e04b967c2954364eea40673394ec15b2cff3f5,1,
mixed-02,0,"{""arg"":3403}","{""r"":-4}",e415b69f42d1a9b5fbf73149e8cd9dd8f69c3e97b3411a9a7fdbac752d8e137d,e415b69f42d1a9b5fbf73149e8cd9dd8f69c3e97b3411a9a7fdbac752d8e137d,1,
mixed-02,1,"{""arg"":3404}","{""r"":-3}",e415b69f42d1a9b5fbf73149e8cd9dd8f69c3e97b3411a9a7fdbac752d8e137d,e415b69f42d1a9b5fbf73149e8cd9dd8f69c3e97b3411a9a7fdbac752d8e137d,1,
mixed-02,2,"{""arg"":3405}","{""r"":-2}",e415b69f42d1a9b5fbf73149e8cd9dd8f69c3e97b3411a9a7fdbac752d8e137d,e415b69f42d1a9b5fbf73149e8cd9dd8f69c3e97b3411a9a7fdbac752d8e137d,1,
mixed-02,3,"{""arg"":3406}","{""r"":-1}",e415b69f42d1a9b5fbf73149e8cd9dd8f69c3e97b3411a9a7fdbac752d8e137d,e415b69f42d1a9b5fbf73149e8cd9dd8f69c3e97b3411a9a7fdbac752d8e137d,1,
mixed-02,4,"{""arg"":3407}","{""r"":0}",e415b69f42d1a9b5fbf73149e8cd9dd8f69c3e97b3411a9a7fdbac752d8e137d,e415b69f42d1a9b5fbf73149e8cd9dd8f69c3e97b3411a9a7fdbac752d8e137d,1,
mixed-02,5,"{""arg"":3408}","{""r"":1}",e415b69f42d1a9b5fbf73149e8cd9dd8f69c3e97b3411a9a7fdbac752d8e137d,e415b69f42d1a9b5fbf73149e8cd9dd8f69c3e97b3411a9a7fdbac752d8e137d,1,
mixed-02,6,"{""arg"":3409}","{""r"":2}",e415b69f42d1a9b5fbf73149e8cd9dd8f69c3e97b3411a9a7fdbac752d8e137d,e415b69f42d1a9b5fbf73149e8cd9dd8f69c3e97b3411a9a7fdbac752d8e137d,1,
mixed-02,7,"{""arg"":3410}","{""r"":3}",e415b69f42d1a9b5fbf73149e8cd9dd8f69c3e97b3411a9a7fdbac752d8e137d,e415b69f42d1a9b5fbf73149e8cd9dd8f69c3e97b3411a9a7fdbac752d8e137d,1,
mixed-03,0,"{""arg"":3420}","{""r"":-4}",1630bd39897590085f0033b64a105a09ed8c1b200b7405caaddb83590b6ebd30,1630bd39897590085f0033b64a105a09ed8c1b200b7405caaddb83590b6ebd30,1,
mixed-03,1,"{""arg"":3421}","{""r"":-3}",1630bd39897590085f0033b64a105a09ed8c1b200b7405caaddb83590b6ebd30,1630bd39897590085f0033b64a105a09ed8c1b200b7405caaddb83590b6ebd30,1,
mixed-03,2,"{""arg"":3422}","{""r"":-2}",1630bd39897590085f0033b64a105a09ed8c1b200b7405caaddb83590b6ebd30,1630bd39897590085f0033b64a105a09ed8c1b200b7405caaddb83590b6ebd30,1,
mixed-03,3,"{""arg"":3423}","{""r"":-1}",1630bd39897590085f0033b64a105a09ed8c1b200b7405caaddb83590b6ebd30,1630bd39897590085f0033b64a105a09ed8c1b200b7405caaddb83590b6ebd30,1,
mixed-03,4,"{""arg"":3424}","{""r"":0}",1630bd39897590085f0033b64a105a09ed8c1b200b7405caaddb83590b6ebd30,1630bd39897590085f0033b64a105a09ed8c1b200b7405caaddb83590b6ebd30,1,
mixed-03,5,"{""arg"":3425}","{""r"":1}",1630bd39897590085f0033b64a105a09ed8c1b200b7405caaddb83590b6ebd30,1630bd39897590085f0033b64a105a09ed8c1b200b7405caaddb83590b6ebd30,1,
mixed-03,6,"{""arg"":3426}","{""r"":2}",1630bd39897590085f0033b64a105a09ed8c1b200b7405caaddb83590b6ebd30,1630bd39897590085f0033b64a105a09ed8c1b200b7405caaddb83590b6ebd30,1,
mixed-03,7,"{""arg"":3427}","{""r"":3}",1630bd39897590085f0033b64a105a09ed8c1b200b7405caaddb83590b6ebd30,1630bd39897590085f0033b64a105a09ed8c1b200b7405caaddb83590b6ebd30,1,
mixed-04,0,"{""arg"":3437}","{""r"":-4}",9349ebf64d757f9a1096ccb1a3246498087dd335a0cd653cd4c4e77bc831c473,9349ebf64d757f9a1096ccb1a3246498087dd335a0cd653cd4c4e77bc831c473,1,
mixed-04,1,"{""arg"":3438}","{""r"":-3}",9349ebf64d757f9a1096ccb1a3246498087dd335a0cd653cd4c4e77bc831c473,9349ebf64d757f9a1096ccb1a3246498087dd335a0cd653cd4c4e77bc831c473,1,
mixed-04,2,"{""arg"":3439}","{""r"":-2}",9349ebf64d757f9a1096ccb1a3246498087dd335a0cd653cd4c4e77bc831c473,9349ebf64d757f9a1096ccb1a3246498087dd335a0cd653cd4c4e77bc831c473,1,
mixed-04,3,"{""arg"":3440}","{""r"":-1}",9349ebf64d757f9a1096ccb1a3246498087dd335a0cd653cd4c4e77bc831c473,9349ebf64d757f9a1096ccb1a3246498087dd335a0cd653cd4c4e77bc831c473,1,
mixed-04,4,"{""arg"":3441}","{""r"":0}",9349ebf64d757f9a1096ccb1a3246498087dd335a0cd653cd4c4e77bc831c473,9349ebf64d757f9a1096ccb1a3246498087dd335a0cd653cd4c4e77bc831c473,1,
mixed-04,5,"{""arg"":3442}","{""r"":1}",9349ebf64d757f9a1096ccb1a3246498087dd335a0cd653cd4c4e77bc831c473,9349ebf64d757f9a1096ccb1a3246498087dd335a0cd653cd4c4e77bc831c473,1,
mixed-04,6,"{""arg"":3443}","{""r"":2}",9349ebf64d757f9a1096ccb1a3246498087dd335a0cd653cd4c4e77bc831c473,9349ebf64d757f9a1096ccb1a3246498087dd335a0cd653cd4c4e77bc831c473,1,
mixed-04,7,"{""arg"":3444}","{""r"":3}",9349ebf64d757f9a1096ccb1a3246498087dd335a0cd653cd4c4e77bc831c473,9349ebf64d757f9a1096ccb1a3246498087dd335a0cd653cd4c4e77bc831c473,1,
mixed-05,0,"{""arg"":3454}","{""r"":-4}",0f170a6d7b182025a769f2f7b607217d5830db0ab928ab72b021aa1003e51a4d,0f170a6d7b182025a769f2f7b607217d5830db0ab928ab72b021aa1003e51a4d,1,
mixed-05,1,"{""arg"":3455}","{""r"":-3}",0f170a6d7b182025a769f2f7b607217d5830db0ab928ab72b021aa1003e51a4d,0f170a6d7b182025a769f2f7b607217d5830db0ab928ab72b021aa1003e51a4d,1,
mixed-05,2,"{""arg"":3456}","{""r"":-2}",0f170a6d7b182025a769f2f7b607217d5830db0ab928ab72b021aa1003e51a4d,0f170a6d7b182025a769f2f7b607217d5830db0ab928ab72b021aa1003e51a4d,1,
mixed-05,3,"{""arg"":3457}","{""r"":-1}",0f170a6d7b182025a769f2f7b607217d5830db0ab928ab72b021aa1003e51a4d,0f170a6d7b182025a769f2f7b607217d5830db0ab928ab72b021aa1003e51a4d,1,
mixed-05,4,"{""arg"":3458}","{""r"":0}",0f170a6d7b182025a769f2f7b607217d5830db0ab928ab72b021aa1003e51a4d,0f170a6d7b182025a769f2f7b607217d5830db0ab928ab72b021aa1003e51a4d,1,
mixed-05,5,"{""arg"":3459}","{""r"":1}",0f170a6d7b182025a769f2f7b607217d5830db0ab928ab72b021aa1003e51a4d,0f170a6d7b182025a769f2f7b607217d5830db0ab928ab72b021aa1003e51a4d,1,
mixed-05,6,"{""arg"":3460}","{""r"":2}",0f170a6d7b182025a769f2f7b607217d5830db0ab928ab72b021aa1003e51a4d,0f170a6d7b182025a769f2f7b607217d5830db0ab928ab72b021aa1003e51a4d,1,
mixed-05,7,"{""arg"":3461}","{""r"":3}",0f170a6d7b182025a769f2f7b607217d5830db0ab928ab72b021aa1003e51a4d,0f170a6d7b182025a769f2f7b607217d5830db0ab928ab72b021aa1003e51a4d,1,
mixed-06,0,"{""arg"":3471}","{""r"":-4}",5f881fd38711648616cfab3ae4280b192cbe959f5e643b8e4c01a1bc8af3ae4b,5f881fd38711648616cfab3ae4280b192cbe959f5e643b8e4c01a1bc8af3ae4b,1,
mixed-06,1,"{""arg"":3472}","{""r"":-3}",5f881fd38711648616cfab3ae4280b192cbe959f5e643b8e4c01a1bc8af3ae4b,5f881fd38711648616cfab3ae4280b192cbe959f5e643b8e4c01a1bc8af3ae4b,1,
mixed-06,2,"{""arg"":3473}","{""r"":-2}",5f881fd38711648616cfab3ae4280b192cbe959f5e643b8e4c01a1bc8af3ae4b,5f881fd38711648616cfab3ae4280b192cbe959f5e643b8e4c01a1bc8af3ae4b,1,
mixed-06,3,"{""arg"":3474}","{""r"":-1}",5f881fd38711648616cfab3ae4280b192cbe959f5e643b8e4c01a1bc8af3ae4b,5f881fd38711648616cfab3ae4280b192cbe959f5e643b8e4c01a1bc8af3ae4b,1,
mixed-06,4,"{""arg"":3475}","{""r"":0}",5f881fd38711648616cfab3ae4280b192cbe959f5e643b8e4c01a1bc8af3ae4b,5f881fd38711648616cfab3ae4280b192cbe959f5e643b8e4c01a1bc8af3ae4b,1,
mixed-06,5,"{""arg"":3476}","{""r"":1}",5f881fd38711648616cfab3ae4280b192cbe959f5e643b8e4c01a1bc8af3ae4b,5f881fd38711648616cfab3ae4280b192cbe959f5e643b8e4c01a1bc8af3ae4b,1,
mixed-06,6,"{""arg"":3477}","{""r"":2}",5f881fd38711648616cfab3ae4280b192cbe959f5e643b8e4c01a1bc8af3ae4b,5f881fd38711648616cfab3ae4280b192cbe959f5e643b8e4c01a1bc8af3ae4b,1,
mixed-06,7,"{""arg"":3478}","{""r"":3}",5f881fd38711648616cfab3ae4280b192cbe959f5e643b8e4c01a1bc8af3ae4b,5f881fd38711648616cfab3ae4280b192cbe959f5e643b8e4c01a1bc8af3ae4b,1,
mixed-07,0,"{""arg"":3488}","{""r"":-4}",395f1ad5aa08cf1bca142de7d1e04b967c2954364eea40673394ec15b2cff3f5,395f1ad5aa08cf1bca142de7d1e04b967c2954364eea40673394ec15b2cff3f5,1,
mixed-07,1,"{""arg"":3489}","{""r"":-3}",395f1ad5aa08cf1bca142de7d1e04b967c2954364eea40673394ec15b2cff3f5,395f1ad5aa08cf1bca142de7d1e04b967c2954364eea40673394ec15b2cff3f5,1,
mixed-07,2,"{""arg"":3490}","{""r"":-2}",395f1ad5aa08cf1bca142de7d1e04b967c2954364eea40673394ec15b2cff3f5,395f1ad5aa08cf1bca142de7d1e04b967c2954364eea40673394ec15b2cff3f5,1,
mixed-07,3,"{""arg"":3491}","{""r"":-1}",395f1ad5aa08cf1bca142de7d1e04b967c2954364eea40673394ec15b2cff3f5,395f1ad5aa08cf1bca142de7d1e04b967c2954364eea40673394ec15b2cff3f5,1,
mixed-07,4,"{""arg"":3492}","{""r"":0}",395f1ad5aa08cf1bca142de7d1e04b967c2954364eea40673394ec15b2cff3f5,395f1ad5aa08cf1bca142de7d1e04b967c2954364eea40673394ec15b2cff3f5,1,
mixed-07,5,"{""arg"":3493}","{""r"":1}",395f1ad5aa08cf1bca142de7d1e04b967c2954364eea40673394ec15b2cff3f5,395f1ad5aa08cf1bca142de7d1e04b967c2954364eea40673394ec15b2cff3f5,1,
mixed-07,6,"{""arg"":3494}","{""r"":2}",395f1ad5aa08cf1bca142de7d1e04b967c2954364eea40673394ec15b2cff3f5,395f1ad5aa08cf1bca142de7d1e04b967c2954364eea40673394ec15b2cff3f5,1,
mixed-07,7,"{""arg"":3495}","{""r"":3}",395f1ad5aa08cf1bca142de7d1e04b967c2954364eea40673394ec15b2cff3f5,395f1ad5aa08cf1bca142de7d1e04b967c2954364eea40673394ec15b2cff3f5,1,
mixed-08,0,"{""arg"":3505}","{""r"":-4}",0f170a6d7b182025a769f2f7b607217d5830db0ab928ab72b021aa1003e51a4d,0f170a6d7b182025a769f2f7b607217d5830db0ab928ab72b021aa1003e51a4d,1,
mixed-08,1,"{""arg"":3506}","{""r"":-3}",0f170a6d7b182025a769f2f7b607217d5830db0ab928ab72b021aa1003e51a4d,0f170a6d7b182025a769f2f7b607217d5830db0ab928ab72b021aa1003e51a4d,1,
mixed-08,2,"{""arg"":3507}","{""r"":-2}",0f170a6d7b182025a769f2f7b607217d5830db0ab928ab72b021aa1003e51a4d,0f170a6d7b182025a769f2f7b607217d5830db0ab928ab72b021aa1003e51a4d,1,
mixed-08,3,"{""arg"":3508}","{""r"":-1}",0f170a6d7b182025a769f2f7b607217d5830db0ab928ab72b021aa1003e51a4d,0f170a6d7b182025a769f2f7b607217d5830db0ab928ab72b021aa1003e51a4d,1,
mixed-08,4,"{""arg"":3509}","{""r"":0}",0f170a6d7b182025a769f2f7b607217d5830db0ab928ab72b021aa1003e51a4d,0f170a6d7b182025a769f2f7b607217d5830db0ab928ab72b021aa1003e51a4d,1,
mixed-08,5,"{""arg"":3510}","{""r"":1}",0f170a6d7b182025a769f2f7b607217d5830db0ab928ab72b021aa1003e51a4d,0f170a6d7b182025a769f2f7b607217d5830db0ab928ab72b021aa1003e51a4d,1,
mixed-08,6,"{""arg"":3511}","{""r"":2}",0f170a6d7b182025a769f2f7b607217d5830db0ab928ab72b021aa1003e51a4d,0f170a6d7b182025a769f2f7b607217d5830db0ab928ab72b021aa1003e51a4d,1,
mixed-08,7,"{""arg"":3512}","{""r"":3}",0f170a6d7b182025a769f2f7b607217d5830db0ab928ab72b021aa1003e51a4d,0f170a6d7b182025a769f2f7b607217d5830db0ab928ab72b021aa1003e51a4d,1,
mixed-09,0,"{""arg"":3522}","{""r"":-4}",4c131700a608b083dec32b2adc49bc93cb872732e3b85f42002b096ec3f0c0b5,4c131700a608b083dec32b2adc49bc93cb872732e3b85f42002b096ec3f0c0b5,1,
mixed-09,1,"{""arg"":3523}","{""r"":-3}",4c131700a608b083dec32b2adc49bc93cb872732e3b85f42002b096ec3f0c0b5,4c131700a608b083dec32b2adc49bc93cb872732e3b85f42002b096ec3f0c0b5,1,
mixed-09,2,"{""arg"":3524}","{""r"":-2}",4c131700a608b083dec32b2adc49bc93cb872732e3b85f42002b096ec3f0c0b5,4c131700a608b083dec32b2adc49bc93cb872732e3b85f42002b096ec3f0c0b5,1,
mixed-09,3,"{""arg"":3525}","{""r"":-1}",4c131700a608b083dec32b2adc49bc93cb872732e3b85f42002b096ec3f0c0b5,4c131700a608b083dec32b2adc49bc93cb872732e3b85f42002b096ec3f0c0b5,1,
mixed-09,4,"{""arg"":3526}","{""r"":0}",4c131700a608b083dec32b2adc49bc93cb872732e3b85f42002b096ec3f0c0b5,4c131700a608b083dec32b2adc49bc93cb872732e3b85f42002b096ec3f0c0b5,1,
mixed-09,5,"{""arg"":3527}","{""r"":1}",4c131700a608b083dec32b2adc49bc93cb872732e3b85f42002b096ec3f0c0b5,4c131700a608b083dec32b2adc49bc93cb872732e3b85f42002b096ec3f0c0b5,1,
mixed-09,6,"{""arg"":3528}","{""r"":2}",4c131700a608b083dec32b2adc49bc93cb872732e3b85f42002b096ec3f0c0b5,4c131700a608b083dec32b2adc49bc93cb872732e3b85f42002b096ec3f0c0b5,1,
mixed-09,7,"{""arg"":3529}","{""r"":3}",4c131700a608b083dec32b2adc49bc93cb872732e3b85f42002b096ec3f0c0b5,4c131700a608b083dec32b2adc49bc93cb872732e3b85f42002b096ec3f0c0b5,1,
mixed-10,0,"{""arg"":3539}","{""r"":-4}",ef9dc60c4266a165e280ed578998489e89c35424415256312c7b8c786af3a28b,ef9dc60c4266a165e280ed578998489e89c35424415256312c7b8c786af3a28b,1,
mixed-10,1,"{""arg"":3540}","{""r"":-3}",ef9dc60c4266a165e280ed578998489e89c35424415256312c7b8c786af3a28b,ef9dc60c4266a165e280ed578998489e89c35424415256312c7b8c786af3a28b,1,
mixed-10,2,"{""arg"":3541}","{""r"":-2}",ef9dc60c4266a165e280ed578998489e89c35424415256312c7b8c786af3a28b,ef9dc60c4266a165e280ed578998489e89c35424415256312c7b8c786af3a28b,1,
mixed-10,3,"{""arg"":3542}","{""r"":-1}",ef9dc60c4266a165e280ed578998489e89c35424415256312c7b8c786af3a28b,ef9dc60c4266a165e280ed578998489e89c35424415256312c7b8c786af3a28b,1,
mixed-10,4,"{""arg"":3543}","{""r"":0}",ef9dc60c4266a165e280ed578998489e89c35424415256312c7b8c786af3a28b,ef9dc60c4266a165e280ed578998489e89c35424415256312c7b8c786af3a28b,1,
mixed-10,5,"{""arg"":3544}","{""r"":1}",ef9dc60c4266a165e280ed578998489e89c35424415256312c7b8c786af3a28b,ef9dc60c4266a165e280ed578998489e89c35424415256312c7b8c786af3a28b,1,
mixed-10,6,"{""arg"":3545}","{""r"":2}",ef9dc60c4266a165e280ed578998489e89c35424415256312c7b8c786af3a28b,ef9dc60c4266a165e280ed578998489e89c35424415256312c7b8c786af3a28b,1,
mixed-10,7,"{""arg"":3546}","{""r"":3}",ef9dc60c4266a165e280ed578998489e89c35424415256312c7b8c786af3a28b,ef9dc60c4266a165e280ed578998489e89c35424415256312c7b8c786af3a28b,1,
mixed-11,0,"{""arg"":3556}","{""r"":-4}",80bafa3253d86af95fab69ffbd3d69805b03fa77639782d28b8675893ab6d819,80bafa3253d86af95fab69ffbd3d69805b03fa77639782d28b8675893ab6d819,1,
mixed-11,1,"{""arg"":3557}","{""r"":-3}",80bafa3253d86af95fab69ffbd3d69805b03fa77639782d28b8675893ab6d819,80bafa3253d86af95fab69ffbd3d69805b03fa77639782d28b8675893ab6d819,1,
mixed-11,2,"{""arg"":3558}","{""r"":-2}",80bafa3253d86af95fab69ffbd3d69805b03fa77639782d28b8675893ab6d819,80bafa3253d86af95fab69ffbd3d69805b03fa77639782d28b8675893ab6d819,1,
mixed-11,3,"{""arg"":3559}","{""r"":-1}",80bafa3253d86af95fab69ffbd3d69805b03fa77639782d28b8675893ab6d819,80bafa3253d86af95fab69ffbd3d69805b03fa77639782d28b8675893ab6d819,1,
mixed-11,4,"{""arg"":3560}","{""r"":0}",80bafa3253d86af95fab69ffbd3d69805b03fa77639782d28b8675893ab6d819,80bafa3253d86af95fab69ffbd3d69805b03fa77639782d28b8675893ab6d819,1,
mixed-11,5,"{""arg"":3561}","{""r"":1}",80bafa3253d86af95fab69ffbd3d69805b03fa77639782d28b8675893ab6d819,80bafa3253d86af95fab69ffbd3d69805b03fa77639782d28b8675893ab6d819,1,
mixed-11,6,"{""arg"":3562}","{""r"":2}",80bafa3253d86af95fab69ffbd3d69805b03fa77639782d28b8675893ab6d819,80bafa3253d86af95fab69ffbd3d69805b03fa77639782d28b8675893ab6d819,1,
mixed-11,7,"{""arg"":3563}","{""r"":3}",80bafa3253d86af95fab69ffbd3d69805b03fa77639782d28b8675893ab6d819,80bafa3253d86af95fab69ffbd3d69805b03fa77639782d28b8675893ab6d819,1,
mixed-12,0,"{""arg"":3573}","{""r"":-4}",5aa4f2167566375e1dc0cca32c4584e7e6d15ac672820cc59f8089f6e2655fbc,5aa4f2167566375e1dc0cca32c4584e7e6d15ac672820cc59f8089f6e2655fbc,1,
mixed-12,1,"{""arg"":3574}","{""r"":-3}",5aa4f2167566375e1dc0cca32c4584e7e6d15ac672820cc59f8089f6e2655fbc,5aa4f2167566375e1dc0cca32c4584e7e6d15ac672820cc59f8089f6e2655fbc,1,
mixed-12,2,"{""arg"":3575}","{""r"":-2}",5aa4f2167566375e1dc0cca32c4584e7e6d15ac672820cc59f8089f6e2655fbc,5aa4f2167566375e1dc0cca32c4584e7e6d15ac672820cc59f8089f6e2655fbc,1,
mixed-12,3,"{""arg"":3576}","{""r"":-1}",5aa4f2167566375e1dc0cca32c4584e7e6d15ac672820cc59f8089f6e2655fbc,5aa4f2167566375e1dc0cca32c4584e7e6d15ac672820cc59f8089f6e2655fbc,1,
mixed-12,4,"{""arg"":3577}","{""r"":0}",5aa4f2167566375e1dc0cca32c4584e7e6d15ac672820cc59f8089f6e2655fbc,5aa4f2167566375e1dc0cca32c4584e7e6d15ac672820cc59f8089f6e2655fbc,1,
mixed-12,5,"{""arg"":3578}","{""r"":1}",5aa4f2167566375e1dc0cca32c4584e7e6d15ac672820cc59f8089f6e2655fbc,5aa4f2167566375e1dc0cca32c4584e7e6d15ac672820cc59f8089f6e2655fbc,1,
mixed-12,6,"{""arg"":3579}","{""r"":2}",5aa4f2167566375e1dc0cca32c4584e7e6d15ac672820cc59f8089f6e2655fbc,5aa4f2167566375e1dc0cca32c4584e7e6d15ac672820cc59f8089f6e2655fbc,1,
mixed-12,7,"{""arg"":3580}","{""r"":3}",5aa4f2167566375e1dc0cca32c4584e7e6d15ac672820cc59f8089f6e2655fbc,5aa4f2167566375e1dc0cca32c4584e7e6d15ac672820cc59f8089f6e2655fbc,1,
mixed-13,0,"{""arg"":3590}","{""r"":-4}",3d412ae4596f5864e3b8f9f592d01f609f862e8d30a172c570070daeb41b6814,3d412ae4596f5864e3b8f9f592d01f609f862e8d30a172c570070daeb41b6814,1,
mixed-13,1,"{""arg"":3591}","{""r"":-3}",3d412ae4596f5864e3b8f9f592d01f609f862e8d30a172c570070daeb41b6814,3d412ae4596f5864e3b8f9f592d01f609f862e8d30a172c570070daeb41b6814,1,
mixed-13,2,"{""arg"":3592}","{""r"":-2}",3d412ae4596f5864e3b8f9f592d01f609f862e8d30a172c570070daeb41b6814,3d412ae4596f5864e3b8f9f592d01f609f862e8d30a172c570070daeb41b6814,1,
mixed-13,3,"{""arg"":3593}","{""r"":-1}",3d412ae4596f5864e3b8f9f592d01f609f862e8d30a172c570070daeb41b6814,3d412ae4596f5864e3b8f9f592d01f609f862e8d30a172c570070daeb41b6814,1,
mixed-13,4,"{""arg"":3594}","{""r"":0}",3d412ae4596f5864e3b8f9f592d01f609f862e8d30a172c570070daeb41b6814,3d412ae4596f5864e3b8f9f592d01f609f862e8d30a172c570070daeb41b6814,1,
mixed-13,5,"{""arg"":3595}","{""r"":1}",3d412ae4596f5864e3b8f9f592d01f609f862e8d30a172c570070daeb41b6814,3d412ae4596f5864e3b8f9f592d01f609f862e8d30a172c570070daeb41b6814,1,
mixed-13,6,"{""arg"":3596}","{""r"":2}",3d412ae4596f5864e3b8f9f592d01f609f862e8d30a172c570070daeb41b6814,3d412ae4596f5864e3b8f9f592d01f609f862e8d30a172c570070daeb41b6814,1,
mixed-13,7,"{""arg"":3597}","{""r"":3}",3d412ae4596f5864e3b8f9f592d01f609f862e8d30a172c570070daeb41b6814,3d412ae4596f5864e3b8f9f592d01f609f862e8d30a172c570070daeb41b6814,1,
mixed-14,0,"{""arg"":3607}","{""r"":-4}",ae08b4b264239e9d22396055ba78ca52b5e3998bac89d114e9f3d86998f8240a,ae08b4b264239e9d22396055ba78ca52b5e3998bac89d114e9f3d86998f8240a,1,
mixed-14,1,"{""arg"":3608}","{""r"":-3}",ae08b4b264239e9d22396055ba78ca52b5e3998bac89d114e9f3d86998f8240a,ae08b4b264239e9d22396055ba78ca52b5e3998bac89d114e9f3d86998f8240a,1,
mixed-14,2,"{""arg"":3609}","{""r"":-2}",ae08b4b264239e9d22396055ba78ca52b5e3998bac89d114e9f3d86998f8240a,ae08b4b264239e9d22396055ba78ca52b5e3998bac89d114e9f3d86998f8240a,1,
mixed-14,3,"{""arg"":3610}","{""r"":-1}",ae08b4b264239e9d22396055ba78ca52b5e3998bac89d114e9f3d86998f8240a,ae08b4b264239e9d22396055ba78ca52b5e3998bac89d114e9f3d86998f8240a,1,
mixed-14,4,"{""arg"":3611}","{""r"":0}",ae08b4b264239e9d22396055ba78ca52b5e3998bac89d114e9f3d86998f8240a,ae08b4b264239e9d22396055ba78ca52b5e3998bac89d114e9f3d86998f8240a,1,
mixed-14,5,"{""arg"":3612}","{""r"":1}",ae08b4b264239e9d22396055ba78ca52b5e3998bac89d114e9f3d86998f8240a,ae08b4b264239e9d22396055ba78ca52b5e3998bac89d114e9f3d86998f8240a,1,
mixed-14,6,"{""arg"":3613}","{""r"":2}",ae08b4b264239e9d22396055ba78ca52b5e3998bac89d114e9f3d86998f8240a,ae08b4b264239e9d22396055ba78ca52b5e3998bac89d114e9f3d86998f8240a,1,
mixed-14,7,"{""arg"":3614}","{""r"":3}",ae08b4b264239e9d22396055ba78ca52b5e3998bac89d114e9f3d86998f8240a,ae08b4b264239e9d22396055ba78ca52b5e3998bac89d114e9f3d86998f8240a,1,
mixed-15,0,"{""arg"":3624}","{""r"":-4}",97a205c6aab35e4425269ac774b198b368c0e338cb5eedbbfbce1c0801305ae8,97a205c6aab35e4425269ac774b198b368c0e338cb5eedbbfbce1c0801305ae8,1,
mixed-15,1,"{""arg"":3625}","{""r"":-3}",97a205c6aab35e4425269ac774b198b368c0e338cb5eedbbfbce1c0801305ae8,97a205c6aab35e4425269ac774b198b368c0e338cb5eedbbfbce1c0801305ae8,1,
mixed-15,2,"{""arg"":3626}","{""r"":-2}",97a205c6aab35e4425269ac774b198b368c0e338cb5eedbbfbce1c0801305ae8,97a205c6aab35e4425269ac774b198b368c0e338cb5eedbbfbce1c0801305ae8,1,
mixed-15,3,"{""arg"":3627}","{""r"":-1}",97a205c6aab35e4425269ac774b198b368c0e338cb5eedbbfbce1c0801305ae8,97a205c6aab35e4425269ac774b198b368c0e338cb5eedbbfbce1c0801305ae8,1,
mixed-15,4,"{""arg"":3628}","{""r"":0}",97a205c6aab35e4425269ac774b198b368c0e338cb5eedbbfbce1c0801305ae8,97a205c6aab35e4425269ac774b198b368c0e338cb5eedbbfbce1c0801305ae8,1,
mixed-15,5,"{""arg"":3629}","{""r"":1}",97a205c6aab35e4425269ac774b198b368c0e338cb5eedbbfbce1c0801305ae8,97a205c6aab35e4425269ac774b198b368c0e338cb5eedbbfbce1c0801305ae8,1,
mixed-15,6,"{""arg"":3630}","{""r"":2}",97a205c6aab35e4425269ac774b198b368c0e338cb5eedbbfbce1c0801305ae8,97a205c6aab35e4425269ac774b198b368c0e338cb5eedbbfbce1c0801305ae8,1,
mixed-15,7,"{""arg"":3631}","{""r"":3}",97a205c6aab35e4425269ac774b198b368c0e338cb5eedbbfbce1c0801305ae8,97a205c6aab35e4425269ac774b198b368c0e338cb5eedbbfbce1c0801305ae8,1,
mixed-16,0,"{""arg"":3641}","{""r"":-4}",ce82e45afbd0fbef7dfe0671ab006c7d0721a57ffdd6f8d667ecd7caf3392dc4,ce82e45afbd0fbef7dfe0671ab006c7d0721a57ffdd6f8d667ecd7caf3392dc4,1,
mixed-16,1,"{""arg"":3642}","{""r"":-3}",ce82e45afbd0fbef7dfe0671ab006c7d0721a57ffdd6f8d667ecd7caf3392dc4,ce82e45afbd0fbef7dfe0671ab006c7d0721a57ffdd6f8d667ecd7caf3392dc4,1,
mixed-16,2,"{""arg"":3643}","{""r"":-2}",ce82e45afbd0fbef7dfe0671ab006c7d0721a57ffdd6f8d667ecd7caf3392dc4,ce82e45afbd0fbef7dfe0671ab006c7d0721a57ffdd6f8d667ecd7caf3392dc4,1,
mixed-16,3,"{""arg"":3644}","{""r"":-1}",ce82e45afbd0fbef7dfe0671ab006c7d0721a57ffdd6f8d667ecd7caf3392dc4,ce82e45afbd0fbef7dfe0671ab006c7d0721a57ffdd6f8d667ecd7caf3392dc4,1,
mixed-16,4,"{""arg"":3645}","{""r"":0}",ce82e45afbd0fbef7dfe0671ab006c7d0721a57ffdd6f8d667ecd7caf3392dc4,ce82e45afbd0fbef7dfe0671ab006c7d0721a57ffdd6f8d667ecd7caf3392dc4,1,
mixed-16,5,"{""arg"":3646}","{""r"":1}",ce82e45afbd0fbef7dfe0671ab006c7d0721a57ffdd6f8d667ecd7caf3392dc4,ce82e45afbd0fbef7dfe0671ab006c7d0721a57ffdd6f8d667ecd7caf3392dc4,1,
mixed-16,6,"{""arg"":3647}","{""r"":2}",ce82e45afbd0fbef7dfe0671ab006c7d0721a57ffdd6f8d667ecd7caf3392dc4,ce82e45afbd0fbef7dfe0671ab006c7d0721a57ffdd6f8d667ecd7caf3392dc4,1,
mixed-16,7,"{""arg"":3648}","{""r"":3}",ce82e45afbd0fbef7dfe0671ab006c7d0721a57ffdd6f8d667ecd7caf3392dc4,ce82e45afbd0fbef7dfe0671ab006c7d0721a57ffdd6f8d667ecd7caf3392dc4,1,
mixed-17,0,"{""arg"":3658}","{""r"":-4}",3d412ae4596f5864e3b8f9f592d01f609f862e8d30a172c570070daeb41b6814,3d412ae4596f5864e3b8f9f592d01f609f862e8d30a172c570070daeb41b6814,1,
mixed-17,1,"{""arg"":3659}","{""r"":-3}",3d412ae4596f5864e3b8f9f592d01f609f862e8d30a172c570070daeb41b6814,3d412ae4596f5864e3b8f9f592d01f609f862e8d30a172c570070daeb41b6814,1,
mixed-17,2,"{""arg"":3660}","{""r"":-2}",3d412ae4596f5864e3b8f9f592d01f609f862e8d30a172c570070daeb41b6814,3d412ae4596f5864e3b8f9f592d01f609f862e8d30a172c570070daeb41b6814,1,
mixed-17,3,"{""arg"":3661}","{""r"":-1}",3d412ae4596f5864e3b8f9f592d01f609f862e8d30a172c570070daeb41b6814,3d412ae4596f5864e3b8f9f592d01f609f862e8d30a172c570070daeb41b6814,1,
mixed-17,4,"{""arg"":3662}","{""r"":0}",3d412ae4596f5864e3b8f9f592d01f609f862e8d30a172c570070daeb41b6814,3d412ae4596f5864e3b8f9f592d01f609f862e8d30a172c570070daeb41b6814,1,
mixed-17,5,"{""arg"":3663}","{""r"":1}",3d412ae4596f5864e3b8f9f592d01f609f862e8d30a172c570070daeb41b6814,3d412ae4596f5864e3b8f9f592d01f609f862e8d30a172c570070daeb41b6814,1,
mixed-17,6,"{""arg"":3664}","{""r"":2}",3d412ae4596f5864e3b8f9f592d01f609f862e8d30a172c570070daeb41b6814,3d412ae4596f5864e3b8f9f592d01f609f862e8d30a172c570070daeb41b6814,1,
mixed-17,7,"{""arg"":3665}","{""r"":3}",3d412ae4596f5864e3b8f9f592d01f609f862e8d30a172c570070daeb41b6814,3d412ae4596f5864e3b8f9f592d01f609f862e8d30a172c570070daeb41b6814,1,
mixed-18,0,"{""arg"":3675}","{""r"":-4}",3d412ae4596f5864e3b8f9f592d01f609f862e8d30a172c570070daeb41b6814,3d412ae4596f5864e3b8f9f592d01f609f862e8d30a172c570070daeb41b6814,1,
mixed-18,1,"{""arg"":3676}","{""r"":-3}",3d412ae4596f5864e3b8f9f592d01f609f862e8d30a172c570070daeb41b6814,3d412ae4596f5864e3b8f9f592d01f609f862e8d30a172c570070daeb41b6814,1,
mixed-18,2,"{""arg"":3677}","{""r"":-2}",3d412ae4596f5864e3b8f9f592d01f609f862e8d30a172c570070daeb41b6814,3d412ae4596f5864e3b8f9f592d01f609f862e8d30a172c570070daeb41b6814,1,
mixed-18,3,"{""arg"":3678}","{""r"":-1}",3d412ae4596f5864e3b8f9f592d01f609f862e8d30a172c570070daeb41b6814,3d412ae4596f5864e3b8f9f592d01f609f862e8d30a172c570070daeb41b6814,1,
mixed-18,4,"{""arg"":3679}","{""r"":0}",3d412ae4596f5864e3b8f9f592d01f609f862e8d30a172c570070daeb41b6814,3d412ae4596f5864e3b8f9f592d01f609f862e8d30a172c570070daeb41b6814,1,
mixed-18,5,"{""arg"":3680}","{""r"":1}",3d412ae4596f5864e3b8f9f592d01f609f862e8d30a172c570070daeb41b6814,3d412ae4596f5864e3b8f9f592d01f609f862e8d30a172c570070daeb41b6814,1,
mixed-18,6,"{""arg"":3681}","{""r"":2}",3d412ae4596f5864e3b8f9f592d01f609f862e8d30a172c570070daeb41b6814,3d412ae4596f5864e3b8f9f592d01f609f862e8d30a172c570070daeb41b6814,1,
mixed-18,7,"{""arg"":3682}","{""r"":3}",3d412ae4596f5864e3b8f9f592d01f609f862e8d30a172c570070daeb41b6814,3d412ae4596f5864e3b8f9f592d01f609f862e8d30a172c570070daeb41b6814,1,
mixed-19,0,"{""arg"":3692}","{""r"":-4}",4b8ce40002f47b7f56ee69b22340088e91ddf41d8b890ac6b835258ed51a5565,4b8ce40002f47b7f56ee69b22340088e91ddf41d8b890ac6b835258ed51a5565,1,
mixed-19,1,"{""arg"":3693}","{""r"":-3}",4b8ce40002f47b7f56ee69b22340088e91ddf41d8b890ac6b835258ed51a5565,4b8ce40002f47b7f56ee69b22340088e91ddf41d8b890ac6b835258ed51a5565,1,
mixed-19,2,"{""arg"":3694}","{""r"":-2}",4b8ce40002f47b7f56ee69b22340088e91ddf41d8b890ac6b835258ed51a5565,4b8ce40002f47b7f56ee69b22340088e91ddf41d8b890ac6b835258ed51a5565,1,
mixed-19,3,"{""arg"":3695}","{""r"":-1}",4b8ce40002f47b7f56ee69b22340088e91ddf41d8b890ac6b835258ed51a5565,4b8ce40002f47b7f56ee69b22340088e91ddf41d8b890ac6b835258ed51a5565,1,
mixed-19,4,"{""arg"":3696}","{""r"":0}",4b8ce40002f47b7f56ee69b22340088e91ddf41d8b890ac6b835258ed51a5565,4b8ce40002f47b7f56ee69b22340088e91ddf41d8b890ac6b835258ed51a5565,1,
mixed-19,5,"{""arg"":3697}","{""r"":1}",4b8ce40002f47b7f56ee69b22340088e91ddf41d8b890ac6b835258ed51a5565,4b8ce40002f47b7f56ee69b22340088e91ddf41d8b890ac6b835258ed51a5565,1,
mixed-19,6,"{""arg"":3698}","{""r"":2}",4b8ce40002f47b7f56ee69b22340088e91ddf41d8b890ac6b835258ed51a5565,4b8ce40002f47b7f56ee69b22340088e91ddf41d8b890ac6b835258ed51a5565,1,
mixed-19,7,"{""arg"":3699}","{""r"":3}",4b8ce40002f47b7f56ee69b22340088e91ddf41d8b890ac6b835258ed51a5565,4b8ce40002f47b7f56ee69b22340088e91ddf41d8b890ac6b835258ed51a5565,1,
mixed-20,0,"{""arg"":3709}","{""r"":-4}",51c12d2044413fc20a45ca34c37367b42715426a91468727f70a061d71150bae,51c12d2044413fc20a45ca34c37367b42715426a91468727f70a061d71150bae,1,
mixed-20,1,"{""arg"":3710}","{""r"":-3}",51c12d2044413fc20a45ca34c37367b42715426a91468727f70a061d71150bae,51c12d2044413fc20a45ca34c37367b42715426a91468727f70a061d71150bae,1,
mixed-20,2,"{""arg"":3711}","{""r"":-2}",51c12d2044413fc20a45ca34c37367b42715426a91468727f70a061d71150bae,51c12d2044413fc20a45ca34c37367b42715426a91468727f70a061d71150bae,1,
mixed-20,3,"{""arg"":3712}","{""r"":-1}",51c12d2044413fc20a45ca34c37367b42715426a91468727f70a061d71150bae,51c12d2044413fc20a45ca34c37367b42715426a91468727f70a061d71150bae,1,
mixed-20,4,"{""arg"":3713}","{""r"":0}",51c12d2044413fc20a45ca34c37367b42715426a91468727f70a061d71150bae,51c12d2044413fc20a45ca34c37367b42715426a91468727f70a061d71150bae,1,
mixed-20,5,"{""arg"":3714}","{""r"":1}",51c12d2044413fc20a45ca34c37367b42715426a91468727f70a061d71150bae,51c12d2044413fc20a45ca34c37367b42715426a91468727f70a061d71150bae,1,
mixed-20,6,"{""arg"":3715}","{""r"":2}",51c12d2044413fc20a45ca34c37367b42715426a91468727f70a061d71150bae,51c12d2044413fc20a45ca34c37367b42715426a91468727f70a061d71150bae,1,
mixed-20,7,"{""arg"":3716}","{""r"":3}",51c12d2044413fc20a45ca34c37367b42715426a91468727f70a061d71150bae,51c12d2044413fc20a45ca34c37367b42715426a91468727f70a061d71150bae,1,
mixed-21,0,"{""arg"":3726}","{""r"":-4}",4b8ce40002f47b7f56ee69b22340088e91ddf41d8b890ac6b835258ed51a5565,4b8ce40002f47b7f56ee69b22340088e91ddf41d8b890ac6b835258ed51a5565,1,
mixed-21,1,"{""arg"":3727}","{""r"":-3}",4b8ce40002f47b7f56ee69b22340088e91ddf41d8b890ac6b835258ed51a5565,4b8ce40002f47b7f56ee69b22340088e91ddf41d8b890ac6b835258ed51a5565,1,
mixed-21,2,"{""arg"":3728}","{""r"":-2}",4b8ce40002f47b7f56ee69b22340088e91ddf41d8b890ac6b835258ed51a5565,4b8ce40002f47b7f56ee69b22340088e91ddf41d8b890ac6b835258ed51a5565,1,
mixed-21,3,"{""arg"":3729}","{""r"":-1}",4b8ce40002f47b7f56ee69b22340088e91ddf41d8b890ac6b835258ed51a5565,4b8ce40002f47b7f56ee69b22340088e91ddf41d8b890ac6b835258ed51a5565,1,
mixed-21,4,"{""arg"":3730}","{""r"":0}",4b8ce40002f47b7f56ee69b22340088e91ddf41d8b890ac6b835258ed51a5565,4b8ce40002f47b7f56ee69b22340088e91ddf41d8b890ac6b835258ed51a5565,1,
mixed-21,5,"{""arg"":3731}","{""r"":1}",4b8ce40002f47b7f56ee69b22340088e91ddf41d8b890ac6b835258ed51a5565,4b8ce40002f47b7f56ee69b22340088e91ddf41d8b890ac6b835258ed51a5565,1,
mixed-21,6,"{""arg"":3732}","{""r"":2}",4b8ce40002f47b7f56ee69b22340088e91ddf41d8b890ac6b835258ed51a5565,4b8ce40002f47b7f56ee69b22340088e91ddf41d8b890ac6b835258ed51a5565,1,
mixed-21,7,"{""arg"":3733}","{""r"":3}",4b8ce40002f47b7f56ee69b22340088e91ddf41d8b890ac6b835258ed51a5565,4b8ce40002f47b7f56ee69b22340088e91ddf41d8b890ac6b835258ed51a5565,1,
mixed-22,0,"{""arg"":3743}","{""r"":-4}",11046919dc6b80630d376b9a7aa97f6499914c3180146237d379379a66f00394,11046919dc6b80630d376b9a7aa97f6499914c3180146237d379379a66f00394,1,
mixed-22,1,"{""arg"":3744}","{""r"":-3}",11046919dc6b80630d376b9a7aa97f6499914c3180146237d379379a66f00394,11046919dc6b80630d376b9a7aa97f6499914c3180146237d379379a66f00394,1,
mixed-22,2,"{""arg"":3745}","{""r"":-2}",11046919dc6b80630d376b9a7aa97f6499914c3180146237d379379a66f00394,11046919dc6b80630d376b9a7aa97f6499914c3180146237d379379a66f00394,1,
mixed-22,3,"{""arg"":3746}","{""r"":-1}",11046919dc6b80630d376b9a7aa97f6499914c3180146237d379379a66f00394,11046919dc6b80630d376b9a7aa97f6499914c3180146237d379379a66f00394,1,
mixed-22,4,"{""arg"":3747}","{""r"":0}",11046919dc6b80630d376b9a7aa97f6499914c3180146237d379379a66f00394,11046919dc6b80630d376b9a7aa97f6499914c3180146237d379379a66f00394,1,
mixed-22,5,"{""arg"":3748}","{""r"":1}",11046919dc6b80630d376b9a7aa97f6499914c3180146237d379379a66f00394,11046919dc6b80630d376b9a7aa97f6499914c3180146237d379379a66f00394,1,
mixed-22,6,"{""arg"":3749}","{""r"":2}",11046919dc6b80630d376b9a7aa97f6499914c3180146237d379379a66f00394,11046919dc6b80630d376b9a7aa97f6499914c3180146237d379379a66f00394,1,
mixed-22,7,"{""arg"":3750}","{""r"":3}",11046919dc6b80630d376b9a7aa97f6499914c3180146237d379379a66f00394,11046919dc6b80630d376b9a7aa97f6499914c3180146237d379379a66f00394,1,
mixed-23,0,"{""arg"":3760}","{""r"":-4}",d39906f586141207f0867576083094a558e3761f7dbf4e562d6297234c38d320,d39906f586141207f0867576083094a558e3761f7dbf4e562d6297234c38d320,1,
mixed-23,1,"{""arg"":3761}","{""r"":-3}",d39906f586141207f0867576083094a558e3761f7dbf4e562d6297234c38d320,d39906f586141207f0867576083094a558e3761f7dbf4e562d6297234c38d320,1,
mixed-23,2,"{""arg"":3762}","{""r"":-2}",d39906f586141207f0867576083094a558e3761f7dbf4e562d6297234c38d320,d39906f586141207f0867576083094a558e3761f7dbf4e562d6297234c38d320,1,
mixed-23,3,"{""arg"":3763}","{""r"":-1}",d39906f586141207f0867576083094a558e3761f7dbf4e562d6297234c38d320,d39906f586141207f0867576083094a558e3761f7dbf4e562d6297234c38d320,1,
mixed-23,4,"{""arg"":3764}","{""r"":0}",d39906f586141207f0867576083094a558e3761f7dbf4e562d6297234c38d320,d39906f586141207f0867576083094a558e3761f7dbf4e562d6297234c38d320,1,
mixed-23,5,"{""arg"":3765}","{""r"":1}",d39906f586141207f0867576083094a558e3761f7dbf4e562d6297234c38d320,d39906f586141207f0867576083094a558e3761f7dbf4e562d6297234c38d320,1,
mixed-23,6,"{""arg"":3766}","{""r"":2}",d39906f586141207f0867576083094a558e3761f7dbf4e562d6297234c38d320,d39906f586141207f0867576083094a558e3761f7dbf4e562d6297234c38d320,1,
mixed-23,7,"{""arg"":3767}","{""r"":3}",d39906f586141207f0867576083094a558e3761f7dbf4e562d6297234c38d320,d39906f586141207f0867576083094a558e3761f7dbf4e562d6297234c38d320,1,
mixed-24,0,"{""arg"":3777}","{""r"":-4}",6519fe0a6331773768ff5e369651e2e2f5ead7e17f88c99a4eb45c376210420f,6519fe0a6331773768ff5e369651e2e2f5ead7e17f88c99a4eb45c376210420f,1,
mixed-24,1,"{""arg"":3778}","{""r"":-3}",6519fe0a6331773768ff5e369651e2e2f5ead7e17f88c99a4eb45c376210420f,6519fe0a6331773768ff5e369651e2e2f5ead7e17f88c99a4eb45c376210420f,1,
mixed-24,2,"{""arg"":3779}","{""r"":-2}",6519fe0a6331773768ff5e369651e2e2f5ead7e17f88c99a4eb45c376210420f,6519fe0a6331773768ff5e369651e2e2f5ead7e17f88c99a4eb45c376210420f,1,
mixed-24,3,"{""arg"":3780}","{""r"":-1}",6519fe0a6331773768ff5e369651e2e2f5ead7e17f88c99a4eb45c376210420f,6519fe0a6331773768ff5e369651e2e2f5ead7e17f88c99a4eb45c376210420f,1,
mixed-24,4,"{""arg"":3781}","{""r"":0}",6519fe0a6331773768ff5e369651e2e2f5ead7e17f88c99a4eb45c376210420f,6519fe0a6331773768ff5e369651e2e2f5ead7e17f88c99a4eb45c376210420f,1,
mixed-24,5,"{""arg"":3782}","{""r"":1}",6519fe0a6331773768ff5e369651e2e2f5ead7e17f88c99a4eb45c376210420f,6519fe0a6331773768ff5e369651e2e2f5ead7e17f88c99a4eb45c376210420f,1,
mixed-24,6,"{""arg"":3783}","{""r"":2}",6519fe0a6331773768ff5e369651e2e2f5ead7e17f88c99a4eb45c376210420f,6519fe0a6331773768ff5e369651e2e2f5ead7e17f88c99a4eb45c376210420f,1,
mixed-24,7,"{""arg"":3784}","{""r"":3}",6519fe0a6331773768ff5e369651e2e2f5ead7e17f88c99a4eb45c376210420f,6519fe0a6331773768ff5e369651e2e2f5ead7e17f88c99a4eb45c376210420f,1,
mixed-25,0,"{""arg"":3794}","{""r"":-4}",9ef4d4f58863ffda56045c6468dc646a7bd9ee9293436d855ffe7f93c4086a10,9ef4d4f58863ffda56045c6468dc646a7bd9ee9293436d855ffe7f93c4086a10,1,
mixed-25,1,"{""arg"":3795}","{""r"":-3}",9ef4d4f58863ffda56045c6468dc646a7bd9ee9293436d855ffe7f93c4086a10,9ef4d4f58863ffda56045c6468dc646a7bd9ee9293436d855ffe7f93c4086a10,1,
mixed-25,2,"{""arg"":3796}","{""r"":-2}",9ef4d4f58863ffda56045c6468dc646a7bd9ee9293436d855ffe7f93c4086a10,9ef4d4f58863ffda56045c6468dc646a7bd9ee9293436d855ffe7f93c4086a10,1,
mixed-25,3,"{""arg"":3797}","{""r"":-1}",9ef4d4f58863ffda56045c6468dc646a7bd9ee9293436d855ffe7f93c4086a10,9ef4d4f58863ffda56045c6468dc646a7bd9ee9293436d855ffe7f93c4086a10,1,
mixed-25,4,"{""arg"":3798}","{""r"":0}",9ef4d4f58863ffda56045c6468dc646a7bd9ee9293436d855ffe7f93c4086a10,9ef4d4f58863ffda56045c6468dc646a7bd9ee9293436d855ffe7f93c4086a10,1,
mixed-25,5,"{""arg"":3799}","{""r"":1}",9ef4d4f58863ffda56045c6468dc646a7bd9ee9293436d855ffe7f93c4086a10,9ef4d4f58863ffda56045c6468dc646a7bd9ee9293436d855ffe7f93c4086a10,1,
mixed-25,6,"{""arg"":3800}","{""r"":2}",9ef4d4f58863ffda56045c6468dc646a7bd9ee9293436d855ffe7f93c4086a10,9ef4d4f58863ffda56045c6468dc646a7bd9ee9293436d855ffe7f93c4086a10,1,
mixed-25,7,"{""arg"":3801}","{""r"":3}",9ef4d4f58863ffda56045c6468dc646a7bd9ee9293436d855ffe7f93c4086a10,9ef4d4f58863ffda56045c6468dc646a7bd9ee9293436d855ffe7f93c4086a10,1,
mixed-26,0,"{""arg"":3811}","{""r"":-4}",cb027f4840eead6e21a91fefe6efaa42bcece647b33b24916f960fbfb5b45e98,cb027f4840eead6e21a91fefe6efaa42bcece647b33b24916f960fbfb5b45e98,1,
mixed-26,1,"{""arg"":3812}","{""r"":-3}",cb027f4840eead6e21a91fefe6efaa42bcece647b33b24916f960fbfb5b45e98,cb027f4840eead6e21a91fefe6efaa42bcece647b33b24916f960fbfb5b45e98,1,
mixed-26,2,"{""arg"":3813}","{""r"":-2}",cb027f4840eead6e21a91fefe6efaa42bcece647b33b24916f960fbfb5b45e98,cb027f4840eead6e21a91fefe6efaa42bcece647b33b24916f960fbfb5b45e98,1,
mixed-26,3,"{""arg"":3814}","{""r"":-1}",cb027f4840eead6e21a91fefe6efaa42bcece647b33b24916f960fbfb5b45e98,cb027f4840eead6e21a91fefe6efaa42bcece647b33b24916f960fbfb5b45e98,1,
mixed-26,4,"{""arg"":3815}","{""r"":0}",cb027f4840eead6e21a91fefe6efaa42bcece647b33b24916f960fbfb5b45e98,cb027f4840eead6e21a91fefe6efaa42bcece647b33b24916f960fbfb5b45e98,1,
mixed-26,5,"{""arg"":3816}","{""r"":1}",cb027f4840eead6e21a91fefe6efaa42bcece647b33b24916f960fbfb5b45e98,cb027f4840eead6e21a91fefe6efaa42bcece647b33b24916f960fbfb5b45e98,1,
mixed-26,6,"{""arg"":3817}","{""r"":2}",cb027f4840eead6e21a91fefe6efaa42bcece647b33b24916f960fbfb5b45e98,cb027f4840eead6e21a91fefe6efaa42bcece647b33b24916f960fbfb5b45e98,1,
mixed-26,7,"{""arg"":3818}","{""r"":3}",cb027f4840eead6e21a91fefe6efaa42bcece647b33b24916f960fbfb5b45e98,cb027f4840eead6e21a91fefe6efaa42bcece647b33b24916f960fbfb5b45e98,1,
mixed-27,0,"{""arg"":3828}","{""r"":-4}",ca077740cf0cde156be20d78e65855cf63576f34686fb7dec9f1855dadce1408,ca077740cf0cde156be20d78e65855cf63576f34686fb7dec9f1855dadce1408,1,
mixed-27,1,"{""arg"":3829}","{""r"":-3}",ca077740cf0cde156be20d78e65855cf63576f34686fb7dec9f1855dadce1408,ca077740cf0cde156be20d78e65855cf63576f34686fb7dec9f1855dadce1408,1,
mixed-27,2,"{""arg"":3830}","{""r"":-2}",ca077740cf0cde156be20d78e65855cf63576f34686fb7dec9f1855dadce1408,ca077740cf0cde156be20d78e65855cf63576f34686fb7dec9f1855dadce1408,1,
mixed-27,3,"{""arg"":3831}","{""r"":-1}",ca077740cf0cde156be20d78e65855cf63576f34686fb7dec9f1855dadce1408,ca077740cf0cde156be20d78e65855cf63576f34686fb7dec9f1855dadce1408,1,
mixed-27,4,"{""arg"":3832}","{""r"":0}",ca077740cf0cde156be20d78e65855cf63576f34686fb7dec9f1855dadce1408,ca077740cf0cde156be20d78e65855cf63576f34686fb7dec9f1855dadce1408,1,
mixed-27,5,"{""arg"":3833}","{""r"":1}",ca077740cf0cde156be20d78e65855cf63576f34686fb7dec9f1855dadce1408,ca077740cf0cde156be20d78e65855cf63576f34686fb7dec9f1855dadce1408,1,
mixed-27,6,"{""arg"":3834}","{""r"":2}",ca077740cf0cde156be20d78e65855cf63576f34686fb7dec9f1855dadce1408,ca077740cf0cde156be20d78e65855cf63576f34686fb7dec9f1855dadce1408,1,
mixed-27,7,"{""arg"":3835}","{""r"":3}",ca077740cf0cde156be20d78e65855cf63576f34686fb7dec9f1855dadce1408,ca077740cf0cde156be20d78e65855cf63576f34686fb7dec9f1855dadce1408,1,
mixed-28,0,"{""arg"":3845}","{""r"":-4}",ca077740cf0cde156be20d78e65855cf63576f34686fb7dec9f1855dadce1408,ca077740cf0cde156be20d78e65855cf63576f34686fb7dec9f1855dadce1408,1,
mixed-28,1,"{""arg"":3846}","{""r"":-3}",ca077740cf0cde156be20d78e65855cf63576f34686fb7dec9f1855dadce1408,ca077740cf0cde156be20d78e65855cf63576f34686fb7dec9f1855dadce1408,1,
mixed-28,2,"{""arg"":3847}","{""r"":-2}",ca077740cf0cde156be20d78e65855cf63576f34686fb7dec9f1855dadce1408,ca077740cf0cde156be20d78e65855cf63576f34686fb7dec9f1855dadce1408,1,
mixed-28,3,"{""arg"":3848}","{""r"":-1}",ca077740cf0cde156be20d78e65855cf63576f34686fb7dec9f1855dadce1408,ca077740cf0cde156be20d78e65855cf63576f34686fb7dec9f1855dadce1408,1,
mixed-28,4,"{""arg"":3849}","{""r"":0}",ca077740cf0cde156be20d78e65855cf63576f34686fb7dec9f1855dadce1408,ca077740cf0cde156be20d78e65855cf63576f34686fb7dec9f1855dadce1408,1,
mixed-28,5,"{""arg"":3850}","{""r"":1}",ca077740cf0cde156be20d78e65855cf63576f34686fb7dec9f1855dadce1408,ca077740cf0cde156be20d78e65855cf63576f34686fb7dec9f1855dadce1408,1,
mixed-28,6,"{""arg"":3851}","{""r"":2}",ca077740cf0cde156be20d78e65855cf63576f34686fb7dec9f1855dadce1408,ca077740cf0cde156be20d78e65855cf63576f34686fb7dec9f1855dadce1408,1,
mixed-28,7,"{""arg"":3852}","{""r"":3}",ca077740cf0cde156be20d78e65855cf63576f34686fb7dec9f1855dadce1408,ca077740cf0cde156be20d78e65855cf63576f34686fb7dec9f1855dadce1408,1,
mixed-29,0,"{""arg"":3862}","{""r"":-4}",af61fe5a8aea682ec05a8c4484518d8d66615041a62e59a3c5cbd189175ff7a2,af61fe5a8aea682ec05a8c4484518d8d66615041a62e59a3c5cbd189175ff7a2,1,
mixed-29,1,"{""arg"":3863}","{""r"":-3}",af61fe5a8aea682ec05a8c4484518d8d66615041a62e59a3c5cbd189175ff7a2,af61fe5a8aea682ec05a8c4484518d8d66615041a62e59a3c5cbd189175ff7a2,1,
mixed-29,2,"{""arg"":3864}","{""r"":-2}",af61fe5a8aea682ec05a8c4484518d8d66615041a62e59a3c5cbd189175ff7a2,af61fe5a8aea682ec05a8c4484518d8d66615041a62e59a3c5cbd189175ff7a2,1,
mixed-29,3,"{""arg"":3865}","{""r"":-1}",af61fe5a8aea682ec05a8c4484518d8d66615041a62e59a3c5cbd189175ff7a2,af61fe5a8aea682ec05a8c4484518d8d66615041a62e59a3c5cbd189175ff7a2,1,
mixed-29,4,"{""arg"":3866}","{""r"":0}",af61fe5a8aea682ec05a8c4484518d8d66615041a62e59a3c5cbd189175ff7a2,af61fe5a8aea682ec05a8c4484518d8d66615041a62e59a3c5cbd189175ff7a2,1,
mixed-29,5,"{""arg"":3867}","{""r"":1}",af61fe5a8aea682ec05a8c4484518d8d66615041a62e59a3c5cbd189175ff7a2,af61fe5a8aea682ec05a8c4484518d8d66615041a62e59a3c5cbd189175ff7a2,1,
mixed-29,6,"{""arg"":3868}","{""r"":2}",af61fe5a8aea682ec05a8c4484518d8d66615041a62e59a3c5cbd189175ff7a2,af61fe5a8aea682ec05a8c4484518d8d66615041a62e59a3c5cbd189175ff7a2,1,
mixed-29,7,"{""arg"":3869}","{""r"":3}",af61fe5a8aea682ec05a8c4484518d8d66615041a62e59a3c5cbd189175ff7a2,af61fe5a8aea682ec05a8c4484518d8d66615041a62e59a3c5cbd189175ff7a2,1,
mixed-30,0,"{""arg"":3879}","{""r"":-4}",af61fe5a8aea682ec05a8c4484518d8d66615041a62e59a3c5cbd189175ff7a2,af61fe5a8aea682ec05a8c4484518d8d66615041a62e59a3c5cbd189175ff7a2,1,
mixed-30,1,"{""arg"":3880}","{""r"":-3}",af61fe5a8aea682ec05a8c4484518d8d66615041a62e59a3c5cbd189175ff7a2,af61fe5a8aea682ec05a8c4484518d8d66615041a62e59a3c5cbd189175ff7a2,1,
mixed-30,2,"{""arg"":3881}","{""r"":-2}",af61fe5a8aea682ec05a8c4484518d8d66615041a62e59a3c5cbd189175ff7a2,af61fe5a8aea682ec05a8c4484518d8d66615041a62e59a3c5cbd189175ff7a2,1,
mixed-30,3,"{""arg"":3882}","{""r"":-1}",af61fe5a8aea682ec05a8c4484518d8d66615041a62e59a3c5cbd189175ff7a2,af61fe5a8aea682ec05a8c4484518d8d66615041a62e59a3c5cbd189175ff7a2,1,
mixed-30,4,"{""arg"":3883}","{""r"":0}",af61fe5a8aea682ec05a8c4484518d8d66615041a62e59a3c5cbd189175ff7a2,af61fe5a8aea682ec05a8c4484518d8d66615041a62e59a3c5cbd189175ff7a2,1,
mixed-30,5,"{""arg"":3884}","{""r"":1}",af61fe5a8aea682ec05a8c4484518d8d66615041a62e59a3c5cbd189175ff7a2,af61fe5a8aea682ec05a8c4484518d8d66615041a62e59a3c5cbd189175ff7a2,1,
mixed-30,6,"{""arg"":3885}","{""r"":2}",af61fe5a8aea682ec05a8c4484518d8d66615041a62e59a3c5cbd189175ff7a2,af61fe5a8aea682ec05a8c4484518d8d66615041a62e59a3c5cbd189175ff7a2,1,
mixed-30,7,"{""arg"":3886}","{""r"":3}",af61fe5a8aea682ec05a8c4484518d8d66615041a62e59a3c5cbd189175ff7a2,af61fe5a8aea682ec05a8c4484518d8d66615041a62e59a3c5cbd189175ff7a2,1,
mixed-31,0,"{""arg"":3896}","{""r"":-4}",f4ffac787b15ba099377eb75210a749c26a4f46f227c90dd822b094df4b9b1c4,f4ffac787b15ba099377eb75210a749c26a4f46f227c90dd822b094df4b9b1c4,1,
mixed-31,1,"{""arg"":3897}","{""r"":-3}",f4ffac787b15ba099377eb75210a749c26a4f46f227c90dd822b094df4b9b1c4,f4ffac787b15ba099377eb75210a749c26a4f46f227c90dd822b094df4b9b1c4,1,
mixed-31,2,"{""arg"":3898}","{""r"":-2}",f4ffac787b15ba099377eb75210a749c26a4f46f227c90dd822b094df4b9b1c4,f4ffac787b15ba099377eb75210a749c26a4f46f227c90dd822b094df4b9b1c4,1,
mixed-31,3,"{""arg"":3899}","{""r"":-1}",f4ffac787b15ba099377eb75210a749c26a4f46f227c90dd822b094df4b9b1c4,f4ffac787b15ba099377eb75210a749c26a4f46f227c90dd822b094df4b9b1c4,1,
mixed-31,4,"{""arg"":3900}","{""r"":0}",f4ffac787b15ba099377eb75210a749c26a4f46f227c90dd822b094df4b9b1c4,f4ffac787b15ba099377eb75210a749c26a4f46f227c90dd822b094df4b9b1c4,1,
mixed-31,5,"{""arg"":3901}","{""r"":1}",f4ffac787b15ba099377eb75210a749c26a4f46f227c90dd822b094df4b9b1c4,f4ffac787b15ba099377eb75210a749c26a4f46f227c90dd822b094df4b9b1c4,1,
mixed-31,6,"{""arg"":3902}","{""r"":2}",f4ffac787b15ba099377eb75210a749c26a4f46f227c90dd822b094df4b9b1c4,f4ffac787b15ba099377eb75210a749c26a4f46f227c90dd822b094df4b9b1c4,1,
mixed-31,7,"{""arg"":3903}","{""r"":3}",f4ffac787b15ba099377eb75210a749c26a4f46f227c90dd822b094df4b9b1c4,f4ffac787b15ba099377eb75210a749c26a4f46f227c90dd822b094df4b9b1c4,1,
mixed-32,0,"{""arg"":3913}","{""r"":-4}",9ef4d4f58863ffda56045c6468dc646a7bd9ee9293436d855ffe7f93c4086a10,9ef4d4f58863ffda56045c6468dc646a7bd9ee9293436d855ffe7f93c4086a10,1,
mixed-32,1,"{""arg"":3914}","{""r"":-3}",9ef4d4f58863ffda56045c6468dc646a7bd9ee9293436d855ffe7f93c4086a10,9ef4d4f58863ffda56045c6468dc646a7bd9ee9293436d855ffe7f93c4086a10,1,
mixed-32,2,"{""arg"":3915}","{""r"":-2}",9ef4d4f58863ffda56045c6468dc646a7bd9ee9293436d855ffe7f93c4086a10,9ef4d4f58863ffda56045c6468dc646a7bd9ee9293436d855ffe7f93c4086a10,1,
mixed-32,3,"{""arg"":3916}","{""r"":-1}",9ef4d4f58863ffda56045c6468dc646a7bd9ee9293436d855ffe7f93c4086a10,9ef4d4f58863ffda56045c6468dc646a7bd9ee9293436d855ffe7f93c4086a10,1,
mixed-32,4,"{""arg"":3917}","{""r"":0}",9ef4d4f58863ffda56045c6468dc646a7bd9ee9293436d855ffe7f93c4086a10,9ef4d4f58863ffda56045c6468dc646a7bd9ee9293436d855ffe7f93c4086a10,1,
mixed-32,5,"{""arg"":3918}","{""r"":1}",9ef4d4f58863ffda56045c6468dc646a7bd9ee9293436d855ffe7f93c4086a10,9ef4d4f58863ffda56045c6468dc646a7bd9ee9293436d855ffe7f93c4086a10,1,
mixed-32,6,"{""arg"":3919}","{""r"":2}",9ef4d4f58863ffda56045c6468dc646a7bd9ee9293436d855ffe7f93c4086a10,9ef4d4f58863ffda56045c6468dc646a7bd9ee9293436d855ffe7f93c4086a10,1,
mixed-32,7,"{""arg"":3920}","{""r"":3}",9ef4d4f58863ffda56045c6468dc646a7bd9ee9293436d855ffe7f93c4086a10,9ef4d4f58863ffda56045c6468dc646a7bd9ee9293436d855ffe7f93c4086a10,1,
mixed-33,0,"{""arg"":3930}","{""r"":-4}",af61fe5a8aea682ec05a8c4484518d8d66615041a62e59a3c5cbd189175ff7a2,af61fe5a8aea682ec05a8c4484518d8d66615041a62e59a3c5cbd189175ff7a2,1,
mixed-33,1,"{""arg"":3931}","{""r"":-3}",af61fe5a8aea682ec05a8c4484518d8d66615041a62e59a3c5cbd189175ff7a2,af61fe5a8aea682ec05a8c4484518d8d66615041a62e59a3c5cbd189175ff7a2,1,
mixed-33,2,"{""arg"":3932}","{""r"":-2}",af61fe5a8aea682ec05a8c4484518d8d66615041a62e59a3c5cbd189175ff7a2,af61fe5a8aea682ec05a8c4484518d8d66615041a62e59a3c5cbd189175ff7a2,1,
mixed-33,3,"{""arg"":3933}","{""r"":-1}",af61fe5a8aea682ec05a8c4484518d8d66615041a62e59a3c5cbd189175ff7a2,af61fe5a8aea682ec05a8c4484518d8d66615041a62e59a3c5cbd189175ff7a2,1,
mixed-33,4,"{""arg"":3934}","{""r"":0}",af61fe5a8aea682ec05a8c4484518d8d66615041a62e59a3c5cbd189175ff7a2,af61fe5a8aea682ec05a8c4484518d8d66615041a62e59a3c5cbd189175ff7a2,1,
mixed-33,5,"{""arg"":3935}","{""r"":1}",af61fe5a8aea682ec05a8c4484518d8d66615041a62e59a3c5cbd189175ff7a2,af61fe5a8aea682ec05a8c4484518d8d66615041a62e59a3c5cbd189175ff7a2,1,
mixed-33,6,"{""arg"":3936}","{""r"":2}",af61fe5a8aea682ec05a8c4484518d8d66615041a62e59a3c5cbd189175ff7a2,af61fe5a8aea682ec05a8c4484518d8d66615041a62e59a3c5cbd189175ff7a2,1,
mixed-33,7,"{""arg"":3937}","{""r"":3}",af61fe5a8aea682ec05a8c4484518d8d66615041a62e59a3c5cbd189175ff7a2,af61fe5a8aea682ec05a8c4484518d8d66615041a62e59a3c5cbd189175ff7a2,1,
mixed-34,0,"{""arg"":3947}","{""r"":-4}",344493f9871696f6bbe4fcf78f5e2cbefc23061c1b49444aa9791d42b69804bc,344493f9871696f6bbe4fcf78f5e2cbefc23061c1b49444aa9791d42b69804bc,1,
mixed-34,1,"{""arg"":3948}","{""r"":-3}",344493f9871696f6bbe4fcf78f5e2cbefc23061c1b49444aa9791d42b69804bc,344493f9871696f6bbe4fcf78f5e2cbefc23061c1b49444aa9791d42b69804bc,1,
mixed-34,2,"{""arg"":3949}","{""r"":-2}",344493f9871696f6bbe4fcf78f5e2cbefc23061c1b49444aa9791d42b69804bc,344493f9871696f6bbe4fcf78f5e2cbefc23061c1b49444aa9791d42b69804bc,1,
mixed-34,3,"{""arg"":3950}","{""r"":-1}",344493f9871696f6bbe4fcf78f5e2cbefc23061c1b49444aa9791d42b69804bc,344493f9871696f6bbe4fcf78f5e2cbefc23061c1b49444aa9791d42b69804bc,1,
mixed-34,4,"{""arg"":3951}","{""r"":0}",344493f9871696f6bbe4fcf78f5e2cbefc23061c1b49444aa9791d42b69804bc,344493f9871696f6bbe4fcf78f5e2cbefc23061c1b49444aa9791d42b69804bc,1,
mixed-34,5,"{""arg"":3952}","{""r"":1}",344493f9871696f6bbe4fcf78f5e2cbefc23061c1b49444aa9791d42b69804bc,344493f9871696f6bbe4fcf78f5e2cbefc23061c1b49444aa9791d42b69804bc,1,
mixed-34,6,"{""arg"":3953}","{""r"":2}",344493f9871696f6bbe4fcf78f5e2cbefc23061c1b49444aa9791d42b69804bc,344493f9871696f6bbe4fcf78f5e2cbefc23061c1b49444aa9791d42b69804bc,1,
mixed-34,7,"{""arg"":3954}","{""r"":3}",344493f9871696f6bbe4fcf78f5e2cbefc23061c1b49444aa9791d42b69804bc,344493f9871696f6bbe4fcf78f5e2cbefc23061c1b49444aa9791d42b69804bc,1,
mixed-35,0,"{""arg"":3964}","{""r"":-4}",74fbbb893b0873797f2ba50b493a23e32a72657ba2677ae1a1fb84eee296a7ee,74fbbb893b0873797f2ba50b493a23e32a72657ba2677ae1a1fb84eee296a7ee,1,
mixed-35,1,"{""arg"":3965}","{""r"":-3}",74fbbb893b0873797f2ba50b493a23e32a72657ba2677ae1a1fb84eee296a7ee,74fbbb893b0873797f2ba50b493a23e32a72657ba2677ae1a1fb84eee296a7ee,1,
mixed-35,2,"{""arg"":3966}","{""r"":-2}",74fbbb893b0873797f2ba50b493a23e32a72657ba2677ae1a1fb84eee296a7ee,74fbbb893b0873797f2ba50b493a23e32a72657ba2677ae1a1fb84eee296a7ee,1,
mixed-35,3,"{""arg"":3967}","{""r"":-1}",74fbbb893b0873797f2ba50b493a23e32a72657ba2677ae1a1fb84eee296a7ee,74fbbb893b0873797f2ba50b493a23e32a72657ba2677ae1a1fb84eee296a7ee,1,
mixed-35,4,"{""arg"":3968}","{""r"":0}",74fbbb893b0873797f2ba50b493a23e32a72657ba2677ae1a1fb84eee296a7ee,74fbbb893b0873797f2ba50b493a23e32a72657ba2677ae1a1fb84eee296a7ee,1,
mixed-35,5,"{""arg"":3969}","{""r"":1}",74fbbb893b0873797f2ba50b493a23e32a72657ba2677ae1a1fb84eee296a7ee,74fbbb893b0873797f2ba50b493a23e32a72657ba2677ae1a1fb84eee296a7ee,1,
mixed-35,6,"{""arg"":3970}","{""r"":2}",74fbbb893b0873797f2ba50b493a23e32a72657ba2677ae1a1fb84eee296a7ee,74fbbb893b0873797f2ba50b493a23e32a72657ba2677ae1a1fb84eee296a7ee,1,
mixed-35,7,"{""arg"":3971}","{""r"":3}",74fbbb893b0873797f2ba50b493a23e32a72657ba2677ae1a1fb84eee296a7ee,74fbbb893b0873797f2ba50b493a23e32a72657ba2677ae1a1fb84eee296a7ee,1,
mixed-36,0,"{""arg"":3981}","{""r"":-4}",22194c2fbadaa1b45ee61c69ffc4eb8049720ab767437cf5d0f40ccd76705032,22194c2fbadaa1b45ee61c69ffc4eb8049720ab767437cf5d0f40ccd76705032,1,
mixed-36,1,"{""arg"":3982}","{""r"":-3}",22194c2fbadaa1b45ee61c69ffc4eb8049720ab767437cf5d0f40ccd76705032,22194c2fbadaa1b45ee61c69ffc4eb8049720ab767437cf5d0f40ccd76705032,1,
mixed-36,2,"{""arg"":3983}","{""r"":-2}",22194c2fbadaa1b45ee61c69ffc4eb8049720ab767437cf5d0f40ccd76705032,22194c2fbadaa1b45ee61c69ffc4eb8049720ab767437cf5d0f40ccd76705032,1,
mixed-36,3,"{""arg"":3984}","{""r"":-1}",22194c2fbadaa1b45ee61c69ffc4eb8049720ab767437cf5d0f40ccd76705032,22194c2fbadaa1b45ee61c69ffc4eb8049720ab767437cf5d0f40ccd76705032,1,
mixed-36,4,"{""arg"":3985}","{""r"":0}",22194c2fbadaa1b45ee61c69ffc4eb8049720ab767437cf5d0f40ccd76705032,22194c2fbadaa1b45ee61c69ffc4eb8049720ab767437cf5d0f40ccd76705032,1,
mixed-36,5,"{""arg"":3986}","{""r"":1}",22194c2fbadaa1b45ee61c69ffc4eb8049720ab767437cf5d0f40ccd76705032,22194c2fbadaa1b45ee61c69ffc4eb8049720ab767437cf5d0f40ccd76705032,1,
mixed-36,6,"{""arg"":3987}","{""r"":2}",22194c2fbadaa1b45ee61c69ffc4eb8049720ab767437cf5d0f40ccd76705032,22194c2fbadaa1b45ee61c69ffc4eb8049720ab767437cf5d0f40ccd76705032,1,
mixed-36,7,"{""arg"":3988}","{""r"":3}",22194c2fbadaa1b45ee61c69ffc4eb8049720ab767437cf5d0f40ccd76705032,22194c2fbadaa1b45ee61c69ffc4eb8049720ab767437cf5d0f40ccd76705032,1,
mixed-37,0,"{""arg"":3998}","{""r"":-4}",ca077740cf0cde156be20d78e65855cf63576f34686fb7dec9f1855dadce1408,ca077740cf0cde156be20d78e65855cf63576f34686fb7dec9f1855dadce1408,1,
mixed-37,1,"{""arg"":3999}","{""r"":-3}",ca077740cf0cde156be20d78e65855cf63576f34686fb7dec9f1855dadce1408,ca077740cf0cde156be20d78e65855cf63576f34686fb7dec9f1855dadce1408,1,
mixed-37,2,"{""arg"":4000}","{""r"":-2}",ca077740cf0cde156be20d78e65855cf63576f34686fb7dec9f1855dadce1408,ca077740cf0cde156be20d78e65855cf63576f34686fb7dec9f1855dadce1408,1,
mixed-37,3,"{""arg"":4001}","{""r"":-1}",ca077740cf0cde156be20d78e65855cf63576f34686fb7dec9f1855dadce1408,ca077740cf0cde156be20d78e65855cf63576f34686fb7dec9f1855dadce1408,1,
mixed-37,4,"{""arg"":4002}","{""r"":0}",ca077740cf0cde156be20d78e65855cf63576f34686fb7dec9f1855dadce1408,ca077740cf0cde156be20d78e65855cf63576f34686fb7dec9f1855dadce1408,1,
mixed-37,5,"{""arg"":4003}","{""r"":1}",ca077740cf0cde156be20d78e65855cf63576f34686fb7dec9f1855dadce1408,ca077740cf0cde156be20d78e65855cf63576f34686fb7dec9f1855dadce1408,1,
mixed-37,6,"{""arg"":4004}","{""r"":2}",ca077740cf0cde156be20d78e65855cf63576f34686fb7dec9f1855dadce1408,ca077740cf0cde156be20d78e65855cf63576f34686fb7dec9f1855dadce1408,1,
mixed-37,7,"{""arg"":4005}","{""r"":3}",ca077740cf0cde156be20d78e65855cf63576f34686fb7dec9f1855dadce1408,ca077740cf0cde156be20d78e65855cf63576f34686fb7dec9f1855dadce1408,1,
mixed-38,0,"{""arg"":4015}","{""r"":-4}",11046919dc6b80630d376b9a7aa97f6499914c3180146237d379379a66f00394,11046919dc6b80630d376b9a7aa97f6499914c3180146237d379379a66f00394,1,
mixed-38,1,"{""arg"":4016}","{""r"":-3}",11046919dc6b80630d376b9a7aa97f6499914c3180146237d379379a66f00394,11046919dc6b80630d376b9a7aa97f6499914c3180146237d379379a66f00394,1,
mixed-38,2,"{""arg"":4017}","{""r"":-2}",11046919dc6b80630d376b9a7aa97f6499914c3180146237d379379a66f00394,11046919dc6b80630d376b9a7aa97f6499914c3180146237d379379a66f00394,1,
mixed-38,3,"{""arg"":4018}","{""r"":-1}",11046919dc6b80630d376b9a7aa97f6499914c3180146237d379379a66f00394,11046919dc6b80630d376b9a7aa97f6499914c3180146237d379379a66f00394,1,
mixed-38,4,"{""arg"":4019}","{""r"":0}",11046919dc6b80630d376b9a7aa97f6499914c3180146237d379379a66f00394,11046919dc6b80630d376b9a7aa97f6499914c3180146237d379379a66f00394,1,
mixed-38,5,"{""arg"":4020}","{""r"":1}",11046919dc6b80630d376b9a7aa97f6499914c3180146237d379379a66f00394,11046919dc6b80630d376b9a7aa97f6499914c3180146237d379379a66f00394,1,
mixed-38,6,"{""arg"":4021}","{""r"":2}",11046919dc6b80630d376b9a7aa97f6499914c3180146237d379379a66f00394,11046919dc6b80630d376b9a7aa97f6499914c3180146237d379379a66f00394,1,
mixed-38,7,"{""arg"":4022}","{""r"":3}",11046919dc6b80630d376b9a7aa97f6499914c3180146237d379379a66f00394,11046919dc6b80630d376b9a7aa97f6499914c3180146237d379379a66f00394,1,
mixed-39,0,"{""arg"":4032}","{""r"":-4}",f4ffac787b15ba099377eb75210a749c26a4f46f227c90dd822b094df4b9b1c4,f4ffac787b15ba099377eb75210a749c26a4f46f227c90dd822b094df4b9b1c4,1,
mixed-39,1,"{""arg"":4033}","{""r"":-3}",f4ffac787b15ba099377eb75210a749c26a4f46f227c90dd822b094df4b9b1c4,f4ffac787b15ba099377eb75210a749c26a4f46f227c90dd822b094df4b9b1c4,1,
mixed-39,2,"{""arg"":4034}","{""r"":-2}",f4ffac787b15ba099377eb75210a749c26a4f46f227c90dd822b094df4b9b1c4,f4ffac787b15ba099377eb75210a749c26a4f46f227c90dd822b094df4b9b1c4,1,
mixed-39,3,"{""arg"":4035}","{""r"":-1}",f4ffac787b15ba099377eb75210a749c26a4f46f227c90dd822b094df4b9b1c4,f4ffac787b15ba099377eb75210a749c26a4f46f227c90dd822b094df4b9b1c4,1,
mixed-39,4,"{""arg"":4036}","{""r"":0}",f4ffac787b15ba099377eb75210a749c26a4f46f227c90dd822b094df4b9b1c4,f4ffac787b15ba099377eb75210a749c26a4f46f227c90dd822b094df4b9b1c4,1,
mixed-39,5,"{""arg"":4037}","{""r"":1}",f4ffac787b15ba099377eb75210a749c26a4f46f227c90dd822b094df4b9b1c4,f4ffac787b15ba099377eb75210a749c26a4f46f227c90dd822b094df4b9b1c4,1,
mixed-39,6,"{""arg"":4038}","{""r"":2}",f4ffac787b15ba099377eb75210a749c26a4f46f227c90dd822b094df4b9b1c4,f4ffac787b15ba099377eb75210a749c26a4f46f227c90dd822b094df4b9b1c4,1,
mixed-39,7,"{""arg"":4039}","{""r"":3}",f4ffac787b15ba099377eb75210a749c26a4f46f227c90dd822b094df4b9b1c4,f4ffac787b15ba099377eb75210a749c26a4f46f227c90dd822b094df4b9b1c4,1,
random-00,0,"{""arg"":4049}","{""r"":-4}",28029e756a543be5f297a6c007a5a18e307e6eb1242482b42239c2a0abdd175b,28029e756a543be5f297a6c007a5a18e307e6eb1242482b42239c2a0abdd175b,1,
random-00,1,"{""arg"":4050}","{""r"":-3}",5b71e8f535672aec90bfbcf8565e83e73e798f562450eeb3ee867be413ac3826,5b71e8f535672aec90bfbcf8565e83e73e798f562450eeb3ee867be413ac3826,1,
random-00,2,"{""arg"":4051}","{""r"":-2}",2127b3cbb0c7490107a076ddb5b5ad2b5cfd0ce638d9bb6724c3a94feff84617,2127b3cbb0c7490107a076ddb5b5ad2b5cfd0ce638d9bb6724c3a94feff84617,1,
random-00,3,"{""arg"":4052}","{""r"":-1}",69f510285402a93cb5ab0f106017b90e784ee3afff1f9193f1e30ed419d93ad7,69f510285402a93cb5ab0f106017b90e784ee3afff1f9193f1e30ed419d93ad7,1,
random-00,4,"{""arg"":4053}","{""r"":0}",7cfaeaecc7c4f5c86d3b910d494f95c17fc3373c554aa34c5547cabf9a6b7148,7cfaeaecc7c4f5c86d3b910d494f95c17fc3373c554aa34c5547cabf9a6b7148,1,
random-00,5,"{""arg"":4054}","{""r"":1}",8d68c8bdec1fb259db179cf58eefc3dedac8aa20325a01f3f950a353c1aede31,8d68c8bdec1fb259db179cf58eefc3dedac8aa20325a01f3f950a353c1aede31,1,
random-00,6,"{""arg"":4055}","{""r"":2}",63c67a4a0bb0a943562a7a75771dd8d1339edc3e4105f83c68b1e6437aadab64,63c67a4a0bb0a943562a7a75771dd8d1339edc3e4105f83c68b1e6437aadab64,1,
random-00,7,"{""arg"":4056}","{""r"":3}",ef7cf599e4eacf783f0c44c6893f9f0014124497a0258c92cbdf73bcec1d4e3a,ef7cf599e4eacf783f0c44c6893f9f0014124497a0258c92cbdf73bcec1d4e3a,1,
random-01,0,"{""arg"":4066}","{""r"":-4}",1d685322c59633d31583bdc178b37f9abc50d2529ea45e35e85d1ea1982fc413,1d685322c59633d31583bdc178b37f9abc50d2529ea45e35e85d1ea1982fc413,1,
random-01,1,"{""arg"":4067}","{""r"":-3}",f48dd7017200427b1638a03302b530dc898c03977427030bda818769304ab132,f48dd7017200427b1638a03302b530dc898c03977427030bda818769304ab132,1,
random-01,2,"{""arg"":4068}","{""r"":-2}",e56deeb38c04adc8d90164df2e9e5512c181860e4049748fac8dd8627ab2b892,e56deeb38c04adc8d90164df2e9e5512c181860e4049748fac8dd8627ab2b892,1,
random-01,3,"{""arg"":4069}","{""r"":-1}",3c1bad9b2025def12e2c3b0e116c739b2e156c242be904f70e8099c326423eb6,3c1bad9b2025def12e2c3b0e116c739b2e156c242be904f70e8099c326423eb6,1,
random-01,4,"{""arg"":4070}","{""r"":0}",92e4ae3225f64a9f3de33730537322560c170558de514767810ac6dcc505c733,92e4ae3225f64a9f3de33730537322560c170558de514767810ac6dcc505c733,1,
random-01,5,"{""arg"":4071}","{""r"":1}",632fc731be4a0e583a09e19abb643aa5f41a4fda0c6e95a07620598fe65cf992,632fc731be4a0e583a09e19abb643aa5f41a4fda0c6e95a07620598fe65cf992,1,
random-01,6,"{""arg"":4072}","{""r"":2}",cf1dee9126a98830e4d2d80544a964cc69e86237aa28b59d4920cd8be0bca8f4,cf1dee9126a98830e4d2d80544a964cc69e86237aa28b59d4920cd8be0bca8f4,1,
random-01,7,"{""arg"":4073}","{""r"":3}",1755fbc15ab5e702fc2256bbacc467889b7f6a2fcd4ba2fbbde094eb143fa432,1755fbc15ab5e702fc2256bbacc467889b7f6a2fcd4ba2fbbde094eb143fa432,1,
random-02,0,"{""arg"":4083}","{""r"":-4}",10d8004a3f4caa82103058d913637220589a61738aed7fdc84a0b4902afd9a59,10d8004a3f4caa82103058d913637220589a61738aed7fdc84a0b4902afd9a59,1,
random-02,1,"{""arg"":4084}","{""r"":-3}",3c4bc92187d7af57b3f5cc4912abe9cd583c1c1832b268f5ef36128941ad842b,3c4bc92187d7af57b3f5cc4912abe9cd583c1c1832b268f5ef36128941ad842b,1,
random-02,2,"{""arg"":4085}","{""r"":-2}",64fad6fd16d97ddd097004b211b2fbb325551eb68cd2706672cf7142e9b30a8a,64fad6fd16d97ddd097004b211b2fbb325551eb68cd2706672cf7142e9b30a8a,1,
random-02,3,"{""arg"":4086}","{""r"":-1}",279d587bee0e8c980d8d7d88ebf2ba75d581b40ea38bab97106280a6727332a4,279d587bee0e8c980d8d7d88ebf2ba75d581b40ea38bab97106280a6727332a4,1,
random-02,4,"{""arg"":4087}","{""r"":0}",1d30f675478aad5b9f832b7fbb51aedad6f31b8f57a9df9c6d03968d165fd2ed,1d30f675478aad5b9f832b7fbb51aedad6f31b8f57a9df9c6d03968d165fd2ed,1,
random-02,5,"{""arg"":4088}","{""r"":1}",098dd8ee27fd59fde39ee156c80cddf6588e08993c58ca7e43ed556581dc2722,098dd8ee27fd59fde39ee156c80cddf6588e08993c58ca7e43ed556581dc2722,1,
random-02,6,"{""arg"":4089}","{""r"":2}",588069d5ce6f1dc3aa44208a3d79916e8805abb24abcf24f9cb4f35233a038cc,588069d5ce6f1dc3aa44208a3d79916e8805abb24abcf24f9cb4f35233a038cc,1,
random-02,7,"{""arg"":4090}","{""r"":3}",c6180c6eddcbb0b325f165ad16ac1925f42b9ca12d2965d0afe875226dd41880,c6180c6eddcbb0b325f165ad16ac1925f42b9ca12d2965d0afe875226dd41880,1,
random-03,0,"{""arg"":4100}","{""r"":-4}",f250b1fe98351466f2dd72aa301409097080442439bee4e0f36b638dc5175784,f250b1fe98351466f2dd72aa301409097080442439bee4e0f36b638dc5175784,1,
random-03,1,"{""arg"":4101}","{""r"":-3}",c27c7c90d060ab497ec993ded3ca96cc2e3a78daea9c64b63f4b3896ccba4148,c27c7c90d060ab497ec993ded3ca96cc2e3a78daea9c64b63f4b3896ccba4148,1,
random-03,2,"{""arg"":4102}","{""r"":-2}",bb82352033f0ad093b4d2db18438bda46050cd5f9668f87f5721328c2b32065d,bb82352033f0ad093b4d2db18438bda46050cd5f9668f87f5721328c2b32065d,1,
random-03,3,"{""arg"":4103}","{""r"":-1}",f14b999441ad49b2229b9ee89e9ce5c4f13c572ef11dfe2d928dd6ad232d51a3,f14b999441ad49b2229b9ee89e9ce5c4f13c572ef11dfe2d928dd6ad232d51a3,1,
random-03,4,"{""arg"":4104}","{""r"":0}",6857dc03c25b344c4fcc17e6313a179ddb736d02c5ea4b4cef7bc755444047dd,6857dc03c25b344c4fcc17e6313a179ddb736d02c5ea4b4cef7bc755444047dd,1,
random-03,5,"{""arg"":4105}","{""r"":1}",c5d62e6b61423c487d97edd40444bd21574d3787bc8f611eaf69e88b7c82fdba,c5d62e6b61423c487d97edd40444bd21574d3787bc8f611eaf69e88b7c82fdba,1,
random-03,6,"{""arg"":4106}","{""r"":2}",6babfcf147486fad4660c9f89df916501b8adee7349b9c0b93592b3e09c19c42,6babfcf147486fad4660c9f89df916501b8adee7349b9c0b93592b3e09c19c42,1,
random-03,7,"{""arg"":4107}","{""r"":3}",a367a29eaa4ed6cd4465e91bdf1bc9ae2eb30cf66a95caaa8f8d7435d98d7b0e,a367a29eaa4ed6cd4465e91bdf1bc9ae2eb30cf66a95caaa8f8d7435d98d7b0e,1,
random-04,0,"{""arg"":4117}","{""r"":-4}",c71093e758a15b781092e9de1c3f3ec898050cc972e3116bd48491a28062d90a,c71093e758a15b781092e9de1c3f3ec898050cc972e3116bd48491a28062d90a,1,
random-04,1,"{""arg"":4118}","{""r"":-3}",114d6e444c0cbdf7dd08e65a3eb312109f524965e591f61e6aecf486b5600a4d,114d6e444c0cbdf7dd08e65a3eb312109f524965e591f61e6aecf486b5600a4d,1,
random-04,2,"{""arg"":4119}","{""r"":-2}",edb0f08d33133a3abacef3933a449f1b61745d63988bf5d8f735a6aeb8027dd6,edb0f08d33133a3abacef3933a449f1b61745d63988bf5d8f735a6aeb8027dd6,1,
random-04,3,"{""arg"":4120}","{""r"":-1}",463ac0a3744833c6888cfa803feb450aa486e197aacc5232d8837ebf684d6904,463ac0a3744833c6888cfa803feb450aa486e197aacc5232d8837ebf684d6904,1,
random-04,4,"{""arg"":4121}","{""r"":0}",911001a833025f950cab5e24673e3df99300c8877f52c3a84871bda9b1f0d5ef,911001a833025f950cab5e24673e3df99300c8877f52c3a84871bda9b1f0d5ef,1,
random-04,5,"{""arg"":4122}","{""r"":1}",6272c8084afe26703740f81d31eca373c7ca098dafaeb0e84c332400001ed7e8,6272c8084afe26703740f81d31eca373c7ca098dafaeb0e84c332400001ed7e8,1,
random-04,6,"{""arg"":4123}","{""r"":2}",b60b2cd791d408b18bb4064c6290f68e58075e25eed4e63f4a8891e5b2dd5c9a,b60b2cd791d408b18bb4064c6290f68e58075e25eed4e63f4a8891e5b2dd5c9a,1,
random-04,7,"{""arg"":4124}","{""r"":3}",28f23d9f758f6f0750c55693912f1930c963d51792b1e04ac08505fdc0871d99,28f23d9f758f6f0750c55693912f1930c963d51792b1e04ac08505fdc0871d99,1,
random-05,0,"{""arg"":4134}","{""r"":-4}",6d46295e6aab72d6d166f23dc597f7eaeeda86f308132b9a951a875b606bf345,6d46295e6aab72d6d166f23dc597f7eaeeda86f308132b9a951a875b606bf345,1,
random-05,1,"{""arg"":4135}","{""r"":-3}",3a137f1e69ee1341db4016774f5a74e310f9cbaeaabf53a011e163c5f5c62b82,3a137f1e69ee1341db4016774f5a74e310f9cbaeaabf53a011e163c5f5c62b82,1,
random-05,2,"{""arg"":4136}","{""r"":-2}",60db0f812591ed31cc1a9ee7252f5f463f2907c64b8185b4d3ebab8e161bcbb4,60db0f812591ed31cc1a9ee7252f5f463f2907c64b8185b4d3ebab8e161bcbb4,1,
random-05,3,"{""arg"":4137}","{""r"":-1}",42ff2e09cc2314235167e82b6c3b0dec87cf4cf6fdc5f7ce774b22ecbfe50c77,42ff2e09cc2314235167e82b6c3b0dec87cf4cf6fdc5f7ce774b22ecbfe50c77,1,
random-05,4,"{""arg"":4138}","{""r"":0}",55cfdf3a6f6df1384a06d97e0e449d5ca13d38c5d039b38bd05b18c7ceca2cfd,55cfdf3a6f6df1384a06d97e0e449d5ca13d38c5d039b38bd05b18c7ceca2cfd,1,
random-05,5,"{""arg"":4139}","{""r"":1}",80476536bc64fbfa1967ab91109638a30823dad2354f2151e9d599162731a8e4,80476536bc64fbfa1967ab91109638a30823dad2354f2151e9d599162731a8e4,1,
random-05,6,"{""arg"":4140}","{""r"":2}",0e530155495174a2cee55fb899ab8b4201c5a24bfa03bad84aad244c34359c2c,0e530155495174a2cee55fb899ab8b4201c5a24bfa03bad84aad244c34359c2c,1,
random-05,7,"{""arg"":4141}","{""r"":3}",909d438e0360bca9d0b38362cc160387f5597f7b69d429c8c95624aef66c1941,909d438e0360bca9d0b38362cc160387f5597f7b69d429c8c95624aef66c1941,1,
random-06,0,"{""arg"":4151}","{""r"":-4}",6d46295e6aab72d6d166f23dc597f7eaeeda86f308132b9a951a875b606bf345,6d46295e6aab72d6d166f23dc597f7eaeeda86f308132b9a951a875b606bf345,1,
random-06,1,"{""arg"":4152}","{""r"":-3}",3a137f1e69ee1341db4016774f5a74e310f9cbaeaabf53a011e163c5f5c62b82,3a137f1e69ee1341db4016774f5a74e310f9cbaeaabf53a011e163c5f5c62b82,1,
random-06,2,"{""arg"":4153}","{""r"":-2}",60db0f812591ed31cc1a9ee7252f5f463f2907c64b8185b4d3ebab8e161bcbb4,60db0f812591ed31cc1a9ee7252f5f463f2907c64b8185b4d3ebab8e161bcbb4,1,
random-06,3,"{""arg"":4154}","{""r"":-1}",42ff2e09cc2314235167e82b6c3b0dec87cf4cf6fdc5f7ce774b22ecbfe50c77,42ff2e09cc2314235167e82b6c3b0dec87cf4cf6fdc5f7ce774b22ecbfe50c77,1,
random-06,4,"{""arg"":4155}","{""r"":0}",55cfdf3a6f6df1384a06d97e0e449d5ca13d38c5d039b38bd05b18c7ceca2cfd,55cfdf3a6f6df1384a06d97e0e449d5ca13d38c5d039b38bd05b18c7ceca2cfd,1,
random-06,5,"{""arg"":4156}","{""r"":1}",80476536bc64fbfa1967ab91109638a30823dad2354f2151e9d599162731a8e4,80476536bc64fbfa1967ab91109638a30823dad2354f2151e9d599162731a8e4,1,
random-06,6,"{""arg"":4157}","{""r"":2}",0e530155495174a2cee55fb899ab8b4201c5a24bfa03bad84aad244c34359c2c,0e530155495174a2cee55fb899ab8b4201c5a24bfa03bad84aad244c34359c2c,1,
random-06,7,"{""arg"":4158}","{""r"":3}",909d438e0360bca9d0b38362cc160387f5597f7b69d429c8c95624aef66c1941,909d438e0360bca9d0b38362cc160387f5597f7b69d429c8c95624aef66c1941,1,
random-07,0,"{""arg"":4168}","{""r"":-4}",b0035f5fdd02782d64ee42fa82d232b65d8f7f1a66c7630aef2d11fba4dceeef,b0035f5fdd02782d64ee42fa82d232b65d8f7f1a66c7630aef2d11fba4dceeef,1,
random-07,1,"{""arg"":4169}","{""r"":-3}",3f6d29a951b83754823b1f1cab4e5af02493b81f8cd2ac7bf5136e86f2cc4d44,3f6d29a951b83754823b1f1cab4e5af02493b81f8cd2ac7bf5136e86f2cc4d44,1,
random-07,2,"{""arg"":4170}","{""r"":-2}",0cab13218c51650b2829d6c24cadd4b3297fba4cc97ec49121aa6a0adae8ad8c,0cab13218c51650b2829d6c24cadd4b3297fba4cc97ec49121aa6a0adae8ad8c,1,
random-07,3,"{""arg"":4171}","{""r"":-1}",5de7019ceebe0f6c170822bf275092b60cf62c3b6063e6a727045fb1e262b9df,5de7019ceebe0f6c170822bf275092b60cf62c3b6063e6a727045fb1e262b9df,1,
random-07,4,"{""arg"":4172}","{""r"":0}",a7c1a3ca00ff12db155cc4aff878a7eafe5abfdbdac73c539e035cde00643318,a7c1a3ca00ff12db155cc4aff878a7eafe5abfdbdac73c539e035cde00643318,1,
random-07,5,"{""arg"":4173}","{""r"":1}",23305d15395753567b3cb12410afee8c0943e96050e36b015c841276ef015d22,23305d15395753567b3cb12410afee8c0943e96050e36b015c841276ef015d22,1,
random-07,6,"{""arg"":4174}","{""r"":2}",5298b04d930a5564ba1a1566aa254e2afbc73579d39a0a052a420d9d7a44feb8,5298b04d930a5564ba1a1566aa254e2afbc73579d39a0a052a420d9d7a44feb8,1,
random-07,7,"{""arg"":4175}","{""r"":3}",276a0c731fe3499612b50a0e87f604e35c8c7249de8f967c17bfd5de72217a4f,276a0c731fe3499612b50a0e87f604e35c8c7249de8f967c17bfd5de72217a4f,1,
random-08,0,"{""arg"":4185}","{""r"":-4}",0bac2539e8c4703a26054d91b8dc8d07b180f03dc3b1780a489cd0965704be36,0bac2539e8c4703a26054d91b8dc8d07b180f03dc3b1780a489cd0965704be36,1,
random-08,1,"{""arg"":4186}","{""r"":-3}",667ca975d3c99a003c10604fd3c7c5bab51d24ca030ed63d56cbf13daa935e72,667ca975d3c99a003c10604fd3c7c5bab51d24ca030ed63d56cbf13daa935e72,1,
random-08,2,"{""arg"":4187}","{""r"":-2}",566f9032674b9165e0f0f6c6ca4e9f72fcd8db3ee396aa51af31e0a9690ee4e9,566f9032674b9165e0f0f6c6ca4e9f72fcd8db3ee396aa51af31e0a9690ee4e9,1,
random-08,3,"{""arg"":4188}","{""r"":-1}",3967a2438ca1ee65c11579d520142154c21d3fbc78bbd9d5366066d5fc3f6b0c,3967a2438ca1ee65c11579d520142154c21d3fbc78bbd9d5366066d5fc3f6b0c,1,
random-08,4,"{""arg"":4189}","{""r"":0}",5a18460746c323f0a10b3cfb8e938223f5a84f477ad4f9188f273abeb335f1aa,5a18460746c323f0a10b3cfb8e938223f5a84f477ad4f9188f273abeb335f1aa,1,
random-08,5,"{""arg"":4190}","{""r"":1}",4c71fffb2f1aaaba36b41b3df88499f12ab137ca021afc8ce5c8c0aabcefc20a,4c71fffb2f1aaaba36b41b3df88499f12ab137ca021afc8ce5c8c0aabcefc20a,1,
random-08,6,"{""arg"":4191}","{""r"":2}",63b2f657fad0d2b93c9367cebf3d3f5204c6b45ef591cf085bd82a8792cd0f91,63b2f657fad0d2b93c9367cebf3d3f5204c6b45ef591cf085bd82a8792cd0f91,1,
random-08,7,"{""arg"":4192}","{""r"":3}",a2d3b0cef772d291dd71d561b624fc4fa8576df7bba6759ed4674648755846a8,a2d3b0cef772d291dd71d561b624fc4fa8576df7bba6759ed4674648755846a8,1,
random-09,0,"{""arg"":4202}","{""r"":-4}",f3f73a3672a948337d426a33c1354efeb058ac3b903971c4bb16239ff6dd3063,f3f73a3672a948337d426a33c1354efeb058ac3b903971c4bb16239ff6dd3063,1,
random-09,1,"{""arg"":4203}","{""r"":-3}",939bc4866850f2ee1d21b58db428998a3a74d8736c06d00b62dd6da9e1341f62,939bc4866850f2ee1d21b58db428998a3a74d8736c06d00b62dd6da9e1341f62,1,
random-09,2,"{""arg"":4204}","{""r"":-2}",77c34a75a736a8b89d5ac0dbd33b936841a2e7431a951bdf0d0ca68d29ff7f32,77c34a75a736a8b89d5ac0dbd33b936841a2e7431a951bdf0d0ca68d29ff7f32,1,
random-09,3,"{""arg"":4205}","{""r"":-1}",1c12eb5a4b21fe44571ad64dae33b38e67daa82da529bdbf4225cd59d8815845,1c12eb5a4b21fe44571ad64dae33b38e67daa82da529bdbf4225cd59d8815845,1,
random-09,4,"{""arg"":4206}","{""r"":0}",4c092d01391f676855faed8d6441281df30e307998a0cef26535e17e6a229cc5,4c092d01391f676855faed8d6441281df30e307998a0cef26535e17e6a229cc5,1,
random-09,5,"{""arg"":4207}","{""r"":1}",5d5912b3534b95a098b029dde7d3f0cc2aad7947cf494573957d7c59513deeec,5d5912b3534b95a098b029dde7d3f0cc2aad7947cf494573957d7c59513deeec,1,
random-09,6,"{""arg"":4208}","{""r"":2}",54f1a7293b6c10ce068ff4dc3c4d79e2c47682128aef0b0faa9b3a8b43249183,54f1a7293b6c10ce068ff4dc3c4d79e2c47682128aef0b0faa9b3a8b43249183,1,
random-09,7,"{""arg"":4209}","{""r"":3}",e0c68b9dc5fde4ac3e4258219da28d6b63b32712faa6eff2720bcab79b390614,e0c68b9dc5fde4ac3e4258219da28d6b63b32712faa6eff2720bcab79b390614,1,
random-10,0,"{""arg"":4219}","{""r"":-4}",28029e756a543be5f297a6c007a5a18e307e6eb1242482b42239c2a0abdd175b,28029e756a543be5f297a6c007a5a18e307e6eb1242482b42239c2a0abdd175b,1,
random-10,1,"{""arg"":4220}","{""r"":-3}",5b71e8f535672aec90bfbcf8565e83e73e798f562450eeb3ee867be413ac3826,5b71e8f535672aec90bfbcf8565e83e73e798f562450eeb3ee867be413ac3826,1,
random-10,2,"{""arg"":4221}","{""r"":-2}",2127b3cbb0c7490107a076ddb5b5ad2b5cfd0ce638d9bb6724c3a94feff84617,2127b3cbb0c7490107a076ddb5b5ad2b5cfd0ce638d9bb6724c3a94feff84617,1,
random-10,3,"{""arg"":4222}","{""r"":-1}",69f510285402a93cb5ab0f106017b90e784ee3afff1f9193f1e30ed419d93ad7,69f510285402a93cb5ab0f106017b90e784ee3afff1f9193f1e30ed419d93ad7,1,
random-10,4,"{""arg"":4223}","{""r"":0}",7cfaeaecc7c4f5c86d3b910d494f95c17fc3373c554aa34c5547cabf9a6b7148,7cfaeaecc7c4f5c86d3b910d494f95c17fc3373c554aa34c5547cabf9a6b7148,1,
random-10,5,"{""arg"":4224}","{""r"":1}",8d68c8bdec1fb259db179cf58eefc3dedac8aa20325a01f3f950a353c1aede31,8d68c8bdec1fb259db179cf58eefc3dedac8aa20325a01f3f950a353c1aede31,1,
random-10,6,"{""arg"":4225}","{""r"":2}",63c67a4a0bb0a943562a7a75771dd8d1339edc3e4105f83c68b1e6437aadab64,63c67a4a0bb0a943562a7a75771dd8d1339edc3e4105f83c68b1e6437aadab64,1,
random-10,7,"{""arg"":4226}","{""r"":3}",ef7cf599e4eacf783f0c44c6893f9f0014124497a0258c92cbdf73bcec1d4e3a,ef7cf599e4eacf783f0c44c6893f9f0014124497a0258c92cbdf73bcec1d4e3a,1,
random-11,0,"{""arg"":4236}","{""r"":-4}",7d1b16e5e18d5649e7ffb96302ca39b16f539776cb005724fbf79264739e0672,7d1b16e5e18d5649e7ffb96302ca39b16f539776cb005724fbf79264739e0672,1,
random-11,1,"{""arg"":4237}","{""r"":-3}",5ea263f905faada35c2a765162a79492715e955f6c76eda15587ffb6cf8bc8cf,5ea263f905faada35c2a765162a79492715e955f6c76eda15587ffb6cf8bc8cf,1,
random-11,2,"{""arg"":4238}","{""r"":-2}",e624c49e311f517c53f2e722ecd3f41fd1170568afcdae87dc7173232fc9e3bc,e624c49e311f517c53f2e722ecd3f41fd1170568afcdae87dc7173232fc9e3bc,1,
random-11,3,"{""arg"":4239}","{""r"":-1}",c9854f859604502c190cecf4a544831d66c794d39465b5af6a37880a9fd24402,c9854f859604502c190cecf4a544831d66c794d39465b5af6a37880a9fd24402,1,
random-11,4,"{""arg"":4240}","{""r"":0}",59eca40a9c810ca4128aaff3998827aad825434709fd97fb085bd77e27a8822f,59eca40a9c810ca4128aaff3998827aad825434709fd97fb085bd77e27a8822f,1,
random-11,5,"{""arg"":4241}","{""r"":1}",6da15dceecc8ff8e5fda5459ac59252caae90bef7f8784b1d32edd7c210c5e47,6da15dceecc8ff8e5fda5459ac59252caae90bef7f8784b1d32edd7c210c5e47,1,
random-11,6,"{""arg"":4242}","{""r"":2}",612f2fb8422baa1a08d0edcde09d4393567712e52f96adf74e7e361fa2e6ac25,612f2fb8422baa1a08d0edcde09d4393567712e52f96adf74e7e361fa2e6ac25,1,
random-11,7,"{""arg"":4243}","{""r"":3}",d0d6a2c9b42657ad506d06737ce5cad218c344ffed964af6cdc1e75ab4a006fa,d0d6a2c9b42657ad506d06737ce5cad218c344ffed964af6cdc1e75ab4a006fa,1,
random-12,0,"{""arg"":4253}","{""r"":-4}",28029e756a543be5f297a6c007a5a18e307e6eb1242482b42239c2a0abdd175b,28029e756a543be5f297a6c007a5a18e307e6eb1242482b42239c2a0abdd175b,1,
random-12,1,"{""arg"":4254}","{""r"":-3}",5b71e8f535672aec90bfbcf8565e83e73e798f562450eeb3ee867be413ac3826,5b71e8f535672aec90bfbcf8565e83e73e798f562450eeb3ee867be413ac3826,1,
random-12,2,"{""arg"":4255}","{""r"":-2}",2127b3cbb0c7490107a076ddb5b5ad2b5cfd0ce638d9bb6724c3a94feff84617,2127b3cbb0c7490107a076ddb5b5ad2b5cfd0ce638d9bb6724c3a94feff84617,1,
random-12,3,"{""arg"":4256}","{""r"":-1}",69f510285402a93cb5ab0f106017b90e784ee3afff1f9193f1e30ed419d93ad7,69f510285402a93cb5ab0f106017b90e784ee3afff1f9193f1e30ed419d93ad7,1,
random-12,4,"{""arg"":4257}","{""r"":0}",7cfaeaecc7c4f5c86d3b910d494f95c17fc3373c554aa34c5547cabf9a6b7148,7cfaeaecc7c4f5c86d3b910d494f95c17fc3373c554aa34c5547cabf9a6b7148,1,
random-12,5,"{""arg"":4258}","{""r"":1}",8d68c8bdec1fb259db179cf58eefc3dedac8aa20325a01f3f950a353c1aede31,8d68c8bdec1fb259db179cf58eefc3dedac8aa20325a01f3f950a353c1aede31,1,
random-12,6,"{""arg"":4259}","{""r"":2}",63c67a4a0bb0a943562a7a75771dd8d1339edc3e4105f83c68b1e6437aadab64,63c67a4a0bb0a943562a7a75771dd8d1339edc3e4105f83c68b1e6437aadab64,1,
random-12,7,"{""arg"":4260}","{""r"":3}",ef7cf599e4eacf783f0c44c6893f9f0014124497a0258c92cbdf73bcec1d4e3a,ef7cf599e4eacf783f0c44c6893f9f0014124497a0258c92cbdf73bcec1d4e3a,1,
random-13,0,"{""arg"":4270}","{""r"":-4}",6c2b33e67306c2186055af0ba463b8ca32130824793fc287c40eee0177bdab8d,6c2b33e67306c2186055af0ba463b8ca32130824793fc287c40eee0177bdab8d,1,
random-13,1,"{""arg"":4271}","{""r"":-3}",4b53f2d4be8c8fb5cec2fd4857a614e54e82a304f76f924b3d8334c481e3acec,4b53f2d4be8c8fb5cec2fd4857a614e54e82a304f76f924b3d8334c481e3acec,1,
random-13,2,"{""arg"":4272}","{""r"":-2}",ed2a4e6329ec088e3d39b255d1fc38acd15829138ddcca3a4a418b702961fa9e,ed2a4e6329ec088e3d39b255d1fc38acd15829138ddcca3a4a418b702961fa9e,1,
random-13,3,"{""arg"":4273}","{""r"":-1}",8065e6b9f730ea280cdb25cefc588e3596e05faf531831c8d191b2f9203c1111,8065e6b9f730ea280cdb25cefc588e3596e05faf531831c8d191b2f9203c1111,1,
random-13,4,"{""arg"":4274}","{""r"":0}",87573f11e01f27aba07f91df74dd047557c4d326be1a86b66b52439492553c2f,87573f11e01f27aba07f91df74dd047557c4d326be1a86b66b52439492553c2f,1,
random-13,5,"{""arg"":4275}","{""r"":1}",535aeaebd0670b4a4bc6aa273cd62356f7fe9fa19dcde67ee2033dee3aa8069b,535aeaebd0670b4a4bc6aa273cd62356f7fe9fa19dcde67ee2033dee3aa8069b,1,
random-13,6,"{""arg"":4276}","{""r"":2}",e5c010c7416acae1d4f1a466f81623228fa14dddcfdbdecdabcd93a16fb539bc,e5c010c7416acae1d4f1a466f81623228fa14dddcfdbdecdabcd93a16fb539bc,1,
random-13,7,"{""arg"":4277}","{""r"":3}",0de7898ee79cbd856db1b3e3e75c156090478ccfcb85490e3ed38f6a93079bad,0de7898ee79cbd856db1b3e3e75c156090478ccfcb85490e3ed38f6a93079bad,1,
random-14,0,"{""arg"":4287}","{""r"":-4}",6c2b33e67306c2186055af0ba463b8ca32130824793fc287c40eee0177bdab8d,6c2b33e67306c2186055af0ba463b8ca32130824793fc287c40eee0177bdab8d,1,
random-14,1,"{""arg"":4288}","{""r"":-3}",4b53f2d4be8c8fb5cec2fd4857a614e54e82a304f76f924b3d8334c481e3acec,4b53f2d4be8c8fb5cec2fd4857a614e54e82a304f76f924b3d8334c481e3acec,1,
random-14,2,"{""arg"":4289}","{""r"":-2}",ed2a4e6329ec088e3d39b255d1fc38acd15829138ddcca3a4a418b702961fa9e,ed2a4e6329ec088e3d39b255d1fc38acd15829138ddcca3a4a418b702961fa9e,1,
random-14,3,"{""arg"":4290}","{""r"":-1}",8065e6b9f730ea280cdb25cefc588e3596e05faf531831c8d191b2f9203c1111,8065e6b9f730ea280cdb25cefc588e3596e05faf531831c8d191b2f9203c1111,1,
random-14,4,"{""arg"":4291}","{""r"":0}",87573f11e01f27aba07f91df74dd047557c4d326be1a86b66b52439492553c2f,87573f11e01f27aba07f91df74dd047557c4d326be1a86b66b52439492553c2f,1,
random-14,5,"{""arg"":4292}","{""r"":1}",535aeaebd0670b4a4bc6aa273cd62356f7fe9fa19dcde67ee2033dee3aa8069b,535aeaebd0670b4a4bc6aa273cd62356f7fe9fa19dcde67ee2033dee3aa8069b,1,
random-14,6,"{""arg"":4293}","{""r"":2}",e5c010c7416acae1d4f1a466f81623228fa14dddcfdbdecdabcd93a16fb539bc,e5c010c7416acae1d4f1a466f81623228fa14dddcfdbdecdabcd93a16fb539bc,1,
random-14,7,"{""arg"":4294}","{""r"":3}",0de7898ee79cbd856db1b3e3e75c156090478ccfcb85490e3ed38f6a93079bad,0de7898ee79cbd856db1b3e3e75c156090478ccfcb85490e3ed38f6a93079bad,1,
random-15,0,"{""arg"":4304}","{""r"":-4}",7e862d934595b82bf18b3ebfc12a383b47cad16889169ccd9d6ee111020be387,7e862d934595b82bf18b3ebfc12a383b47cad16889169ccd9d6ee111020be387,1,
random-15,1,"{""arg"":4305}","{""r"":-3}",b8c8412a460bdd5aa6ea1d4454349ef664bb5c248329c698233174061e158d9f,b8c8412a460bdd5aa6ea1d4454349ef664bb5c248329c698233174061e158d9f,1,
random-15,2,"{""arg"":4306}","{""r"":-2}",77d693237eeadea1fba3238efc8485cfed5e59ecf865b1d2fddfe2f4955666ef,77d693237eeadea1fba3238efc8485cfed5e59ecf865b1d2fddfe2f4955666ef,1,
random-15,3,"{""arg"":4307}","{""r"":-1}",e74b56844bdee5c9bd83b6eb6845adcb4a6ea00dab07c8bcec187f187f460147,e74b56844bdee5c9bd83b6eb6845adcb4a6ea00dab07c8bcec187f187f460147,1,
random-15,4,"{""arg"":4308}","{""r"":0}",50794ab09404621c4a522e72a2233b466760195dd178e95f0a32e2062c0a0362,50794ab09404621c4a522e72a2233b466760195dd178e95f0a32e2062c0a0362,1,
random-15,5,"{""arg"":4309}","{""r"":1}",406be68148b77db209cf8b631eb546cfe3143afe3acae4788df7d963d369df75,406be68148b77db209cf8b631eb546cfe3143afe3acae4788df7d963d369df75,1,
random-15,6,"{""arg"":4310}","{""r"":2}",9eda840bd26ea98f1e0f75dc3fe443f80a39b5440756e05efd992bd791d227fb,9eda840bd26ea98f1e0f75dc3fe443f80a39b5440756e05efd992bd791d227fb,1,
random-15,7,"{""arg"":4311}","{""r"":3}",8371712a4311106cbf8d95eee4a2550e887d50385645fb0cf7517d9d24262416,8371712a4311106cbf8d95eee4a2550e887d50385645fb0cf7517d9d24262416,1,
random-16,0,"{""arg"":4321}","{""r"":-4}",85d50c9d7858f031b5bc0b278e03e0087379cbfdc248d1f7f62f3dfccd5b4767,85d50c9d7858f031b5bc0b278e03e0087379cbfdc248d1f7f62f3dfccd5b4767,1,
random-16,1,"{""arg"":4322}","{""r"":-3}",bfc98cac6c84e5d6bd896181047515878f2cdb7815640ea3db11bfe5d8907e6e,bfc98cac6c84e5d6bd896181047515878f2cdb7815640ea3db11bfe5d8907e6e,1,
random-16,2,"{""arg"":4323}","{""r"":-2}",5e9e13845975e822b7fa0c040f87c26f9c9a0388110a921525986c5c8de875bf,5e9e13845975e822b7fa0c040f87c26f9c9a0388110a921525986c5c8de875bf,1,
random-16,3,"{""arg"":4324}","{""r"":-1}",208adb837a9ba2c656fb21f2eb2adf85429f29f438bda2be877cdf6c6bac0c5c,208adb837a9ba2c656fb21f2eb2adf85429f29f438bda2be877cdf6c6bac0c5c,1,
random-16,4,"{""arg"":4325}","{""r"":0}",cbfc301d155f6794d2151d545b7d0dae4c1d950502631063cd2bac766012472d,cbfc301d155f6794d2151d545b7d0dae4c1d950502631063cd2bac766012472d,1,
random-16,5,"{""arg"":4326}","{""r"":1}",7396719ad43e03b28c1dc11ce10f407428e03253d7a6c6017a88fa5dd77c5bfd,7396719ad43e03b28c1dc11ce10f407428e03253d7a6c6017a88fa5dd77c5bfd,1,
random-16,6,"{""arg"":4327}","{""r"":2}",96e7255c1dbabb75314870a06312111e4c3a07f9de6344f3414c93e7ef8dbaa8,96e7255c1dbabb75314870a06312111e4c3a07f9de6344f3414c93e7ef8dbaa8,1,
random-16,7,"{""arg"":4328}","{""r"":3}",0cd7b9995d02d2d77e48a872a44e2f1ae64a6a6218de6b393fd1354a7e2cd18a,0cd7b9995d02d2d77e48a872a44e2f1ae64a6a6218de6b393fd1354a7e2cd18a,1,
random-17,0,"{""arg"":4338}","{""r"":-4}",5691b9f742ad8d4d76537494e537b8fd3495e0e5e3bd260db285fe176efb9e6d,5691b9f742ad8d4d76537494e537b8fd3495e0e5e3bd260db285fe176efb9e6d,1,
random-17,1,"{""arg"":4339}","{""r"":-3}",b5c42e6ed16cc1ffdd094f8593913ec93a6dc2e836f6a6109b7862e9dfef36f4,b5c42e6ed16cc1ffdd094f8593913ec93a6dc2e836f6a6109b7862e9dfef36f4,1,
random-17,2,"{""arg"":4340}","{""r"":-2}",1413709e26279992857af7d1125a2be78eb808c9b7123e16999b85088977cbef,1413709e26279992857af7d1125a2be78eb808c9b7123e16999b85088977cbef,1,
random-17,3,"{""arg"":4341}","{""r"":-1}",77d8bc97ecfbdbf135c7f530456ade433d4ac760e6cf47748748d85f20fb9b42,77d8bc97ecfbdbf135c7f530456ade433d4ac760e6cf47748748d85f20fb9b42,1,
random-17,4,"{""arg"":4342}","{""r"":0}",bf117cd6778828aeb73502682b28fe7baf863270ad324d1ea1c62525852fbec8,bf117cd6778828aeb73502682b28fe7baf863270ad324d1ea1c62525852fbec8,1,
random-17,5,"{""arg"":4343}","{""r"":1}",dd631b42283929395b93e2f04aee4acad2dc5aeb1b541ac703d516c7905953b3,dd631b42283929395b93e2f04aee4acad2dc5aeb1b541ac703d516c7905953b3,1,
random-17,6,"{""arg"":4344}","{""r"":2}",a9986c996a15a4e627db3744395b7f3f478a651d91b08b78a907936e169bfebc,a9986c996a15a4e627db3744395b7f3f478a651d91b08b78a907936e169bfebc,1,
random-17,7,"{""arg"":4345}","{""r"":3}",9522a9c0c2b49f29b6bf5761740020d1ab0d0ffb639ca68f0f26073e677d1499,9522a9c0c2b49f29b6bf5761740020d1ab0d0ffb639ca68f0f26073e677d1499,1,
random-18,0,"{""arg"":4355}","{""r"":-4}",65047bd871b41472b882611a8db94d19b69ca667b28e918c81b8abb45dc26421,65047bd871b41472b882611a8db94d19b69ca667b28e918c81b8abb45dc26421,1,
random-18,1,"{""arg"":4356}","{""r"":-3}",d58e5460a0a4af19c1949c4922c1d4a88c9f6b20f2a6aa4bf7667faac6445f83,d58e5460a0a4af19c1949c4922c1d4a88c9f6b20f2a6aa4bf7667faac6445f83,1,
random-18,2,"{""arg"":4357}","{""r"":-2}",c2634a9e6bd48d13418fa0a011ffb087586c43224a608159b612e0828ecd08b1,c2634a9e6bd48d13418fa0a011ffb087586c43224a608159b612e0828ecd08b1,1,
random-18,3,"{""arg"":4358}","{""r"":-1}",2c1b53ddf022310415391249f19cfbab42d44f5135994270cc8d1f3dacb8e70a,2c1b53ddf022310415391249f19cfbab42d44f5135994270cc8d1f3dacb8e70a,1,
random-18,4,"{""arg"":4359}","{""r"":0}",f9f76e6537546c578708a2ab2323212de94f6adc45bce6ae1704cfddaa240fa4,f9f76e6537546c578708a2ab2323212de94f6adc45bce6ae1704cfddaa240fa4,1,
random-18,5,"{""arg"":4360}","{""r"":1}",1114804c1c8ac5f1ae29da40a7ab92219da8eb47ed573f2735333ab9d5005f10,1114804c1c8ac5f1ae29da40a7ab92219da8eb47ed573f2735333ab9d5005f10,1,
random-18,6,"{""arg"":4361}","{""r"":2}",37d20851cdaee2781527b70246939bba4009c55c109169be39cbffefe5947d4a,37d20851cdaee2781527b70246939bba4009c55c109169be39cbffefe5947d4a,1,
random-18,7,"{""arg"":4362}","{""r"":3}",4cc56bb5709ac967d7dae74b232176cbbb9acb0defba52b49ec489f41cfc00bf,4cc56bb5709ac967d7dae74b232176cbbb9acb0defba52b49ec489f41cfc00bf,1,
random-19,0,"{""arg"":4372}","{""r"":-4}",c71093e758a15b781092e9de1c3f3ec898050cc972e3116bd48491a28062d90a,c71093e758a15b781092e9de1c3f3ec898050cc972e3116bd48491a28062d90a,1,
random-19,1,"{""arg"":4373}","{""r"":-3}",114d6e444c0cbdf7dd08e65a3eb312109f524965e591f61e6aecf486b5600a4d,114d6e444c0cbdf7dd08e65a3eb312109f524965e591f61e6aecf486b5600a4d,1,
random-19,2,"{""arg"":4374}","{""r"":-2}",edb0f08d33133a3abacef3933a449f1b61745d63988bf5d8f735a6aeb8027dd6,edb0f08d33133a3abacef3933a449f1b61745d63988bf5d8f735a6aeb8027dd6,1,
random-19,3,"{""arg"":4375}","{""r"":-1}",463ac0a3744833c6888cfa803feb450aa486e197aacc5232d8837ebf684d6904,463ac0a3744833c6888cfa803feb450aa486e197aacc5232d8837ebf684d6904,1,
random-19,4,"{""arg"":4376}","{""r"":0}",911001a833025f950cab5e24673e3df99300c8877f52c3a84871bda9b1f0d5ef,911001a833025f950cab5e24673e3df99300c8877f52c3a84871bda9b1f0d5ef,1,
random-19,5,"{""arg"":4377}","{""r"":1}",6272c8084afe26703740f81d31eca373c7ca098dafaeb0e84c332400001ed7e8,6272c8084afe26703740f81d31eca373c7ca098dafaeb0e84c332400001ed7e8,1,
random-19,6,"{""arg"":4378}","{""r"":2}",b60b2cd791d408b18bb4064c6290f68e58075e25eed4e63f4a8891e5b2dd5c9a,b60b2cd791d408b18bb4064c6290f68e58075e25eed4e63f4a8891e5b2dd5c9a,1,
random-19,7,"{""arg"":4379}","{""r"":3}",28f23d9f758f6f0750c55693912f1930c963d51792b1e04ac08505fdc0871d99,28f23d9f758f6f0750c55693912f1930c963d51792b1e04ac08505fdc0871d99,1,
random-20,0,"{""arg"":4389}","{""r"":-4}",61053f2f3fe4473954503fb99562da33ade50871f94860135dbfe874095620ae,61053f2f3fe4473954503fb99562da33ade50871f94860135dbfe874095620ae,1,
random-20,1,"{""arg"":4390}","{""r"":-3}",c9f7b98e548ef325787575c2b700dba948062a81d63bc9e950f0b1fa15c576c4,c9f7b98e548ef325787575c2b700dba948062a81d63bc9e950f0b1fa15c576c4,1,
random-20,2,"{""arg"":4391}","{""r"":-2}",1df6f48503d30adb2803e1959e600c736b7b84c44b6ccb1084e538ee3cddb74e,1df6f48503d30adb2803e1959e600c736b7b84c44b6ccb1084e538ee3cddb74e,1,
random-20,3,"{""arg"":4392}","{""r"":-1}",6694096e91c8c9834564dbbddaaa871585301ee8e73c9f0fe09e84a9757237d7,6694096e91c8c9834564dbbddaaa871585301ee8e73c9f0fe09e84a9757237d7,1,
random-20,4,"{""arg"":4393}","{""r"":0}",c9f237b05752d4223030d94029a76caeb812322933322fa4e2aec88ddfae054f,c9f237b05752d4223030d94029a76caeb812322933322fa4e2aec88ddfae054f,1,
random-20,5,"{""arg"":4394}","{""r"":1}",7f7b2abb1b3ed4a88892aaeb06378c2d01c3eb6bb549f2f2c970eb3b422d4894,7f7b2abb1b3ed4a88892aaeb06378c2d01c3eb6bb549f2f2c970eb3b422d4894,1,
random-20,6,"{""arg"":4395}","{""r"":2}",6fe4977b064242e99cf32b6d1cd7c5115018b0c38abf2e81e0d51d42dd95805c,6fe4977b064242e99cf32b6d1cd7c5115018b0c38abf2e81e0d51d42dd95805c,1,
random-20,7,"{""arg"":4396}","{""r"":3}",3dec6a7a48827da508c4c775b1caa3e81fddfb02a9c51fde1dca7fb8716da4d7,3dec6a7a48827da508c4c775b1caa3e81fddfb02a9c51fde1dca7fb8716da4d7,1,
random-21,0,"{""arg"":4406}","{""r"":-4}",5691b9f742ad8d4d76537494e537b8fd3495e0e5e3bd260db285fe176efb9e6d,5691b9f742ad8d4d76537494e537b8fd3495e0e5e3bd260db285fe176efb9e6d,1,
random-21,1,"{""arg"":4407}","{""r"":-3}",b5c42e6ed16cc1ffdd094f8593913ec93a6dc2e836f6a6109b7862e9dfef36f4,b5c42e6ed16cc1ffdd094f8593913ec93a6dc2e836f6a6109b7862e9dfef36f4,1,
random-21,2,"{""arg"":4408}","{""r"":-2}",1413709e26279992857af7d1125a2be78eb808c9b7123e16999b85088977cbef,1413709e26279992857af7d1125a2be78eb808c9b7123e16999b85088977cbef,1,
random-21,3,"{""arg"":4409}","{""r"":-1}",77d8bc97ecfbdbf135c7f530456ade433d4ac760e6cf47748748d85f20fb9b42,77d8bc97ecfbdbf135c7f530456ade433d4ac760e6cf47748748d85f20fb9b42,1,
random-21,4,"{""arg"":4410}","{""r"":0}",bf117cd6778828aeb73502682b28fe7baf863270ad324d1ea1c62525852fbec8,bf117cd6778828aeb73502682b28fe7baf863270ad324d1ea1c62525852fbec8,1,
random-21,5,"{""arg"":4411}","{""r"":1}",dd631b42283929395b93e2f04aee4acad2dc5aeb1b541ac703d516c7905953b3,dd631b42283929395b93e2f04aee4acad2dc5aeb1b541ac703d516c7905953b3,1,
random-21,6,"{""arg"":4412}","{""r"":2}",a9986c996a15a4e627db3744395b7f3f478a651d91b08b78a907936e169bfebc,a9986c996a15a4e627db3744395b7f3f478a651d91b08b78a907936e169bfebc,1,
random-21,7,"{""arg"":4413}","{""r"":3}",9522a9c0c2b49f29b6bf5761740020d1ab0d0ffb639ca68f0f26073e677d1499,9522a9c0c2b49f29b6bf5761740020d1ab0d0ffb639ca68f0f26073e677d1499,1,
random-22,0,"{""arg"":4423}","{""r"":-4}",44d541a671851da0cb8c6657a9bc1deb38061aa64d942b0a6c62b4e28404e0c0,44d541a671851da0cb8c6657a9bc1deb38061aa64d942b0a6c62b4e28404e0c0,1,
random-22,1,"{""arg"":4424}","{""r"":-3}",b3dfbdbbf69b4c3b09814fbf51e372e2ce08bbb233a710b8b43d2b868ce076d4,b3dfbdbbf69b4c3b09814fbf51e372e2ce08bbb233a710b8b43d2b868ce076d4,1,
random-22,2,"{""arg"":4425}","{""r"":-2}",fe50af50da9348390ce6b5821ee2fe9d8b335103177f7e45a4b126da600a0380,fe50af50da9348390ce6b5821ee2fe9d8b335103177f7e45a4b126da600a0380,1,
random-22,3,"{""arg"":4426}","{""r"":-1}",a1434a6b417a981b8f561d3a347ab13f1c31f0822751d45124e55b55cf771ba5,a1434a6b417a981b8f561d3a347ab13f1c31f0822751d45124e55b55cf771ba5,1,
random-22,4,"{""arg"":4427}","{""r"":0}",9996e5e691e60c2691e9736ba0be000cd42f4ab73174700c55384b88aeff1ccd,9996e5e691e60c2691e9736ba0be000cd42f4ab73174700c55384b88aeff1ccd,1,
random-22,5,"{""arg"":4428}","{""r"":1}",aea5116917553d8b5ede0a2a276cc292ae08a2411584d4b0402b94a70dc234b7,aea5116917553d8b5ede0a2a276cc292ae08a2411584d4b0402b94a70dc234b7,1,
random-22,6,"{""arg"":4429}","{""r"":2}",9adf2a8ea5a1ea37425c5f7213ff6c4163b7fbd5897881e98ba0b4c9039d5c9f,9adf2a8ea5a1ea37425c5f7213ff6c4163b7fbd5897881e98ba0b4c9039d5c9f,1,
random-22,7,"{""arg"":4430}","{""r"":3}",062b2f0393b280ea042c2296837143bddf25dcaa5c8e4fdd0450989d89f4e018,062b2f0393b280ea042c2296837143bddf25dcaa5c8e4fdd0450989d89f4e018,1,
random-23,0,"{""arg"":4440}","{""r"":-4}",ebbb64f373091638f954feb9827be307e46bdf25f34692a873c98ae2da15b57d,ebbb64f373091638f954feb9827be307e46bdf25f34692a873c98ae2da15b57d,1,
random-23,1,"{""arg"":4441}","{""r"":-3}",163ea91273b963359429b420728937896d0787aec6517ec04210519594d2dda4,163ea91273b963359429b420728937896d0787aec6517ec04210519594d2dda4,1,
random-23,2,"{""arg"":4442}","{""r"":-2}",a85847a499a15bb1e2b83de017c16464658d6ba2ad2f6dec57a95ad3285a06bd,a85847a499a15bb1e2b83de017c16464658d6ba2ad2f6dec57a95ad3285a06bd,1,
random-23,3,"{""arg"":4443}","{""r"":-1}",164ae8618ad4435efdb1275d14130b0c37e7c2809646c7770b0f7f5eb1b2227e,164ae8618ad4435efdb1275d14130b0c37e7c2809646c7770b0f7f5eb1b2227e,1,
random-23,4,"{""arg"":4444}","{""r"":0}",3a4d09c492d4746795959bbda44071cb1a5d3d2cd57a8a7bfe40a7dd4aeea4fe,3a4d09c492d4746795959bbda44071cb1a5d3d2cd57a8a7bfe40a7dd4aeea4fe,1,
random-23,5,"{""arg"":4445}","{""r"":1}",3becd35af4c0962744c35cfbecfc0f5d133b26d7888864d52b91d88e6243ecec,3becd35af4c0962744c35cfbecfc0f5d133b26d7888864d52b91d88e6243ecec,1,
random-23,6,"{""arg"":4446}","{""r"":2}",14d4502a3a4cf4ab25bec6ee6bd1b29ad43380aeb206634529aeca8b6f30be89,14d4502a3a4cf4ab25bec6ee6bd1b29ad43380aeb206634529aeca8b6f30be89,1,
random-23,7,"{""arg"":4447}","{""r"":3}",db8ab3a79eb2a3280c315cbdc2e3f6662a703285c19aeb02a667881dd2dd1bf8,db8ab3a79eb2a3280c315cbdc2e3f6662a703285c19aeb02a667881dd2dd1bf8,1,
random-24,0,"{""arg"":4457}","{""r"":-4}",95d80f5060a3298b83ddc2f3c1e2917339b5577f05769db53534875bbdfc9c45,95d80f5060a3298b83ddc2f3c1e2917339b5577f05769db53534875bbdfc9c45,1,
random-24,1,"{""arg"":4458}","{""r"":-3}",09b4321daf0e0855cb35773f1c63c87183ed83c577bdc1f31d102d0aeb94a686,09b4321daf0e0855cb35773f1c63c87183ed83c577bdc1f31d102d0aeb94a686,1,
random-24,2,"{""arg"":4459}","{""r"":-2}",b8d6fec900bdc9aa0c73c93f6853f1ae8c11c6869d4e5e1e952761e3047348cc,b8d6fec900bdc9aa0c73c93f6853f1ae8c11c6869d4e5e1e952761e3047348cc,1,
random-24,3,"{""arg"":4460}","{""r"":-1}",1bf8e28cdf9501d6b13186e9e5153537d0a33da34af049d8068530019be458e8,1bf8e28cdf9501d6b13186e9e5153537d0a33da34af049d8068530019be458e8,1,
random-24,4,"{""arg"":4461}","{""r"":0}",a79ee85e4be87cfc7cd980dc5a95ddf141965ff6a73a196a8a72f2728911ed19,a79ee85e4be87cfc7cd980dc5a95ddf141965ff6a73a196a8a72f2728911ed19,1,
random-24,5,"{""arg"":4462}","{""r"":1}",a66a963964fd1b4935561d6b63855df6baa55ac2a36356502f2501cedee5d088,a66a963964fd1b4935561d6b63855df6baa55ac2a36356502f2501cedee5d088,1,
random-24,6,"{""arg"":4463}","{""r"":2}",87003884bda07915267ad07a970a25ab18d36a1bc6b787ed39a009fbfa34e711,87003884bda07915267ad07a970a25ab18d36a1bc6b787ed39a009fbfa34e711,1,
random-24,7,"{""arg"":4464}","{""r"":3}",331117c72670295dc1382df73385d36b34bc34ed079c61d82f4d5c62a93598d6,331117c72670295dc1382df73385d36b34bc34ed079c61d82f4d5c62a93598d6,1,
random-25,0,"{""arg"":4474}","{""r"":-4}",a278fb1fc3503498b154a5ed6b4a44098165c3c4a676667410b743f8fe30d3c6,a278fb1fc3503498b154a5ed6b4a44098165c3c4a676667410b743f8fe30d3c6,1,
random-25,1,"{""arg"":4475}","{""r"":-3}",de010a6a50199f86ef5732e8667fd4e98eb0a286d0a4c2f7696d45ce7247fac8,de010a6a50199f86ef5732e8667fd4e98eb0a286d0a4c2f7696d45ce7247fac8,1,
random-25,2,"{""arg"":4476}","{""r"":-2}",f59a77371256f3f45bb18242663c02bd876a0722f9a7eb734f413062239ee02c,f59a77371256f3f45bb18242663c02bd876a0722f9a7eb734f413062239ee02c,1,
random-25,3,"{""arg"":4477}","{""r"":-1}",45188d360e06c2699cb2f06757c3c383a6a0e6269781bac22d49a51ee0d2d9ab,45188d360e06c2699cb2f06757c3c383a6a0e6269781bac22d49a51ee0d2d9ab,1,
random-25,4,"{""arg"":4478}","{""r"":0}",bb506a2f8ded31e1eb6722ad9c3f35d2169c599078ddd413059169bc15dee1c4,bb506a2f8ded31e1eb6722ad9c3f35d2169c599078ddd413059169bc15dee1c4,1,
random-25,5,"{""arg"":4479}","{""r"":1}",ae2c6613cb4da001d7c686725078026acddaf5b5b47791801d3f1efe4a33e4ef,ae2c6613cb4da001d7c686725078026acddaf5b5b47791801d3f1efe4a33e4ef,1,
random-25,6,"{""arg"":4480}","{""r"":2}",927baf30c7f3c86f0c1cf7cb7107eb9a8e11eea5fa5c6c08a1b889d9f949df27,927baf30c7f3c86f0c1cf7cb7107eb9a8e11eea5fa5c6c08a1b889d9f949df27,1,
random-25,7,"{""arg"":4481}","{""r"":3}",095feaa9dfbb161595db869613e2900756b362a22a80420d35e3f97098b54938,095feaa9dfbb161595db869613e2900756b362a22a80420d35e3f97098b54938,1,
random-26,0,"{""arg"":4491}","{""r"":-4}",88ba144ad25ee659778c6a1c04eacf151830b0897924ea87bb6e3f380d6c7e0d,88ba144ad25ee659778c6a1c04eacf151830b0897924ea87bb6e3f380d6c7e0d,1,
random-26,1,"{""arg"":4492}","{""r"":-3}",0b62a16fb222330669db6cd3b8cc2e2278942672890fd5bc3a84a085f39ebcb5,0b62a16fb222330669db6cd3b8cc2e2278942672890fd5bc3a84a085f39ebcb5,1,
random-26,2,"{""arg"":4493}","{""r"":-2}",8e612affe0015b5395151cb97428abab31f62062f97409c797f1778e79806a6d,8e612affe0015b5395151cb97428abab31f62062f97409c797f1778e79806a6d,1,
random-26,3,"{""arg"":4494}","{""r"":-1}",8a48121f62c441919000c67c64e8d3d2aa16a53c9fabd22d6b4eead1cacb851a,8a48121f62c441919000c67c64e8d3d2aa16a53c9fabd22d6b4eead1cacb851a,1,
random-26,4,"{""arg"":4495}","{""r"":0}",866b2fabb760cbf00461d52ff64f6dbe306faabad31ab3585afbd4724ad9ef20,866b2fabb760cbf00461d52ff64f6dbe306faabad31ab3585afbd4724ad9ef20,1,
random-26,5,"{""arg"":4496}","{""r"":1}",db3808c8814712920e5f6bea8b3e7f7b966d278ff589f8aab7bd373bcfb99625,db3808c8814712920e5f6bea8b3e7f7b966d278ff589f8aab7bd373bcfb99625,1,
random-26,6,"{""arg"":4497}","{""r"":2}",350f3253193f1b70cc50a6a9db5d3a2b08f578ff6bbf9fe1bbfe764c014f4e9c,350f3253193f1b70cc50a6a9db5d3a2b08f578ff6bbf9fe1bbfe764c014f4e9c,1,
random-26,7,"{""arg"":4498}","{""r"":3}",0396f3d8e8d56786a5937dfab0f3f008ffb6e8b74bda57954d333312f8aa4b18,0396f3d8e8d56786a5937dfab0f3f008ffb6e8b74bda57954d333312f8aa4b18,1,
random-27,0,"{""arg"":4508}","{""r"":-4}",69b2c54347d069405e735595fa7ce741dd7be4309bc9de80cf8a6a9a0b28fc3f,69b2c54347d069405e735595fa7ce741dd7be4309bc9de80cf8a6a9a0b28fc3f,1,
random-27,1,"{""arg"":4509}","{""r"":-3}",4642236d6f67decfcb56b7e2215acff59d0f8435b890479d553325eaf16eecf6,4642236d6f67decfcb56b7e2215acff59d0f8435b890479d553325eaf16eecf6,1,
random-27,2,"{""arg"":4510}","{""r"":-2}",819bb1048fc35deb5a591e9eba558cbad24816a2401bab8592d28f9e02e784b0,819bb1048fc35deb5a591e9eba558cbad24816a2401bab8592d28f9e02e784b0,1,
random-27,3,"{""arg"":4511}","{""r"":-1}",0bbb330c605fa74cc107614b79a4be554efd7bcf98466f3611eb46f58cfec424,0bbb330c605fa74cc107614b79a4be554efd7bcf98466f3611eb46f58cfec424,1,
random-27,4,"{""arg"":4512}","{""r"":0}",b792182689b9bc29e41eb285fc21b639407f804ecea2352a8d9edaba2c2d9abd,b792182689b9bc29e41eb285fc21b639407f804ecea2352a8d9edaba2c2d9abd,1,
random-27,5,"{""arg"":4513}","{""r"":1}",b94d50f2250f5586c9918daf67253eaa368b28d9dc363032715720af7d98e414,b94d50f2250f5586c9918daf67253eaa368b28d9dc363032715720af7d98e414,1,
random-27,6,"{""arg"":4514}","{""r"":2}",aa66610a24f9b9866aa55b3f11a996fc13f86d75155fc24d25408ccdd2289d51,aa66610a24f9b9866aa55b3f11a996fc13f86d75155fc24d25408ccdd2289d51,1,
random-27,7,"{""arg"":4515}","{""r"":3}",cde1dedd54fb46fdd9ad39aa446c9d05411a6e520137060203f55034211bf2d0,cde1dedd54fb46fdd9ad39aa446c9d05411a6e520137060203f55034211bf2d0,1,
random-28,0,"{""arg"":4525}","{""r"":-4}",95d80f5060a3298b83ddc2f3c1e2917339b5577f05769db53534875bbdfc9c45,95d80f5060a3298b83ddc2f3c1e2917339b5577f05769db53534875bbdfc9c45,1,
random-28,1,"{""arg"":4526}","{""r"":-3}",09b4321daf0e0855cb35773f1c63c87183ed83c577bdc1f31d102d0aeb94a686,09b4321daf0e0855cb35773f1c63c87183ed83c577bdc1f31d102d0aeb94a686,1,
random-28,2,"{""arg"":4527}","{""r"":-2}",b8d6fec900bdc9aa0c73c93f6853f1ae8c11c6869d4e5e1e952761e3047348cc,b8d6fec900bdc9aa0c73c93f6853f1ae8c11c6869d4e5e1e952761e3047348cc,1,
random-28,3,"{""arg"":4528}","{""r"":-1}",1bf8e28cdf9501d6b13186e9e5153537d0a33da34af049d8068530019be458e8,1bf8e28cdf9501d6b13186e9e5153537d0a33da34af049d8068530019be458e8,1,
random-28,4,"{""arg"":4529}","{""r"":0}",a79ee85e4be87cfc7cd980dc5a95ddf141965ff6a73a196a8a72f2728911ed19,a79ee85e4be87cfc7cd980dc5a95ddf141965ff6a73a196a8a72f2728911ed19,1,
random-28,5,"{""arg"":4530}","{""r"":1}",a66a963964fd1b4935561d6b63855df6baa55ac2a36356502f2501cedee5d088,a66a963964fd1b4935561d6b63855df6baa55ac2a36356502f2501cedee5d088,1,
random-28,6,"{""arg"":4531}","{""r"":2}",87003884bda07915267ad07a970a25ab18d36a1bc6b787ed39a009fbfa34e711,87003884bda07915267ad07a970a25ab18d36a1bc6b787ed39a009fbfa34e711,1,
random-28,7,"{""arg"":4532}","{""r"":3}",331117c72670295dc1382df73385d36b34bc34ed079c61d82f4d5c62a93598d6,331117c72670295dc1382df73385d36b34bc34ed079c61d82f4d5c62a93598d6,1,
random-29,0,"{""arg"":4542}","{""r"":-4}",4d3723649e1dc4de59eb3e830b0b049928bc41773370059b73ee25e8de021c08,4d3723649e1dc4de59eb3e830b0b049928bc41773370059b73ee25e8de021c08,1,
random-29,1,"{""arg"":4543}","{""r"":-3}",5f0c3691e8e0b5cdf703cac60dd0101e232b853b3ba7d4d71187e395f54996d7,5f0c3691e8e0b5cdf703cac60dd0101e232b853b3ba7d4d71187e395f54996d7,1,
random-29,2,"{""arg"":4544}","{""r"":-2}",56b72ce5fb3eee0ac43eacf3c64730eaf14f6eac50fbc33e188dd920ecc90833,56b72ce5fb3eee0ac43eacf3c64730eaf14f6eac50fbc33e188dd920ecc90833,1,
random-29,3,"{""arg"":4545}","{""r"":-1}",08682d73bab76905c37b70d954f884c76576f514eb58f8b60222d7bfcce3ce96,08682d73bab76905c37b70d954f884c76576f514eb58f8b60222d7bfcce3ce96,1,
random-29,4,"{""arg"":4546}","{""r"":0}",4e9f16741bbfccac7c07efde469c07e99af9e00cdb4582cd42298016359c1d41,4e9f16741bbfccac7c07efde469c07e99af9e00cdb4582cd42298016359c1d41,1,
random-29,5,"{""arg"":4547}","{""r"":1}",f1eed059c591e3d226b27ee4195222082dbc8943b448fadb406e9057c7a452ac,f1eed059c591e3d226b27ee4195222082dbc8943b448fadb406e9057c7a452ac,1,
random-29,6,"{""arg"":4548}","{""r"":2}",7d80f5a0b16bbdcb38209db5ac25000bbd7ce32f9673d35a13768689a0824f95,7d80f5a0b16bbdcb38209db5ac25000bbd7ce32f9673d35a13768689a0824f95,1,
random-29,7,"{""arg"":4549}","{""r"":3}",e24739e8b24dcc5b638ace1310ce1e9f963de161d50e68dfee99d2eaf38bbd0c,e24739e8b24dcc5b638ace1310ce1e9f963de161d50e68dfee99d2eaf38bbd0c,1,
random-30,0,"{""arg"":4559}","{""r"":-4}",a11d8d6c875170107a550d73161181870fe6aa066a30df6790d4aafbf1d2fabd,a11d8d6c875170107a550d73161181870fe6aa066a30df6790d4aafbf1d2fabd,1,
random-30,1,"{""arg"":4560}","{""r"":-3}",f9db5d75e7c45c8aa9b0ab80d1d1f9c9176f335586aed820d757a619ec8b7b55,f9db5d75e7c45c8aa9b0ab80d1d1f9c9176f335586aed820d757a619ec8b7b55,1,
random-30,2,"{""arg"":4561}","{""r"":-2}",bb1d96bfe3d8b02efc2d0df501bc4f02e5566cd66054ebc2e6b6c186c14771cd,bb1d96bfe3d8b02efc2d0df501bc4f02e5566cd66054ebc2e6b6c186c14771cd,1,
random-30,3,"{""arg"":4562}","{""r"":-1}",03fa677e93912bee581ab228cf3aa2ae151908e0da9d515619d062ea6ead88f7,03fa677e93912bee581ab228cf3aa2ae151908e0da9d515619d062ea6ead88f7,1,
random-30,4,"{""arg"":4563}","{""r"":0}",da2374fc196b5a62b7f0211f54e750d59314d75feeff5fa10bc2b8664a46476f,da2374fc196b5a62b7f0211f54e750d59314d75feeff5fa10bc2b8664a46476f,1,
random-30,5,"{""arg"":4564}","{""r"":1}",29ccc1f24f4f9729e1ce7f4a60cc439a6abcd0b662f9db8eba13bab8edf4fd63,29ccc1f24f4f9729e1ce7f4a60cc439a6abcd0b662f9db8eba13bab8edf4fd63,1,
random-30,6,"{""arg"":4565}","{""r"":2}",cecf5a48c0707cbcdd5c95a7a48343093be2fbdbd14e8d867335f8c176305acf,cecf5a48c0707cbcdd5c95a7a48343093be2fbdbd14e8d867335f8c176305acf,1,
random-30,7,"{""arg"":4566}","{""r"":3}",8474df9101a8c44b260ac746f93f0ad4761fefdcbcc40285795c1b3378d938ef,8474df9101a8c44b260ac746f93f0ad4761fefdcbcc40285795c1b3378d938ef,1,
random-31,0,"{""arg"":4576}","{""r"":-4}",21c891c57c546d2c234e759b6411227c2472a071e9f62cecff9cd01a59ce06da,21c891c57c546d2c234e759b6411227c2472a071e9f62cecff9cd01a59ce06da,1,
random-31,1,"{""arg"":4577}","{""r"":-3}",5287cc0f809e5571855e93439259f0ef5213f265b25301efd85c9fd42b17afbe,5287cc0f809e5571855e93439259f0ef5213f265b25301efd85c9fd42b17afbe,1,
random-31,2,"{""arg"":4578}","{""r"":-2}",e64819bbab81675791e289049fe317412d53c7c33944733c281870ad4db41d39,e64819bbab81675791e289049fe317412d53c7c33944733c281870ad4db41d39,1,
random-31,3,"{""arg"":4579}","{""r"":-1}",1ab52ed351c8688bd671cd893f49e51f089e18ed69f2c04eb959b3bfe96b539e,1ab52ed351c8688bd671cd893f49e51f089e18ed69f2c04eb959b3bfe96b539e,1,
random-31,4,"{""arg"":4580}","{""r"":0}",da7c318031ff071c108e2b5cd30b4ecd729d2ee098c302011f758592dab42887,da7c318031ff071c108e2b5cd30b4ecd729d2ee098c302011f758592dab42887,1,
random-31,5,"{""arg"":4581}","{""r"":1}",68883f3c19cdeb3a25058b93c089b2844061fd20205cdb53d0dc2d8285f416b0,68883f3c19cdeb3a25058b93c089b2844061fd20205cdb53d0dc2d8285f416b0,1,
random-31,6,"{""arg"":4582}","{""r"":2}",004ec44c8d8b4f45134733e1996efb559ef8089e782a6c32f5e01705a86141ba,004ec44c8d8b4f45134733e1996efb559ef8089e782a6c32f5e01705a86141ba,1,
random-31,7,"{""arg"":4583}","{""r"":3}",d1d57a8ff266ceb833fdb01ae42910c78a84a8058814b9144cb834bd51c3d670,d1d57a8ff266ceb833fdb01ae42910c78a84a8058814b9144cb834bd51c3d670,1,
random-32,0,"{""arg"":4593}","{""r"":-4}",95d80f5060a3298b83ddc2f3c1e2917339b5577f05769db53534875bbdfc9c45,95d80f5060a3298b83ddc2f3c1e2917339b5577f05769db53534875bbdfc9c45,1,
random-32,1,"{""arg"":4594}","{""r"":-3}",09b4321daf0e0855cb35773f1c63c87183ed83c577bdc1f31d102d0aeb94a686,09b4321daf0e0855cb35773f1c63c87183ed83c577bdc1f31d102d0aeb94a686,1,
random-32,2,"{""arg"":4595}","{""r"":-2}",b8d6fec900bdc9aa0c73c93f6853f1ae8c11c6869d4e5e1e952761e3047348cc,b8d6fec900bdc9aa0c73c93f6853f1ae8c11c6869d4e5e1e952761e3047348cc,1,
random-32,3,"{""arg"":4596}","{""r"":-1}",1bf8e28cdf9501d6b13186e9e5153537d0a33da34af049d8068530019be458e8,1bf8e28cdf9501d6b13186e9e5153537d0a33da34af049d8068530019be458e8,1,
random-32,4,"{""arg"":4597}","{""r"":0}",a79ee85e4be87cfc7cd980dc5a95ddf141965ff6a73a196a8a72f2728911ed19,a79ee85e4be87cfc7cd980dc5a95ddf141965ff6a73a196a8a72f2728911ed19,1,
random-32,5,"{""arg"":4598}","{""r"":1}",a66a963964fd1b4935561d6b63855df6baa55ac2a36356502f2501cedee5d088,a66a963964fd1b4935561d6b63855df6baa55ac2a36356502f2501cedee5d088,1,
random-32,6,"{""arg"":4599}","{""r"":2}",87003884bda07915267ad07a970a25ab18d36a1bc6b787ed39a009fbfa34e711,87003884bda07915267ad07a970a25ab18d36a1bc6b787ed39a009fbfa34e711,1,
random-32,7,"{""arg"":4600}","{""r"":3}",331117c72670295dc1382df73385d36b34bc34ed079c61d82f4d5c62a93598d6,331117c72670295dc1382df73385d36b34bc34ed079c61d82f4d5c62a93598d6,1,
random-33,0,"{""arg"":4610}","{""r"":-4}",69b2c54347d069405e735595fa7ce741dd7be4309bc9de80cf8a6a9a0b28fc3f,69b2c54347d069405e735595fa7ce741dd7be4309bc9de80cf8a6a9a0b28fc3f,1,
random-33,1,"{""arg"":4611}","{""r"":-3}",4642236d6f67decfcb56b7e2215acff59d0f8435b890479d553325eaf16eecf6,4642236d6f67decfcb56b7e2215acff59d0f8435b890479d553325eaf16eecf6,1,
random-33,2,"{""arg"":4612}","{""r"":-2}",819bb1048fc35deb5a591e9eba558cbad24816a2401bab8592d28f9e02e784b0,819bb1048fc35deb5a591e9eba558cbad24816a2401bab8592d28f9e02e784b0,1,
random-33,3,"{""arg"":4613}","{""r"":-1}",0bbb330c605fa74cc107614b79a4be554efd7bcf98466f3611eb46f58cfec424,0bbb330c605fa74cc107614b79a4be554efd7bcf98466f3611eb46f58cfec424,1,
random-33,4,"{""arg"":4614}","{""r"":0}",b792182689b9bc29e41eb285fc21b639407f804ecea2352a8d9edaba2c2d9abd,b792182689b9bc29e41eb285fc21b639407f804ecea2352a8d9edaba2c2d9abd,1,
random-33,5,"{""arg"":4615}","{""r"":1}",b94d50f2250f5586c9918daf67253eaa368b28d9dc363032715720af7d98e414,b94d50f2250f5586c9918daf67253eaa368b28d9dc363032715720af7d98e414,1,
random-33,6,"{""arg"":4616}","{""r"":2}",aa66610a24f9b9866aa55b3f11a996fc13f86d75155fc24d25408ccdd2289d51,aa66610a24f9b9866aa55b3f11a996fc13f86d75155fc24d25408ccdd2289d51,1,
random-33,7,"{""arg"":4617}","{""r"":3}",cde1dedd54fb46fdd9ad39aa446c9d05411a6e520137060203f55034211bf2d0,cde1dedd54fb46fdd9ad39aa446c9d05411a6e520137060203f55034211bf2d0,1,
random-34,0,"{""arg"":4627}","{""r"":-4}",f3f73a3672a948337d426a33c1354efeb058ac3b903971c4bb16239ff6dd3063,f3f73a3672a948337d426a33c1354efeb058ac3b903971c4bb16239ff6dd3063,1,
random-34,1,"{""arg"":4628}","{""r"":-3}",939bc4866850f2ee1d21b58db428998a3a74d8736c06d00b62dd6da9e1341f62,939bc4866850f2ee1d21b58db428998a3a74d8736c06d00b62dd6da9e1341f62,1,
random-34,2,"{""arg"":4629}","{""r"":-2}",77c34a75a736a8b89d5ac0dbd33b936841a2e7431a951bdf0d0ca68d29ff7f32,77c34a75a736a8b89d5ac0dbd33b936841a2e7431a951bdf0d0ca68d29ff7f32,1,
random-34,3,"{""arg"":4630}","{""r"":-1}",1c12eb5a4b21fe44571ad64dae33b38e67daa82da529bdbf4225cd59d8815845,1c12eb5a4b21fe44571ad64dae33b38e67daa82da529bdbf4225cd59d8815845,1,
random-34,4,"{""arg"":4631}","{""r"":0}",4c092d01391f676855faed8d6441281df30e307998a0cef26535e17e6a229cc5,4c092d01391f676855faed8d6441281df30e307998a0cef26535e17e6a229cc5,1,
random-34,5,"{""arg"":4632}","{""r"":1}",5d5912b3534b95a098b029dde7d3f0cc2aad7947cf494573957d7c59513deeec,5d5912b3534b95a098b029dde7d3f0cc2aad7947cf494573957d7c59513deeec,1,
random-34,6,"{""arg"":4633}","{""r"":2}",54f1a7293b6c10ce068ff4dc3c4d79e2c47682128aef0b0faa9b3a8b43249183,54f1a7293b6c10ce068ff4dc3c4d79e2c47682128aef0b0faa9b3a8b43249183,1,
random-34,7,"{""arg"":4634}","{""r"":3}",e0c68b9dc5fde4ac3e4258219da28d6b63b32712faa6eff2720bcab79b390614,e0c68b9dc5fde4ac3e4258219da28d6b63b32712faa6eff2720bcab79b390614,1,
random-35,0,"{""arg"":4644}","{""r"":-4}",3a098080c51f70637f46b02d9110e366178f8e9085983cb9ab280af181ebd833,3a098080c51f70637f46b02d9110e366178f8e9085983cb9ab280af181ebd833,1,
random-35,1,"{""arg"":4645}","{""r"":-3}",94951b1510570fb18c90dd28ab5c8f0e13af37e58d8e1d16a98c163b0f3f3db8,94951b1510570fb18c90dd28ab5c8f0e13af37e58d8e1d16a98c163b0f3f3db8,1,
random-35,2,"{""arg"":4646}","{""r"":-2}",493c2716ffaf85404430d1114198895a48a980a5383e736cddd23e0f6373561f,493c2716ffaf85404430d1114198895a48a980a5383e736cddd23e0f6373561f,1,
random-35,3,"{""arg"":4647}","{""r"":-1}",4614bb8574963e0e1fecd1bb1e567492c31078f994c424b46500cbe2b6df2d26,4614bb8574963e0e1fecd1bb1e567492c31078f994c424b46500cbe2b6df2d26,1,
random-35,4,"{""arg"":4648}","{""r"":0}",9946e554743477cc35f193ca85f13e5e2b7363e89b0857370ba37a48e2a85dba,9946e554743477cc35f193ca85f13e5e2b7363e89b0857370ba37a48e2a85dba,1,
random-35,5,"{""arg"":4649}","{""r"":1}",ed12caa07f0b0158c493f29977976781fb01817c139f9d051d3f11ef98f213dd,ed12caa07f0b0158c493f29977976781fb01817c139f9d051d3f11ef98f213dd,1,
random-35,6,"{""arg"":4650}","{""r"":2}",23331defe2e540c7a43d482a605b33ed3e6668bbc2415cf8999c13defe4f6042,23331defe2e540c7a43d482a605b33ed3e6668bbc2415cf8999c13defe4f6042,1,
random-35,7,"{""arg"":4651}","{""r"":3}",c4cbcb3118ab0113b1ce5db433afc5db453bfef6ae1b1bbd7c5afcb18dfb4711,c4cbcb3118ab0113b1ce5db433afc5db453bfef6ae1b1bbd7c5afcb18dfb4711,1,
random-36,0,"{""arg"":4661}","{""r"":-4}",f7c9d6dc29f87b1a284ba6d9d4ffc7a7aca7ff3f1c80b4ec80712be58973bbe9,f7c9d6dc29f87b1a284ba6d9d4ffc7a7aca7ff3f1c80b4ec80712be58973bbe9,1,
random-36,1,"{""arg"":4662}","{""r"":-3}",787d0a89cdc41e66bcfaa7f4af34217d8494a0c8da84973f4d58128b90f3b8ec,787d0a89cdc41e66bcfaa7f4af34217d8494a0c8da84973f4d58128b90f3b8ec,1,
random-36,2,"{""arg"":4663}","{""r"":-2}",10bcfb494f69c96931d1a598d0f1bd381a198e558227e58a52cca136e4c59f1e,10bcfb494f69c96931d1a598d0f1bd381a198e558227e58a52cca136e4c59f1e,1,
random-36,3,"{""arg"":4664}","{""r"":-1}",5c1670e0789ab4ecdde6e7f073a13e5d296ae4ae587418e641e448630a7abb2d,5c1670e0789ab4ecdde6e7f073a13e5d296ae4ae587418e641e448630a7abb2d,1,
random-36,4,"{""arg"":4665}","{""r"":0}",5b591498b258d1a1f4c00d00603b7423124bafde3864e18c4a41c00a2c50a2c9,5b591498b258d1a1f4c00d00603b7423124bafde3864e18c4a41c00a2c50a2c9,1,
random-36,5,"{""arg"":4666}","{""r"":1}",3b992c5cdd5daa23e901c620523f5c111069253f63090206852b45f9483cc779,3b992c5cdd5daa23e901c620523f5c111069253f63090206852b45f9483cc779,1,
random-36,6,"{""arg"":4667}","{""r"":2}",e74c9259bc37ee26afa959189c04c3c05a07db82b0937ff2b51434a37e468e9d,e74c9259bc37ee26afa959189c04c3c05a07db82b0937ff2b51434a37e468e9d,1,
random-36,7,"{""arg"":4668}","{""r"":3}",b3087e1216957013f46652413053f66c490c4a79c0f1065d967aaf5952d2d63f,b3087e1216957013f46652413053f66c490c4a79c0f1065d967aaf5952d2d63f,1,
random-37,0,"{""arg"":4678}","{""r"":-4}",ebbb64f373091638f954feb9827be307e46bdf25f34692a873c98ae2da15b57d,ebbb64f373091638f954feb9827be307e46bdf25f34692a873c98ae2da15b57d,1,
random-37,1,"{""arg"":4679}","{""r"":-3}",163ea91273b963359429b420728937896d0787aec6517ec04210519594d2dda4,163ea91273b963359429b420728937896d0787aec6517ec04210519594d2dda4,1,
random-37,2,"{""arg"":4680}","{""r"":-2}",a85847a499a15bb1e2b83de017c16464658d6ba2ad2f6dec57a95ad3285a06bd,a85847a499a15bb1e2b83de017c16464658d6ba2ad2f6dec57a95ad3285a06bd,1,
random-37,3,"{""arg"":4681}","{""r"":-1}",164ae8618ad4435efdb1275d14130b0c37e7c2809646c7770b0f7f5eb1b2227e,164ae8618ad4435efdb1275d14130b0c37e7c2809646c7770b0f7f5eb1b2227e,1,
random-37,4,"{""arg"":4682}","{""r"":0}",3a4d09c492d4746795959bbda44071cb1a5d3d2cd57a8a7bfe40a7dd4aeea4fe,3a4d09c492d4746795959bbda44071cb1a5d3d2cd57a8a7bfe40a7dd4aeea4fe,1,
random-37,5,"{""arg"":4683}","{""r"":1}",3becd35af4c0962744c35cfbecfc0f5d133b26d7888864d52b91d88e6243ecec,3becd35af4c0962744c35cfbecfc0f5d133b26d7888864d52b91d88e6243ecec,1,
random-37,6,"{""arg"":4684}","{""r"":2}",14d4502a3a4cf4ab25bec6ee6bd1b29ad43380aeb206634529aeca8b6f30be89,14d4502a3a4cf4ab25bec6ee6bd1b29ad43380aeb206634529aeca8b6f30be89,1,
random-37,7,"{""arg"":4685}","{""r"":3}",db8ab3a79eb2a3280c315cbdc2e3f6662a703285c19aeb02a667881dd2dd1bf8,db8ab3a79eb2a3280c315cbdc2e3f6662a703285c19aeb02a667881dd2dd1bf8,1,
random-38,0,"{""arg"":4695}","{""r"":-4}",4a89c081c9e692e1db6e089d78392535893106bc06e2bd66dd885b3a64db23ca,4a89c081c9e692e1db6e089d78392535893106bc06e2bd66dd885b3a64db23ca,1,
random-38,1,"{""arg"":4696}","{""r"":-3}",6fa91fa47f77a7e55abbaeea721d795519946e96098705c4a2754e185da5be50,6fa91fa47f77a7e55abbaeea721d795519946e96098705c4a2754e185da5be50,1,
random-38,2,"{""arg"":4697}","{""r"":-2}",355c85f5ff8141319e14ec96aa99a49acc1dae5d7afd8381adc3ec78f60a6a44,355c85f5ff8141319e14ec96aa99a49acc1dae5d7afd8381adc3ec78f60a6a44,1,
random-38,3,"{""arg"":4698}","{""r"":-1}",3546f7cbdb916c6b2f3b1942c21bf26fd315c5af708282e42ce9e01032ef8133,3546f7cbdb916c6b2f3b1942c21bf26fd315c5af708282e42ce9e01032ef8133,1,
random-38,4,"{""arg"":4699}","{""r"":0}",6f1ed92e6da933049abb6d5f221541bedb92c284b5ba040509eb82bfeabcf5cb,6f1ed92e6da933049abb6d5f221541bedb92c284b5ba040509eb82bfeabcf5cb,1,
random-38,5,"{""arg"":4700}","{""r"":1}",d39f602a983c6abb57e1c489f47aeab27ab15381cde61aa1c18e1ede7486151a,d39f602a983c6abb57e1c489f47aeab27ab15381cde61aa1c18e1ede7486151a,1,
random-38,6,"{""arg"":4701}","{""r"":2}",21f7b20a46150656f377c0dd03342788ba61fd7d7cb9e54e81db389b2a6ea9f6,21f7b20a46150656f377c0dd03342788ba61fd7d7cb9e54e81db389b2a6ea9f6,1,
random-38,7,"{""arg"":4702}","{""r"":3}",38a7c56375bc687150f759644b24d43612ae0e673d8fc90c861e73b40a46e708,38a7c56375bc687150f759644b24d43612ae0e673d8fc90c861e73b40a46e708,1,
random-39,0,"{""arg"":4712}","{""r"":-4}",1ec38b518297a8d53d6a4f9fee57118ae8a68db3798a555dd6fbdf238b619528,1ec38b518297a8d53d6a4f9fee57118ae8a68db3798a555dd6fbdf238b619528,1,
random-39,1,"{""arg"":4713}","{""r"":-3}",25d9ba40eda2894c4ca5313b7a6c6dc5a9527cf3feab482ff960f7bf8ccb16a8,25d9ba40eda2894c4ca5313b7a6c6dc5a9527cf3feab482ff960f7bf8ccb16a8,1,
random-39,2,"{""arg"":4714}","{""r"":-2}",4b755448560041d7b47ec2bc20f5ecf86e725389002430433aaa31fcbc4042ac,4b755448560041d7b47ec2bc20f5ecf86e725389002430433aaa31fcbc4042ac,1,
random-39,3,"{""arg"":4715}","{""r"":-1}",81a9069bbdf8d05a6253349d23cd0aa5063d9ef71ee83207b049f64fc999616d,81a9069bbdf8d05a6253349d23cd0aa5063d9ef71ee83207b049f64fc999616d,1,
random-39,4,"{""arg"":4716}","{""r"":0}",2d9398aef453549e14b63360041e53dfccea0dfb69530b4b73cfcece34715c7c,2d9398aef453549e14b63360041e53dfccea0dfb69530b4b73cfcece34715c7c,1,
random-39,5,"{""arg"":4717}","{""r"":1}",4b9a028184ba2dc0c56339d1458e6ea92eef0e891c914cfe572cb01ab693f8ac,4b9a028184ba2dc0c56339d1458e6ea92eef0e891c914cfe572cb01ab693f8ac,1,
random-39,6,"{""arg"":4718}","{""r"":2}",1a1a448e122282dbdbcc5964e41f052e3fe2f29a54da8ffd6475e5236f3ae2ff,1a1a448e122282dbdbcc5964e41f052e3fe2f29a54da8ffd6475e5236f3ae2ff,1,
random-39,7,"{""arg"":4719}","{""r"":3}",35ac2b8c63ab3c7d6164feea1301dd9c03eb65664e57af72b27c524ed96aa9e2,35ac2b8c63ab3c7d6164feea1301dd9c03eb65664e57af72b27c524ed96aa9e2,1,
state-conflict-control-00,0,"{""arg"":4729}","{""r"":-4}",b234636d58bdc2c8230957961ad38699c42210700c4bebb496f729652d22af33,b234636d58bdc2c8230957961ad38699c42210700c4bebb496f729652d22af33,1,
state-conflict-control-00,1,"{""arg"":4730}","{""r"":-3}",381c49857d5e5b4b375a5d9388943d8bb1da49107489d0752d01955dacd2a344,381c49857d5e5b4b375a5d9388943d8bb1da49107489d0752d01955dacd2a344,1,
state-conflict-control-00,2,"{""arg"":4731}","{""r"":-2}",e146a1a09629ea4950e4ca4586b56fafb22fab2e9e9ce6e2822d0befb69bcca1,e146a1a09629ea4950e4ca4586b56fafb22fab2e9e9ce6e2822d0befb69bcca1,1,
state-conflict-control-00,3,"{""arg"":4732}","{""r"":-1}",daa4219b5fc03b5eb92975804dcab0202d9f168b3b2543823ea83dbdc7ab4b99,daa4219b5fc03b5eb92975804dcab0202d9f168b3b2543823ea83dbdc7ab4b99,1,
state-conflict-control-00,4,"{""arg"":4733}","{""r"":0}",b3b7940d59ff275bafcd2149644ed83344c10e2c8008a27165821f6c506245ad,b3b7940d59ff275bafcd2149644ed83344c10e2c8008a27165821f6c506245ad,1,
state-conflict-control-00,5,"{""arg"":4734}","{""r"":1}",10a7376167f89acaa9e8dc254cfa9ee56a3993eb089e30cd032ac52558ecfe98,10a7376167f89acaa9e8dc254cfa9ee56a3993eb089e30cd032ac52558ecfe98,1,
state-conflict-control-00,6,"{""arg"":4735}","{""r"":2}",0a869d0995db8edb2290b7ccc140e5a7a26391a8d1d18a51d067edbf798c737e,0a869d0995db8edb2290b7ccc140e5a7a26391a8d1d18a51d067edbf798c737e,1,
state-conflict-control-00,7,"{""arg"":4736}","{""r"":3}",5777fc43f48288f6b9031e060d204cf38ac378a8f1c7c51ea6879979c54893e6,5777fc43f48288f6b9031e060d204cf38ac378a8f1c7c51ea6879979c54893e6,1,
state-conflict-control-01,0,"{""arg"":4746}","{""r"":-4}",66774fe81bd2fe51d89191d552c224f68f612325ff58c2339a9a5e6b7ae26a05,66774fe81bd2fe51d89191d552c224f68f612325ff58c2339a9a5e6b7ae26a05,1,
state-conflict-control-01,1,"{""arg"":4747}","{""r"":-3}",fdddb0e31abb2ddacbb0f43e5e9cd06165edb882ed2e84ba26ac22f3ad723822,fdddb0e31abb2ddacbb0f43e5e9cd06165edb882ed2e84ba26ac22f3ad723822,1,
state-conflict-control-01,2,"{""arg"":4748}","{""r"":-2}",06f651496d39fbbf46224778e5bea7877ddfc9f8c019830bb3d7b4ddfe738879,06f651496d39fbbf46224778e5bea7877ddfc9f8c019830bb3d7b4ddfe738879,1,
state-conflict-control-01,3,"{""arg"":4749}","{""r"":-1}",fdc1460059f6f75fe527a5c0c64781ffe5b65f3834304b902790aceb7872d226,fdc1460059f6f75fe527a5c0c64781ffe5b65f3834304b902790aceb7872d226,1,
state-conflict-control-01,4,"{""arg"":4750}","{""r"":0}",454e812ba0cbc37298a8188358e58f4b9d13d2bab7a046016f86433065d45d8a,454e812ba0cbc37298a8188358e58f4b9d13d2bab7a046016f86433065d45d8a,1,
state-conflict-control-01,5,"{""arg"":4751}","{""r"":1}",7522a259d2c381fc51dbc1a3af027d6ec71b3df259fa741cbc000a8de139d70f,7522a259d2c381fc51dbc1a3af027d6ec71b3df259fa741cbc000a8de139d70f,1,
state-conflict-control-01,6,"{""arg"":4752}","{""r"":2}",ea2caf913f0a352182a68056c7a12fe2a9a2927d5753db1a918ec367a604d982,ea2caf913f0a352182a68056c7a12fe2a9a2927d5753db1a918ec367a604d982,1,
state-conflict-control-01,7,"{""arg"":4753}","{""r"":3}",408f98206d5cc9fe925727904ca8539d76f093bffc510140a794aa0d632c10d7,408f98206d5cc9fe925727904ca8539d76f093bffc510140a794aa0d632c10d7,1,
state-conflict-control-02,0,"{""arg"":4763}","{""r"":-4}",34decdbf52a6daadb4d873fd5363e3b39274996b33e1738d4391725c2e687ff3,34decdbf52a6daadb4d873fd5363e3b39274996b33e1738d4391725c2e687ff3,1,
state-conflict-control-02,1,"{""arg"":4764}","{""r"":-3}",f600f99519b9fdd933907792fef25c0d354ff9e42be284ec7ebc3030a6ee5d19,f600f99519b9fdd933907792fef25c0d354ff9e42be284ec7ebc3030a6ee5d19,1,
state-conflict-control-02,2,"{""arg"":4765}","{""r"":-2}",3681274fd0ef3ffeea55419bb7f0047f4f0a174ac4993e69f841ebb44c47ef04,3681274fd0ef3ffeea55419bb7f0047f4f0a174ac4993e69f841ebb44c47ef04,1,
state-conflict-control-02,3,"{""arg"":4766}","{""r"":-1}",f96e62617404d31f3b699835ecfcb4c6c71794d02191f6115bd71e9734ed9910,f96e62617404d31f3b699835ecfcb4c6c71794d02191f6115bd71e9734ed9910,1,
state-conflict-control-02,4,"{""arg"":4767}","{""r"":0}",c94ae149ea8d4f153780ca9d847ef2635ab8caeb2fcee76b170f4a8354bb1f37,c94ae149ea8d4f153780ca9d847ef2635ab8caeb2fcee76b170f4a8354bb1f37,1,
state-conflict-control-02,5,"{""arg"":4768}","{""r"":1}",e4b17ae1966114ef989578940b41139ffc02b667c4bca265ec0d38bbbe500d7e,e4b17ae1966114ef989578940b41139ffc02b667c4bca265ec0d38bbbe500d7e,1,
state-conflict-control-02,6,"{""arg"":4769}","{""r"":2}",b8484862acc6e02d608aa0b949fcc16eaa7293ef35dcf6e6f2c456b5592e957b,b8484862acc6e02d608aa0b949fcc16eaa7293ef35dcf6e6f2c456b5592e957b,1,
state-conflict-control-02,7,"{""arg"":4770}","{""r"":3}",60c3b72b50e157ea9deb46f5e1b52e161c44be4779507e962aa82d72296e1b10,60c3b72b50e157ea9deb46f5e1b52e161c44be4779507e962aa82d72296e1b10,1,
state-conflict-control-03,0,"{""arg"":4780}","{""r"":-4}",0a6e5e3c37c8a96e399c2f23a28b0ef1bd101874206637e402dafd832d1b75f6,0a6e5e3c37c8a96e399c2f23a28b0ef1bd101874206637e402dafd832d1b75f6,1,
state-conflict-control-03,1,"{""arg"":4781}","{""r"":-3}",d1da2ead15aaaf15fd6eb6255aa280c2dab03d1cb54618ba9b4f1bfc1a94f4d1,d1da2ead15aaaf15fd6eb6255aa280c2dab03d1cb54618ba9b4f1bfc1a94f4d1,1,
state-conflict-control-03,2,"{""arg"":4782}","{""r"":-2}",13a3f0a5c708bcbde34827c9da34809e873de3ab3821ead639431bdd5f356777,13a3f0a5c708bcbde34827c9da34809e873de3ab3821ead639431bdd5f356777,1,
state-conflict-control-03,3,"{""arg"":4783}","{""r"":-1}",860e636ac24438ade9835621d48dbe87ce4026d1ce78b23c92d9110b2f42a292,860e636ac24438ade9835621d48dbe87ce4026d1ce78b23c92d9110b2f42a292,1,
state-conflict-control-03,4,"{""arg"":4784}","{""r"":0}",d380d45f2b359367b21f9cad6037ddf22ef40100b590a9352cbdb8d0e16ceae7,d380d45f2b359367b21f9cad6037ddf22ef40100b590a9352cbdb8d0e16ceae7,1,
state-conflict-control-03,5,"{""arg"":4785}","{""r"":1}",735ea464744bb8e35a8fc8b3e481d4da06914c38e644e1e3dbeea7eb7842f524,735ea464744bb8e35a8fc8b3e481d4da06914c38e644e1e3dbeea7eb7842f524,1,
state-conflict-control-03,6,"{""arg"":4786}","{""r"":2}",af5a5e7fca3bce941c075f50685ba3a1d2884a0489e62ec68cb92344670bacc2,af5a5e7fca3bce941c075f50685ba3a1d2884a0489e62ec68cb92344670bacc2,1,
state-conflict-control-03,7,"{""arg"":4787}","{""r"":3}",ff8b36a2a28a430cd78342a685379e4498eace52018cf71b0d2a651372a5a430,ff8b36a2a28a430cd78342a685379e4498eace52018cf71b0d2a651372a5a430,1,
state-conflict-control-04,0,"{""arg"":4797}","{""r"":-4}",df1b061f12cac46362ce2a82b7ca0e5143b5f0d3ef51606296d674afc283b2b7,df1b061f12cac46362ce2a82b7ca0e5143b5f0d3ef51606296d674afc283b2b7,1,
state-conflict-control-04,1,"{""arg"":4798}","{""r"":-3}",37211f4277ac380423e47b1fed112b2a0059671a99e702de8cefeb527afa7518,37211f4277ac380423e47b1fed112b2a0059671a99e702de8cefeb527afa7518,1,
state-conflict-control-04,2,"{""arg"":4799}","{""r"":-2}",444f3c57cc7b88da00a8fbf7386ea651f9096844a6136200d9aaa5493de046b8,444f3c57cc7b88da00a8fbf7386ea651f9096844a6136200d9aaa5493de046b8,1,
state-conflict-control-04,3,"{""arg"":4800}","{""r"":-1}",cf2766c1c8e6007b9e4ce3a7e4efe7472778350320771646293646c1d3e82c8e,cf2766c1c8e6007b9e4ce3a7e4efe7472778350320771646293646c1d3e82c8e,1,
state-conflict-control-04,4,"{""arg"":4801}","{""r"":0}",b6fd5516492c8c53dd5436226a14b8a7b78440b0b45b0ac7e3d40d672811d892,b6fd5516492c8c53dd5436226a14b8a7b78440b0b45b0ac7e3d40d672811d892,1,
state-conflict-control-04,5,"{""arg"":4802}","{""r"":1}",7b367b92a73b6fcea43412f9ad2a78b484cbdac93cfb19df8bdaf69e95cb308c,7b367b92a73b6fcea43412f9ad2a78b484cbdac93cfb19df8bdaf69e95cb308c,1,
state-conflict-control-04,6,"{""arg"":4803}","{""r"":2}",afafbeb0176f373b6648b3c91ccf2638b24433cfab247670e4db435502fa7943,afafbeb0176f373b6648b3c91ccf2638b24433cfab247670e4db435502fa7943,1,
state-conflict-control-04,7,"{""arg"":4804}","{""r"":3}",b054e822ef3024dfa6107aff4e6075d28be9dcf3abeb9b2b54031b70d418308c,b054e822ef3024dfa6107aff4e6075d28be9dcf3abeb9b2b54031b70d418308c,1,
state-conflict-control-05,0,"{""arg"":4814}","{""r"":-4}",574cab1d413848285a841db55f90496f34b2c471283451a36b7100416fd10fde,574cab1d413848285a841db55f90496f34b2c471283451a36b7100416fd10fde,1,
state-conflict-control-05,1,"{""arg"":4815}","{""r"":-3}",bbbb2c5a7488deba0afa696cbe488d4c98f90d5dbd39168136651bbdda404313,bbbb2c5a7488deba0afa696cbe488d4c98f90d5dbd39168136651bbdda404313,1,
state-conflict-control-05,2,"{""arg"":4816}","{""r"":-2}",dc8d8ebc1ad93995f11c0e2bf5fe874440508b4ddc1202d7a0a1a52b5aaf33b1,dc8d8ebc1ad93995f11c0e2bf5fe874440508b4ddc1202d7a0a1a52b5aaf33b1,1,
state-conflict-control-05,3,"{""arg"":4817}","{""r"":-1}",4421e724c5c4ce769fd92610c517ec2b979747434ea7163d791e68f8f31a7cce,4421e724c5c4ce769fd92610c517ec2b979747434ea7163d791e68f8f31a7cce,1,
state-conflict-control-05,4,"{""arg"":4818}","{""r"":0}",ad0ce74b9d95f9d4771bbde2c7e61d50e7e744f4433f2155ae3082c0c1f1f370,ad0ce74b9d95f9d4771bbde2c7e61d50e7e744f4433f2155ae3082c0c1f1f370,1,
state-conflict-control-05,5,"{""arg"":4819}","{""r"":1}",758f6368a0a5a294aa42a71d5ab898079cb49bfb998a3317ad3c4e9cf959bbe7,758f6368a0a5a294aa42a71d5ab898079cb49bfb998a3317ad3c4e9cf959bbe7,1,
state-conflict-control-05,6,"{""arg"":4820}","{""r"":2}",ac7215cf82359ec8d1e93489a51a4c71aa776ed8e48b5c299fa80721e7a62a94,ac7215cf82359ec8d1e93489a51a4c71aa776ed8e48b5c299fa80721e7a62a94,1,
state-conflict-control-05,7,"{""arg"":4821}","{""r"":3}",37ce06192476740178b51e5a4406b787344a82fc7d19c7cbc73d0e041ab164bb,37ce06192476740178b51e5a4406b787344a82fc7d19c7cbc73d0e041ab164bb,1,
state-conflict-control-06,0,"{""arg"":4831}","{""r"":-4}",b9e7389a8b9355c0adbd5de78eddbbfaa3e3ae46c7b766ae0b78e475090eb55c,b9e7389a8b9355c0adbd5de78eddbbfaa3e3ae46c7b766ae0b78e475090eb55c,1,
state-conflict-control-06,1,"{""arg"":4832}","{""r"":-3}",9c9e1f141ab9eae630b8e1c65ee895b72b642fb89e9be86fa0110a3cb027e544,9c9e1f141ab9eae630b8e1c65ee895b72b642fb89e9be86fa0110a3cb027e544,1,
state-conflict-control-06,2,"{""arg"":4833}","{""r"":-2}",b0879dba9b2300519a306f963b0e6059d08d02a15b2c8a6f36b43f3b0510aa91,b0879dba9b2300519a306f963b0e6059d08d02a15b2c8a6f36b43f3b0510aa91,1,
state-conflict-control-06,3,"{""arg"":4834}","{""r"":-1}",0747da27a16a0d67fc7caa52b92aae7cdb31f081b53e45cf6212462e9c554898,0747da27a16a0d67fc7caa52b92aae7cdb31f081b53e45cf6212462e9c554898,1,
state-conflict-control-06,4,"{""arg"":4835}","{""r"":0}",7401bcb1868328b0f6707debfeb7531feb505dd759d905985cda65e890de1529,7401bcb1868328b0f6707debfeb7531feb505dd759d905985cda65e890de1529,1,
state-conflict-control-06,5,"{""arg"":4836}","{""r"":1}",afcc4c7f4c58c20c1e401a6fa6d50551b1838a7408a69e7ab8bd0236742fa9d3,afcc4c7f4c58c20c1e401a6fa6d50551b1838a7408a69e7ab8bd0236742fa9d3,1,
state-conflict-control-06,6,"{""arg"":4837}","{""r"":2}",acfc88c461dd4b2bdb3d5ecb1a6c5ed1c2d7f0b79794fe748e66e065dd8fda5e,acfc88c461dd4b2bdb3d5ecb1a6c5ed1c2d7f0b79794fe748e66e065dd8fda5e,1,
state-conflict-control-06,7,"{""arg"":4838}","{""r"":3}",937d3672b332a5498583b6707f1e26bdafc498196768fe910be0a5d4d08ac610,937d3672b332a5498583b6707f1e26bdafc498196768fe910be0a5d4d08ac610,1,
state-conflict-control-07,0,"{""arg"":4848}","{""r"":-4}",123ef33ad09b57c33fece0cc5955008ff34cae652ad57836a96f1d9c6c8ae561,123ef33ad09b57c33fece0cc5955008ff34cae652ad57836a96f1d9c6c8ae561,1,
state-conflict-control-07,1,"{""arg"":4849}","{""r"":-3}",29df01f18a87343595f71a5effcfeb71b230c1d1223bdc91318da767a5b59a9b,29df01f18a87343595f71a5effcfeb71b230c1d1223bdc91318da767a5b59a9b,1,
state-conflict-control-07,2,"{""arg"":4850}","{""r"":-2}",2a08eaaf6ab68cbfc9d94767e27fe4a90cf35003908f1d5a1643117503d9a73a,2a08eaaf6ab68cbfc9d94767e27fe4a90cf35003908f1d5a1643117503d9a73a,1,
state-conflict-control-07,3,"{""arg"":4851}","{""r"":-1}",1d0eae6e352ad9c8e3bd3f71f39f2d4abb9c24eddd746f1103606e86911418dd,1d0eae6e352ad9c8e3bd3f71f39f2d4abb9c24eddd746f1103606e86911418dd,1,
state-conflict-control-07,4,"{""arg"":4852}","{""r"":0}",d7c24d08a5c5b9db54aea9bd895b2b9ebe393d0c87fee419660f843aa0f62f29,d7c24d08a5c5b9db54aea9bd895b2b9ebe393d0c87fee419660f843aa0f62f29,1,
state-conflict-control-07,5,"{""arg"":4853}","{""r"":1}",c6b3613dda85bb8f4165e06bab90424ea08716e07dab322510173586c851fa7c,c6b3613dda85bb8f4165e06bab90424ea08716e07dab322510173586c851fa7c,1,
state-conflict-control-07,6,"{""arg"":4854}","{""r"":2}",9e1f76b8b9ab5aea1546802dfa3b985798f422fd5f62e701ad3dd9dab13ad20d,9e1f76b8b9ab5aea1546802dfa3b985798f422fd5f62e701ad3dd9dab13ad20d,1,
state-conflict-control-07,7,"{""arg"":4855}","{""r"":3}",02f2984f91b9f60f1c3471f06eb3fab5d415dd78bcbbef2a5e71345be8e3706c,02f2984f91b9f60f1c3471f06eb3fab5d415dd78bcbbef2a5e71345be8e3706c,1,
state-conflict-control-08,0,"{""arg"":4865}","{""r"":-4}",4f7b35b12b164ae550fd3efaa81abf3e0d2edcf72302009c61781a88cfee3157,4f7b35b12b164ae550fd3efaa81abf3e0d2edcf72302009c61781a88cfee3157,1,
state-conflict-control-08,1,"{""arg"":4866}","{""r"":-3}",429ed87982d279047a435e1daafb5528077ca993af8c8a459d2f7e7dd132754a,429ed87982d279047a435e1daafb5528077ca993af8c8a459d2f7e7dd132754a,1,
state-conflict-control-08,2,"{""arg"":4867}","{""r"":-2}",d629255b8ce82b95cc17ff8d96d59dad0462ecf4983cfd537e81a70a1855c3b6,d629255b8ce82b95cc17ff8d96d59dad0462ecf4983cfd537e81a70a1855c3b6,1,
state-conflict-control-08,3,"{""arg"":4868}","{""r"":-1}",a56a4421e62d3fb37162ce78f9cf2f4ba90cad96128fd47067b601ea5176af2a,a56a4421e62d3fb37162ce78f9cf2f4ba90cad96128fd47067b601ea5176af2a,1,
state-conflict-control-08,4,"{""arg"":4869}","{""r"":0}",bf89536b2c1fad924f1a02e397fcb1b83b8e0ba510b1e3ebd22d74b568d47519,bf89536b2c1fad924f1a02e397fcb1b83b8e0ba510b1e3ebd22d74b568d47519,1,
state-conflict-control-08,5,"{""arg"":4870}","{""r"":1}",c3e72e62dbd29e01df3b6a4f4bbaa9c1ac840604be40edeaff846474fc141f86,c3e72e62dbd29e01df3b6a4f4bbaa9c1ac840604be40edeaff846474fc141f86,1,
state-conflict-control-08,6,"{""arg"":4871}","{""r"":2}",4834437579f4667ed4258a840427c63c679e3367a338ae3f3f591d0bc75fef83,4834437579f4667ed4258a840427c63c679e3367a338ae3f3f591d0bc75fef83,1,
state-conflict-control-08,7,"{""arg"":4872}","{""r"":3}",8eda82234156e8cbd22494afbe7bf1012f9d2a260e054216b7a0e55ef2c3a339,8eda82234156e8cbd22494afbe7bf1012f9d2a260e054216b7a0e55ef2c3a339,1,
state-conflict-control-09,0,"{""arg"":4882}","{""r"":-4}",0af0873b64c9974d54bde85938110f15f98a56ae153a3ed12e4e91560a96fb1a,0af0873b64c9974d54bde85938110f15f98a56ae153a3ed12e4e91560a96fb1a,1,
state-conflict-control-09,1,"{""arg"":4883}","{""r"":-3}",69694da819500829f3b5ebbd1b01e1b603b46971681d1268852224e815b4896b,69694da819500829f3b5ebbd1b01e1b603b46971681d1268852224e815b4896b,1,
state-conflict-control-09,2,"{""arg"":4884}","{""r"":-2}",ef8c1ae578a9de1a30b087007ad49781ff98189ab71ea7e6d895825657318c08,ef8c1ae578a9de1a30b087007ad49781ff98189ab71ea7e6d895825657318c08,1,
state-conflict-control-09,3,"{""arg"":4885}","{""r"":-1}",3b43c00b27de4189d0ee91c6ce4cf2d0c4d819754d900d3a1416941fc4fe063c,3b43c00b27de4189d0ee91c6ce4cf2d0c4d819754d900d3a1416941fc4fe063c,1,
state-conflict-control-09,4,"{""arg"":4886}","{""r"":0}",796e142451db70efa20ca2d3520485afeaec29b63b7462f365c0ec377081097b,796e142451db70efa20ca2d3520485afeaec29b63b7462f365c0ec377081097b,1,
state-conflict-control-09,5,"{""arg"":4887}","{""r"":1}",40f8a022d7dbb43cd4aab2b14a64da7c8720804dd9d743307e86298ae1becdf4,40f8a022d7dbb43cd4aab2b14a64da7c8720804dd9d743307e86298ae1becdf4,1,
state-conflict-control-09,6,"{""arg"":4888}","{""r"":2}",e5d94c59aeca81d525ba5c7ae04a508bccee2f29863b7788a81bea7184370477,e5d94c59aeca81d525ba5c7ae04a508bccee2f29863b7788a81bea7184370477,1,
state-conflict-control-09,7,"{""arg"":4889}","{""r"":3}",84a22d24b63b3a8ca787b89f2b3bdef64d6c8268d8b3eaaf25591a44889ae17b,84a22d24b63b3a8ca787b89f2b3bdef64d6c8268d8b3eaaf25591a44889ae17b,1,
state-conflict-control-10,0,"{""arg"":4899}","{""r"":-4}",7db90161128897a07a79bd3394ff235542ac6391e042e909054284efd43597b4,7db90161128897a07a79bd3394ff235542ac6391e042e909054284efd43597b4,1,
state-conflict-control-10,1,"{""arg"":4900}","{""r"":-3}",af268459236c1293d17764c8ccb9c58296cd800590fd905dde18a0353161d84a,af268459236c1293d17764c8ccb9c58296cd800590fd905dde18a0353161d84a,1,
state-conflict-control-10,2,"{""arg"":4901}","{""r"":-2}",c8e97217655121d35705cc772832f5e17f642ca9a92e1abbe26bf462f38a54b7,c8e97217655121d35705cc772832f5e17f642ca9a92e1abbe26bf462f38a54b7,1,
state-conflict-control-10,3,"{""arg"":4902}","{""r"":-1}",d3b71a2b5bd535bf66fe0619be8e88e109b3321bee88bfe1e5110caa4fd03346,d3b71a2b5bd535bf66fe0619be8e88e109b3321bee88bfe1e5110caa4fd03346,1,
state-conflict-control-10,4,"{""arg"":4903}","{""r"":0}",03fbe33299bf7140294a77e588460642df4fd2a575b680b185f341280da0b9c2,03fbe33299bf7140294a77e588460642df4fd2a575b680b185f341280da0b9c2,1,
state-conflict-control-10,5,"{""arg"":4904}","{""r"":1}",4af3cd7b6552c78b5d37df874e45eb60f8f584dcbc1c54df0242c3659064a0f0,4af3cd7b6552c78b5d37df874e45eb60f8f584dcbc1c54df0242c3659064a0f0,1,
state-conflict-control-10,6,"{""arg"":4905}","{""r"":2}",d95d96674c354eb382ee54239c94150b29a587d6df6c7815489a77e0ce0b83f2,d95d96674c354eb382ee54239c94150b29a587d6df6c7815489a77e0ce0b83f2,1,
state-conflict-control-10,7,"{""arg"":4906}","{""r"":3}",09759bcde36429bd69da485ef01122b9c10d1af8c3e897a78d03a0a9dd87cd1e,09759bcde36429bd69da485ef01122b9c10d1af8c3e897a78d03a0a9dd87cd1e,1,
state-conflict-control-11,0,"{""arg"":4916}","{""r"":-4}",d5616c84d29bea55716cff12cddad93151f63e65bd501bbf088c89584b4c2f08,d5616c84d29bea55716cff12cddad93151f63e65bd501bbf088c89584b4c2f08,1,
state-conflict-control-11,1,"{""arg"":4917}","{""r"":-3}",af0d6d15bb516ee7029c7159707aa805bfad3ce87d80df22999e3bf981b12c1a,af0d6d15bb516ee7029c7159707aa805bfad3ce87d80df22999e3bf981b12c1a,1,
state-conflict-control-11,2,"{""arg"":4918}","{""r"":-2}",416c7087b002a3639b7012288f25c7c192d21cbbdac426deb82ba041b1deaefe,416c7087b002a3639b7012288f25c7c192d21cbbdac426deb82ba041b1deaefe,1,
state-conflict-control-11,3,"{""arg"":4919}","{""r"":-1}",996da5186f373b796b00109c8b19ec92bd757b63e56a7d21049b17cf56affc8b,996da5186f373b796b00109c8b19ec92bd757b63e56a7d21049b17cf56affc8b,1,
state-conflict-control-11,4,"{""arg"":4920}","{""r"":0}",534c1cbb1aff7b13da919d774dc2a2f35e884a75d72a0ec79d54f1ffdf0c22aa,534c1cbb1aff7b13da919d774dc2a2f35e884a75d72a0ec79d54f1ffdf0c22aa,1,
state-conflict-control-11,5,"{""arg"":4921}","{""r"":1}",6bd94719e21b09574c18767234ae1c2d086b4729f5571cc7726e94deea62fc55,6bd94719e21b09574c18767234ae1c2d086b4729f5571cc7726e94deea62fc55,1,
state-conflict-control-11,6,"{""arg"":4922}","{""r"":2}",7ef02222bb653ce384ed926775d212c580f6a612d0f073991d37ee3082c5b5ab,7ef02222bb653ce384ed926775d212c580f6a612d0f073991d37ee3082c5b5ab,1,
state-conflict-control-11,7,"{""arg"":4923}","{""r"":3}",4c4aed9c564a6a3cf36185ed786528f6f6ae7d9373792b9129507a571d048682,4c4aed9c564a6a3cf36185ed786528f6f6ae7d9373792b9129507a571d048682,1,
state-conflict-control-12,0,"{""arg"":4933}","{""r"":-4}",15ffac013535b5c4186ab4fc767beb19a28f9cc3d7d86af7c6811c587f365d97,15ffac013535b5c4186ab4fc767beb19a28f9cc3d7d86af7c6811c587f365d97,1,
state-conflict-control-12,1,"{""arg"":4934}","{""r"":-3}",eb7e1f520031b12dd8851dc7fcc13534d21f232f1f6bed9de087730dc49e6083,eb7e1f520031b12dd8851dc7fcc13534d21f232f1f6bed9de087730dc49e6083,1,
state-conflict-control-12,2,"{""arg"":4935}","{""r"":-2}",64823009322cd7cd0a7ff25ca08e3f2f5796294f9abadc53f6c1b4213f142ecc,64823009322cd7cd0a7ff25ca08e3f2f5796294f9abadc53f6c1b4213f142ecc,1,
state-conflict-control-12,3,"{""arg"":4936}","{""r"":-1}",c0ac27d8d4b284ce4c60f3b58824c65f234c0bf33bca2542cc228cbc52de6af1,c0ac27d8d4b284ce4c60f3b58824c65f234c0bf33bca2542cc228cbc52de6af1,1,
state-conflict-control-12,4,"{""arg"":4937}","{""r"":0}",f7467f03e245daaf1690995593481f66b3295c761ee233ce2a4fa56934af27ab,f7467f03e245daaf1690995593481f66b3295c761ee233ce2a4fa56934af27ab,1,
state-conflict-control-12,5,"{""arg"":4938}","{""r"":1}",e653dd46f6dbfe4d37d73b67b011dab6ef005a7a70ba0e481aa9e62605680b32,e653dd46f6dbfe4d37d73b67b011dab6ef005a7a70ba0e481aa9e62605680b32,1,
state-conflict-control-12,6,"{""arg"":4939}","{""r"":2}",1a9eb8981844d1b9fef555ff794e689e04cae0c26277284328a320055982ba92,1a9eb8981844d1b9fef555ff794e689e04cae0c26277284328a320055982ba92,1,
state-conflict-control-12,7,"{""arg"":4940}","{""r"":3}",27b30785bf910749a5d916cc84f122d90fdbdc43c591672b960765c055ad2c78,27b30785bf910749a5d916cc84f122d90fdbdc43c591672b960765c055ad2c78,1,
state-conflict-control-13,0,"{""arg"":4950}","{""r"":-4}",4f115dbf45831c048f67bf113cec9fc2c1a46005578ce14dc69460241009935e,4f115dbf45831c048f67bf113cec9fc2c1a46005578ce14dc69460241009935e,1,
state-conflict-control-13,1,"{""arg"":4951}","{""r"":-3}",37e3e8065f9352517c476accd0fcd88e0309667c98523601746f555394cdcab6,37e3e8065f9352517c476accd0fcd88e0309667c98523601746f555394cdcab6,1,
state-conflict-control-13,2,"{""arg"":4952}","{""r"":-2}",5e0540471fe0c1047c095e59752e22a7700078419531e7e1b56ebd3eb61b8219,5e0540471fe0c1047c095e59752e22a7700078419531e7e1b56ebd3eb61b8219,1,
state-conflict-control-13,3,"{""arg"":4953}","{""r"":-1}",51aa7b0163f86d777a748d28fb1e976dc9a980a3ff3525f112413d77662f9e8b,51aa7b0163f86d777a748d28fb1e976dc9a980a3ff3525f112413d77662f9e8b,1,
state-conflict-control-13,4,"{""arg"":4954}","{""r"":0}",c40cb0ebe98b3173ea4f7d607864b368930566206ade5b3f1572900d909d4b3c,c40cb0ebe98b3173ea4f7d607864b368930566206ade5b3f1572900d909d4b3c,1,
state-conflict-control-13,5,"{""arg"":4955}","{""r"":1}",592b4173cab55cc791ec90795828991a0cef8c041d39a4a55fc4357e2f85781f,592b4173cab55cc791ec90795828991a0cef8c041d39a4a55fc4357e2f85781f,1,
state-conflict-control-13,6,"{""arg"":4956}","{""r"":2}",9fd487b91f32ce3bc1a6b218498f83a18ddbde60a5bbc90b235fc559d2ed165a,9fd487b91f32ce3bc1a6b218498f83a18ddbde60a5bbc90b235fc559d2ed165a,1,
state-conflict-control-13,7,"{""arg"":4957}","{""r"":3}",70294f67e8456c556fd4f695ae23b45f9845f57225204f0643a2768b9f8ffb8e,70294f67e8456c556fd4f695ae23b45f9845f57225204f0643a2768b9f8ffb8e,1,
state-conflict-control-14,0,"{""arg"":4967}","{""r"":-4}",5a788dd2b339a882ac6fa4c4c333e3b8bfd80314261cd3d91a12c6f2d149948c,5a788dd2b339a882ac6fa4c4c333e3b8bfd80314261cd3d91a12c6f2d149948c,1,
state-conflict-control-14,1,"{""arg"":4968}","{""r"":-3}",5801f681583578e41cecf6d568e66e8496b122047605a08b093d53e2a9dcd921,5801f681583578e41cecf6d568e66e8496b122047605a08b093d53e2a9dcd921,1,
state-conflict-control-14,2,"{""arg"":4969}","{""r"":-2}",a8c60f16e1e37281295590ad1210991068b18107baec24292bd04ebd1cfb3534,a8c60f16e1e37281295590ad1210991068b18107baec24292bd04ebd1cfb3534,1,
state-conflict-control-14,3,"{""arg"":4970}","{""r"":-1}",eca7dc8bd90d2d8e497d0e638998bf1218ba7db94ae21caa47ec7267eacaad04,eca7dc8bd90d2d8e497d0e638998bf1218ba7db94ae21caa47ec7267eacaad04,1,
state-conflict-control-14,4,"{""arg"":4971}","{""r"":0}",f83544b0864084590820fb16ca5d9f43462fb5d32d4898de089aa9e8c29f53d5,f83544b0864084590820fb16ca5d9f43462fb5d32d4898de089aa9e8c29f53d5,1,
state-conflict-control-14,5,"{""arg"":4972}","{""r"":1}",9ef382f3e0b2078baf3714711bfef46080991953d94a900a8abbfa263b407f1c,9ef382f3e0b2078baf3714711bfef46080991953d94a900a8abbfa263b407f1c,1,
state-conflict-control-14,6,"{""arg"":4973}","{""r"":2}",a3e817b6a7390b6d2f17b577b23397c087909f4dd0742eb9e8cd440e06129af9,a3e817b6a7390b6d2f17b577b23397c087909f4dd0742eb9e8cd440e06129af9,1,
state-conflict-control-14,7,"{""arg"":4974}","{""r"":3}",b02546b8aa065a2c073baa151eb2bd74a66f39d7eb26dd71731d82f6d598586e,b02546b8aa065a2c073baa151eb2bd74a66f39d7eb26dd71731d82f6d598586e,1,
state-conflict-control-15,0,"{""arg"":4984}","{""r"":-4}",367dc238ef57ad9b7c1fb0c00fdbfdabf2c146363de7f58be294439eb6774c41,367dc238ef57ad9b7c1fb0c00fdbfdabf2c146363de7f58be294439eb6774c41,1,
state-conflict-control-15,1,"{""arg"":4985}","{""r"":-3}",2b63d9406c4d2ee9252d4407b3e8bca92e122e6dafa24116fbf2e6f40ff17e3f,2b63d9406c4d2ee9252d4407b3e8bca92e122e6dafa24116fbf2e6f40ff17e3f,1,
state-conflict-control-15,2,"{""arg"":4986}","{""r"":-2}",6edc8c735b8ec70ff6a502e51f0fb768710d952e6344f6d74e6304e2a6a2bac2,6edc8c735b8ec70ff6a502e51f0fb768710d952e6344f6d74e6304e2a6a2bac2,1,
state-conflict-control-15,3,"{""arg"":4987}","{""r"":-1}",35cf13cac78b064150928194ef4aab990749aeb80e5e0eeb079f84dd95f30040,35cf13cac78b064150928194ef4aab990749aeb80e5e0eeb079f84dd95f30040,1,
state-conflict-control-15,4,"{""arg"":4988}","{""r"":0}",e7ccf63594e47f42bb216ec18288bfe811fbdeadfbb90dfbebd0c8bcef5e05a7,e7ccf63594e47f42bb216ec18288bfe811fbdeadfbb90dfbebd0c8bcef5e05a7,1,
state-conflict-control-15,5,"{""arg"":4989}","{""r"":1}",d02a91bcd4e4631ab3fa3c9a1863a3a7192d4e3d1bc4bd55c28884b1f3bb4e03,d02a91bcd4e4631ab3fa3c9a1863a3a7192d4e3d1bc4bd55c28884b1f3bb4e03,1,
state-conflict-control-15,6,"{""arg"":4990}","{""r"":2}",d77170b930fe1d8e4271ddf16491a384ea04b4ff63893179299ccc26e010aa62,d77170b930fe1d8e4271ddf16491a384ea04b4ff63893179299ccc26e010aa62,1,
state-conflict-control-15,7,"{""arg"":4991}","{""r"":3}",ee4f566e683773aefa2716e0cf31572abf3e5031a36abbce63099f8fa1310686,ee4f566e683773aefa2716e0cf31572abf3e5031a36abbce63099f8fa1310686,1,
state-conflict-control-16,0,"{""arg"":5001}","{""r"":-4}",986ab23aa869cfb6b2134eaf14c6370c01440677e9f917835082a591c4584abe,986ab23aa869cfb6b2134eaf14c6370c01440677e9f917835082a591c4584abe,1,
state-conflict-control-16,1,"{""arg"":5002}","{""r"":-3}",931a96d29f203e34f2c171f2c6d4e47672217c2d9cd6457f8b33aea8dedc3c28,931a96d29f203e34f2c171f2c6d4e47672217c2d9cd6457f8b33aea8dedc3c28,1,
state-conflict-control-16,2,"{""arg"":5003}","{""r"":-2}",43d494a732244b5506e3bae5f2d29e5d40ac514ceb5f470ae62ce2258fb0db2c,43d494a732244b5506e3bae5f2d29e5d40ac514ceb5f470ae62ce2258fb0db2c,1,
state-conflict-control-16,3,"{""arg"":5004}","{""r"":-1}",9224e0d1c8bb85bf52b1713ed90c2247fdb7ea07929db4f9e0652ee2d4b0d1a9,9224e0d1c8bb85bf52b1713ed90c2247fdb7ea07929db4f9e0652ee2d4b0d1a9,1,
state-conflict-control-16,4,"{""arg"":5005}","{""r"":0}",7e884dc29e02129fc21b856688dc46af4c63888da5b43a640dc190a0b4dfb4c7,7e884dc29e02129fc21b856688dc46af4c63888da5b43a640dc190a0b4dfb4c7,1,
state-conflict-control-16,5,"{""arg"":5006}","{""r"":1}",e613f93fdc2ac82e77a97cc8d111502f5a82fa370769ed46e7b629a8733145bf,e613f93fdc2ac82e77a97cc8d111502f5a82fa370769ed46e7b629a8733145bf,1,
state-conflict-control-16,6,"{""arg"":5007}","{""r"":2}",b619831e3eb014d66671272012ab232d23e06ac7b26ab6e7a1d68ca22a7bcfe9,b619831e3eb014d66671272012ab232d23e06ac7b26ab6e7a1d68ca22a7bcfe9,1,
state-conflict-control-16,7,"{""arg"":5008}","{""r"":3}",99d5b92fe793f6a0e84607688afa35b00eaeb29e78733ba0c6bfdc292ec0cfab,99d5b92fe793f6a0e84607688afa35b00eaeb29e78733ba0c6bfdc292ec0cfab,1,
state-conflict-control-17,0,"{""arg"":5018}","{""r"":-4}",b7af0d2317e86c4a3a5fb8f13c2c9017d5686eed59935535fa7748ddcdeac954,b7af0d2317e86c4a3a5fb8f13c2c9017d5686eed59935535fa7748ddcdeac954,1,
state-conflict-control-17,1,"{""arg"":5019}","{""r"":-3}",ecd84a87a5e102965a7c1f1835f8739d4ab3db1576f1e55b10510980ccad1428,ecd84a87a5e102965a7c1f1835f8739d4ab3db1576f1e55b10510980ccad1428,1,
state-conflict-control-17,2,"{""arg"":5020}","{""r"":-2}",33b4f013ebfaf4051eb9627a40858d2da63c52a0eb5b5d5f3a859e634be9a92f,33b4f013ebfaf4051eb9627a40858d2da63c52a0eb5b5d5f3a859e634be9a92f,1,
state-conflict-control-17,3,"{""arg"":5021}","{""r"":-1}",868a0db634390244260f022258933bd19cf9a94ab4e0f7b146d741c5f154bc0f,868a0db634390244260f022258933bd19cf9a94ab4e0f7b146d741c5f154bc0f,1,
state-conflict-control-17,4,"{""arg"":5022}","{""r"":0}",526c1303a69160216ec7d112752d33de1bacb5cbf25238b909938734514b6c81,526c1303a69160216ec7d112752d33de1bacb5cbf25238b909938734514b6c81,1,
state-conflict-control-17,5,"{""arg"":5023}","{""r"":1}",aa13edd3c515ed80954cbf9a32bbc4f5a07f2816dc3ac79e9460b6cf544c813e,aa13edd3c515ed80954cbf9a32bbc4f5a07f2816dc3ac79e9460b6cf544c813e,1,
state-conflict-control-17,6,"{""arg"":5024}","{""r"":2}",46787956d1e1d83e92c5b5f0e22e68940444ec5480a7d37fc049208a6f8f0423,46787956d1e1d83e92c5b5f0e22e68940444ec5480a7d37fc049208a6f8f0423,1,
state-conflict-control-17,7,"{""arg"":5025}","{""r"":3}",cdb9d04821492ede2a44ac22af83e9a435c3bc16e38f1bccfbabd264ef2d926a,cdb9d04821492ede2a44ac22af83e9a435c3bc16e38f1bccfbabd264ef2d926a,1,
state-conflict-control-18,0,"{""arg"":5035}","{""r"":-4}",4b0302a8085c29f251fa2165c4e020567fc861d39892b59501813c62361f049f,4b0302a8085c29f251fa2165c4e020567fc861d39892b59501813c62361f049f,1,
state-conflict-control-18,1,"{""arg"":5036}","{""r"":-3}",164ac8ae8f12725a4a2f84107f4db9796f8d8944e56075080921e58a74303930,164ac8ae8f12725a4a2f84107f4db9796f8d8944e56075080921e58a74303930,1,
state-conflict-control-18,2,"{""arg"":5037}","{""r"":-2}",8fda95b523d763feae4e193dd0c0d799e8f0482c92aed1712a8ed55942cfb8f4,8fda95b523d763feae4e193dd0c0d799e8f0482c92aed1712a8ed55942cfb8f4,1,
state-conflict-control-18,3,"{""arg"":5038}","{""r"":-1}",4a541687381b0dc9d50103501fe6ff2e6f31ab6381ba91d2d64e47ddf77a536f,4a541687381b0dc9d50103501fe6ff2e6f31ab6381ba91d2d64e47ddf77a536f,1,
state-conflict-control-18,4,"{""arg"":5039}","{""r"":0}",f62345c9809f89fbded422b84567e3d8b99fa8b1e40dfd7bc6b778f7f3371b8a,f62345c9809f89fbded422b84567e3d8b99fa8b1e40dfd7bc6b778f7f3371b8a,1,
state-conflict-control-18,5,"{""arg"":5040}","{""r"":1}",ddeb4237fcb9101d17d6817486eecd875c5f612e65c2725b81e1e392144bac76,ddeb4237fcb9101d17d6817486eecd875c5f612e65c2725b81e1e392144bac76,1,
state-conflict-control-18,6,"{""arg"":5041}","{""r"":2}",154e6b35dd61f440219104c39964ab04d9de3e9680369f3542987a4fbda067f7,154e6b35dd61f440219104c39964ab04d9de3e9680369f3542987a4fbda067f7,1,
state-conflict-control-18,7,"{""arg"":5042}","{""r"":3}",38780255d3de6ea60858df467cb821fbb6e5acf987c18616c0f144d54c031bf6,38780255d3de6ea60858df467cb821fbb6e5acf987c18616c0f144d54c031bf6,1,
state-conflict-control-19,0,"{""arg"":5052}","{""r"":-4}",7ade47aae5134c94f7d2cf7cccd97de4f16aa5fd40fef87d7d3201a2e0e8064e,7ade47aae5134c94f7d2cf7cccd97de4f16aa5fd40fef87d7d3201a2e0e8064e,1,
state-conflict-control-19,1,"{""arg"":5053}","{""r"":-3}",e496689af3a0aebdde0ee0e14936cac865e5d650a1dda84974b0bff8191edae9,e496689af3a0aebdde0ee0e14936cac865e5d650a1dda84974b0bff8191edae9,1,
state-conflict-control-19,2,"{""arg"":5054}","{""r"":-2}",baf24b1715cb9102c2d471a8b83f988e5afce7e5eab582b7ccc3e9e9deb83f54,baf24b1715cb9102c2d471a8b83f988e5afce7e5eab582b7ccc3e9e9deb83f54,1,
state-conflict-control-19,3,"{""arg"":5055}","{""r"":-1}",a805c30bd11469509db1aefeb2c3d30dc9759e2cd501cd20c16e462f3d114ab5,a805c30bd11469509db1aefeb2c3d30dc9759e2cd501cd20c16e462f3d114ab5,1,
state-conflict-control-19,4,"{""arg"":5056}","{""r"":0}",8c54f896d742913ca6dc2850b2dec797531e07fb85d61f3bd09542dd58f5ad93,8c54f896d742913ca6dc2850b2dec797531e07fb85d61f3bd09542dd58f5ad93,1,
state-conflict-control-19,5,"{""arg"":5057}","{""r"":1}",3f15cfc97d0f21c597fab74d0a98acc4c315fd058a19afe25ad1f7dda58367ec,3f15cfc97d0f21c597fab74d0a98acc4c315fd058a19afe25ad1f7dda58367ec,1,
state-conflict-control-19,6,"{""arg"":5058}","{""r"":2}",274e82b10d6385d860b5248bcba730a384bda5f45189f10832e2a557508a881d,274e82b10d6385d860b5248bcba730a384bda5f45189f10832e2a557508a881d,1,
state-conflict-control-19,7,"{""arg"":5059}","{""r"":3}",78c983a1abe4da537c2d6e6872a8ae3d3838527f63f4ff908fcf280effb4a25d,78c983a1abe4da537c2d6e6872a8ae3d3838527f63f4ff908fcf280effb4a25d,1,
state-conflict-control-20,0,"{""arg"":5069}","{""r"":-4}",684d2a089000ea644921b7765494b6215da8efd21a626d11c3936adcf49c9390,684d2a089000ea644921b7765494b6215da8efd21a626d11c3936adcf49c9390,1,
state-conflict-control-20,1,"{""arg"":5070}","{""r"":-3}",971977f4c6b442ccdeb1a4ee7f0794f662cc0b7e97d00bfbed375852253737f5,971977f4c6b442ccdeb1a4ee7f0794f662cc0b7e97d00bfbed375852253737f5,1,
state-conflict-control-20,2,"{""arg"":5071}","{""r"":-2}",db1ebcdf7a6be2b05628e8b0b17114dbd973ca13132d51c79be9fa7eb8532eef,db1ebcdf7a6be2b05628e8b0b17114dbd973ca13132d51c79be9fa7eb8532eef,1,
state-conflict-control-20,3,"{""arg"":5072}","{""r"":-1}",db696f4828a4b9536980c641571560be6b25ce53c5acf7a03730e22e3106a071,db696f4828a4b9536980c641571560be6b25ce53c5acf7a03730e22e3106a071,1,
state-conflict-control-20,4,"{""arg"":5073}","{""r"":0}",323bbe2d55d57e7f6c389f0f4a5379f1231f9bc1fce1c2d72fa96a33a8f2c6ba,323bbe2d55d57e7f6c389f0f4a5379f1231f9bc1fce1c2d72fa96a33a8f2c6ba,1,
state-conflict-control-20,5,"{""arg"":5074}","{""r"":1}",deff9c39082c6aa717a5dc2d74d427eee8c58e2cc36f674db025d635ddfc794b,deff9c39082c6aa717a5dc2d74d427eee8c58e2cc36f674db025d635ddfc794b,1,
state-conflict-control-20,6,"{""arg"":5075}","{""r"":2}",c12d6335a9e4b0df4b6f10357fd14370271da82bb9d10b4d42050d927e1ba8f1,c12d6335a9e4b0df4b6f10357fd14370271da82bb9d10b4d42050d927e1ba8f1,1,
state-conflict-control-20,7,"{""arg"":5076}","{""r"":3}",d068c74acbf726f028844605833361273743ab0784e9ae5e90dde0cb94d95e87,d068c74acbf726f028844605833361273743ab0784e9ae5e90dde0cb94d95e87,1,
state-conflict-control-21,0,"{""arg"":5086}","{""r"":-4}",d60eda17b3a41071f9308fda4e97016fd2b3464cc90c229abae35679a2e30daf,d60eda17b3a41071f9308fda4e97016fd2b3464cc90c229abae35679a2e30daf,1,
state-conflict-control-21,1,"{""arg"":5087}","{""r"":-3}",1df183de70e6fbdc93293ce0ab0ffb5dbb048aedc5670aace64a64ad31dfccfd,1df183de70e6fbdc93293ce0ab0ffb5dbb048aedc5670aace64a64ad31dfccfd,1,
state-conflict-control-21,2,"{""arg"":5088}","{""r"":-2}",faf26df94e5cba63eb95f40984c194c987a4f215566ce828d1ae21f5087c107f,faf26df94e5cba63eb95f40984c194c987a4f215566ce828d1ae21f5087c107f,1,
state-conflict-control-21,3,"{""arg"":5089}","{""r"":-1}",60e045534011dd35d9d501d142eb7f6e50d73c31c17429a1d12cbc1496e796a5,60e045534011dd35d9d501d142eb7f6e50d73c31c17429a1d12cbc1496e796a5,1,
state-conflict-control-21,4,"{""arg"":5090}","{""r"":0}",f0af07dc406d55fcd4f2b17754c4af422768fa77a34c045e63dfeb5531a4c409,f0af07dc406d55fcd4f2b17754c4af422768fa77a34c045e63dfeb5531a4c409,1,
state-conflict-control-21,5,"{""arg"":5091}","{""r"":1}",709bb924fbda9f48edc8819852ab20124b194e5113e8e5fc6d24c1ef210d300a,709bb924fbda9f48edc8819852ab20124b194e5113e8e5fc6d24c1ef210d300a,1,
state-conflict-control-21,6,"{""arg"":5092}","{""r"":2}",4027c6cc556824d26fbf9e2b00a6f5ea318fcf1d0021c6ae6a271f78a3699ca2,4027c6cc556824d26fbf9e2b00a6f5ea318fcf1d0021c6ae6a271f78a3699ca2,1,
state-conflict-control-21,7,"{""arg"":5093}","{""r"":3}",e5eed71c18748ae8d32926ebfdb946511709ac7121d6cfe3ce2c56a0ef104701,e5eed71c18748ae8d32926ebfdb946511709ac7121d6cfe3ce2c56a0ef104701,1,
state-conflict-control-22,0,"{""arg"":5103}","{""r"":-4}",8c626ce44f1b1d0a73c40f2c69a6feceacda9d88bec647e380056f9693b0c1cd,8c626ce44f1b1d0a73c40f2c69a6feceacda9d88bec647e380056f9693b0c1cd,1,
state-conflict-control-22,1,"{""arg"":5104}","{""r"":-3}",509f7505eea017da4ded29c93520f7ec5933b17c180d282aeaadd797254a97b9,509f7505eea017da4ded29c93520f7ec5933b17c180d282aeaadd797254a97b9,1,
state-conflict-control-22,2,"{""arg"":5105}","{""r"":-2}",042dc1e63157e22c56f2d71291bb93fa93702cd271fbcebaf0e51d29cb9b89df,042dc1e63157e22c56f2d71291bb93fa93702cd271fbcebaf0e51d29cb9b89df,1,
state-conflict-control-22,3,"{""arg"":5106}","{""r"":-1}",b5a6bb39d605fc10b8def865a14f62b266f0a127dbf6f9f3d8d224468a419704,b5a6bb39d605fc10b8def865a14f62b266f0a127dbf6f9f3d8d224468a419704,1,
state-conflict-control-22,4,"{""arg"":5107}","{""r"":0}",02ab313733d703a696ad138c8e55f5a82390bb9b4502fc18fc92ea36b766f4e9,02ab313733d703a696ad138c8e55f5a82390bb9b4502fc18fc92ea36b766f4e9,1,
state-conflict-control-22,5,"{""arg"":5108}","{""r"":1}",439fa00bd29f36962c1f6a6d1e309d3a6d4270923a5eff2280adf0acfa1697b3,439fa00bd29f36962c1f6a6d1e309d3a6d4270923a5eff2280adf0acfa1697b3,1,
state-conflict-control-22,6,"{""arg"":5109}","{""r"":2}",59075222495e6b52d2929cfdfda0ac09e719d06ad1e88f6a833f388cdd095914,59075222495e6b52d2929cfdfda0ac09e719d06ad1e88f6a833f388cdd095914,1,
state-conflict-control-22,7,"{""arg"":5110}","{""r"":3}",4a5e14ac5fd27d2cf3ca11f66b0e71c9fa738dfd6f5ebadb3d456c35f9c0ff73,4a5e14ac5fd27d2cf3ca11f66b0e71c9fa738dfd6f5ebadb3d456c35f9c0ff73,1,
state-conflict-control-23,0,"{""arg"":5120}","{""r"":-4}",5095fb8b7600a856d5b9e635f85d6781891f169e9d98f9c6a5b9e8742fb0e267,5095fb8b7600a856d5b9e635f85d6781891f169e9d98f9c6a5b9e8742fb0e267,1,
state-conflict-control-23,1,"{""arg"":5121}","{""r"":-3}",4edc63b35bf2e70e76af6227f80e3c27ab8397f62902a8356b553e191f049de2,4edc63b35bf2e70e76af6227f80e3c27ab8397f62902a8356b553e191f049de2,1,
state-conflict-control-23,2,"{""arg"":5122}","{""r"":-2}",faa8560c719306d2fec97ec50e64f1e98cec8fe2e63e2a592a095e523fe101bf,faa8560c719306d2fec97ec50e64f1e98cec8fe2e63e2a592a095e523fe101bf,1,
state-conflict-control-23,3,"{""arg"":5123}","{""r"":-1}",ab397d92c2a22dc01ea53ee8997748432f2a871239e4e73aeba5f0d0dfc1d5cf,ab397d92c2a22dc01ea53ee8997748432f2a871239e4e73aeba5f0d0dfc1d5cf,1,
state-conflict-control-23,4,"{""arg"":5124}","{""r"":0}",0bfa0f9a937fbff7d745216ee61357622fb15f0a16f7000e055603fcb23ccf76,0bfa0f9a937fbff7d745216ee61357622fb15f0a16f7000e055603fcb23ccf76,1,
state-conflict-control-23,5,"{""arg"":5125}","{""r"":1}",6b0045c925965aa472ea3284c7a284ad6438b803c9e3d98d04a5ddce90ab86ac,6b0045c925965aa472ea3284c7a284ad6438b803c9e3d98d04a5ddce90ab86ac,1,
state-conflict-control-23,6,"{""arg"":5126}","{""r"":2}",d441ae350d0fd8f50da91bd4c4a14dced81e7b29bed95ebed106eddd1231f47b,d441ae350d0fd8f50da91bd4c4a14dced81e7b29bed95ebed106eddd1231f47b,1,
state-conflict-control-23,7,"{""arg"":5127}","{""r"":3}",3ea717661a6c0f86c8e616ff7a6e7a30c0ccd32a3e05b331c30f1c89228ec89e,3ea717661a6c0f86c8e616ff7a6e7a30c0ccd32a3e05b331c30f1c89228ec89e,1,
state-conflict-control-24,0,"{""arg"":5137}","{""r"":-4}",fe3fc91f092bd7cdb524b8dde8db8ec7bab7d1198f0fb412ff0b88ec1ad6cbe3,fe3fc91f092bd7cdb524b8dde8db8ec7bab7d1198f0fb412ff0b88ec1ad6cbe3,1,
state-conflict-control-24,1,"{""arg"":5138}","{""r"":-3}",1e7edabd5fa2f5520bf975f243e76e39742852693a86aed92bc416f3303ae899,1e7edabd5fa2f5520bf975f243e76e39742852693a86aed92bc416f3303ae899,1,
state-conflict-control-24,2,"{""arg"":5139}","{""r"":-2}",49ed74993b7d76c51eee28a030d2625a66b3fc2259895e26e3828756056702d3,49ed74993b7d76c51eee28a030d2625a66b3fc2259895e26e3828756056702d3,1,
state-conflict-control-24,3,"{""arg"":5140}","{""r"":-1}",a853a17097bbee9dee13d9c4f3c258d418d788ad188abbaaf8dcae30fd00f33b,a853a17097bbee9dee13d9c4f3c258d418d788ad188abbaaf8dcae30fd00f33b,1,
state-conflict-control-24,4,"{""arg"":5141}","{""r"":0}",88f5cc356ef94c64e4bb22072aeb8efb5242d8ebb4997efd639cfb618918e2e9,88f5cc356ef94c64e4bb22072aeb8efb5242d8ebb4997efd639cfb618918e2e9,1,
state-conflict-control-24,5,"{""arg"":5142}","{""r"":1}",6961ad66a55f6bb619b225aa187ca1fd598677b44332ddb623193471d907875b,6961ad66a55f6bb619b225aa187ca1fd598677b44332ddb623193471d907875b,1,
state-conflict-control-24,6,"{""arg"":5143}","{""r"":2}",19358b9805459e18786a9d12ff59b4e8d382f5efe1a42d344934ffeb366e1a06,19358b9805459e18786a9d12ff59b4e8d382f5efe1a42d344934ffeb366e1a06,1,
state-conflict-control-24,7,"{""arg"":5144}","{""r"":3}",f4746f4396d543ab4ecfff5c2377974a626872b391ace399871a414ed3f96392,f4746f4396d543ab4ecfff5c2377974a626872b391ace399871a414ed3f96392,1,
state-conflict-control-25,0,"{""arg"":5154}","{""r"":-4}",109259a4b51d6118f774ea642a4dc7cd9e74eba13ebe0c390feb95ff29b7cafa,109259a4b51d6118f774ea642a4dc7cd9e74eba13ebe0c390feb95ff29b7cafa,1,
state-conflict-control-25,1,"{""arg"":5155}","{""r"":-3}",b8a4656c1e330f45ba3d0c83e4da4e388e836545e88cfb33706be6107184afd5,b8a4656c1e330f45ba3d0c83e4da4e388e836545e88cfb33706be6107184afd5,1,
state-conflict-control-25,2,"{""arg"":5156}","{""r"":-2}",75f8d39e94aa10ba6bc3bfb5882d0106eb521249efe697c105184fccbf457458,75f8d39e94aa10ba6bc3bfb5882d0106eb521249efe697c105184fccbf457458,1,
state-conflict-control-25,3,"{""arg"":5157}","{""r"":-1}",f270179689c5b07b2260e2d3325a65d2ce3eeae0b06b8d50241381a4ac052359,f270179689c5b07b2260e2d3325a65d2ce3eeae0b06b8d50241381a4ac052359,1,
state-conflict-control-25,4,"{""arg"":5158}","{""r"":0}",4cc9f57c622b0984527fe307c15ea24214131ec256bb3068807e08389726c1d0,4cc9f57c622b0984527fe307c15ea24214131ec256bb3068807e08389726c1d0,1,
state-conflict-control-25,5,"{""arg"":5159}","{""r"":1}",16df0008a059046eed76c2825f5a612131b6f665e5f62b06b009a6f18194ec0c,16df0008a059046eed76c2825f5a612131b6f665e5f62b06b009a6f18194ec0c,1,
state-conflict-control-25,6,"{""arg"":5160}","{""r"":2}",c5ce3eab287f771009c893287480aa4ff7fbb337c7b78c94b3ce81a4af8dc8ad,c5ce3eab287f771009c893287480aa4ff7fbb337c7b78c94b3ce81a4af8dc8ad,1,
state-conflict-control-25,7,"{""arg"":5161}","{""r"":3}",0f6147cb9997f22076ba1098877893b9038b64f27e31e9b892c9d363878a55b9,0f6147cb9997f22076ba1098877893b9038b64f27e31e9b892c9d363878a55b9,1,
state-conflict-control-26,0,"{""arg"":5171}","{""r"":-4}",66c93276da74554ca1c6ece7cc3d0fd2da94f6301909e5a1340fd8959ebe2703,66c93276da74554ca1c6ece7cc3d0fd2da94f6301909e5a1340fd8959ebe2703,1,
state-conflict-control-26,1,"{""arg"":5172}","{""r"":-3}",ba6f6c4ca2153e4408d960d5619886bc5234a09a3070d6be67595c74997f54cb,ba6f6c4ca2153e4408d960d5619886bc5234a09a3070d6be67595c74997f54cb,1,
state-conflict-control-26,2,"{""arg"":5173}","{""r"":-2}",a0eef894a20c5494cac9236df26aa834dbfb0e80464f738fbfa36e72f5a31048,a0eef894a20c5494cac9236df26aa834dbfb0e80464f738fbfa36e72f5a31048,1,
state-conflict-control-26,3,"{""arg"":5174}","{""r"":-1}",37eb2b78a84ec49b8e424d97eb305a5c9e2e078fd97d23e18b2134ecc07cfdfb,37eb2b78a84ec49b8e424d97eb305a5c9e2e078fd97d23e18b2134ecc07cfdfb,1,
state-conflict-control-26,4,"{""arg"":5175}","{""r"":0}",03fecdf28949b5ebbd1140b6fad168140f0d24ef47a25cf4b187f934e842a9e9,03fecdf28949b5ebbd1140b6fad168140f0d24ef47a25cf4b187f934e842a9e9,1,
state-conflict-control-26,5,"{""arg"":5176}","{""r"":1}",7d3b9204392db7010dd9f59c7bab8bbc827ecea74a74086a5e7bcc004ea5480e,7d3b9204392db7010dd9f59c7bab8bbc827ecea74a74086a5e7bcc004ea5480e,1,
state-conflict-control-26,6,"{""arg"":5177}","{""r"":2}",8891ff97ddb2099486293425c6e629268fe80ab08f6b364d5d76afc38b6dfb1f,8891ff97ddb2099486293425c6e629268fe80ab08f6b364d5d76afc38b6dfb1f,1,
state-conflict-control-26,7,"{""arg"":5178}","{""r"":3}",6d9fa77b7b83ae809cc7e1eff5cb3f3d1bbb7f0b6bc39c0ce22b8dab7a16417a,6d9fa77b7b83ae809cc7e1eff5cb3f3d1bbb7f0b6bc39c0ce22b8dab7a16417a,1,
state-conflict-control-27,0,"{""arg"":5188}","{""r"":-4}",cd0ee805f7057b55a2da428f7a557cd331764619715632fabced15617ad98b38,cd0ee805f7057b55a2da428f7a557cd331764619715632fabced15617ad98b38,1,
state-conflict-control-27,1,"{""arg"":5189}","{""r"":-3}",f6a2b2d66cf873aefe393a1d2cfa926609247512a39cca3de18b5f344f123838,f6a2b2d66cf873aefe393a1d2cfa926609247512a39cca3de18b5f344f123838,1,
state-conflict-control-27,2,"{""arg"":5190}","{""r"":-2}",fef49e5e12b0919ad649689a235050d2131ae3a476d118dd71ed9381a7a5c323,fef49e5e12b0919ad649689a235050d2131ae3a476d118dd71ed9381a7a5c323,1,
state-conflict-control-27,3,"{""arg"":5191}","{""r"":-1}",5faa76dfb80ac1f072860f35085cdda96fba44efdd24d66e0fc55af344ca8839,5faa76dfb80ac1f072860f35085cdda96fba44efdd24d66e0fc55af344ca8839,1,
state-conflict-control-27,4,"{""arg"":5192}","{""r"":0}",a0aee985fc97375609048b2b42586e140ae3dbf6079aa3758249dc009bf067b2,a0aee985fc97375609048b2b42586e140ae3dbf6079aa3758249dc009bf067b2,1,
state-conflict-control-27,5,"{""arg"":5193}","{""r"":1}",9fceca763b6a877c11ab70dbd6d14d741bdab44b9dd7c30d59510d16a38bd74a,9fceca763b6a877c11ab70dbd6d14d741bdab44b9dd7c30d59510d16a38bd74a,1,
state-conflict-control-27,6,"{""arg"":5194}","{""r"":2}",77b8654a589231e27dfcace0a4fdd9f3369cb647885d8cc1569cddcbae527446,77b8654a589231e27dfcace0a4fdd9f3369cb647885d8cc1569cddcbae527446,1,
state-conflict-control-27,7,"{""arg"":5195}","{""r"":3}",80ae3339dcf2667866b4c0f9b1d28ab158c619c8638d8b963eb2afa82c2b5f85,80ae3339dcf2667866b4c0f9b1d28ab158c619c8638d8b963eb2afa82c2b5f85,1,
state-conflict-control-28,0,"{""arg"":5205}","{""r"":-4}",d3ddcde529e29cf1a4d789a82b5ddbe562c44d92ca6deb0b2408d8253377fb3e,d3ddcde529e29cf1a4d789a82b5ddbe562c44d92ca6deb0b2408d8253377fb3e,1,
state-conflict-control-28,1,"{""arg"":5206}","{""r"":-3}",fc5824a13b6aa997c44bb3240c7fa3319470db567c035b3d5e34aac2f9b3c149,fc5824a13b6aa997c44bb3240c7fa3319470db567c035b3d5e34aac2f9b3c149,1,
state-conflict-control-28,2,"{""arg"":5207}","{""r"":-2}",8722f8d2d4187d3b1590248cb5d81248458b74c1a2b3ae6a0d2d725814d42143,8722f8d2d4187d3b1590248cb5d81248458b74c1a2b3ae6a0d2d725814d42143,1,
state-conflict-control-28,3,"{""arg"":5208}","{""r"":-1}",d21a847abab46e6c32c9d84cee302bdd0b846f9a20d0c1bc33d8bf2f1246b0ef,d21a847abab46e6c32c9d84cee302bdd0b846f9a20d0c1bc33d8bf2f1246b0ef,1,
state-conflict-control-28,4,"{""arg"":5209}","{""r"":0}",0623de146bfbe72478ac54c3b23c8eb76430a5e494355fac3ac0de56680eb805,0623de146bfbe72478ac54c3b23c8eb76430a5e494355fac3ac0de56680eb805,1,
state-conflict-control-28,5,"{""arg"":5210}","{""r"":1}",de8e9636177076dbfa4f96bf8025d52c969d7166a341756e9f4fd233db0c040f,de8e9636177076dbfa4f96bf8025d52c969d7166a341756e9f4fd233db0c040f,1,
state-conflict-control-28,6,"{""arg"":5211}","{""r"":2}",184f41f48e849009678646fd1059a75238736abce992db046e4ec547728f35c6,184f41f48e849009678646fd1059a75238736abce992db046e4ec547728f35c6,1,
state-conflict-control-28,7,"{""arg"":5212}","{""r"":3}",8a53c87d2b630037be5f2bfd6c00b6efc459b39d9d238ca5d4a6aff16b94cda4,8a53c87d2b630037be5f2bfd6c00b6efc459b39d9d238ca5d4a6aff16b94cda4,1,
state-conflict-control-29,0,"{""arg"":5222}","{""r"":-4}",a70ffaa88f11dc342434d1783072e538eca398161b73b6e86cff005b5bacaf83,a70ffaa88f11dc342434d1783072e538eca398161b73b6e86cff005b5bacaf83,1,
state-conflict-control-29,1,"{""arg"":5223}","{""r"":-3}",79ca3892cee539d7fbd2511ff4f800438c3256184db2f83af0766ff7c2fba535,79ca3892cee539d7fbd2511ff4f800438c3256184db2f83af0766ff7c2fba535,1,
state-conflict-control-29,2,"{""arg"":5224}","{""r"":-2}",e8e84b09328b0d2a8508ce49df129396f59c07ca05e76289bc4b4f8c461c0972,e8e84b09328b0d2a8508ce49df129396f59c07ca05e76289bc4b4f8c461c0972,1,
state-conflict-control-29,3,"{""arg"":5225}","{""r"":-1}",71f16c4de4fa19e91dc02041d61062ea44c254d26f47151dadce7edc36734d83,71f16c4de4fa19e91dc02041d61062ea44c254d26f47151dadce7edc36734d83,1,
state-conflict-control-29,4,"{""arg"":5226}","{""r"":0}",8337fbc81ab33aea03b95d187c840d060f1e3dfa384254f4bfe956832ecde47b,8337fbc81ab33aea03b95d187c840d060f1e3dfa384254f4bfe956832ecde47b,1,
state-conflict-control-29,5,"{""arg"":5227}","{""r"":1}",7b94c8a39cf95d7e70c5c67c5660e705b499b372aa8d05bf49eee88743ae83fc,7b94c8a39cf95d7e70c5c67c5660e705b499b372aa8d05bf49eee88743ae83fc,1,
state-conflict-control-29,6,"{""arg"":5228}","{""r"":2}",87d2d9410897961338e88feed63683e88bcd8d4b8132ea36db8a3566dee3e30b,87d2d9410897961338e88feed63683e88bcd8d4b8132ea36db8a3566dee3e30b,1,
state-conflict-control-29,7,"{""arg"":5229}","{""r"":3}",c52e48a80ae340509141bbd521045c56190bdd238e6509c9c727306bc1209afb,c52e48a80ae340509141bbd521045c56190bdd238e6509c9c727306bc1209afb,1,
state-conflict-control-30,0,"{""arg"":5239}","{""r"":-4}",3c6585c476f409465a8e492db05e6e6b86153b2f9eb8a0475fbd7e636843c3cb,3c6585c476f409465a8e492db05e6e6b86153b2f9eb8a0475fbd7e636843c3cb,1,
state-conflict-control-30,1,"{""arg"":5240}","{""r"":-3}",602da278e87d3212d0a285b14771a34250fcd21cbea4c74f4d5853cbe3203888,602da278e87d3212d0a285b14771a34250fcd21cbea4c74f4d5853cbe3203888,1,
state-conflict-control-30,2,"{""arg"":5241}","{""r"":-2}",ecba70fea8050ed31608304ebe5ef2ef62d72c6feb09931c7e0128954dc3319a,ecba70fea8050ed31608304ebe5ef2ef62d72c6feb09931c7e0128954dc3319a,1,
state-conflict-control-30,3,"{""arg"":5242}","{""r"":-1}",6364774189d92002385eb6159915f4fffa72319a738e27de3927e612d88b093b,6364774189d92002385eb6159915f4fffa72319a738e27de3927e612d88b093b,1,
state-conflict-control-30,4,"{""arg"":5243}","{""r"":0}",b77ddbec0e30a04c1aca29fa886b48040a2520f4923b0e72a19cd8453ff20b5d,b77ddbec0e30a04c1aca29fa886b48040a2520f4923b0e72a19cd8453ff20b5d,1,
state-conflict-control-30,5,"{""arg"":5244}","{""r"":1}",145021ad1473a26d8942e5f92c2b9a50866e6e2af4eb0aba917ddde2c324bb8a,145021ad1473a26d8942e5f92c2b9a50866e6e2af4eb0aba917ddde2c324bb8a,1,
state-conflict-control-30,6,"{""arg"":5245}","{""r"":2}",bc73144415988c2ecace6b7067f87c91aff9ee13f6e603c336ddcc8e794d8634,bc73144415988c2ecace6b7067f87c91aff9ee13f6e603c336ddcc8e794d8634,1,
state-conflict-control-30,7,"{""arg"":5246}","{""r"":3}",4989b5319beec3dcc2960441fdcbdc8e6aca3a1e87cb363bbf987c5f10b11b8b,4989b5319beec3dcc2960441fdcbdc8e6aca3a1e87cb363bbf987c5f10b11b8b,1,
state-conflict-control-31,0,"{""arg"":5256}","{""r"":-4}",9cd70b7bfb2b8e5237c4aaffe469aba1067f9e4ab1130884818af3fec595699e,9cd70b7bfb2b8e5237c4aaffe469aba1067f9e4ab1130884818af3fec595699e,1,
state-conflict-control-31,1,"{""arg"":5257}","{""r"":-3}",bba3421eda6d7faaaa616be5c15d86c1ecd17a86f4a99b66d0d9d9d9f39d62e6,bba3421eda6d7faaaa616be5c15d86c1ecd17a86f4a99b66d0d9d9d9f39d62e6,1,
state-conflict-control-31,2,"{""arg"":5258}","{""r"":-2}",981d8352f5e671ac50a66cb90009374c3bc8483878d4d590d5090ae825ecda83,981d8352f5e671ac50a66cb90009374c3bc8483878d4d590d5090ae825ecda83,1,
state-conflict-control-31,3,"{""arg"":5259}","{""r"":-1}",b1d26af8cf18617a20e915e754c5cd347bef2dd2a0f881e3cf469f94794990ee,b1d26af8cf18617a20e915e754c5cd347bef2dd2a0f881e3cf469f94794990ee,1,
state-conflict-control-31,4,"{""arg"":5260}","{""r"":0}",e636d0a91e6e70f3a49bdf9fab8d59a6af0cea3e17baef38cf5019e6d00cedc5,e636d0a91e6e70f3a49bdf9fab8d59a6af0cea3e17baef38cf5019e6d00cedc5,1,
state-conflict-control-31,5,"{""arg"":5261}","{""r"":1}",c678d790a084f3ef6c2deaf8cd081d13fe40fead0779b5eb36b1747b828d975f,c678d790a084f3ef6c2deaf8cd081d13fe40fead0779b5eb36b1747b828d975f,1,
state-conflict-control-31,6,"{""arg"":5262}","{""r"":2}",2ea06a9c4ae06264c68ca2a82daa0715705a37a2dd012ec4fbde2b1be79469c1,2ea06a9c4ae06264c68ca2a82daa0715705a37a2dd012ec4fbde2b1be79469c1,1,
state-conflict-control-31,7,"{""arg"":5263}","{""r"":3}",0c7ad71a2fcd880885feb50ccb96570d9d8b58502112e028ef3619c05facf30f,0c7ad71a2fcd880885feb50ccb96570d9d8b58502112e028ef3619c05facf30f,1,
state-conflict-control-32,0,"{""arg"":5273}","{""r"":-4}",147e121070a95bf83abdf4681dadbb0fc33812b8342987dc73eb96a3769b9559,147e121070a95bf83abdf4681dadbb0fc33812b8342987dc73eb96a3769b9559,1,
state-conflict-control-32,1,"{""arg"":5274}","{""r"":-3}",fde2501c194b9de20b987a980d0269fa73c15fd9573c11fe282b95ccfc8bee92,fde2501c194b9de20b987a980d0269fa73c15fd9573c11fe282b95ccfc8bee92,1,
state-conflict-control-32,2,"{""arg"":5275}","{""r"":-2}",70e34a7919878c779665bb57a89cdfa134846ad04de953f9da73c8e642f60f4b,70e34a7919878c779665bb57a89cdfa134846ad04de953f9da73c8e642f60f4b,1,
state-conflict-control-32,3,"{""arg"":5276}","{""r"":-1}",75f88388fe7d21864748c0c7bd17e4250bd5ae316c1f84065d03920cc398987d,75f88388fe7d21864748c0c7bd17e4250bd5ae316c1f84065d03920cc398987d,1,
state-conflict-control-32,4,"{""arg"":5277}","{""r"":0}",251e78c7f79815260c93fae70a4653fb37af83a444a256e60830ce8690c51d98,251e78c7f79815260c93fae70a4653fb37af83a444a256e60830ce8690c51d98,1,
state-conflict-control-32,5,"{""arg"":5278}","{""r"":1}",d4a7414f5ba08f715f840e1cd60e1e2ae6ef652da3fc451c792b324397df3d14,d4a7414f5ba08f715f840e1cd60e1e2ae6ef652da3fc451c792b324397df3d14,1,
state-conflict-control-32,6,"{""arg"":5279}","{""r"":2}",69fdb86d1ad627e028f22b95d1c2268fd7a69c82993c02c8a1568628a01cc6b2,69fdb86d1ad627e028f22b95d1c2268fd7a69c82993c02c8a1568628a01cc6b2,1,
state-conflict-control-32,7,"{""arg"":5280}","{""r"":3}",5afa1fd3defa426384a20b6c5246042b8b36e16663184d7693cc622e67fe8793,5afa1fd3defa426384a20b6c5246042b8b36e16663184d7693cc622e67fe8793,1,
state-conflict-control-33,0,"{""arg"":5290}","{""r"":-4}",1ae64b3633da63e4055256ae3b81a391db3656834e1d034b7925842cc3ff94a4,1ae64b3633da63e4055256ae3b81a391db3656834e1d034b7925842cc3ff94a4,1,
state-conflict-control-33,1,"{""arg"":5291}","{""r"":-3}",fef67dea6f4bc43eaa69b253a232b05242451d6ca017419ac948b8e249e9cf65,fef67dea6f4bc43eaa69b253a232b05242451d6ca017419ac948b8e249e9cf65,1,
state-conflict-control-33,2,"{""arg"":5292}","{""r"":-2}",7330ac28dc403330070fca50d96731d0b79c3c0bfdefbcdc88d9d29fd3e9e30a,7330ac28dc403330070fca50d96731d0b79c3c0bfdefbcdc88d9d29fd3e9e30a,1,
state-conflict-control-33,3,"{""arg"":5293}","{""r"":-1}",d05127a22115daf609e832ec11cd29738b4cdf4feb0ebd79558e0647b9d16566,d05127a22115daf609e832ec11cd29738b4cdf4feb0ebd79558e0647b9d16566,1,
state-conflict-control-33,4,"{""arg"":5294}","{""r"":0}",49a7df21583c1809e34b71134724e23ab276b98ef571758fc3f9a145b0a06a54,49a7df21583c1809e34b71134724e23ab276b98ef571758fc3f9a145b0a06a54,1,
state-conflict-control-33,5,"{""arg"":5295}","{""r"":1}",202cd22c62b0c658cdecbd8afea78f69025fe75e9a064967e4c92aeed85871c4,202cd22c62b0c658cdecbd8afea78f69025fe75e9a064967e4c92aeed85871c4,1,
state-conflict-control-33,6,"{""arg"":5296}","{""r"":2}",57ac1e7ea2b6029f7fdd157df8ac651a503a64868ee648d8d6ee11f2fd142969,57ac1e7ea2b6029f7fdd157df8ac651a503a64868ee648d8d6ee11f2fd142969,1,
state-conflict-control-33,7,"{""arg"":5297}","{""r"":3}",cafff2afcd62e759114e1e38f9ed5f67b221bed3ee9a94de82a9609ea8717545,cafff2afcd62e759114e1e38f9ed5f67b221bed3ee9a94de82a9609ea8717545,1,
state-conflict-control-34,0,"{""arg"":5307}","{""r"":-4}",69d0391afd8fc3c235b7877b2893d29116ebdd0c3eb34bdf2531b895c481f057,69d0391afd8fc3c235b7877b2893d29116ebdd0c3eb34bdf2531b895c481f057,1,
state-conflict-control-34,1,"{""arg"":5308}","{""r"":-3}",da80585aa603933f252bc1507b7fc072fb11b7605c99dfb505ec676b1e70953a,da80585aa603933f252bc1507b7fc072fb11b7605c99dfb505ec676b1e70953a,1,
state-conflict-control-34,2,"{""arg"":5309}","{""r"":-2}",4612720d6fa573a54dce16c12489ee2bab42ef4304ad9476cd901152c8b2d452,4612720d6fa573a54dce16c12489ee2bab42ef4304ad9476cd901152c8b2d452,1,
state-conflict-control-34,3,"{""arg"":5310}","{""r"":-1}",4ecaeb148f8537acfeb6e19e12bf6bdf141f68bc7f21d0271916358f661a4da8,4ecaeb148f8537acfeb6e19e12bf6bdf141f68bc7f21d0271916358f661a4da8,1,
state-conflict-control-34,4,"{""arg"":5311}","{""r"":0}",d1487a8dce819fc26ee19373b2f96456004d2e343a02c97ddd30deafd63e7318,d1487a8dce819fc26ee19373b2f96456004d2e343a02c97ddd30deafd63e7318,1,
state-conflict-control-34,5,"{""arg"":5312}","{""r"":1}",4c220925ab05396f75c5e19b21eae79d0ee92c4d0f5a4653a8c745d200edc5ff,4c220925ab05396f75c5e19b21eae79d0ee92c4d0f5a4653a8c745d200edc5ff,1,
state-conflict-control-34,6,"{""arg"":5313}","{""r"":2}",210e7ab6cacf653192714fceccdbb8c9f8455400dabc83f691ce5f5f5df574a9,210e7ab6cacf653192714fceccdbb8c9f8455400dabc83f691ce5f5f5df574a9,1,
state-conflict-control-34,7,"{""arg"":5314}","{""r"":3}",96bd40391dc941aac159c5c06263fef22a292ea1caed4780b69b5acfd8348405,96bd40391dc941aac159c5c06263fef22a292ea1caed4780b69b5acfd8348405,1,
state-conflict-control-35,0,"{""arg"":5324}","{""r"":-4}",e92373d6a6cedba7a53d1bf59ff5deeaa858b41cfd93fdb91906bebcfdab8003,e92373d6a6cedba7a53d1bf59ff5deeaa858b41cfd93fdb91906bebcfdab8003,1,
state-conflict-control-35,1,"{""arg"":5325}","{""r"":-3}",0b29ae632aad2de4ddbf3cc152734a6e74a4d224739375bf80fe799b7450c3ed,0b29ae632aad2de4ddbf3cc152734a6e74a4d224739375bf80fe799b7450c3ed,1,
state-conflict-control-35,2,"{""arg"":5326}","{""r"":-2}",d84b0ba44c75041aa503f3768e6b073a26854982b064443545b05556400e2a98,d84b0ba44c75041aa503f3768e6b073a26854982b064443545b05556400e2a98,1,
state-conflict-control-35,3,"{""arg"":5327}","{""r"":-1}",ae9275c193ad86cf4ba1e11f578469141d86ebbf120c952107ac755be9905a27,ae9275c193ad86cf4ba1e11f578469141d86ebbf120c952107ac755be9905a27,1,
state-conflict-control-35,4,"{""arg"":5328}","{""r"":0}",328aa8aff38c94a9e52f8541b6a38f13901e5e927978892fa32cc25debcc984b,328aa8aff38c94a9e52f8541b6a38f13901e5e927978892fa32cc25debcc984b,1,
state-conflict-control-35,5,"{""arg"":5329}","{""r"":1}",0fbfe810b7abda3baf2be223610543f485ce2d047f5bf51dda3b1b62cf5069e1,0fbfe810b7abda3baf2be223610543f485ce2d047f5bf51dda3b1b62cf5069e1,1,
state-conflict-control-35,6,"{""arg"":5330}","{""r"":2}",18a088c93e267bb62c9091e40975b443dea5af015b12f5f3ae88cb557b6aec30,18a088c93e267bb62c9091e40975b443dea5af015b12f5f3ae88cb557b6aec30,1,
state-conflict-control-35,7,"{""arg"":5331}","{""r"":3}",c02987ec7d429b0874ae866b52e760190ab314be0a0680d4ec4fb65788955f9a,c02987ec7d429b0874ae866b52e760190ab314be0a0680d4ec4fb65788955f9a,1,
state-conflict-control-36,0,"{""arg"":5341}","{""r"":-4}",84d2a1363ece18fdbe6f3f2f3ed7a0c633b0f89daf1daaa778eba213b0575e67,84d2a1363ece18fdbe6f3f2f3ed7a0c633b0f89daf1daaa778eba213b0575e67,1,
state-conflict-control-36,1,"{""arg"":5342}","{""r"":-3}",8bd2fb437f04c0c6bd9f8fd6423c6320268a3f8c7381b7ce666b2807fad4ec4b,8bd2fb437f04c0c6bd9f8fd6423c6320268a3f8c7381b7ce666b2807fad4ec4b,1,
state-conflict-control-36,2,"{""arg"":5343}","{""r"":-2}",53467b54bc1f5a997ec18617e79bb50f91d9ff5424ece3df51d9720f55a39501,53467b54bc1f5a997ec18617e79bb50f91d9ff5424ece3df51d9720f55a39501,1,
state-conflict-control-36,3,"{""arg"":5344}","{""r"":-1}",4f781b608f3fb8f9d22dd49bea7f735294d445d70e0ea2a86f452c74b4544542,4f781b608f3fb8f9d22dd49bea7f735294d445d70e0ea2a86f452c74b4544542,1,
state-conflict-control-36,4,"{""arg"":5345}","{""r"":0}",c7836fd639f6492714d6010bfc6621c07ac698a64601b1003811fa38c7c40724,c7836fd639f6492714d6010bfc6621c07ac698a64601b1003811fa38c7c40724,1,
state-conflict-control-36,5,"{""arg"":5346}","{""r"":1}",eabf239ba9bb9ae8c28841854a346827b9eacb47848ba7387cdd99ea23988236,eabf239ba9bb9ae8c28841854a346827b9eacb47848ba7387cdd99ea23988236,1,
state-conflict-control-36,6,"{""arg"":5347}","{""r"":2}",4845a88d13a229178c2cb56411335fa62a5ec24973fdf51269a551dc16856829,4845a88d13a229178c2cb56411335fa62a5ec24973fdf51269a551dc16856829,1,
state-conflict-control-36,7,"{""arg"":5348}","{""r"":3}",1db42680be17576dd5a0f424ba9ff2390fd5af234a02c99349c5f48d94e4f79c,1db42680be17576dd5a0f424ba9ff2390fd5af234a02c99349c5f48d94e4f79c,1,
state-conflict-control-37,0,"{""arg"":5358}","{""r"":-4}",78bc81b91f15efe4d1f8a663b311b9a9be160895360d46008739cc19c5459248,78bc81b91f15efe4d1f8a663b311b9a9be160895360d46008739cc19c5459248,1,
state-conflict-control-37,1,"{""arg"":5359}","{""r"":-3}",fb36465ec51c0eb6f28972c10072c4660290fb8e6fc31ffad1ce5ba9194ce0bf,fb36465ec51c0eb6f28972c10072c4660290fb8e6fc31ffad1ce5ba9194ce0bf,1,
state-conflict-control-37,2,"{""arg"":5360}","{""r"":-2}",de629da8fc77cd18e0755d12f4beca548b7b0c6dd849234fbd25c63813d1c10d,de629da8fc77cd18e0755d12f4beca548b7b0c6dd849234fbd25c63813d1c10d,1,
state-conflict-control-37,3,"{""arg"":5361}","{""r"":-1}",0f8c4e4d660fd77b3890dfc4d6a313682cbfa6ce0cae193250b836a13244a6f1,0f8c4e4d660fd77b3890dfc4d6a313682cbfa6ce0cae193250b836a13244a6f1,1,
state-conflict-control-37,4,"{""arg"":5362}","{""r"":0}",c9aeefa8ddba2014ea263eb9209dfdc31a0a6253470f13f48f99725d4d69830e,c9aeefa8ddba2014ea263eb9209dfdc31a0a6253470f13f48f99725d4d69830e,1,
state-conflict-control-37,5,"{""arg"":5363}","{""r"":1}",b07164a63d9b4926561c7ae9ea6a34ae5d9cef50d9352042e9bd393f23d9dea6,b07164a63d9b4926561c7ae9ea6a34ae5d9cef50d9352042e9bd393f23d9dea6,1,
state-conflict-control-37,6,"{""arg"":5364}","{""r"":2}",6e49c16bab50858f928d6abf96f4d0b909158932d16bc9e4365d8f3f9605d50e,6e49c16bab50858f928d6abf96f4d0b909158932d16bc9e4365d8f3f9605d50e,1,
state-conflict-control-37,7,"{""arg"":5365}","{""r"":3}",179789b5a9f51dfa17a96ea47453b64d3906566d7bc882b0a7d8eeb0494ada49,179789b5a9f51dfa17a96ea47453b64d3906566d7bc882b0a7d8eeb0494ada49,1,
state-conflict-control-38,0,"{""arg"":5375}","{""r"":-4}",ae6f0e1021eb408e2ee8bb9767328db733b7d7ed6114b0bb97e7b90d0515660c,ae6f0e1021eb408e2ee8bb9767328db733b7d7ed6114b0bb97e7b90d0515660c,1,
state-conflict-control-38,1,"{""arg"":5376}","{""r"":-3}",65106bf31dd3c8497f84d04595963407ce5edec1e53eb19ab7091b133241d030,65106bf31dd3c8497f84d04595963407ce5edec1e53eb19ab7091b133241d030,1,
state-conflict-control-38,2,"{""arg"":5377}","{""r"":-2}",ebc99b8d7917313d581ea98ad0e1db27cef11e621ecf588a1c5ee776e9939d5a,ebc99b8d7917313d581ea98ad0e1db27cef11e621ecf588a1c5ee776e9939d5a,1,
state-conflict-control-38,3,"{""arg"":5378}","{""r"":-1}",4ef2ac631ed6fb725bac54a63934e3b2bd0280d1e41b7f539b9e320bbbd3fbd7,4ef2ac631ed6fb725bac54a63934e3b2bd0280d1e41b7f539b9e320bbbd3fbd7,1,
state-conflict-control-38,4,"{""arg"":5379}","{""r"":0}",2e20b059a6634ec2fee7edea223043a1c656b6644d5a558a3a79fac1f902a171,2e20b059a6634ec2fee7edea223043a1c656b6644d5a558a3a79fac1f902a171,1,
state-conflict-control-38,5,"{""arg"":5380}","{""r"":1}",a50dd49a8f2ab419065df7c02a07fbab8660f74a60004ec7bcf34ff8e5254539,a50dd49a8f2ab419065df7c02a07fbab8660f74a60004ec7bcf34ff8e5254539,1,
state-conflict-control-38,6,"{""arg"":5381}","{""r"":2}",23ffd15210a54ceada05b56efb7af9d98134df7ff9df4f3d9d3c35a5afc51742,23ffd15210a54ceada05b56efb7af9d98134df7ff9df4f3d9d3c35a5afc51742,1,
state-conflict-control-38,7,"{""arg"":5382}","{""r"":3}",8c6461de55240073d801c0513373dedf90d4bb3c5079f50d6a3f2a1e6fa27463,8c6461de55240073d801c0513373dedf90d4bb3c5079f50d6a3f2a1e6fa27463,1,
state-conflict-control-39,0,"{""arg"":5392}","{""r"":-4}",340ceaccd6e6afd2c84621f4fda2cfc13063827e32941bccebea05688861978c,340ceaccd6e6afd2c84621f4fda2cfc13063827e32941bccebea05688861978c,1,
state-conflict-control-39,1,"{""arg"":5393}","{""r"":-3}",370ce893ef7855274a2ffc810be9ecedb89867b9136c21024e218fc8f2458b55,370ce893ef7855274a2ffc810be9ecedb89867b9136c21024e218fc8f2458b55,1,
state-conflict-control-39,2,"{""arg"":5394}","{""r"":-2}",655d9a6710e88b32e0f3e2731705de35b3187a4319633febd590ae74c6f76a2e,655d9a6710e88b32e0f3e2731705de35b3187a4319633febd590ae74c6f76a2e,1,
state-conflict-control-39,3,"{""arg"":5395}","{""r"":-1}",e5090e3bb43dc2fb26a83379bba6b81ed7c73673352de64dc0e25d6f17f8f606,e5090e3bb43dc2fb26a83379bba6b81ed7c73673352de64dc0e25d6f17f8f606,1,
state-conflict-control-39,4,"{""arg"":5396}","{""r"":0}",52a2d724c253c1583b2f7f3c37f988dbe0e95973012064320f6e290fcf49ed62,52a2d724c253c1583b2f7f3c37f988dbe0e95973012064320f6e290fcf49ed62,1,
state-conflict-control-39,5,"{""arg"":5397}","{""r"":1}",373169574f6485fd5f9210e227feb05bfb0c06ed6abaa0f55bc95391b6212a4e,373169574f6485fd5f9210e227feb05bfb0c06ed6abaa0f55bc95391b6212a4e,1,
state-conflict-control-39,6,"{""arg"":5398}","{""r"":2}",33307f07bb737efb5a33d04dced258693a99830196a419abac6ca29b689da63c,33307f07bb737efb5a33d04dced258693a99830196a419abac6ca29b689da63c,1,
state-conflict-control-39,7,"{""arg"":5399}","{""r"":3}",2a8775f093afd8d885013529cf2653983424dc18724412dbf5a2ff28b9278e08,2a8775f093afd8d885013529cf2653983424dc18724412dbf5a2ff28b9278e08,1,
subtraction-control-00,0,"{""arg"":5409}","{""r"":-4}",f463f9321efd46e720c4bc23ea80878ddbaac3160742bccfd4cd75a7ce66990a,f463f9321efd46e720c4bc23ea80878ddbaac3160742bccfd4cd75a7ce66990a,1,
subtraction-control-00,1,"{""arg"":5410}","{""r"":-3}",e9b12fe27e876890cdc904f61985001a57ca3d9b2b31ed80cc721ed5a18979d2,e9b12fe27e876890cdc904f61985001a57ca3d9b2b31ed80cc721ed5a18979d2,1,
subtraction-control-00,2,"{""arg"":5411}","{""r"":-2}",09df60d545e862f2692a9568af6f204eb5d7a09211f465751ceb13b8160eb338,09df60d545e862f2692a9568af6f204eb5d7a09211f465751ceb13b8160eb338,1,
subtraction-control-00,3,"{""arg"":5412}","{""r"":-1}",2d7452255d9ca2fdeb11f9860958d3bc4d22d5272028c0e9a13054a4d073ef3a,2d7452255d9ca2fdeb11f9860958d3bc4d22d5272028c0e9a13054a4d073ef3a,1,
subtraction-control-00,4,"{""arg"":5413}","{""r"":0}",1eef1fd326be763cdd01d352f74a8935059b06159ffd0270002b5a07e117559c,1eef1fd326be763cdd01d352f74a8935059b06159ffd0270002b5a07e117559c,1,
subtraction-control-00,5,"{""arg"":5414}","{""r"":1}",1d26d17fdf4846a085c0ff842515d7057d8f83e72af18869e8706ad7e3ff48bf,1d26d17fdf4846a085c0ff842515d7057d8f83e72af18869e8706ad7e3ff48bf,1,
subtraction-control-00,6,"{""arg"":5415}","{""r"":2}",d550f432c38b0b0f0cbc99dd9fab598408f7b29ab4f05a0610917dcebd28cf16,d550f432c38b0b0f0cbc99dd9fab598408f7b29ab4f05a0610917dcebd28cf16,1,
subtraction-control-00,7,"{""arg"":5416}","{""r"":3}",ce48d43f56af9fd28581cb1fcc64a2655881376aae649028211a31844a4946a1,ce48d43f56af9fd28581cb1fcc64a2655881376aae649028211a31844a4946a1,1,
subtraction-control-01,0,"{""arg"":5426}","{""r"":-4}",078677edf7c01696caffe70b3c87d2d9f2b14bf3e6865e0c98f9745bd13eaf63,078677edf7c01696caffe70b3c87d2d9f2b14bf3e6865e0c98f9745bd13eaf63,1,
subtraction-control-01,1,"{""arg"":5427}","{""r"":-3}",6aba740fae01039bbcdbc260bdbacd3194b3ec77179c9d90bbfa7b22cea212cd,6aba740fae01039bbcdbc260bdbacd3194b3ec77179c9d90bbfa7b22cea212cd,1,
subtraction-control-01,2,"{""arg"":5428}","{""r"":-2}",d5b0a79771327eeaeb8d92eb9e11e571ac040b3099acfccbfcb16652df595ab4,d5b0a79771327eeaeb8d92eb9e11e571ac040b3099acfccbfcb16652df595ab4,1,
subtraction-control-01,3,"{""arg"":5429}","{""r"":-1}",60ea7593e365d2668e2deda6893712bb9ba2ef5f8a1ad68da02117b7c88c801d,60ea7593e365d2668e2deda6893712bb9ba2ef5f8a1ad68da02117b7c88c801d,1,
subtraction-control-01,4,"{""arg"":5430}","{""r"":0}",d96d423f0266b0f11a35c51c0848f459defe0c4afe25899d670ef25d762f583d,d96d423f0266b0f11a35c51c0848f459defe0c4afe25899d670ef25d762f583d,1,
subtraction-control-01,5,"{""arg"":5431}","{""r"":1}",b1dfe3f827289b3738a1ea7952a65dc39434121a67302d79ba016dec61b242e9,b1dfe3f827289b3738a1ea7952a65dc39434121a67302d79ba016dec61b242e9,1,
subtraction-control-01,6,"{""arg"":5432}","{""r"":2}",c16d35daf20f88a5b1b5c9f7542a2e84b1e1ec0dcb7444d8ab8a2c035d7eac6e,c16d35daf20f88a5b1b5c9f7542a2e84b1e1ec0dcb7444d8ab8a2c035d7eac6e,1,
subtraction-control-01,7,"{""arg"":5433}","{""r"":3}",67e8672090842b3229665100a2189482d7bee57be4d32e8c1e4618ac594a0318,67e8672090842b3229665100a2189482d7bee57be4d32e8c1e4618ac594a0318,1,
subtraction-control-02,0,"{""arg"":5443}","{""r"":-4}",86e1150d499215385f19b5a74131974675b99d7423fb9901b0e58bc266fd3449,86e1150d499215385f19b5a74131974675b99d7423fb9901b0e58bc266fd3449,1,
subtraction-control-02,1,"{""arg"":5444}","{""r"":-3}",fb4cb5e0d88cbc6c235c50d0706fdc30dba76d884b896e18985bba2e5bd091b9,fb4cb5e0d88cbc6c235c50d0706fdc30dba76d884b896e18985bba2e5bd091b9,1,
subtraction-control-02,2,"{""arg"":5445}","{""r"":-2}",9776edfdfa52d08b42d81fc10b88558c5dc71d17197f812dbe291800201dac12,9776edfdfa52d08b42d81fc10b88558c5dc71d17197f812dbe291800201dac12,1,
subtraction-control-02,3,"{""arg"":5446}","{""r"":-1}",dda405afce924fdf2382c5551333d8461ad3a4b6601f2c4e1224acbfc767c14a,dda405afce924fdf2382c5551333d8461ad3a4b6601f2c4e1224acbfc767c14a,1,
subtraction-control-02,4,"{""arg"":5447}","{""r"":0}",09612ba6cc8c54ff8328430d1bd04b3c8c77c3882e09f5a00563b619a82f6fb9,09612ba6cc8c54ff8328430d1bd04b3c8c77c3882e09f5a00563b619a82f6fb9,1,
subtraction-control-02,5,"{""arg"":5448}","{""r"":1}",c80df7dcebe8d1305ed251ca246123b3e89ad70cf033e2677890cdf70ed97cbb,c80df7dcebe8d1305ed251ca246123b3e89ad70cf033e2677890cdf70ed97cbb,1,
subtraction-control-02,6,"{""arg"":5449}","{""r"":2}",adc6bdcc80be9791486110af91af372b3fd2f2f47df6669be454cf7df85fb0b4,adc6bdcc80be9791486110af91af372b3fd2f2f47df6669be454cf7df85fb0b4,1,
subtraction-control-02,7,"{""arg"":5450}","{""r"":3}",415f3c8814f51aa7dbf9ab5d386877f8e7f4554b855ab80b7e2d67093261435f,415f3c8814f51aa7dbf9ab5d386877f8e7f4554b855ab80b7e2d67093261435f,1,
subtraction-control-03,0,"{""arg"":5460}","{""r"":-4}",cf51c034112bbd06872287253dd2fe7617432999215b2ea3a1e1066da9568d79,cf51c034112bbd06872287253dd2fe7617432999215b2ea3a1e1066da9568d79,1,
subtraction-control-03,1,"{""arg"":5461}","{""r"":-3}",ad9047526693668713478a319912b989f62b27b9afb1282cd295dd8c70a0df19,ad9047526693668713478a319912b989f62b27b9afb1282cd295dd8c70a0df19,1,
subtraction-control-03,2,"{""arg"":5462}","{""r"":-2}",29e2b3f273b88e9d24347667c4a4d5309d3e3f847ab5b18757c65b552b6cb844,29e2b3f273b88e9d24347667c4a4d5309d3e3f847ab5b18757c65b552b6cb844,1,
subtraction-control-03,3,"{""arg"":5463}","{""r"":-1}",36ad748a0b0fa1225138874a2de5fa5de08b53001d03345a73091fae7fbf7e8f,36ad748a0b0fa1225138874a2de5fa5de08b53001d03345a73091fae7fbf7e8f,1,
subtraction-control-03,4,"{""arg"":5464}","{""r"":0}",aeae4545553114f6a118232f42a3db3fe220b07fe2ac5006090e350a660e1341,aeae4545553114f6a118232f42a3db3fe220b07fe2ac5006090e350a660e1341,1,
subtraction-control-03,5,"{""arg"":5465}","{""r"":1}",0d92e445ce9374402ece3bfd03ca9544c31fbb23611c240ae2caae932d47c1d9,0d92e445ce9374402ece3bfd03ca9544c31fbb23611c240ae2caae932d47c1d9,1,
subtraction-control-03,6,"{""arg"":5466}","{""r"":2}",db10514801d9d3bc9f1bf0d36aa9f4215be31afc24f5d0aee4f825829909e3b7,db10514801d9d3bc9f1bf0d36aa9f4215be31afc24f5d0aee4f825829909e3b7,1,
subtraction-control-03,7,"{""arg"":5467}","{""r"":3}",3ee2013c061ca1916afbd1176bf5c79e8a692b9783ad010f9b2b9b04ff90e410,3ee2013c061ca1916afbd1176bf5c79e8a692b9783ad010f9b2b9b04ff90e410,1,
subtraction-control-04,0,"{""arg"":5477}","{""r"":-4}",d63e4b70bb9ed68b47a13afef6dacb48fb1aa3d5cb3d30275c01dea8f76bb4e4,d63e4b70bb9ed68b47a13afef6dacb48fb1aa3d5cb3d30275c01dea8f76bb4e4,1,
subtraction-control-04,1,"{""arg"":5478}","{""r"":-3}",ecc5772a16d6e4fecb0258ac1e55e6226f7ab67da49e8a030b1c09af088f6a5b,ecc5772a16d6e4fecb0258ac1e55e6226f7ab67da49e8a030b1c09af088f6a5b,1,
subtraction-control-04,2,"{""arg"":5479}","{""r"":-2}",ca19fdd9c184eb1fe80a3c31dbd1c5dc85e9f320e7349a4ecec226805c95f06a,ca19fdd9c184eb1fe80a3c31dbd1c5dc85e9f320e7349a4ecec226805c95f06a,1,
subtraction-control-04,3,"{""arg"":5480}","{""r"":-1}",219f61315529077ae95fe4a5f9cd08a383afcc0275a7392a8e99b283e7d0dea5,219f61315529077ae95fe4a5f9cd08a383afcc0275a7392a8e99b283e7d0dea5,1,
subtraction-control-04,4,"{""arg"":5481}","{""r"":0}",d20a42d775d1c24160c41e36534b88623d7518b98009124d3940766d7adb2323,d20a42d775d1c24160c41e36534b88623d7518b98009124d3940766d7adb2323,1,
subtraction-control-04,5,"{""arg"":5482}","{""r"":1}",0e536588dcbb1a1d70cff80a533733ca376cd20c6683c3ae05e27734f84f7f22,0e536588dcbb1a1d70cff80a533733ca376cd20c6683c3ae05e27734f84f7f22,1,
subtraction-control-04,6,"{""arg"":5483}","{""r"":2}",9cd765f50da889171b0d826969f482bef63c43729fa81ddfdd0399862bb6d6f4,9cd765f50da889171b0d826969f482bef63c43729fa81ddfdd0399862bb6d6f4,1,
subtraction-control-04,7,"{""arg"":5484}","{""r"":3}",5291868be4f1dcddc7516e596e25b34798bc1425750754e907f58adf68e59a11,5291868be4f1dcddc7516e596e25b34798bc1425750754e907f58adf68e59a11,1,
subtraction-control-05,0,"{""arg"":5494}","{""r"":-4}",70b98ad2b024ff4a2b7a5b6761c67b4838ef5419bad7519903271b4f5836675b,70b98ad2b024ff4a2b7a5b6761c67b4838ef5419bad7519903271b4f5836675b,1,
subtraction-control-05,1,"{""arg"":5495}","{""r"":-3}",14176175307b59ae727330b2a2fef1099e243967ad227b0542ffb5d501654e43,14176175307b59ae727330b2a2fef1099e243967ad227b0542ffb5d501654e43,1,
subtraction-control-05,2,"{""arg"":5496}","{""r"":-2}",3fce7889a2c8609d77dad786eb2d33cce8464997e2a51588a928bf6c595097e7,3fce7889a2c8609d77dad786eb2d33cce8464997e2a51588a928bf6c595097e7,1,
subtraction-control-05,3,"{""arg"":5497}","{""r"":-1}",371f8c00a91f12d1cb8fe9240a48b8872d683fd46c61f9ba27e68b49317ffbca,371f8c00a91f12d1cb8fe9240a48b8872d683fd46c61f9ba27e68b49317ffbca,1,
subtraction-control-05,4,"{""arg"":5498}","{""r"":0}",0bcc96240e882d9c4413db702db1397b0ffc24e2405de2817e2c29e38d0fe23c,0bcc96240e882d9c4413db702db1397b0ffc24e2405de2817e2c29e38d0fe23c,1,
subtraction-control-05,5,"{""arg"":5499}","{""r"":1}",e2b7a5e562b6a058b4075f1f7e86051b37329a34d2d1c978a8cbc9d68272c1e1,e2b7a5e562b6a058b4075f1f7e86051b37329a34d2d1c978a8cbc9d68272c1e1,1,
subtraction-control-05,6,"{""arg"":5500}","{""r"":2}",7cee3f03b7f3ecf4cfd8bfa77efa7cc7e2013216ddb13266a5f9d817e4c80a9e,7cee3f03b7f3ecf4cfd8bfa77efa7cc7e2013216ddb13266a5f9d817e4c80a9e,1,
subtraction-control-05,7,"{""arg"":5501}","{""r"":3}",cfe9526b2b0d40bf4c7d2194ffac189082077b9504b94b12fe510601af7770b1,cfe9526b2b0d40bf4c7d2194ffac189082077b9504b94b12fe510601af7770b1,1,
subtraction-control-06,0,"{""arg"":5511}","{""r"":-4}",ec39fd27f0809d08f974004a8580366919e672d477641f710e1f9ba817e085d3,ec39fd27f0809d08f974004a8580366919e672d477641f710e1f9ba817e085d3,1,
subtraction-control-06,1,"{""arg"":5512}","{""r"":-3}",d159bd1588397fca90dd499d049699c36d53714e7b0366fff6bcd203dd69128c,d159bd1588397fca90dd499d049699c36d53714e7b0366fff6bcd203dd69128c,1,
subtraction-control-06,2,"{""arg"":5513}","{""r"":-2}",32cb29c1e31736269a19257d5f46863299f4fa120b2da5b0354e91a6f1759294,32cb29c1e31736269a19257d5f46863299f4fa120b2da5b0354e91a6f1759294,1,
subtraction-control-06,3,"{""arg"":5514}","{""r"":-1}",b7d961818279b6cdd65291a902600e3f29d8e1e9ede76a6909df1579bdee0d92,b7d961818279b6cdd65291a902600e3f29d8e1e9ede76a6909df1579bdee0d92,1,
subtraction-control-06,4,"{""arg"":5515}","{""r"":0}",bcedf01dc9e9ac727fc04a34497fcc21aa230bb455d6ad44f06b2b15da493e37,bcedf01dc9e9ac727fc04a34497fcc21aa230bb455d6ad44f06b2b15da493e37,1,
subtraction-control-06,5,"{""arg"":5516}","{""r"":1}",b944357a466c56407a124fa842b9bc9dbac65fa4b6ee9e40e72b2d5ead56f978,b944357a466c56407a124fa842b9bc9dbac65fa4b6ee9e40e72b2d5ead56f978,1,
subtraction-control-06,6,"{""arg"":5517}","{""r"":2}",f6103091d22849e842bf2459f2abf03ca4ae411f3eb73b9d0dc7cbcb5ca53af6,f6103091d22849e842bf2459f2abf03ca4ae411f3eb73b9d0dc7cbcb5ca53af6,1,
subtraction-control-06,7,"{""arg"":5518}","{""r"":3}",bd51cd7b99ec9eb44f51d7f3bcb4c7efc448709e34955cc6bfce632bba86fd20,bd51cd7b99ec9eb44f51d7f3bcb4c7efc448709e34955cc6bfce632bba86fd20,1,
subtraction-control-07,0,"{""arg"":5528}","{""r"":-4}",65081a582de6114f6248619aff5a9e0e4542c9a4d64d24be38a32fa2bf3f2f75,65081a582de6114f6248619aff5a9e0e4542c9a4d64d24be38a32fa2bf3f2f75,1,
subtraction-control-07,1,"{""arg"":5529}","{""r"":-3}",ce087fe496f2cd63fdaf8d1cacb07c2b6c408dd1114a319bcb59ae51a6024e54,ce087fe496f2cd63fdaf8d1cacb07c2b6c408dd1114a319bcb59ae51a6024e54,1,
subtraction-control-07,2,"{""arg"":5530}","{""r"":-2}",7205fe05957f2b7d40cf56b51f5cd3be41bb265c9c5fb154b9f39f8682a351c9,7205fe05957f2b7d40cf56b51f5cd3be41bb265c9c5fb154b9f39f8682a351c9,1,
subtraction-control-07,3,"{""arg"":5531}","{""r"":-1}",a9ec089a4e32a0474f69af2bd8f2fb7892b5e42b47cd0c7629930dc59cc82475,a9ec089a4e32a0474f69af2bd8f2fb7892b5e42b47cd0c7629930dc59cc82475,1,
subtraction-control-07,4,"{""arg"":5532}","{""r"":0}",7b77520269c33738ab453c2cf3e8fbb2b3450c4e05bac975fcdcd9388c5fa5df,7b77520269c33738ab453c2cf3e8fbb2b3450c4e05bac975fcdcd9388c5fa5df,1,
subtraction-control-07,5,"{""arg"":5533}","{""r"":1}",45d8a6a7e59445b873a4d0d37b4e832d58923d84c2f61203e1579bf7525d2e45,45d8a6a7e59445b873a4d0d37b4e832d58923d84c2f61203e1579bf7525d2e45,1,
subtraction-control-07,6,"{""arg"":5534}","{""r"":2}",cc39d4612a58345fe6f0fb7a0d06a9bdd9ddda42c776fb36d21ddb3b6d985003,cc39d4612a58345fe6f0fb7a0d06a9bdd9ddda42c776fb36d21ddb3b6d985003,1,
subtraction-control-07,7,"{""arg"":5535}","{""r"":3}",19a4c8dfd54356b71ea851fa728c17e8c8ec86052ea4860cc315f84d95ac27e4,19a4c8dfd54356b71ea851fa728c17e8c8ec86052ea4860cc315f84d95ac27e4,1,
subtraction-control-08,0,"{""arg"":5545}","{""r"":-4}",4f44f5edc94f032b06ae286268f911392ca68a8a0af99996160b42a12a8d09c8,4f44f5edc94f032b06ae286268f911392ca68a8a0af99996160b42a12a8d09c8,1,
subtraction-control-08,1,"{""arg"":5546}","{""r"":-3}",5792448cbd42bdb0c7c368747f0d9908755ceefed54ec6a1b554bde6b8d6a620,5792448cbd42bdb0c7c368747f0d9908755ceefed54ec6a1b554bde6b8d6a620,1,
subtraction-control-08,2,"{""arg"":5547}","{""r"":-2}",ff894d24ddb63833aca9a6629a70033e87bc9538e568a230d8ff09f7b8fbd78d,ff894d24ddb63833aca9a6629a70033e87bc9538e568a230d8ff09f7b8fbd78d,1,
subtraction-control-08,3,"{""arg"":5548}","{""r"":-1}",0d5860517b17ff94e02bba1fb1148dea4acbbc8820f48f17dd8c132ffd8e2cf6,0d5860517b17ff94e02bba1fb1148dea4acbbc8820f48f17dd8c132ffd8e2cf6,1,
subtraction-control-08,4,"{""arg"":5549}","{""r"":0}",f1418310dd310de4eb38308d78caf660fe293a133910eab64b73c035fb5d9bd2,f1418310dd310de4eb38308d78caf660fe293a133910eab64b73c035fb5d9bd2,1,
subtraction-control-08,5,"{""arg"":5550}","{""r"":1}",c9a99f98c985fe0c423b6e0dce79b1ca9a99aa5c03be5b279e1c9cbdb29823e1,c9a99f98c985fe0c423b6e0dce79b1ca9a99aa5c03be5b279e1c9cbdb29823e1,1,
subtraction-control-08,6,"{""arg"":5551}","{""r"":2}",63f8759d36457f57727e5fbc7943e20fbeb98ceeca7f68fa92fda5868e7e393c,63f8759d36457f57727e5fbc7943e20fbeb98ceeca7f68fa92fda5868e7e393c,1,
subtraction-control-08,7,"{""arg"":5552}","{""r"":3}",34f23e7c657d659d8fd9e6cca5362d3435c501f0bf9e9e146061c7bd75df0100,34f23e7c657d659d8fd9e6cca5362d3435c501f0bf9e9e146061c7bd75df0100,1,
subtraction-control-09,0,"{""arg"":5562}","{""r"":-4}",9279264f996706f2f91edaf8e77e96514b2ec058fe9cb916305793051122f428,9279264f996706f2f91edaf8e77e96514b2ec058fe9cb916305793051122f428,1,
subtraction-control-09,1,"{""arg"":5563}","{""r"":-3}",50243bb300a9a98e938c193abc3a817f952178f5e693bacf5aa56601253ee04d,50243bb300a9a98e938c193abc3a817f952178f5e693bacf5aa56601253ee04d,1,
subtraction-control-09,2,"{""arg"":5564}","{""r"":-2}",9b792a784adb782eeed3abd17b8967ac4186c48e398b9862acef229fa06b287b,9b792a784adb782eeed3abd17b8967ac4186c48e398b9862acef229fa06b287b,1,
subtraction-control-09,3,"{""arg"":5565}","{""r"":-1}",fdb58166e2b5fe23871c0c47f162a526bf7636c14f2f6f937e001cf649618819,fdb58166e2b5fe23871c0c47f162a526bf7636c14f2f6f937e001cf649618819,1,
subtraction-control-09,4,"{""arg"":5566}","{""r"":0}",1987a338a927a2831aca37d154f600fc598f811bea13e695847dec5a9289c528,1987a338a927a2831aca37d154f600fc598f811bea13e695847dec5a9289c528,1,
subtraction-control-09,5,"{""arg"":5567}","{""r"":1}",6329fe5eaa43f9905d8a8e1b4719ad7367c5f50126c4f1a9c96e3a6842c3df6c,6329fe5eaa43f9905d8a8e1b4719ad7367c5f50126c4f1a9c96e3a6842c3df6c,1,
subtraction-control-09,6,"{""arg"":5568}","{""r"":2}",aadecb757c81a1d18bf6ce1026a0575392cbf5ede867e58cf54155616fe72bec,aadecb757c81a1d18bf6ce1026a0575392cbf5ede867e58cf54155616fe72bec,1,
subtraction-control-09,7,"{""arg"":5569}","{""r"":3}",aa957882c5dfe38552063f5b407f8112a26fd9db56a0e5cb06e1994ec3ab08bd,aa957882c5dfe38552063f5b407f8112a26fd9db56a0e5cb06e1994ec3ab08bd,1,
subtraction-control-10,0,"{""arg"":5579}","{""r"":-4}",ae11d08dffd2b4809790b88b4f7cfe701167ce9c3e9819b91bbfa82db4c308cb,ae11d08dffd2b4809790b88b4f7cfe701167ce9c3e9819b91bbfa82db4c308cb,1,
subtraction-control-10,1,"{""arg"":5580}","{""r"":-3}",0f2cf8f02b6755879f16dd18041453269a91ddc0c3d73fe649db4f20dd5f4274,0f2cf8f02b6755879f16dd18041453269a91ddc0c3d73fe649db4f20dd5f4274,1,
subtraction-control-10,2,"{""arg"":5581}","{""r"":-2}",e1acc4559800e0878c77f66c57c7663ee325beaee1ec35b4a8d17e016bbbb14e,e1acc4559800e0878c77f66c57c7663ee325beaee1ec35b4a8d17e016bbbb14e,1,
subtraction-control-10,3,"{""arg"":5582}","{""r"":-1}",db9c37e2dc50e463e9c9fa603e3d458328f062195c9ea681162202830398ea35,db9c37e2dc50e463e9c9fa603e3d458328f062195c9ea681162202830398ea35,1,
subtraction-control-10,4,"{""arg"":5583}","{""r"":0}",c627dfa180f3d1a6daa67ba55074b8aafd9e8dfb7eb32a96d30cc39d8a913bfc,c627dfa180f3d1a6daa67ba55074b8aafd9e8dfb7eb32a96d30cc39d8a913bfc,1,
subtraction-control-10,5,"{""arg"":5584}","{""r"":1}",ae4d4eb5ec3b0c8bc7593ab517c9c650bbde39351c27117b8c731eede887c783,ae4d4eb5ec3b0c8bc7593ab517c9c650bbde39351c27117b8c731eede887c783,1,
subtraction-control-10,6,"{""arg"":5585}","{""r"":2}",7a53141915fb674bf35266af414e10a031b06c81bf6646e1371084a5be0dbb93,7a53141915fb674bf35266af414e10a031b06c81bf6646e1371084a5be0dbb93,1,
subtraction-control-10,7,"{""arg"":5586}","{""r"":3}",7d86e6e6904f7b62769051084914e26891c1da63179c12e497174e5d1387c218,7d86e6e6904f7b62769051084914e26891c1da63179c12e497174e5d1387c218,1,
subtraction-control-11,0,"{""arg"":5596}","{""r"":-4}",788f1a131412349719c236923a592566d6911d2727a3621f6d81874f81fe3875,788f1a131412349719c236923a592566d6911d2727a3621f6d81874f81fe3875,1,
subtraction-control-11,1,"{""arg"":5597}","{""r"":-3}",2a4ad87af23dc34b15330ae5bd0f1176f5ea60860e2f0fff70796b0e5eee63b7,2a4ad87af23dc34b15330ae5bd0f1176f5ea60860e2f0fff70796b0e5eee63b7,1,
subtraction-control-11,2,"{""arg"":5598}","{""r"":-2}",f86e0503fffc5b38a6172639187b129028056c42fdd7c3106a231e900d29b37e,f86e0503fffc5b38a6172639187b129028056c42fdd7c3106a231e900d29b37e,1,
subtraction-control-11,3,"{""arg"":5599}","{""r"":-1}",fc686addbb1a46bd3d7b6eb2d515fba4b86b7f6ea4a9866d6c92b760d93a1ac5,fc686addbb1a46bd3d7b6eb2d515fba4b86b7f6ea4a9866d6c92b760d93a1ac5,1,
subtraction-control-11,4,"{""arg"":5600}","{""r"":0}",d96fea5eb0b2be04c1f236adc0fc7f17107eadad621120d82b7b343359960174,d96fea5eb0b2be04c1f236adc0fc7f17107eadad621120d82b7b343359960174,1,
subtraction-control-11,5,"{""arg"":5601}","{""r"":1}",8099d38ed490177e7bb31a7d54321cd7ea2f7ac4732d1b5661ad4d77880b6f91,8099d38ed490177e7bb31a7d54321cd7ea2f7ac4732d1b5661ad4d77880b6f91,1,
subtraction-control-11,6,"{""arg"":5602}","{""r"":2}",100c538b705cd8282d79792a2f6b865b0a80da7daa77697a6d2451188f650128,100c538b705cd8282d79792a2f6b865b0a80da7daa77697a6d2451188f650128,1,
subtraction-control-11,7,"{""arg"":5603}","{""r"":3}",c3ae5e99c2d9ccbbb70ecdd1f0eb676744eb1d4f23f4e715b2943bc1306e3633,c3ae5e99c2d9ccbbb70ecdd1f0eb676744eb1d4f23f4e715b2943bc1306e3633,1,
subtraction-control-12,0,"{""arg"":5613}","{""r"":-4}",ebde6ed10b09a24d57c207ca4a061f4082332f14d500a5be39ac7aafd28b77a7,ebde6ed10b09a24d57c207ca4a061f4082332f14d500a5be39ac7aafd28b77a7,1,
subtraction-control-12,1,"{""arg"":5614}","{""r"":-3}",c986b5850de17348f7dea4cea9e0daa3199f3cc91a8b903ccf321d251a79281a,c986b5850de17348f7dea4cea9e0daa3199f3cc91a8b903ccf321d251a79281a,1,
subtraction-control-12,2,"{""arg"":5615}","{""r"":-2}",06d998514f0835367e39d85a57d4609b24aa1ef3ea04b80907f843efc4c115e8,06d998514f0835367e39d85a57d4609b24aa1ef3ea04b80907f843efc4c115e8,1,
subtraction-control-12,3,"{""arg"":5616}","{""r"":-1}",03c684f326e4b9e022382ace7be4b72c9c3ec143bd95eead4aaeab539029b1f8,03c684f326e4b9e022382ace7be4b72c9c3ec143bd95eead4aaeab539029b1f8,1,
subtraction-control-12,4,"{""arg"":5617}","{""r"":0}",7f164351565075e2cc77a2f01280bec38acf2e2354d9f35d18406c69e55386a1,7f164351565075e2cc77a2f01280bec38acf2e2354d9f35d18406c69e55386a1,1,
subtraction-control-12,5,"{""arg"":5618}","{""r"":1}",813474ca4c5c13e54f126f499144ecea521504682ca0689aee25473ce908660c,813474ca4c5c13e54f126f499144ecea521504682ca0689aee25473ce908660c,1,
subtraction-control-12,6,"{""arg"":5619}","{""r"":2}",3170346a03ea8c841849face55830c0e4a5633fb6d10bbf21b29b4038d9294ae,3170346a03ea8c841849face55830c0e4a5633fb6d10bbf21b29b4038d9294ae,1,
subtraction-control-12,7,"{""arg"":5620}","{""r"":3}",612b52268c2aa862c580aaea215fde98e0f64d98fc0fd39573df9666afcae60e,612b52268c2aa862c580aaea215fde98e0f64d98fc0fd39573df9666afcae60e,1,
subtraction-control-13,0,"{""arg"":5630}","{""r"":-4}",6250ec4f889c39d2b436ce642aafedf251054802f56a18d444a65d8cefa28218,6250ec4f889c39d2b436ce642aafedf251054802f56a18d444a65d8cefa28218,1,
subtraction-control-13,1,"{""arg"":5631}","{""r"":-3}",905f9cf0bcca9711870fbccaedd3c6154aa41c8033b7b37175aed4b448c2ce03,905f9cf0bcca9711870fbccaedd3c6154aa41c8033b7b37175aed4b448c2ce03,1,
subtraction-control-13,2,"{""arg"":5632}","{""r"":-2}",21d8cc1666d591903fb1a80d6ed6d8279f56242746f9102fee82b2f54dd756cc,21d8cc1666d591903fb1a80d6ed6d8279f56242746f9102fee82b2f54dd756cc,1,
subtraction-control-13,3,"{""arg"":5633}","{""r"":-1}",a61dfed6d278900bbebc29da3b0da20bcade4dbc92740e4844dbb896d0a92810,a61dfed6d278900bbebc29da3b0da20bcade4dbc92740e4844dbb896d0a92810,1,
subtraction-control-13,4,"{""arg"":5634}","{""r"":0}",c462c5892b9dad7aef46f0327e66f210d2999869164349bd6badcb5e4aeddbe5,c462c5892b9dad7aef46f0327e66f210d2999869164349bd6badcb5e4aeddbe5,1,
subtraction-control-13,5,"{""arg"":5635}","{""r"":1}",f816796f27711b00c3fc60be23bc7009054745c9e7ff74dff5d26761ba72b8ea,f816796f27711b00c3fc60be23bc7009054745c9e7ff74dff5d26761ba72b8ea,1,
subtraction-control-13,6,"{""arg"":5636}","{""r"":2}",5921513749be2dfde785b6dc7cf1a5f29ddfd9192123235058505c0cc4f1b910,5921513749be2dfde785b6dc7cf1a5f29ddfd9192123235058505c0cc4f1b910,1,
subtraction-control-13,7,"{""arg"":5637}","{""r"":3}",99ea77ed66217d5c78a0811f179ec43c928b8f0947c64496aeb0500899f481c2,99ea77ed66217d5c78a0811f179ec43c928b8f0947c64496aeb0500899f481c2,1,
subtraction-control-14,0,"{""arg"":5647}","{""r"":-4}",7c6656175e0b78418482e27cc24b355c5da0a7d3586cd7a8015f8ebd9b167e8e,7c6656175e0b78418482e27cc24b355c5da0a7d3586cd7a8015f8ebd9b167e8e,1,
subtraction-control-14,1,"{""arg"":5648}","{""r"":-3}",b6e99c97afbfbad2fc1ef4ecb5c14361f7b4927f2342ff7d42ab572472905ab4,b6e99c97afbfbad2fc1ef4ecb5c14361f7b4927f2342ff7d42ab572472905ab4,1,
subtraction-control-14,2,"{""arg"":5649}","{""r"":-2}",fe41434e32dda85538f66412f90e9f6959a18a422016693ce57db188892019f2,fe41434e32dda85538f66412f90e9f6959a18a422016693ce57db188892019f2,1,
subtraction-control-14,3,"{""arg"":5650}","{""r"":-1}",c0bfc8fece3d912e0f61df8adcb8cdc3ce32099dde5d047853e4621ad916cfa7,c0bfc8fece3d912e0f61df8adcb8cdc3ce32099dde5d047853e4621ad916cfa7,1,
subtraction-control-14,4,"{""arg"":5651}","{""r"":0}",e525e2ebb1ced367527a028a192b1b7ca30a8fc0655c71b97ed5015ee27beb75,e525e2ebb1ced367527a028a192b1b7ca30a8fc0655c71b97ed5015ee27beb75,1,
subtraction-control-14,5,"{""arg"":5652}","{""r"":1}",9e51a30f1b63b6231cb57d5933b6d322a2857554a56d81954abaab83450c0007,9e51a30f1b63b6231cb57d5933b6d322a2857554a56d81954abaab83450c0007,1,
subtraction-control-14,6,"{""arg"":5653}","{""r"":2}",2c5ee0a008a1c1f58c2bbd1cde7656fc862d6161be7a6215630a916b58fae50a,2c5ee0a008a1c1f58c2bbd1cde7656fc862d6161be7a6215630a916b58fae50a,1,
subtraction-control-14,7,"{""arg"":5654}","{""r"":3}",ccd1eb8e1a9fa4bc369ae1d42e72be41a0429531414825147a8d9fe8209b3439,ccd1eb8e1a9fa4bc369ae1d42e72be41a0429531414825147a8d9fe8209b3439,1,
subtraction-control-15,0,"{""arg"":5664}","{""r"":-4}",fe212a6c78f6c84e1e1c03c55046b4e043492bd3d4c8ebf7eaf4a7eca59a0bf3,fe212a6c78f6c84e1e1c03c55046b4e043492bd3d4c8ebf7eaf4a7eca59a0bf3,1,
subtraction-control-15,1,"{""arg"":5665}","{""r"":-3}",48cc9f6e5f179b98159a8f3d13eb5bada2dcbb33bf3f9a53ec22484c7fe0e850,48cc9f6e5f179b98159a8f3d13eb5bada2dcbb33bf3f9a53ec22484c7fe0e850,1,
subtraction-control-15,2,"{""arg"":5666}","{""r"":-2}",3369c760dd065d894bf95aa7db38b93d2503cf7f6237c99362a5a59643c3f386,3369c760dd065d894bf95aa7db38b93d2503cf7f6237c99362a5a59643c3f386,1,
subtraction-control-15,3,"{""arg"":5667}","{""r"":-1}",889bcc5530d2fe3926c447a636904ea316ee9edfe749d8a7e16733bc11006562,889bcc5530d2fe3926c447a636904ea316ee9edfe749d8a7e16733bc11006562,1,
subtraction-control-15,4,"{""arg"":5668}","{""r"":0}",c8ec15071c431c2813ec5346bd1a5270919f9fd7daa18f1734da7a0cbc455767,c8ec15071c431c2813ec5346bd1a5270919f9fd7daa18f1734da7a0cbc455767,1,
subtraction-control-15,5,"{""arg"":5669}","{""r"":1}",d0a0f28576abf9c157764c0258113fb6f44c84b8af8456807b092a21f30c4a41,d0a0f28576abf9c157764c0258113fb6f44c84b8af8456807b092a21f30c4a41,1,
subtraction-control-15,6,"{""arg"":5670}","{""r"":2}",317f613d34ae706df2bc30a96ab3526d6e815fec0c34a192e14377a77ab27bf5,317f613d34ae706df2bc30a96ab3526d6e815fec0c34a192e14377a77ab27bf5,1,
subtraction-control-15,7,"{""arg"":5671}","{""r"":3}",ef9f8e0cb4e1b415c697ce9c9da7f3684afa17dcce176856c3a426db3295fca4,ef9f8e0cb4e1b415c697ce9c9da7f3684afa17dcce176856c3a426db3295fca4,1,
subtraction-control-16,0,"{""arg"":5681}","{""r"":-4}",56b80e1ef647a920d44a62429af7455c9859487d0cc9202933b99c38591aff58,56b80e1ef647a920d44a62429af7455c9859487d0cc9202933b99c38591aff58,1,
subtraction-control-16,1,"{""arg"":5682}","{""r"":-3}",2fd7234dbe01249efc5cd95d71181ff02d169ff7dd05be262dd5ac6fafe095e0,2fd7234dbe01249efc5cd95d71181ff02d169ff7dd05be262dd5ac6fafe095e0,1,
subtraction-control-16,2,"{""arg"":5683}","{""r"":-2}",53fc9fd919c3ba9ce33ae43ca12f93660f7023b8e29d8cad297e1a308ac048fe,53fc9fd919c3ba9ce33ae43ca12f93660f7023b8e29d8cad297e1a308ac048fe,1,
subtraction-control-16,3,"{""arg"":5684}","{""r"":-1}",5eaf93c339b1404c79eeaab8b7f9b8a2ede938268345006ba7dd69e43353f086,5eaf93c339b1404c79eeaab8b7f9b8a2ede938268345006ba7dd69e43353f086,1,
subtraction-control-16,4,"{""arg"":5685}","{""r"":0}",1be613d749c43751c51fa8bf40815ab65842326aca62705068d35e26f3c96cf1,1be613d749c43751c51fa8bf40815ab65842326aca62705068d35e26f3c96cf1,1,
subtraction-control-16,5,"{""arg"":5686}","{""r"":1}",4a61a81381650c6b95b36ceebe9ce0f34f00f1adab66b66dd0473616f2f57b74,4a61a81381650c6b95b36ceebe9ce0f34f00f1adab66b66dd0473616f2f57b74,1,
subtraction-control-16,6,"{""arg"":5687}","{""r"":2}",5f69cfef42c60f0310225cc20dbb63cbb79a89a3b9d4aeec6e005f77be50382c,5f69cfef42c60f0310225cc20dbb63cbb79a89a3b9d4aeec6e005f77be50382c,1,
subtraction-control-16,7,"{""arg"":5688}","{""r"":3}",f0735062f3b15bd061593e7188639481211470ed9d1b55d9ab9916ced9ec82e4,f0735062f3b15bd061593e7188639481211470ed9d1b55d9ab9916ced9ec82e4,1,
subtraction-control-17,0,"{""arg"":5698}","{""r"":-4}",86bcac8daf349bf34f0f276a64f63b7f5fdbfffc37fe33a531db617ad86ea15d,86bcac8daf349bf34f0f276a64f63b7f5fdbfffc37fe33a531db617ad86ea15d,1,
subtraction-control-17,1,"{""arg"":5699}","{""r"":-3}",8d508654d47b45d72159612876b9e192657b030874e3d9fd20a8a07a80cd7154,8d508654d47b45d72159612876b9e192657b030874e3d9fd20a8a07a80cd7154,1,
subtraction-control-17,2,"{""arg"":5700}","{""r"":-2}",c4f72074fe0e773276500cfef8a7dc3692acd150f545bb84e134a64ae2916494,c4f72074fe0e773276500cfef8a7dc3692acd150f545bb84e134a64ae2916494,1,
subtraction-control-17,3,"{""arg"":5701}","{""r"":-1}",fe57550a0b6b9ebacae8fc7170bd79a96581c7b4e23bded5349a00568d12197f,fe57550a0b6b9ebacae8fc7170bd79a96581c7b4e23bded5349a00568d12197f,1,
subtraction-control-17,4,"{""arg"":5702}","{""r"":0}",613fff416d49e802f1f52a68224a86fa4b100e8200d7d14b0f1401905a6792a9,613fff416d49e802f1f52a68224a86fa4b100e8200d7d14b0f1401905a6792a9,1,
subtraction-control-17,5,"{""arg"":5703}","{""r"":1}",08cd2d31786d907a31667982252f4a2a0aa032c58cc4e8fd2ad39e1e20ba851d,08cd2d31786d907a31667982252f4a2a0aa032c58cc4e8fd2ad39e1e20ba851d,1,
subtraction-control-17,6,"{""arg"":5704}","{""r"":2}",be362f2d8a5f3c373f8e35831f8935f7a30e1edae38843dfac35f4d6062c8b94,be362f2d8a5f3c373f8e35831f8935f7a30e1edae38843dfac35f4d6062c8b94,1,
subtraction-control-17,7,"{""arg"":5705}","{""r"":3}",52479bec4c22586b0887a9fce0f35eee006a77a7eb9f3992cdf0e0fdb350cd14,52479bec4c22586b0887a9fce0f35eee006a77a7eb9f3992cdf0e0fdb350cd14,1,
subtraction-control-18,0,"{""arg"":5715}","{""r"":-4}",587788ccb6db3599933282fbad1a575690a5926e072fe827f060bb4ba314a37a,587788ccb6db3599933282fbad1a575690a5926e072fe827f060bb4ba314a37a,1,
subtraction-control-18,1,"{""arg"":5716}","{""r"":-3}",c095241640fae7cd48a268cb97d99d96c286d095693554ea6d748c7ae3452c8c,c095241640fae7cd48a268cb97d99d96c286d095693554ea6d748c7ae3452c8c,1,
subtraction-control-18,2,"{""arg"":5717}","{""r"":-2}",14a3778f2714124076702f5c54f20658e8043ceb8a814734027de2b608ccdde7,14a3778f2714124076702f5c54f20658e8043ceb8a814734027de2b608ccdde7,1,
subtraction-control-18,3,"{""arg"":5718}","{""r"":-1}",3bf7394ed517fd0c94dc8d838747120f06aad9a0950eeda914423362edc6803e,3bf7394ed517fd0c94dc8d838747120f06aad9a0950eeda914423362edc6803e,1,
subtraction-control-18,4,"{""arg"":5719}","{""r"":0}",6ad8ea94bdc6c908c2ca08254114c47b2623989de3f9653dd663b88103bb4a1b,6ad8ea94bdc6c908c2ca08254114c47b2623989de3f9653dd663b88103bb4a1b,1,
subtraction-control-18,5,"{""arg"":5720}","{""r"":1}",852a4bc6a65feca64cf100d733bbe44498a9adfa34a21fd2d0bad6be5d6202a8,852a4bc6a65feca64cf100d733bbe44498a9adfa34a21fd2d0bad6be5d6202a8,1,
subtraction-control-18,6,"{""arg"":5721}","{""r"":2}",1b30fc8e15c5400920d0b785cfdd08b243bc6fc2daf26edbffa67b905a7064ce,1b30fc8e15c5400920d0b785cfdd08b243bc6fc2daf26edbffa67b905a7064ce,1,
subtraction-control-18,7,"{""arg"":5722}","{""r"":3}",99b3412934c0840cfa6ef089f2035ad8bd50d8b32d092a7c323adb776438de62,99b3412934c0840cfa6ef089f2035ad8bd50d8b32d092a7c323adb776438de62,1,
subtraction-control-19,0,"{""arg"":5732}","{""r"":-4}",d938bda6c52df92a00d2fd7251b914f20a7465b729933ab753a611807e6752d2,d938bda6c52df92a00d2fd7251b914f20a7465b729933ab753a611807e6752d2,1,
subtraction-control-19,1,"{""arg"":5733}","{""r"":-3}",54415a5d8c36d22890cf7b07ce6a3f34541930ac3a5e3d7e364a5fde90e7fb78,54415a5d8c36d22890cf7b07ce6a3f34541930ac3a5e3d7e364a5fde90e7fb78,1,
subtraction-control-19,2,"{""arg"":5734}","{""r"":-2}",022dc12a030f3a6bc2705cf8ab45191598c6718206180d00e184b4573f8d1001,022dc12a030f3a6bc2705cf8ab45191598c6718206180d00e184b4573f8d1001,1,
subtraction-control-19,3,"{""arg"":5735}","{""r"":-1}",65d18bb7053111a04bf5dcb77463db267c43a352556fdb0006fe540988198950,65d18bb7053111a04bf5dcb77463db267c43a352556fdb0006fe540988198950,1,
subtraction-control-19,4,"{""arg"":5736}","{""r"":0}",beaf9cb1bf957f581c0a325502d55a1919bc2dea7081292ce01e4289e19c7af7,beaf9cb1bf957f581c0a325502d55a1919bc2dea7081292ce01e4289e19c7af7,1,
subtraction-control-19,5,"{""arg"":5737}","{""r"":1}",d49c6c5f9f8554ffba05eb3cffb66b7a1ab567de592cb1d0863658595eaf7da1,d49c6c5f9f8554ffba05eb3cffb66b7a1ab567de592cb1d0863658595eaf7da1,1,
subtraction-control-19,6,"{""arg"":5738}","{""r"":2}",13cce9cb0e339f407dae57fd23207b40937f2b99ad9e427cc441552fa2bc85b7,13cce9cb0e339f407dae57fd23207b40937f2b99ad9e427cc441552fa2bc85b7,1,
subtraction-control-19,7,"{""arg"":5739}","{""r"":3}",02fc65e8233cf9b9a614dc64463baa5c1d901bf27256c58292309043d1bb6be6,02fc65e8233cf9b9a614dc64463baa5c1d901bf27256c58292309043d1bb6be6,1,
subtraction-control-20,0,"{""arg"":5749}","{""r"":-4}",e56b5975b6da2f8b445b5e27ae417bb275f1a7e02aa3cd20e78115186c211da6,e56b5975b6da2f8b445b5e27ae417bb275f1a7e02aa3cd20e78115186c211da6,1,
subtraction-control-20,1,"{""arg"":5750}","{""r"":-3}",828082853f511544f58496b3bd547a7e394bf47c1f6a998531a40faf6e5ebe4a,828082853f511544f58496b3bd547a7e394bf47c1f6a998531a40faf6e5ebe4a,1,
subtraction-control-20,2,"{""arg"":5751}","{""r"":-2}",a27caceedb5c625341f707c887ea15e63fdc44e082888a7243b6e96caebcf166,a27caceedb5c625341f707c887ea15e63fdc44e082888a7243b6e96caebcf166,1,
subtraction-control-20,3,"{""arg"":5752}","{""r"":-1}",2216e3469e4c9706d1d0bd8e9fcc28f11ba8777e48f31072779c9c60217853c7,2216e3469e4c9706d1d0bd8e9fcc28f11ba8777e48f31072779c9c60217853c7,1,
subtraction-control-20,4,"{""arg"":5753}","{""r"":0}",f223a67550ea64e35036f07564bb50b554694a24be7a1c1b01782a072415150b,f223a67550ea64e35036f07564bb50b554694a24be7a1c1b01782a072415150b,1,
subtraction-control-20,5,"{""arg"":5754}","{""r"":1}",71bbafb120025ad6bbf8a8eccb0fd8a77ce4353c06a9c8881a49b26a6ca907b2,71bbafb120025ad6bbf8a8eccb0fd8a77ce4353c06a9c8881a49b26a6ca907b2,1,
subtraction-control-20,6,"{""arg"":5755}","{""r"":2}",f0210a2961c461573d89c3d07234e11f2846f09dc3d270245a7d5fa1b5b997e3,f0210a2961c461573d89c3d07234e11f2846f09dc3d270245a7d5fa1b5b997e3,1,
subtraction-control-20,7,"{""arg"":5756}","{""r"":3}",802ee0395a4144e018c681fff1b1de752c529a3b7c940fc4c7aa41a934cfac7b,802ee0395a4144e018c681fff1b1de752c529a3b7c940fc4c7aa41a934cfac7b,1,
subtraction-control-21,0,"{""arg"":5766}","{""r"":-4}",cfffa9715d4ef5d132644c9a618efc83f17fa33deef2468133c86323ffc96851,cfffa9715d4ef5d132644c9a618efc83f17fa33deef2468133c86323ffc96851,1,
subtraction-control-21,1,"{""arg"":5767}","{""r"":-3}",233e8b14730217e5ab11cc3e246a55c88a5443fe7b5de0affc080633bda4d409,233e8b14730217e5ab11cc3e246a55c88a5443fe7b5de0affc080633bda4d409,1,
subtraction-control-21,2,"{""arg"":5768}","{""r"":-2}",b1d267882aea07257a64959ff83f9d2e6201f92cf2cb90afb9381e5c87d8bd87,b1d267882aea07257a64959ff83f9d2e6201f92cf2cb90afb9381e5c87d8bd87,1,
subtraction-control-21,3,"{""arg"":5769}","{""r"":-1}",6b140cf98b7412c4c15236cf4750cea9369354c2c7c8516512c243c33435cf0a,6b140cf98b7412c4c15236cf4750cea9369354c2c7c8516512c243c33435cf0a,1,
subtraction-control-21,4,"{""arg"":5770}","{""r"":0}",4014dd622397825944318daa2e62e4d25cf4925b6f8941de6456e904884135f5,4014dd622397825944318daa2e62e4d25cf4925b6f8941de6456e904884135f5,1,
subtraction-control-21,5,"{""arg"":5771}","{""r"":1}",5ccd2e2743ec6a26a57a6c6022f42dadb26fa8f6aaa78511be63495a334e3b78,5ccd2e2743ec6a26a57a6c6022f42dadb26fa8f6aaa78511be63495a334e3b78,1,
subtraction-control-21,6,"{""arg"":5772}","{""r"":2}",6b143cb6724b97ca76e744ffd1c7b8d5c0a1670e95342383ce38511953a27643,6b143cb6724b97ca76e744ffd1c7b8d5c0a1670e95342383ce38511953a27643,1,
subtraction-control-21,7,"{""arg"":5773}","{""r"":3}",1612f51611668334bd202225ee860f0e2db1d7999f0ddc72cf3b193a4c5eb6ac,1612f51611668334bd202225ee860f0e2db1d7999f0ddc72cf3b193a4c5eb6ac,1,
subtraction-control-22,0,"{""arg"":5783}","{""r"":-4}",012cf8009793b34434beddd33e814b173638eb89de9c596ee9aa375087601f9e,012cf8009793b34434beddd33e814b173638eb89de9c596ee9aa375087601f9e,1,
subtraction-control-22,1,"{""arg"":5784}","{""r"":-3}",1fc1bd3b18f2f670559e9831d206ebb7f4a5b037bdbe2abe1985cbd557b3c116,1fc1bd3b18f2f670559e9831d206ebb7f4a5b037bdbe2abe1985cbd557b3c116,1,
subtraction-control-22,2,"{""arg"":5785}","{""r"":-2}",cf41260047dad16b0accb0b3da4aaac3b1c19b0f4a6f4109f136f56a338dcaaf,cf41260047dad16b0accb0b3da4aaac3b1c19b0f4a6f4109f136f56a338dcaaf,1,
subtraction-control-22,3,"{""arg"":5786}","{""r"":-1}",f4deb62b6f51928a2e1c6297e2f7a678b01ea8881e6603e8414bb9fa99ea8423,f4deb62b6f51928a2e1c6297e2f7a678b01ea8881e6603e8414bb9fa99ea8423,1,
subtraction-control-22,4,"{""arg"":5787}","{""r"":0}",a312d3437785431fbec0096e16cf1edaa6e73f8c56e85f8617f7a1f4f3055530,a312d3437785431fbec0096e16cf1edaa6e73f8c56e85f8617f7a1f4f3055530,1,
subtraction-control-22,5,"{""arg"":5788}","{""r"":1}",56fae4a5074b4377d4e920935983705e29f7a192e229a3eca0b13d724d38c566,56fae4a5074b4377d4e920935983705e29f7a192e229a3eca0b13d724d38c566,1,
subtraction-control-22,6,"{""arg"":5789}","{""r"":2}",7b261844cd7262c5c4d6d7926b0a3fbef04dc91b8eace5f47d5495d93672019f,7b261844cd7262c5c4d6d7926b0a3fbef04dc91b8eace5f47d5495d93672019f,1,
subtraction-control-22,7,"{""arg"":5790}","{""r"":3}",237c4227dddd91e837529a1ef29e8715388e03d0b26f0b4b30062c9c15f5bd91,237c4227dddd91e837529a1ef29e8715388e03d0b26f0b4b30062c9c15f5bd91,1,
subtraction-control-23,0,"{""arg"":5800}","{""r"":-4}",37c15d62a904e4de8cd457f08d02febf6bcdeb61e9dac4fafa76f33b90bd6b7c,37c15d62a904e4de8cd457f08d02febf6bcdeb61e9dac4fafa76f33b90bd6b7c,1,
subtraction-control-23,1,"{""arg"":5801}","{""r"":-3}",6f44a86557df61a2608cb449e7bc969692468e231b74d60b37558074e959a980,6f44a86557df61a2608cb449e7bc969692468e231b74d60b37558074e959a980,1,
subtraction-control-23,2,"{""arg"":5802}","{""r"":-2}",4d3d7a1e3e48f12fb17e437f0a7e636751d3f692291ca8e4a98aac08c7b6121c,4d3d7a1e3e48f12fb17e437f0a7e636751d3f692291ca8e4a98aac08c7b6121c,1,
subtraction-control-23,3,"{""arg"":5803}","{""r"":-1}",c2dd47a57c560ba9aa6c5f3f3c47fd6df632da3fdf0e985800a924a9479e8636,c2dd47a57c560ba9aa6c5f3f3c47fd6df632da3fdf0e985800a924a9479e8636,1,
subtraction-control-23,4,"{""arg"":5804}","{""r"":0}",66857d42ab182a1cc0bd9b432704aea2f48c4140a8eaeeb0e163775dc28dcdfa,66857d42ab182a1cc0bd9b432704aea2f48c4140a8eaeeb0e163775dc28dcdfa,1,
subtraction-control-23,5,"{""arg"":5805}","{""r"":1}",904ddc02babf5f1b55006d758b5d42b684544de5988b6100ee0c28ec87682922,904ddc02babf5f1b55006d758b5d42b684544de5988b6100ee0c28ec87682922,1,
subtraction-control-23,6,"{""arg"":5806}","{""r"":2}",9633650cb11c67812f217fd4b2132872a54d1713c1fba9805606823f03552382,9633650cb11c67812f217fd4b2132872a54d1713c1fba9805606823f03552382,1,
subtraction-control-23,7,"{""arg"":5807}","{""r"":3}",89da6940d50582f3276d31414a4bf7bf127cd3c2ab77a14b280a82ee6edde036,89da6940d50582f3276d31414a4bf7bf127cd3c2ab77a14b280a82ee6edde036,1,
subtraction-control-24,0,"{""arg"":5817}","{""r"":-4}",84fabf0752c4259700a4cc12afb82961f161cdd14325d67305e73cf9ca4016e8,84fabf0752c4259700a4cc12afb82961f161cdd14325d67305e73cf9ca4016e8,1,
subtraction-control-24,1,"{""arg"":5818}","{""r"":-3}",1f173dcf78a4fe5dd0d9796d4638a34da81fe00ba33997ae1455d1231525787e,1f173dcf78a4fe5dd0d9796d4638a34da81fe00ba33997ae1455d1231525787e,1,
subtraction-control-24,2,"{""arg"":5819}","{""r"":-2}",870dd9ed6635192678b8b4f4cf6a2f640d5b8f92f246e6a9b7d5d70ce03fd1c4,870dd9ed6635192678b8b4f4cf6a2f640d5b8f92f246e6a9b7d5d70ce03fd1c4,1,
subtraction-control-24,3,"{""arg"":5820}","{""r"":-1}",f08141dfac9e3cc35bd8d69365f829bfbbca879715a64d65cab186f6675cf834,f08141dfac9e3cc35bd8d69365f829bfbbca879715a64d65cab186f6675cf834,1,
subtraction-control-24,4,"{""arg"":5821}","{""r"":0}",3edb2a44520b10a6fcb93b36bd1c5f24389f270bece8858ea43373835bf31317,3edb2a44520b10a6fcb93b36bd1c5f24389f270bece8858ea43373835bf31317,1,
subtraction-control-24,5,"{""arg"":5822}","{""r"":1}",7241ae4964c7b62433c9fb8104dc31abf67064f91504ed010cb9a179bca5714a,7241ae4964c7b62433c9fb8104dc31abf67064f91504ed010cb9a179bca5714a,1,
subtraction-control-24,6,"{""arg"":5823}","{""r"":2}",17441be44535090571c9b17645a93d9fa169ffb0a97c7a2e2058a5cc895905d1,17441be44535090571c9b17645a93d9fa169ffb0a97c7a2e2058a5cc895905d1,1,
subtraction-control-24,7,"{""arg"":5824}","{""r"":3}",bd92ea427eaaf4d0a0798eb417a55d764f83654eade0afd4dff7017b962a0d18,bd92ea427eaaf4d0a0798eb417a55d764f83654eade0afd4dff7017b962a0d18,1,
subtraction-control-25,0,"{""arg"":5834}","{""r"":-4}",4c80d433f84dc9886c5628edd077ecf2409a20b6a14058637f7d4e4d1081ac2c,4c80d433f84dc9886c5628edd077ecf2409a20b6a14058637f7d4e4d1081ac2c,1,
subtraction-control-25,1,"{""arg"":5835}","{""r"":-3}",40261de77eebc24fdb35cc84aba6d8801f270ea19bd69dee4cd64c29fccdbee3,40261de77eebc24fdb35cc84aba6d8801f270ea19bd69dee4cd64c29fccdbee3,1,
subtraction-control-25,2,"{""arg"":5836}","{""r"":-2}",b7db88c6abbe2ef303a5a7511dffa31a8e3a77552773ce16698dea3125707921,b7db88c6abbe2ef303a5a7511dffa31a8e3a77552773ce16698dea3125707921,1,
subtraction-control-25,3,"{""arg"":5837}","{""r"":-1}",83f563e371f4b9ee76efb4b454d104222960f6bfe384a53ecc651deb7ce2ed13,83f563e371f4b9ee76efb4b454d104222960f6bfe384a53ecc651deb7ce2ed13,1,
subtraction-control-25,4,"{""arg"":5838}","{""r"":0}",6bf90de3a8c6788211328e34694b11534a9d985bd6c9e95e886eb2f931828278,6bf90de3a8c6788211328e34694b11534a9d985bd6c9e95e886eb2f931828278,1,
subtraction-control-25,5,"{""arg"":5839}","{""r"":1}",5657583d8338b627a8ab8157000ad9429aa246548842cddb1ea9c35b601bda55,5657583d8338b627a8ab8157000ad9429aa246548842cddb1ea9c35b601bda55,1,
subtraction-control-25,6,"{""arg"":5840}","{""r"":2}",687dc9de4e99867d2708248ff0fa9ef8d610d1e95515707a20479b3b83a98441,687dc9de4e99867d2708248ff0fa9ef8d610d1e95515707a20479b3b83a98441,1,
subtraction-control-25,7,"{""arg"":5841}","{""r"":3}",ff0cfc143a5fc7e22eab452b87eb1fd641e5a5c2ec94e71b42ab23a2ba9ea1e1,ff0cfc143a5fc7e22eab452b87eb1fd641e5a5c2ec94e71b42ab23a2ba9ea1e1,1,
subtraction-control-26,0,"{""arg"":5851}","{""r"":-4}",85eca7ecd480aa39efd73f427909ea6a692515d3389afe4e26fe7a6551410770,85eca7ecd480aa39efd73f427909ea6a692515d3389afe4e26fe7a6551410770,1,
subtraction-control-26,1,"{""arg"":5852}","{""r"":-3}",49b308c31126fe3bc327e97beaa080697a61afa8db8274246a8288ecaf156950,49b308c31126fe3bc327e97beaa080697a61afa8db8274246a8288ecaf156950,1,
subtraction-control-26,2,"{""arg"":5853}","{""r"":-2}",5621c9230e91602af0a143b155dc05cbc32e0152438235edfb4e4e8ade3550c1,5621c9230e91602af0a143b155dc05cbc32e0152438235edfb4e4e8ade3550c1,1,
subtraction-control-26,3,"{""arg"":5854}","{""r"":-1}",d9e2c9e56058d1634a1eec3cc4cfa273debe98a9507c5d2d632d16581e99192f,d9e2c9e56058d1634a1eec3cc4cfa273debe98a9507c5d2d632d16581e99192f,1,
subtraction-control-26,4,"{""arg"":5855}","{""r"":0}",835658e13ad69a46ef0f51188bb83b89f2beab35eeb44830d656d58a4a487fe3,835658e13ad69a46ef0f51188bb83b89f2beab35eeb44830d656d58a4a487fe3,1,
subtraction-control-26,5,"{""arg"":5856}","{""r"":1}",2d16b53211d3a2d798f760f1861899c6f1b16dd3a289ac2a98872a03fc321607,2d16b53211d3a2d798f760f1861899c6f1b16dd3a289ac2a98872a03fc321607,1,
subtraction-control-26,6,"{""arg"":5857}","{""r"":2}",97d1f5577d897e31c18357b3eaf8066fbd337381f7ea314ef3611cdc2aea2a68,97d1f5577d897e31c18357b3eaf8066fbd337381f7ea314ef3611cdc2aea2a68,1,
subtraction-control-26,7,"{""arg"":5858}","{""r"":3}",1106746c061cf3a676c3e98707af93f6215144655172e05c5e84cc313b46d14f,1106746c061cf3a676c3e98707af93f6215144655172e05c5e84cc313b46d14f,1,
subtraction-control-27,0,"{""arg"":5868}","{""r"":-4}",b6bb7dafd1ab6df9a9eefda8dac69de00ed629d0bd9693861586cbfc7ae1ff08,b6bb7dafd1ab6df9a9eefda8dac69de00ed629d0bd9693861586cbfc7ae1ff08,1,
subtraction-control-27,1,"{""arg"":5869}","{""r"":-3}",b066858bdb53367b9b888362cb8de7552472d6e8b8fbd1416d6e3318081f5793,b066858bdb53367b9b888362cb8de7552472d6e8b8fbd1416d6e3318081f5793,1,
subtraction-control-27,2,"{""arg"":5870}","{""r"":-2}",686357e2809fde71ae5420154d797c9869e33cae7120408ea6a969b3e7c34c21,686357e2809fde71ae5420154d797c9869e33cae7120408ea6a969b3e7c34c21,1,
subtraction-control-27,3,"{""arg"":5871}","{""r"":-1}",1a24cab159a1fb2b3e620a962b8b73af2537cb76f54dcea3e9cc287d47ff847a,1a24cab159a1fb2b3e620a962b8b73af2537cb76f54dcea3e9cc287d47ff847a,1,
subtraction-control-27,4,"{""arg"":5872}","{""r"":0}",1d35d746119bc905965c73c334393b25b992c4c8979ef7edaa5b1d2796b8cb9d,1d35d746119bc905965c73c334393b25b992c4c8979ef7edaa5b1d2796b8cb9d,1,
subtraction-control-27,5,"{""arg"":5873}","{""r"":1}",12a71c9cd3cefb835837225f94c7d31271de0b2f8c9e85251f8a389f5ae4af48,12a71c9cd3cefb835837225f94c7d31271de0b2f8c9e85251f8a389f5ae4af48,1,
subtraction-control-27,6,"{""arg"":5874}","{""r"":2}",4b96a5aef6e33f4176c9735b5ffb7327a91c83d5f8dc2a6fb1550f11afa2b8be,4b96a5aef6e33f4176c9735b5ffb7327a91c83d5f8dc2a6fb1550f11afa2b8be,1,
subtraction-control-27,7,"{""arg"":5875}","{""r"":3}",0a960d24e161ef36539d3338adcdaf0e4baa57caabd6de1eeddd648374458e8d,0a960d24e161ef36539d3338adcdaf0e4baa57caabd6de1eeddd648374458e8d,1,
subtraction-control-28,0,"{""arg"":5885}","{""r"":-4}",2bb3c6f8fcbfdf0f26e94f220e6bcb13732562845d6bda71ba4c5ae3c4344ec7,2bb3c6f8fcbfdf0f26e94f220e6bcb13732562845d6bda71ba4c5ae3c4344ec7,1,
subtraction-control-28,1,"{""arg"":5886}","{""r"":-3}",88d4cdf93f87461639b46e9e65f1e6e0bf56a87e1accaea84b8de8f7fe736040,88d4cdf93f87461639b46e9e65f1e6e0bf56a87e1accaea84b8de8f7fe736040,1,
subtraction-control-28,2,"{""arg"":5887}","{""r"":-2}",a9f2c72894bbba6fb1bbb04bef8f766dc4ce7e72128f8454a1bcd2c37eec89cf,a9f2c72894bbba6fb1bbb04bef8f766dc4ce7e72128f8454a1bcd2c37eec89cf,1,
subtraction-control-28,3,"{""arg"":5888}","{""r"":-1}",8427de3aad5a682f2d21c40685b902a4dbe9f9a533c293924de215b8759e192e,8427de3aad5a682f2d21c40685b902a4dbe9f9a533c293924de215b8759e192e,1,
subtraction-control-28,4,"{""arg"":5889}","{""r"":0}",73e714bca29c0d29513168956d874074603a5f928be5e0bde19230ad05053db9,73e714bca29c0d29513168956d874074603a5f928be5e0bde19230ad05053db9,1,
subtraction-control-28,5,"{""arg"":5890}","{""r"":1}",2d1352e4b07de4b1a3795a77ee2be4964710b974147b917f14ba14f850a7aec7,2d1352e4b07de4b1a3795a77ee2be4964710b974147b917f14ba14f850a7aec7,1,
subtraction-control-28,6,"{""arg"":5891}","{""r"":2}",4e6cdbb195dbcd7774f5949c75b08c38f15b68fb4c710d2c9084e355b9848376,4e6cdbb195dbcd7774f5949c75b08c38f15b68fb4c710d2c9084e355b9848376,1,
subtraction-control-28,7,"{""arg"":5892}","{""r"":3}",da91f813583c18e8655270b36e67a6ceb3729d9083b77873954002c375f57456,da91f813583c18e8655270b36e67a6ceb3729d9083b77873954002c375f57456,1,
subtraction-control-29,0,"{""arg"":5902}","{""r"":-4}",e6db26df5a1552b8045cfb7b5ba375ddd61aee459a22c9c3d3d974c820785390,e6db26df5a1552b8045cfb7b5ba375ddd61aee459a22c9c3d3d974c820785390,1,
subtraction-control-29,1,"{""arg"":5903}","{""r"":-3}",fce6af13177a1ae4116dd1f126c2d48ccbff652ba0ed461670b321ee42144343,fce6af13177a1ae4116dd1f126c2d48ccbff652ba0ed461670b321ee42144343,1,
subtraction-control-29,2,"{""arg"":5904}","{""r"":-2}",c72dc3541dc3ef978efc6a7ac3cd056d9b6a23f73885cc6fb7ef470b25eb6ab9,c72dc3541dc3ef978efc6a7ac3cd056d9b6a23f73885cc6fb7ef470b25eb6ab9,1,
subtraction-control-29,3,"{""arg"":5905}","{""r"":-1}",be357c5faa5c3db4dd14dc4d9e8c08ad6bd5e3622c189cd3e554577d55d1889d,be357c5faa5c3db4dd14dc4d9e8c08ad6bd5e3622c189cd3e554577d55d1889d,1,
subtraction-control-29,4,"{""arg"":5906}","{""r"":0}",bdc89a2c682697f0776dfde7e1a811a0d2ab43e0a274c55168f2f62e280fd96e,bdc89a2c682697f0776dfde7e1a811a0d2ab43e0a274c55168f2f62e280fd96e,1,
subtraction-control-29,5,"{""arg"":5907}","{""r"":1}",8256bd65de28579617f6d900b0ff06d0c9b0d215625b62df0dc8b718112f5f6e,8256bd65de28579617f6d900b0ff06d0c9b0d215625b62df0dc8b718112f5f6e,1,
subtraction-control-29,6,"{""arg"":5908}","{""r"":2}",f6587d772cf0fbd155defbe3f0445e10387e894443fc421ee420e54096689ac3,f6587d772cf0fbd155defbe3f0445e10387e894443fc421ee420e54096689ac3,1,
subtraction-control-29,7,"{""arg"":5909}","{""r"":3}",5e4f3713194372a81b5606f25c51ae022d5ce0de2c6292873f4e8098743d05f2,5e4f3713194372a81b5606f25c51ae022d5ce0de2c6292873f4e8098743d05f2,1,
subtraction-control-30,0,"{""arg"":5919}","{""r"":-4}",c835ba10dfdf1adf8723ae59ddafd75637531010ba6eeb1c854ccf83481e2ff1,c835ba10dfdf1adf8723ae59ddafd75637531010ba6eeb1c854ccf83481e2ff1,1,
subtraction-control-30,1,"{""arg"":5920}","{""r"":-3}",e1e49cd9e6b2318e91714df938938dacaecf515508ba2198d85909d7d015e74e,e1e49cd9e6b2318e91714df938938dacaecf515508ba2198d85909d7d015e74e,1,
subtraction-control-30,2,"{""arg"":5921}","{""r"":-2}",3c46e38723e0a9e11e3738b8f2b56631a962f011ef563ce3e7d0e12ca977aba0,3c46e38723e0a9e11e3738b8f2b56631a962f011ef563ce3e7d0e12ca977aba0,1,
subtraction-control-30,3,"{""arg"":5922}","{""r"":-1}",d278965ad0d8b4779368c6a25679bb38c75e3dd3384870da14cbc3bbd2029ec6,d278965ad0d8b4779368c6a25679bb38c75e3dd3384870da14cbc3bbd2029ec6,1,
subtraction-control-30,4,"{""arg"":5923}","{""r"":0}",c67e7e451e5f7be621d1374741a82e0135730a8ba0416068897d286c132a8e07,c67e7e451e5f7be621d1374741a82e0135730a8ba0416068897d286c132a8e07,1,
subtraction-control-30,5,"{""arg"":5924}","{""r"":1}",20173c46fbf863a5d80afbf09b60c0451a3d0a854e1d6f85d7b3d1a525f28c31,20173c46fbf863a5d80afbf09b60c0451a3d0a854e1d6f85d7b3d1a525f28c31,1,
subtraction-control-30,6,"{""arg"":5925}","{""r"":2}",cd80b365c9c4a2a2a592a423ddd63d108171d9095f13608567fb21d0e467cca3,cd80b365c9c4a2a2a592a423ddd63d108171d9095f13608567fb21d0e467cca3,1,
subtraction-control-30,7,"{""arg"":5926}","{""r"":3}",7bec09bd06fbeb4493a08a4e8cb31411e0abfa680470a4838f34cceb3e61c08f,7bec09bd06fbeb4493a08a4e8cb31411e0abfa680470a4838f34cceb3e61c08f,1,
subtraction-control-31,0,"{""arg"":5936}","{""r"":-4}",868cbddfe323b51b078b47bf9c70bf27e7d7a6ae2e9ffbe142c04b2ec5253dda,868cbddfe323b51b078b47bf9c70bf27e7d7a6ae2e9ffbe142c04b2ec5253dda,1,
subtraction-control-31,1,"{""arg"":5937}","{""r"":-3}",2a65fe856b8710a1a33d5dc16506cc596542542979627eac9156fb77b9491611,2a65fe856b8710a1a33d5dc16506cc596542542979627eac9156fb77b9491611,1,
subtraction-control-31,2,"{""arg"":5938}","{""r"":-2}",f4e40183a3c942c803f224618a4483e2e1007df552d47120fce9c74c3a49085e,f4e40183a3c942c803f224618a4483e2e1007df552d47120fce9c74c3a49085e,1,
subtraction-control-31,3,"{""arg"":5939}","{""r"":-1}",9b611908319f2b8d87dc7cf4d2b5fbe014236bfd042d8e8a9cdcb982a7788d05,9b611908319f2b8d87dc7cf4d2b5fbe014236bfd042d8e8a9cdcb982a7788d05,1,
subtraction-control-31,4,"{""arg"":5940}","{""r"":0}",e5b7651e41653d9d867668d3f57334e9a67309c8d2b6fbaa08098b19503b4758,e5b7651e41653d9d867668d3f57334e9a67309c8d2b6fbaa08098b19503b4758,1,
subtraction-control-31,5,"{""arg"":5941}","{""r"":1}",555fbc255d14eb130113782b337538e43f932d4143c4ae960de3542e4aeda5fc,555fbc255d14eb130113782b337538e43f932d4143c4ae960de3542e4aeda5fc,1,
subtraction-control-31,6,"{""arg"":5942}","{""r"":2}",93cae49290b6e709b944f95334ce024525a4f1b06cd015023779c43cac9f3f98,93cae49290b6e709b944f95334ce024525a4f1b06cd015023779c43cac9f3f98,1,
subtraction-control-31,7,"{""arg"":5943}","{""r"":3}",55b93111c428dbfd85046ba76e7f324770102e8a8c470db7aa82c2031946a250,55b93111c428dbfd85046ba76e7f324770102e8a8c470db7aa82c2031946a250,1,
subtraction-control-32,0,"{""arg"":5953}","{""r"":-4}",630254f4b1ab2a6632f2bc02dc1af8076ac45a7f08003fe9cc1a020c01e20ade,630254f4b1ab2a6632f2bc02dc1af8076ac45a7f08003fe9cc1a020c01e20ade,1,
subtraction-control-32,1,"{""arg"":5954}","{""r"":-3}",86f6f091d71493f8af60f07a780fc8c866a4b4948e3b0798e236c64ac2a678e5,86f6f091d71493f8af60f07a780fc8c866a4b4948e3b0798e236c64ac2a678e5,1,
subtraction-control-32,2,"{""arg"":5955}","{""r"":-2}",ce55050fc7cf6f0a818ac4cc7903299a7603b21fa6c707bf44b1b34f00552fed,ce55050fc7cf6f0a818ac4cc7903299a7603b21fa6c707bf44b1b34f00552fed,1,
subtraction-control-32,3,"{""arg"":5956}","{""r"":-1}",81a79b937055c4dde58bbae27d085906eb0fa31087759f139f9451e1eec619e4,81a79b937055c4dde58bbae27d085906eb0fa31087759f139f9451e1eec619e4,1,
subtraction-control-32,4,"{""arg"":5957}","{""r"":0}",2ec85182bc7d48cf0792791da4911757da6e79d461f52c52c87acbef7800e04d,2ec85182bc7d48cf0792791da4911757da6e79d461f52c52c87acbef7800e04d,1,
subtraction-control-32,5,"{""arg"":5958}","{""r"":1}",d305d09b07dc06b16f60ba2bbc36ea8a6f73424fd881a644a66d2808d81b1a7e,d305d09b07dc06b16f60ba2bbc36ea8a6f73424fd881a644a66d2808d81b1a7e,1,
subtraction-control-32,6,"{""arg"":5959}","{""r"":2}",db5ab7cbe8f7d6f5f02a6f4fddacacf172448f5af5339e6a037f4539145e42e3,db5ab7cbe8f7d6f5f02a6f4fddacacf172448f5af5339e6a037f4539145e42e3,1,
subtraction-control-32,7,"{""arg"":5960}","{""r"":3}",305b32373bae6e8b635a211c3548a3b6f9654452f1c34a4597a0e9d8e5d9eeb9,305b32373bae6e8b635a211c3548a3b6f9654452f1c34a4597a0e9d8e5d9eeb9,1,
subtraction-control-33,0,"{""arg"":5970}","{""r"":-4}",dd756f836d7b2cc3244829fb149c4fde3b26e083bb031a50fc99bd077ddf92b2,dd756f836d7b2cc3244829fb149c4fde3b26e083bb031a50fc99bd077ddf92b2,1,
subtraction-control-33,1,"{""arg"":5971}","{""r"":-3}",b3c4abe3bfee78e1f208368423f2539a7422e32cee8ee2ae6de22d8f830d336e,b3c4abe3bfee78e1f208368423f2539a7422e32cee8ee2ae6de22d8f830d336e,1,
subtraction-control-33,2,"{""arg"":5972}","{""r"":-2}",5323ba35b7d21e7766e3ae4b5a76a5394eda99726af5486acff5def3b36e08dc,5323ba35b7d21e7766e3ae4b5a76a5394eda99726af5486acff5def3b36e08dc,1,
subtraction-control-33,3,"{""arg"":5973}","{""r"":-1}",4adf4901f8dde4aaff4e56ab72cb79ec4d787ebb07d4c38bf3bc99787453348f,4adf4901f8dde4aaff4e56ab72cb79ec4d787ebb07d4c38bf3bc99787453348f,1,
subtraction-control-33,4,"{""arg"":5974}","{""r"":0}",5bddedde519afa8bfc8116e189732fdcf3daf76bfa82ce4ad7eb38cd41253690,5bddedde519afa8bfc8116e189732fdcf3daf76bfa82ce4ad7eb38cd41253690,1,
subtraction-control-33,5,"{""arg"":5975}","{""r"":1}",7effb24555d00fdae1d935972da1cf577944a63c270d5a88fc60c37fb3586f6d,7effb24555d00fdae1d935972da1cf577944a63c270d5a88fc60c37fb3586f6d,1,
subtraction-control-33,6,"{""arg"":5976}","{""r"":2}",44ec398764cf629a26e162209acd93a7bac56d9340f2ffdc0cf5cd4d426594c2,44ec398764cf629a26e162209acd93a7bac56d9340f2ffdc0cf5cd4d426594c2,1,
subtraction-control-33,7,"{""arg"":5977}","{""r"":3}",a5d610c4d7c2f5bc5b6dc0b2e6442d1bea3eb0ac839d87b6f64ccfd086703d60,a5d610c4d7c2f5bc5b6dc0b2e6442d1bea3eb0ac839d87b6f64ccfd086703d60,1,
subtraction-control-34,0,"{""arg"":5987}","{""r"":-4}",fc5dbb8cb7b89285229b1c95c439ac5ce1853b253695596b069eba68a498b857,fc5dbb8cb7b89285229b1c95c439ac5ce1853b253695596b069eba68a498b857,1,
subtraction-control-34,1,"{""arg"":5988}","{""r"":-3}",c183e92bb81b2260c4f5a6cebbfb225e2fb6d3797c27a116ab1ed6b2dba2b5fa,c183e92bb81b2260c4f5a6cebbfb225e2fb6d3797c27a116ab1ed6b2dba2b5fa,1,
subtraction-control-34,2,"{""arg"":5989}","{""r"":-2}",0e1b01d2b7093e047817ce829efa4c860321465d0891ce05ba73ac7c27b2014f,0e1b01d2b7093e047817ce829efa4c860321465d0891ce05ba73ac7c27b2014f,1,
subtraction-control-34,3,"{""arg"":5990}","{""r"":-1}",7ceabaeefa5e812126a888dca2c818e9e585f62212886770b5901a2e9829e3c7,7ceabaeefa5e812126a888dca2c818e9e585f62212886770b5901a2e9829e3c7,1,
subtraction-control-34,4,"{""arg"":5991}","{""r"":0}",9d87f115d8a0b820559d890862341ab4a2e90ab0103c5775e7531e3e3880f70a,9d87f115d8a0b820559d890862341ab4a2e90ab0103c5775e7531e3e3880f70a,1,
subtraction-control-34,5,"{""arg"":5992}","{""r"":1}",14705454248aa4f6b6291fa250cfa343c004c37113aff3dc92ea4aac5acbb1f8,14705454248aa4f6b6291fa250cfa343c004c37113aff3dc92ea4aac5acbb1f8,1,
subtraction-control-34,6,"{""arg"":5993}","{""r"":2}",1611099decbf9305b1d0a8be9f31b0d490d3723dde05adbcb2ac6b4f8f602af5,1611099decbf9305b1d0a8be9f31b0d490d3723dde05adbcb2ac6b4f8f602af5,1,
subtraction-control-34,7,"{""arg"":5994}","{""r"":3}",e2b4826fc90e1f4f6dd47190a6d1b81a5a37b282eb42207dcd0992cc0b5bdbdf,e2b4826fc90e1f4f6dd47190a6d1b81a5a37b282eb42207dcd0992cc0b5bdbdf,1,
subtraction-control-35,0,"{""arg"":6004}","{""r"":-4}",9e4ab38b78a8f67c2daaae3c89e78112b19c66c35eeb01048a569792499f4c16,9e4ab38b78a8f67c2daaae3c89e78112b19c66c35eeb01048a569792499f4c16,1,
subtraction-control-35,1,"{""arg"":6005}","{""r"":-3}",4cbfb06bad7b6ff8b2beece0d2dd1ac7789a304b569b9bb88731edcfdffc85fa,4cbfb06bad7b6ff8b2beece0d2dd1ac7789a304b569b9bb88731edcfdffc85fa,1,
subtraction-control-35,2,"{""arg"":6006}","{""r"":-2}",8eaa2d65dcf2955a50d0d35e64d92cc5392327eedf24361d91573f3447dab4fb,8eaa2d65dcf2955a50d0d35e64d92cc5392327eedf24361d91573f3447dab4fb,1,
subtraction-control-35,3,"{""arg"":6007}","{""r"":-1}",b0c277db89390f88f75a160d815906f55edc175ca28384c226d1f7c72fddc03f,b0c277db89390f88f75a160d815906f55edc175ca28384c226d1f7c72fddc03f,1,
subtraction-control-35,4,"{""arg"":6008}","{""r"":0}",21ddb20d4c92f258de247a471efff89d1075292433965b7b598c4cdf1054920a,21ddb20d4c92f258de247a471efff89d1075292433965b7b598c4cdf1054920a,1,
subtraction-control-35,5,"{""arg"":6009}","{""r"":1}",eabf08794ea7474b5e702ffd6439245da75c22116abd31efc4e3ac19eb104130,eabf08794ea7474b5e702ffd6439245da75c22116abd31efc4e3ac19eb104130,1,
subtraction-control-35,6,"{""arg"":6010}","{""r"":2}",cbd653995630748a30c989d53a3bf53ac754bd201e439506cef9b603b58fee42,cbd653995630748a30c989d53a3bf53ac754bd201e439506cef9b603b58fee42,1,
subtraction-control-35,7,"{""arg"":6011}","{""r"":3}",ed784c87a35f5cce2404c60bbd283239433646a3bbd039399baa6348a6a5e6f5,ed784c87a35f5cce2404c60bbd283239433646a3bbd039399baa6348a6a5e6f5,1,
subtraction-control-36,0,"{""arg"":6021}","{""r"":-4}",ac79996fdc68719bcf742089b02e7964da8e78ee81a2e8f710b18f3b00cdfbee,ac79996fdc68719bcf742089b02e7964da8e78ee81a2e8f710b18f3b00cdfbee,1,
subtraction-control-36,1,"{""arg"":6022}","{""r"":-3}",c30d9fb61553b5b03e685045c2ba556c34531fa0abc385bc14da6f34700d3d92,c30d9fb61553b5b03e685045c2ba556c34531fa0abc385bc14da6f34700d3d92,1,
subtraction-control-36,2,"{""arg"":6023}","{""r"":-2}",3a973707cf3afd72a0d04b93f099ac957c59a5a5ac77c2cb2e5d68afd1b232a6,3a973707cf3afd72a0d04b93f099ac957c59a5a5ac77c2cb2e5d68afd1b232a6,1,
subtraction-control-36,3,"{""arg"":6024}","{""r"":-1}",650d5cc3511fc9902d21a50fd74c5cdf4369ff3a0cfa8d906a2c873b4d29619e,650d5cc3511fc9902d21a50fd74c5cdf4369ff3a0cfa8d906a2c873b4d29619e,1,
subtraction-control-36,4,"{""arg"":6025}","{""r"":0}",d36c8c63816b1f7afd3d2c4af88fc1d36d4517c010d560acfd69714278fc0663,d36c8c63816b1f7afd3d2c4af88fc1d36d4517c010d560acfd69714278fc0663,1,
subtraction-control-36,5,"{""arg"":6026}","{""r"":1}",a91d09da1e744e63c245509b1e88862f8bc53b44fab2f2a4a87caa7e2240a2a9,a91d09da1e744e63c245509b1e88862f8bc53b44fab2f2a4a87caa7e2240a2a9,1,
subtraction-control-36,6,"{""arg"":6027}","{""r"":2}",3bd9506046167e9e36151bfc4c08f7a89b1ee33e78ba95c734ac1f97381da969,3bd9506046167e9e36151bfc4c08f7a89b1ee33e78ba95c734ac1f97381da969,1,
subtraction-control-36,7,"{""arg"":6028}","{""r"":3}",50456253d747f2916cf681cb6e1e178b3c4ca707675be8bd0cb3b0723085d525,50456253d747f2916cf681cb6e1e178b3c4ca707675be8bd0cb3b0723085d525,1,
subtraction-control-37,0,"{""arg"":6038}","{""r"":-4}",7b9627c7cdb58e0077ba02114a89b10cff86853f53aded02def839d48a16868a,7b9627c7cdb58e0077ba02114a89b10cff86853f53aded02def839d48a16868a,1,
subtraction-control-37,1,"{""arg"":6039}","{""r"":-3}",5a531f7d88e282bcaeeddbdb6ebb8f70431a09e93c910f7912f68024e12cca9b,5a531f7d88e282bcaeeddbdb6ebb8f70431a09e93c910f7912f68024e12cca9b,1,
subtraction-control-37,2,"{""arg"":6040}","{""r"":-2}",52da21f8a3cdb214f5cb0ee15c5528a6d02314ed1875d67245ba7112f958afdf,52da21f8a3cdb214f5cb0ee15c5528a6d02314ed1875d67245ba7112f958afdf,1,
subtraction-control-37,3,"{""arg"":6041}","{""r"":-1}",2e0406f13e7c5944905e2be23e68d6f703ae2f8727a530648bfab7d148d5448b,2e0406f13e7c5944905e2be23e68d6f703ae2f8727a530648bfab7d148d5448b,1,
subtraction-control-37,4,"{""arg"":6042}","{""r"":0}",ecb866e6ec56fe9bbae73cf6e3ec1370bd0bc05fec55ddd3b957f8c880b291bb,ecb866e6ec56fe9bbae73cf6e3ec1370bd0bc05fec55ddd3b957f8c880b291bb,1,
subtraction-control-37,5,"{""arg"":6043}","{""r"":1}",17ae1fc925f90ca23b569103360110a562bb1cc73acde8fc65bde1cc49fecd61,17ae1fc925f90ca23b569103360110a562bb1cc73acde8fc65bde1cc49fecd61,1,
subtraction-control-37,6,"{""arg"":6044}","{""r"":2}",8ae4ae86f40ceae15ae4eb120dc22c5b2dcc9a0c23399cb9db517381b9f2388e,8ae4ae86f40ceae15ae4eb120dc22c5b2dcc9a0c23399cb9db517381b9f2388e,1,
subtraction-control-37,7,"{""arg"":6045}","{""r"":3}",ae17e19b2f66b9deffc3bdb4f9fcedab02f8198491244a8c0369e8f665d93134,ae17e19b2f66b9deffc3bdb4f9fcedab02f8198491244a8c0369e8f665d93134,1,
subtraction-control-38,0,"{""arg"":6055}","{""r"":-4}",18628dac1cbcf94450e4b1bb1e331d6f75fef6656b2385ed13ce89b122f2d612,18628dac1cbcf94450e4b1bb1e331d6f75fef6656b2385ed13ce89b122f2d612,1,
subtraction-control-38,1,"{""arg"":6056}","{""r"":-3}",afab6d31e66aca69871b61b1365e98875c7c2623ca9e4a3d0486c507061565d8,afab6d31e66aca69871b61b1365e98875c7c2623ca9e4a3d0486c507061565d8,1,
subtraction-control-38,2,"{""arg"":6057}","{""r"":-2}",3491f3d65293a855e522c573ba642cff8099c0fab9c6ecbbc1b7df86ea255ce4,3491f3d65293a855e522c573ba642cff8099c0fab9c6ecbbc1b7df86ea255ce4,1,
subtraction-control-38,3,"{""arg"":6058}","{""r"":-1}",273e58ff3e2e392a40329584368b1826b2a2d492e864088e35de51d43a3d6b52,273e58ff3e2e392a40329584368b1826b2a2d492e864088e35de51d43a3d6b52,1,
subtraction-control-38,4,"{""arg"":6059}","{""r"":0}",0bda932888f0e164d07faa734c20de418c9a3e668e5b3874f964e50f132dd0b3,0bda932888f0e164d07faa734c20de418c9a3e668e5b3874f964e50f132dd0b3,1,
subtraction-control-38,5,"{""arg"":6060}","{""r"":1}",689dcde833b72543dc3b7f84640ca33575743afe3365bfbc459e10a45aa42746,689dcde833b72543dc3b7f84640ca33575743afe3365bfbc459e10a45aa42746,1,
subtraction-control-38,6,"{""arg"":6061}","{""r"":2}",0fd6d1367a3a5c79d757b6f5f9d8604634b36995b25841b5a05057f415df4746,0fd6d1367a3a5c79d757b6f5f9d8604634b36995b25841b5a05057f415df4746,1,
subtraction-control-38,7,"{""arg"":6062}","{""r"":3}",7aca3de539a1d625b8eb9ef27e1ed3867d2cbfcf790e43eb7880c2f01f624c87,7aca3de539a1d625b8eb9ef27e1ed3867d2cbfcf790e43eb7880c2f01f624c87,1,
subtraction-control-39,0,"{""arg"":6072}","{""r"":-4}",3037ac3b058836a08e2051da6f0f43394da177d1d31a418a9c15010da1967a5f,3037ac3b058836a08e2051da6f0f43394da177d1d31a418a9c15010da1967a5f,1,
subtraction-control-39,1,"{""arg"":6073}","{""r"":-3}",32bdc809d40b2ece40f9a4d030860dba127778ede9c6e7ab079d08f9e6b7a40f,32bdc809d40b2ece40f9a4d030860dba127778ede9c6e7ab079d08f9e6b7a40f,1,
subtraction-control-39,2,"{""arg"":6074}","{""r"":-2}",0817f9bbf55ece20dc986f374ca3674e58659bdc5c751094e9210759cb2e4a96,0817f9bbf55ece20dc986f374ca3674e58659bdc5c751094e9210759cb2e4a96,1,
subtraction-control-39,3,"{""arg"":6075}","{""r"":-1}",33d413e69cf38b2ba65c5ae7241d22b022bc95f28d90d245b18579cdbc9a7e7b,33d413e69cf38b2ba65c5ae7241d22b022bc95f28d90d245b18579cdbc9a7e7b,1,
subtraction-control-39,4,"{""arg"":6076}","{""r"":0}",912889323e3796b68ef446368f36180fdfc3afce24f70910be87108239da62dc,912889323e3796b68ef446368f36180fdfc3afce24f70910be87108239da62dc,1,
subtraction-control-39,5,"{""arg"":6077}","{""r"":1}",d66a68458debcdaabb1c726b977a66646e110085b232a697b24b3db1cdcf35a0,d66a68458debcdaabb1c726b977a66646e110085b232a697b24b3db1cdcf35a0,1,
subtraction-control-39,6,"{""arg"":6078}","{""r"":2}",30669d64201e4cb98ddf856c07388481bd2953da7c26055c635ccbd52a54b331,30669d64201e4cb98ddf856c07388481bd2953da7c26055c635ccbd52a54b331,1,
subtraction-control-39,7,"{""arg"":6079}","{""r"":3}",875c04574d033e1963b3bac1f633229451e2109b1e462595ee4eec03e235e81c,875c04574d033e1963b3bac1f633229451e2109b1e462595ee4eec03e235e81c,1,
trace-order-control-00,0,"{""arg"":6089}","{""r"":-4}",dddcac672f728b46c10bb3ed006128a4542e888d303c9223fe26f9c74653e906,dddcac672f728b46c10bb3ed006128a4542e888d303c9223fe26f9c74653e906,1,
trace-order-control-00,1,"{""arg"":6090}","{""r"":-3}",46bce61086e1c7262f5b794a21790e948aee5953ef24b4dd9beaf46fa477ae7b,46bce61086e1c7262f5b794a21790e948aee5953ef24b4dd9beaf46fa477ae7b,1,
trace-order-control-00,2,"{""arg"":6091}","{""r"":-2}",ca46bec5ef4991ad866a1ff8041327f4db3e7ee207ed8521703882be65a328ff,ca46bec5ef4991ad866a1ff8041327f4db3e7ee207ed8521703882be65a328ff,1,
trace-order-control-00,3,"{""arg"":6092}","{""r"":-1}",cb873c00d2a903a3fe6a04e03add9f033ff482026cea124a38ee6b3ff7233810,cb873c00d2a903a3fe6a04e03add9f033ff482026cea124a38ee6b3ff7233810,1,
trace-order-control-00,4,"{""arg"":6093}","{""r"":0}",5814c9b582fe5a2a421478a390be710363323aecdd1425ffd6a82a812bb2a7ad,5814c9b582fe5a2a421478a390be710363323aecdd1425ffd6a82a812bb2a7ad,1,
trace-order-control-00,5,"{""arg"":6094}","{""r"":1}",0b8589e419034391cb7688f2b7b9184a5cab44b483f685c37a1bed943d1b4358,0b8589e419034391cb7688f2b7b9184a5cab44b483f685c37a1bed943d1b4358,1,
trace-order-control-00,6,"{""arg"":6095}","{""r"":2}",af775d5142c97e9fa36068da79aa2ccead8e1752b3f2bfd4025b3d775a6cd2d6,af775d5142c97e9fa36068da79aa2ccead8e1752b3f2bfd4025b3d775a6cd2d6,1,
trace-order-control-00,7,"{""arg"":6096}","{""r"":3}",084e6c593f2b86fc51e07f14f4de040d66f586cf5f09a1691791c3532ec6cdfc,084e6c593f2b86fc51e07f14f4de040d66f586cf5f09a1691791c3532ec6cdfc,1,
trace-order-control-01,0,"{""arg"":6106}","{""r"":-4}",db15afc2dda53c2e732787bc56d54a6405438898e01421dafa6f2f9b0c44d80c,db15afc2dda53c2e732787bc56d54a6405438898e01421dafa6f2f9b0c44d80c,1,
trace-order-control-01,1,"{""arg"":6107}","{""r"":-3}",98577318dcb4c35a44d664dda30c60053f3e0cfc8ae83533c492e94fe57efbc6,98577318dcb4c35a44d664dda30c60053f3e0cfc8ae83533c492e94fe57efbc6,1,
trace-order-control-01,2,"{""arg"":6108}","{""r"":-2}",6e18d998f6dc31c97b3fea80f78a53251202135d550b494646db135e1ed00930,6e18d998f6dc31c97b3fea80f78a53251202135d550b494646db135e1ed00930,1,
trace-order-control-01,3,"{""arg"":6109}","{""r"":-1}",1350a6316fcd0b2685cf0cd57e20cb03b564bde4aad002973e5f2369563643e7,1350a6316fcd0b2685cf0cd57e20cb03b564bde4aad002973e5f2369563643e7,1,
trace-order-control-01,4,"{""arg"":6110}","{""r"":0}",2e99b6954bf9e4668caf779e3ebf5c35de05a7e16a8453e837646dc9687342f1,2e99b6954bf9e4668caf779e3ebf5c35de05a7e16a8453e837646dc9687342f1,1,
trace-order-control-01,5,"{""arg"":6111}","{""r"":1}",15796adc6bee8dd5c6b8028f75ba43c60c15db5b1738438cc242450258c78b3e,15796adc6bee8dd5c6b8028f75ba43c60c15db5b1738438cc242450258c78b3e,1,
trace-order-control-01,6,"{""arg"":6112}","{""r"":2}",53858513beaba90b6da1409b2d074ac34348884b2729a243764a5617843e6fb0,53858513beaba90b6da1409b2d074ac34348884b2729a243764a5617843e6fb0,1,
trace-order-control-01,7,"{""arg"":6113}","{""r"":3}",4591381ceebf82e8c8d5a4c582df285eed99c747bbc36737cb5c36e44fecebf6,4591381ceebf82e8c8d5a4c582df285eed99c747bbc36737cb5c36e44fecebf6,1,
trace-order-control-02,0,"{""arg"":6123}","{""r"":-4}",d91e5e52e4028f5adcc8c015fff1202373808f194798d63aa088deb12be783ef,d91e5e52e4028f5adcc8c015fff1202373808f194798d63aa088deb12be783ef,1,
trace-order-control-02,1,"{""arg"":6124}","{""r"":-3}",70e40e6a68c15a5147fbc44e3d4945f0515725039c15bad70e647dc57d349cef,70e40e6a68c15a5147fbc44e3d4945f0515725039c15bad70e647dc57d349cef,1,
trace-order-control-02,2,"{""arg"":6125}","{""r"":-2}",a2ddbea9e209eaf8dc7093ba1d96eec4870837ef0beca1522c26ba887367f3d6,a2ddbea9e209eaf8dc7093ba1d96eec4870837ef0beca1522c26ba887367f3d6,1,
trace-order-control-02,3,"{""arg"":6126}","{""r"":-1}",69e8232c48fa2c6e8c60562e05a84bc2e365dc239e51cbaf5112018d4dee3d2b,69e8232c48fa2c6e8c60562e05a84bc2e365dc239e51cbaf5112018d4dee3d2b,1,
trace-order-control-02,4,"{""arg"":6127}","{""r"":0}",19986a4317f8e14b02c6171d3d193a5f98cf3ca5ca5728feb2b5b6fb6272eadd,19986a4317f8e14b02c6171d3d193a5f98cf3ca5ca5728feb2b5b6fb6272eadd,1,
trace-order-control-02,5,"{""arg"":6128}","{""r"":1}",d2ee781a2684aa3a313978b737fef0e98b7d8994f1b87e0edbe09ef26c8bc48e,d2ee781a2684aa3a313978b737fef0e98b7d8994f1b87e0edbe09ef26c8bc48e,1,
trace-order-control-02,6,"{""arg"":6129}","{""r"":2}",a18ae34e7dd0d42db89fc152307c6b8cb3d09906145352388be7000c9e1181c0,a18ae34e7dd0d42db89fc152307c6b8cb3d09906145352388be7000c9e1181c0,1,
trace-order-control-02,7,"{""arg"":6130}","{""r"":3}",487d92337522a5a0e6f03713e54e0cf16df38a3b99b6286c72fca1efd543842f,487d92337522a5a0e6f03713e54e0cf16df38a3b99b6286c72fca1efd543842f,1,
trace-order-control-03,0,"{""arg"":6140}","{""r"":-4}",eab27312413f02c059232140c354b8d300dfb88394e109094a78e6ca7de8f6ca,eab27312413f02c059232140c354b8d300dfb88394e109094a78e6ca7de8f6ca,1,
trace-order-control-03,1,"{""arg"":6141}","{""r"":-3}",6efe2ab3585363972d5177ce64ed03f761d1f38f6ec7b36d9a7f904c4e44f29d,6efe2ab3585363972d5177ce64ed03f761d1f38f6ec7b36d9a7f904c4e44f29d,1,
trace-order-control-03,2,"{""arg"":6142}","{""r"":-2}",c82f127d95b3ecf05c27ef7b3afe1a5ed63b28cc7d702eaf72e3c505f1cbe9ac,c82f127d95b3ecf05c27ef7b3afe1a5ed63b28cc7d702eaf72e3c505f1cbe9ac,1,
trace-order-control-03,3,"{""arg"":6143}","{""r"":-1}",695f7a9d6026fed703cb2bb42f51f3e221227977d77ad7d24587617d81547c7d,695f7a9d6026fed703cb2bb42f51f3e221227977d77ad7d24587617d81547c7d,1,
trace-order-control-03,4,"{""arg"":6144}","{""r"":0}",8a8e37df747e2f33ecd9ed79363b9e5ed75261d84b254d28bbac050370f6314d,8a8e37df747e2f33ecd9ed79363b9e5ed75261d84b254d28bbac050370f6314d,1,
trace-order-control-03,5,"{""arg"":6145}","{""r"":1}",58bff55723bc6e78dc24ccd9fbb518e9f1af39afd56c1848e8c8e853a7dd1786,58bff55723bc6e78dc24ccd9fbb518e9f1af39afd56c1848e8c8e853a7dd1786,1,
trace-order-control-03,6,"{""arg"":6146}","{""r"":2}",97f6ee3092e8bf003491691628f385fbabc8a7306e60ba2f47ddd19fb9e601ae,97f6ee3092e8bf003491691628f385fbabc8a7306e60ba2f47ddd19fb9e601ae,1,
trace-order-control-03,7,"{""arg"":6147}","{""r"":3}",2db3731f435eb67890f669dcae9de4c461d22fb2651e1d5c60f9825a49fc1af5,2db3731f435eb67890f669dcae9de4c461d22fb2651e1d5c60f9825a49fc1af5,1,
trace-order-control-04,0,"{""arg"":6157}","{""r"":-4}",c6d7dbfdb318a093156cc207a21b22c7059b4080898877b41998a4cccff11d03,c6d7dbfdb318a093156cc207a21b22c7059b4080898877b41998a4cccff11d03,1,
trace-order-control-04,1,"{""arg"":6158}","{""r"":-3}",442961ea3718a2204a094e04b541667d809e429a15744bd4a5f5b9306e89eb5e,442961ea3718a2204a094e04b541667d809e429a15744bd4a5f5b9306e89eb5e,1,
trace-order-control-04,2,"{""arg"":6159}","{""r"":-2}",ffd54a84c9d298c1e63ef17221c48d154b009afa00b81ea1c40cb7b4ca1314fd,ffd54a84c9d298c1e63ef17221c48d154b009afa00b81ea1c40cb7b4ca1314fd,1,
trace-order-control-04,3,"{""arg"":6160}","{""r"":-1}",b3a37f89c4f7b14f65be0b7fe6b9457058013b5256b072e082bafe8a72ab5726,b3a37f89c4f7b14f65be0b7fe6b9457058013b5256b072e082bafe8a72ab5726,1,
trace-order-control-04,4,"{""arg"":6161}","{""r"":0}",91057406317910f0e37d84b92a1f66fad2ccbeaaf411c2fb26f2d0b012b64681,91057406317910f0e37d84b92a1f66fad2ccbeaaf411c2fb26f2d0b012b64681,1,
trace-order-control-04,5,"{""arg"":6162}","{""r"":1}",cea96bd31b291af3b6aca1e6ac5cc21b0febec96d8acb24ce88c0f0e5c469743,cea96bd31b291af3b6aca1e6ac5cc21b0febec96d8acb24ce88c0f0e5c469743,1,
trace-order-control-04,6,"{""arg"":6163}","{""r"":2}",eb095fab1af3a30395dfa7550e43a074c484561bbac46c3f945bd5ffc52485e2,eb095fab1af3a30395dfa7550e43a074c484561bbac46c3f945bd5ffc52485e2,1,
trace-order-control-04,7,"{""arg"":6164}","{""r"":3}",e5634768272077c823fe4b1adba23561773c0ac44762d4e5f1c23ee72d7a880d,e5634768272077c823fe4b1adba23561773c0ac44762d4e5f1c23ee72d7a880d,1,
trace-order-control-05,0,"{""arg"":6174}","{""r"":-4}",a442c24d9809665cd6b72e358555b1a39bd794bc4f0922e5b0f1593d799147ff,a442c24d9809665cd6b72e358555b1a39bd794bc4f0922e5b0f1593d799147ff,1,
trace-order-control-05,1,"{""arg"":6175}","{""r"":-3}",b05809d878dc5e0286d634acb12d2bdff9fbe9927e862085c8378a78080e0f63,b05809d878dc5e0286d634acb12d2bdff9fbe9927e862085c8378a78080e0f63,1,
trace-order-control-05,2,"{""arg"":6176}","{""r"":-2}",63be5fd2c18f9ef23cca0c8bb2e9b88bdbb3bce3f7a0fef42ffae7cdae0d1061,63be5fd2c18f9ef23cca0c8bb2e9b88bdbb3bce3f7a0fef42ffae7cdae0d1061,1,
trace-order-control-05,3,"{""arg"":6177}","{""r"":-1}",9c56a31f9fdcd884f30f8e487750738d6c6a6c18f38d4dbc0314a8643f4810dc,9c56a31f9fdcd884f30f8e487750738d6c6a6c18f38d4dbc0314a8643f4810dc,1,
trace-order-control-05,4,"{""arg"":6178}","{""r"":0}",dc30ec60ab3ed7eda905a5986c885ecc28baee82d9af8ac1925c454c224d33ea,dc30ec60ab3ed7eda905a5986c885ecc28baee82d9af8ac1925c454c224d33ea,1,
trace-order-control-05,5,"{""arg"":6179}","{""r"":1}",3fb17c2af1a1aeb869bdd52e903d9c7131616cf55cc45c1e7c33121d58353b1e,3fb17c2af1a1aeb869bdd52e903d9c7131616cf55cc45c1e7c33121d58353b1e,1,
trace-order-control-05,6,"{""arg"":6180}","{""r"":2}",c4f1359ae55813bd39c09b55ba1d64a162bf95dea4e75144c2078dd6229e9b65,c4f1359ae55813bd39c09b55ba1d64a162bf95dea4e75144c2078dd6229e9b65,1,
trace-order-control-05,7,"{""arg"":6181}","{""r"":3}",68c9d469c45205b1b8ac9eaebf95da07953ae98400be640f46160797b5759cab,68c9d469c45205b1b8ac9eaebf95da07953ae98400be640f46160797b5759cab,1,
trace-order-control-06,0,"{""arg"":6191}","{""r"":-4}",f1e0d41dc3147747d591b150b1a2fdaa980634f4dd27c12791a6e89df85ef20d,f1e0d41dc3147747d591b150b1a2fdaa980634f4dd27c12791a6e89df85ef20d,1,
trace-order-control-06,1,"{""arg"":6192}","{""r"":-3}",fb3c68c8d0c43efeee17b4b9cbc0a31b87271b7325839307f6772db7be98d29d,fb3c68c8d0c43efeee17b4b9cbc0a31b87271b7325839307f6772db7be98d29d,1,
trace-order-control-06,2,"{""arg"":6193}","{""r"":-2}",f56ded322e8563e20ac8436877837b168ef2aa58cbbcb6d86088d22da3390db7,f56ded322e8563e20ac8436877837b168ef2aa58cbbcb6d86088d22da3390db7,1,
trace-order-control-06,3,"{""arg"":6194}","{""r"":-1}",750546f94088e0d72a0455b27df1545939b97be5871c5366693ecee21ac2fc39,750546f94088e0d72a0455b27df1545939b97be5871c5366693ecee21ac2fc39,1,
trace-order-control-06,4,"{""arg"":6195}","{""r"":0}",13087c0b6092df60febb06093004a9c5d8dd97609f2ba721841b4cad2cd33e6b,13087c0b6092df60febb06093004a9c5d8dd97609f2ba721841b4cad2cd33e6b,1,
trace-order-control-06,5,"{""arg"":6196}","{""r"":1}",212d5dac2fbdbe2b5e5afbd62aec51ee6cd991fc0a8adeaa0fbf231f636206da,212d5dac2fbdbe2b5e5afbd62aec51ee6cd991fc0a8adeaa0fbf231f636206da,1,
trace-order-control-06,6,"{""arg"":6197}","{""r"":2}",2a65965ce1b41dc1b331b03e1b114a6be7776ed7ce17178ba9177ddba0e886e7,2a65965ce1b41dc1b331b03e1b114a6be7776ed7ce17178ba9177ddba0e886e7,1,
trace-order-control-06,7,"{""arg"":6198}","{""r"":3}",9e943bb8a2686839a8d5cf89103aa4241d87ed43ba915c3444c65401f449a77d,9e943bb8a2686839a8d5cf89103aa4241d87ed43ba915c3444c65401f449a77d,1,
trace-order-control-07,0,"{""arg"":6208}","{""r"":-4}",7d5c3bbcb1b02e55fea5d14645a53348ae89603bc74c131fca39bd5c06776bdb,7d5c3bbcb1b02e55fea5d14645a53348ae89603bc74c131fca39bd5c06776bdb,1,
trace-order-control-07,1,"{""arg"":6209}","{""r"":-3}",37f9c1087c3427d4593333aedeb23c1e3ce6a1fd01feb676d56947b6c352fd6c,37f9c1087c3427d4593333aedeb23c1e3ce6a1fd01feb676d56947b6c352fd6c,1,
trace-order-control-07,2,"{""arg"":6210}","{""r"":-2}",bfa289164e945a074b24ab93ea833cce5c6cc3013c7c395505291f7c8a7d34f9,bfa289164e945a074b24ab93ea833cce5c6cc3013c7c395505291f7c8a7d34f9,1,
trace-order-control-07,3,"{""arg"":6211}","{""r"":-1}",54d6029ece54c6eacf833d7af798107c87149b193ead493c2894a539bc8c63c9,54d6029ece54c6eacf833d7af798107c87149b193ead493c2894a539bc8c63c9,1,
trace-order-control-07,4,"{""arg"":6212}","{""r"":0}",55b3290080ecfc374a9ebfe45cabe4e078799ad9034f7cc8c9490d69e8b45ec6,55b3290080ecfc374a9ebfe45cabe4e078799ad9034f7cc8c9490d69e8b45ec6,1,
trace-order-control-07,5,"{""arg"":6213}","{""r"":1}",f3e38a69c8bbed28e18d8602b49d19cfb2dc73a0b0160469da71fdc34cb2b9b2,f3e38a69c8bbed28e18d8602b49d19cfb2dc73a0b0160469da71fdc34cb2b9b2,1,
trace-order-control-07,6,"{""arg"":6214}","{""r"":2}",621da92f9a577dd8199839a4ed7af1e045794b788464f6815658d9927db390e1,621da92f9a577dd8199839a4ed7af1e045794b788464f6815658d9927db390e1,1,
trace-order-control-07,7,"{""arg"":6215}","{""r"":3}",202ba12dfe3230ccef27d046e2757f4d559527834ba672ee1fa72b3e67dd0da5,202ba12dfe3230ccef27d046e2757f4d559527834ba672ee1fa72b3e67dd0da5,1,
trace-order-control-08,0,"{""arg"":6225}","{""r"":-4}",1745c9d69dd9c4425c20744819aed13575aa6da79854d861c05f5499a677d044,1745c9d69dd9c4425c20744819aed13575aa6da79854d861c05f5499a677d044,1,
trace-order-control-08,1,"{""arg"":6226}","{""r"":-3}",41d165b790f6d58d53d34f02c17fe728fa9016075848bf8f4ec8c5b8c578b4ff,41d165b790f6d58d53d34f02c17fe728fa9016075848bf8f4ec8c5b8c578b4ff,1,
trace-order-control-08,2,"{""arg"":6227}","{""r"":-2}",98af78368376b2cb54761bd9d8c851e791db24dda2b852a34ac92b0cf72c3b90,98af78368376b2cb54761bd9d8c851e791db24dda2b852a34ac92b0cf72c3b90,1,
trace-order-control-08,3,"{""arg"":6228}","{""r"":-1}",273aa9a36af1bf5ed1d97db4e7f7a8745231a50bb5ac509c976d174cf4b71d9c,273aa9a36af1bf5ed1d97db4e7f7a8745231a50bb5ac509c976d174cf4b71d9c,1,
trace-order-control-08,4,"{""arg"":6229}","{""r"":0}",aaaf0556dbbf002f712081737fd22127cc0d453e13fb8c0f88d581bb09f4c1f5,aaaf0556dbbf002f712081737fd22127cc0d453e13fb8c0f88d581bb09f4c1f5,1,
trace-order-control-08,5,"{""arg"":6230}","{""r"":1}",291fc54b1b347110f4b8505a8196b98387fb63e4a0739cca53ad65502f5ab1cd,291fc54b1b347110f4b8505a8196b98387fb63e4a0739cca53ad65502f5ab1cd,1,
trace-order-control-08,6,"{""arg"":6231}","{""r"":2}",7d9d6fb3bacb22b3462072d63b1eb184cb966426be8d7d7dbfb8b3e7b8a5bdc2,7d9d6fb3bacb22b3462072d63b1eb184cb966426be8d7d7dbfb8b3e7b8a5bdc2,1,
trace-order-control-08,7,"{""arg"":6232}","{""r"":3}",33cb099e3fa198ef4a90d75e1ca08e561a0fe0ee5c25d779dd33643f59d30322,33cb099e3fa198ef4a90d75e1ca08e561a0fe0ee5c25d779dd33643f59d30322,1,
trace-order-control-09,0,"{""arg"":6242}","{""r"":-4}",a651359a0f46220a23c2932713ade82259d164c41250627b097eff660b83933d,a651359a0f46220a23c2932713ade82259d164c41250627b097eff660b83933d,1,
trace-order-control-09,1,"{""arg"":6243}","{""r"":-3}",080622fbd81c1d5c4b10e74d74bfca6189f306f9961d3337ae56e12f044be840,080622fbd81c1d5c4b10e74d74bfca6189f306f9961d3337ae56e12f044be840,1,
trace-order-control-09,2,"{""arg"":6244}","{""r"":-2}",8ea20154765e45a191856b26a6acdd0601c0f86d1f45205f3524645c98977dd5,8ea20154765e45a191856b26a6acdd0601c0f86d1f45205f3524645c98977dd5,1,
trace-order-control-09,3,"{""arg"":6245}","{""r"":-1}",e251c5f97f7bbe1dd2c0d58a26923794953fb120ebdd1ba4658baaa67faf95f9,e251c5f97f7bbe1dd2c0d58a26923794953fb120ebdd1ba4658baaa67faf95f9,1,
trace-order-control-09,4,"{""arg"":6246}","{""r"":0}",4ec5294cc6b23130c4c6c559b5ddc90c9336803f02bd8e448ec34b88f9f6dd69,4ec5294cc6b23130c4c6c559b5ddc90c9336803f02bd8e448ec34b88f9f6dd69,1,
trace-order-control-09,5,"{""arg"":6247}","{""r"":1}",daaecce43a8c791fb71274059e2fc412fa782d62a9dca42928a3ca9e8905582e,daaecce43a8c791fb71274059e2fc412fa782d62a9dca42928a3ca9e8905582e,1,
trace-order-control-09,6,"{""arg"":6248}","{""r"":2}",1e77c58bf87e54d966b424f9933511fe1545d77d4246982141e62ed64f3f34cc,1e77c58bf87e54d966b424f9933511fe1545d77d4246982141e62ed64f3f34cc,1,
trace-order-control-09,7,"{""arg"":6249}","{""r"":3}",888a1bfd61652dc261572a047c7e90672f9948163b55fe4cfba68b8ad264bfa4,888a1bfd61652dc261572a047c7e90672f9948163b55fe4cfba68b8ad264bfa4,1,
trace-order-control-10,0,"{""arg"":6259}","{""r"":-4}",f3814be65c3b6ebae2ce51209a8958b88bb71e2181337c7b2716b1c151c4a293,f3814be65c3b6ebae2ce51209a8958b88bb71e2181337c7b2716b1c151c4a293,1,
trace-order-control-10,1,"{""arg"":6260}","{""r"":-3}",27b3a2fb945a7fda92ddab79225c193e2eb1efb7b64a1b6c677a2c1e8cdbeba1,27b3a2fb945a7fda92ddab79225c193e2eb1efb7b64a1b6c677a2c1e8cdbeba1,1,
trace-order-control-10,2,"{""arg"":6261}","{""r"":-2}",2b908521afbb5a627f649f054e1fd32801546297da6c567196d664492e3b9942,2b908521afbb5a627f649f054e1fd32801546297da6c567196d664492e3b9942,1,
trace-order-control-10,3,"{""arg"":6262}","{""r"":-1}",8bba9004019430b3376d63b533d249726353e8ae32366a032b3f6bff18a4d502,8bba9004019430b3376d63b533d249726353e8ae32366a032b3f6bff18a4d502,1,
trace-order-control-10,4,"{""arg"":6263}","{""r"":0}",bb18dffdbb6cf881ca8992e3c561309ed495cf6f7aee2fa784c81a23f8197e12,bb18dffdbb6cf881ca8992e3c561309ed495cf6f7aee2fa784c81a23f8197e12,1,
trace-order-control-10,5,"{""arg"":6264}","{""r"":1}",ca84f120fc447d85c544d738c9bc20749a6fadb5644054ba5b518d664b9385b4,ca84f120fc447d85c544d738c9bc20749a6fadb5644054ba5b518d664b9385b4,1,
trace-order-control-10,6,"{""arg"":6265}","{""r"":2}",50b967484d444071daff63df8eb23b1bb48579eb89c17d648c6b3ef26c014c38,50b967484d444071daff63df8eb23b1bb48579eb89c17d648c6b3ef26c014c38,1,
trace-order-control-10,7,"{""arg"":6266}","{""r"":3}",1b5e808b1e49ce441423afd1b4b57d354158d5adec3630cb8a3c421ba34ec158,1b5e808b1e49ce441423afd1b4b57d354158d5adec3630cb8a3c421ba34ec158,1,
trace-order-control-11,0,"{""arg"":6276}","{""r"":-4}",0655ed12149b4e189816a530b89044c2031d4377c37dd6ec0b930390d173c7a4,0655ed12149b4e189816a530b89044c2031d4377c37dd6ec0b930390d173c7a4,1,
trace-order-control-11,1,"{""arg"":6277}","{""r"":-3}",47b8e70515c7e36b2a97efbe059374af17dce801d3631e79b5e2c87931318c35,47b8e70515c7e36b2a97efbe059374af17dce801d3631e79b5e2c87931318c35,1,
trace-order-control-11,2,"{""arg"":6278}","{""r"":-2}",4c75a5d479f49b1c94d4f6feba7771bb2cf0940f0ee830d20a77f9194bd9e355,4c75a5d479f49b1c94d4f6feba7771bb2cf0940f0ee830d20a77f9194bd9e355,1,
trace-order-control-11,3,"{""arg"":6279}","{""r"":-1}",fcd5f4ffa3c5c68745882a282f7b6b66287cecf1dc6b9d082e0b8cc1c5c40d7e,fcd5f4ffa3c5c68745882a282f7b6b66287cecf1dc6b9d082e0b8cc1c5c40d7e,1,
trace-order-control-11,4,"{""arg"":6280}","{""r"":0}",4a4b2cf24ca544b71071b56722b0ae600c557be6f859ebb9d4416f8381a28441,4a4b2cf24ca544b71071b56722b0ae600c557be6f859ebb9d4416f8381a28441,1,
trace-order-control-11,5,"{""arg"":6281}","{""r"":1}",1a9c2b0e16830c9ef76c7f4aafff99edbf91054f1b9fa50b0f4967c2e7edbfbc,1a9c2b0e16830c9ef76c7f4aafff99edbf91054f1b9fa50b0f4967c2e7edbfbc,1,
trace-order-control-11,6,"{""arg"":6282}","{""r"":2}",49d84eabc5d561854fefa625436f01fc9f7265202ad7daaf02594917251acb9c,49d84eabc5d561854fefa625436f01fc9f7265202ad7daaf02594917251acb9c,1,
trace-order-control-11,7,"{""arg"":6283}","{""r"":3}",af3290b0ad41858b550748bce8fd179472c3edc891333ea32c2bc55e68f96586,af3290b0ad41858b550748bce8fd179472c3edc891333ea32c2bc55e68f96586,1,
trace-order-control-12,0,"{""arg"":6293}","{""r"":-4}",4477f9fd3d147dc93854fa2425f4225e21c5ae00cb90cb6489d96aefb7ec2554,4477f9fd3d147dc93854fa2425f4225e21c5ae00cb90cb6489d96aefb7ec2554,1,
trace-order-control-12,1,"{""arg"":6294}","{""r"":-3}",771b8814d56eb236170e9d79f9ade2129d1ecf4d946bccb48eabedacf560bd8f,771b8814d56eb236170e9d79f9ade2129d1ecf4d946bccb48eabedacf560bd8f,1,
trace-order-control-12,2,"{""arg"":6295}","{""r"":-2}",a7c368fddd5d216079586b85c5f698c1aef32a063a6bef90b6e60e7c4722734e,a7c368fddd5d216079586b85c5f698c1aef32a063a6bef90b6e60e7c4722734e,1,
trace-order-control-12,3,"{""arg"":6296}","{""r"":-1}",f0c4c7c5ad9bd2e09b316272bb367e8494b58e8dd5bc21c44959c97a4637f27f,f0c4c7c5ad9bd2e09b316272bb367e8494b58e8dd5bc21c44959c97a4637f27f,1,
trace-order-control-12,4,"{""arg"":6297}","{""r"":0}",f12c14dfd8faffef9ec2be625450dab9e10e4453999915a249dcf4695c323898,f12c14dfd8faffef9ec2be625450dab9e10e4453999915a249dcf4695c323898,1,
trace-order-control-12,5,"{""arg"":6298}","{""r"":1}",03f0800387c8bc3138584c2091d990ac109de8520024e08a1f950c1c23ad4475,03f0800387c8bc3138584c2091d990ac109de8520024e08a1f950c1c23ad4475,1,
trace-order-control-12,6,"{""arg"":6299}","{""r"":2}",4df74ad529cfa421895a22e93ee63eafb3467edc09618abeb1c6c9349f12c7de,4df74ad529cfa421895a22e93ee63eafb3467edc09618abeb1c6c9349f12c7de,1,
trace-order-control-12,7,"{""arg"":6300}","{""r"":3}",0ed45aae0f322b7d7533708b79db78677700e14af2cac72d623d6df09d249936,0ed45aae0f322b7d7533708b79db78677700e14af2cac72d623d6df09d249936,1,
trace-order-control-13,0,"{""arg"":6310}","{""r"":-4}",dc6e82cab838e4c2b37c2641fab380a16e06b350f6cf9e379e62b47aa348d102,dc6e82cab838e4c2b37c2641fab380a16e06b350f6cf9e379e62b47aa348d102,1,
trace-order-control-13,1,"{""arg"":6311}","{""r"":-3}",ebbe2295cb29c38774dee08d23830f6fe89ddd2e7697a645ddfbce6f1e44ff4a,ebbe2295cb29c38774dee08d23830f6fe89ddd2e7697a645ddfbce6f1e44ff4a,1,
trace-order-control-13,2,"{""arg"":6312}","{""r"":-2}",bae5796f4ec8b65801707383a91200912db06ab8611bf8ecea91570fd020f457,bae5796f4ec8b65801707383a91200912db06ab8611bf8ecea91570fd020f457,1,
trace-order-control-13,3,"{""arg"":6313}","{""r"":-1}",3f3cf35cd03edce647e377d02f356660889987f63b3ce3a0b2bae6c3c71e931c,3f3cf35cd03edce647e377d02f356660889987f63b3ce3a0b2bae6c3c71e931c,1,
trace-order-control-13,4,"{""arg"":6314}","{""r"":0}",53c76c605559d25fa9d802d5671cb2592dc5b54dcec077679cbae1c8e288c6b0,53c76c605559d25fa9d802d5671cb2592dc5b54dcec077679cbae1c8e288c6b0,1,
trace-order-control-13,5,"{""arg"":6315}","{""r"":1}",69227c9848b9d614c1d0de3f8b7305681e2d402abe3af70a5254eac6138f7cf8,69227c9848b9d614c1d0de3f8b7305681e2d402abe3af70a5254eac6138f7cf8,1,
trace-order-control-13,6,"{""arg"":6316}","{""r"":2}",5222c42b33b6e3a0c0dd49664e87166eb838db75652998046b3c252524b6a212,5222c42b33b6e3a0c0dd49664e87166eb838db75652998046b3c252524b6a212,1,
trace-order-control-13,7,"{""arg"":6317}","{""r"":3}",82dee595b1fa760fabe91025364260ef5abd22040c61fc0f4210df3315775d29,82dee595b1fa760fabe91025364260ef5abd22040c61fc0f4210df3315775d29,1,
trace-order-control-14,0,"{""arg"":6327}","{""r"":-4}",e553d4da3607a756e3f297d9ba36aa9251e4569b576fc8e5331d81ef08ecedd5,e553d4da3607a756e3f297d9ba36aa9251e4569b576fc8e5331d81ef08ecedd5,1,
trace-order-control-14,1,"{""arg"":6328}","{""r"":-3}",29eb268d4402bd9e99e1342ddb76a1b2a29b6b3af1dc3b516a7713ff3bb06e87,29eb268d4402bd9e99e1342ddb76a1b2a29b6b3af1dc3b516a7713ff3bb06e87,1,
trace-order-control-14,2,"{""arg"":6329}","{""r"":-2}",cc2796f0c025db18e784b89c422b6afaba55e761e7cfb36675bd809555bbff69,cc2796f0c025db18e784b89c422b6afaba55e761e7cfb36675bd809555bbff69,1,
trace-order-control-14,3,"{""arg"":6330}","{""r"":-1}",06affc2af06a28f7a38ef472a67b178d61bc7e083761bbaea217ee7a66bd7e97,06affc2af06a28f7a38ef472a67b178d61bc7e083761bbaea217ee7a66bd7e97,1,
trace-order-control-14,4,"{""arg"":6331}","{""r"":0}",b1ce3db22ae5f96702fb9713360a70a540d1841d18e9f24799dfaf82e7303bd8,b1ce3db22ae5f96702fb9713360a70a540d1841d18e9f24799dfaf82e7303bd8,1,
trace-order-control-14,5,"{""arg"":6332}","{""r"":1}",5b78c6709f0541a22433ea437544e853b24310c40323149bf750654ffa4ad513,5b78c6709f0541a22433ea437544e853b24310c40323149bf750654ffa4ad513,1,
trace-order-control-14,6,"{""arg"":6333}","{""r"":2}",7f6f7a3db3445a8f2fe75703ce804e6f9f8ab887d2b50c094f23ab6fb33fd559,7f6f7a3db3445a8f2fe75703ce804e6f9f8ab887d2b50c094f23ab6fb33fd559,1,
trace-order-control-14,7,"{""arg"":6334}","{""r"":3}",cee197251c5587c051dbfd5371e485bca941a6f04bf2d74ab95a9fe0618bdde9,cee197251c5587c051dbfd5371e485bca941a6f04bf2d74ab95a9fe0618bdde9,1,
trace-order-control-15,0,"{""arg"":6344}","{""r"":-4}",e78b6387be030116be16ab5e32783580642be4cfb0ed51de095542e6a7162c53,e78b6387be030116be16ab5e32783580642be4cfb0ed51de095542e6a7162c53,1,
trace-order-control-15,1,"{""arg"":6345}","{""r"":-3}",e1c5765928670bd197e43a8f7ed3c385565ce7c1aa8546cbd6836ea1f821b99d,e1c5765928670bd197e43a8f7ed3c385565ce7c1aa8546cbd6836ea1f821b99d,1,
trace-order-control-15,2,"{""arg"":6346}","{""r"":-2}",bbae120ea3fb96517be0305c0c784bd6f17e1bace5b657a2bae7fcda338d796c,bbae120ea3fb96517be0305c0c784bd6f17e1bace5b657a2bae7fcda338d796c,1,
trace-order-control-15,3,"{""arg"":6347}","{""r"":-1}",316caefb11a31170aed4a54b610132f9b39203327b6be368c2049e370328684a,316caefb11a31170aed4a54b610132f9b39203327b6be368c2049e370328684a,1,
trace-order-control-15,4,"{""arg"":6348}","{""r"":0}",76a434ec74ad574c73bfef991378ab0218eba8580564a9e1ef5fd41ffde5e4c2,76a434ec74ad574c73bfef991378ab0218eba8580564a9e1ef5fd41ffde5e4c2,1,
trace-order-control-15,5,"{""arg"":6349}","{""r"":1}",5362666834e6a04b42c6d838a699fa78743be0c56380798b67d85ac6fb8eba68,5362666834e6a04b42c6d838a699fa78743be0c56380798b67d85ac6fb8eba68,1,
trace-order-control-15,6,"{""arg"":6350}","{""r"":2}",b10dd9d9f6b8ba460a2f66d12295f4ea7435ef32b07958e0db30219b74e2a1c9,b10dd9d9f6b8ba460a2f66d12295f4ea7435ef32b07958e0db30219b74e2a1c9,1,
trace-order-control-15,7,"{""arg"":6351}","{""r"":3}",b4d14fd2a103ba94153f723412897c5ba8f006a60cff6691150c39e0fd93ec3a,b4d14fd2a103ba94153f723412897c5ba8f006a60cff6691150c39e0fd93ec3a,1,
trace-order-control-16,0,"{""arg"":6361}","{""r"":-4}",0bd11ca42addaf47b42df7163d1136bcc5e86e25ddb8098c1cbf77ba031d5fdc,0bd11ca42addaf47b42df7163d1136bcc5e86e25ddb8098c1cbf77ba031d5fdc,1,
trace-order-control-16,1,"{""arg"":6362}","{""r"":-3}",8403896b84b4b22a2ee06ffa0ec7ba1d3646f8609e8c93c25f9ffd08993efe80,8403896b84b4b22a2ee06ffa0ec7ba1d3646f8609e8c93c25f9ffd08993efe80,1,
trace-order-control-16,2,"{""arg"":6363}","{""r"":-2}",3b29db2e35ed8fa364c99c3e89f149281c8c72c1b5a0dc542589d403dc8b427b,3b29db2e35ed8fa364c99c3e89f149281c8c72c1b5a0dc542589d403dc8b427b,1,
trace-order-control-16,3,"{""arg"":6364}","{""r"":-1}",47337f62ebddb1031432a20063f193dbaf41f108590ce7540dbeebe6159f5ff0,47337f62ebddb1031432a20063f193dbaf41f108590ce7540dbeebe6159f5ff0,1,
trace-order-control-16,4,"{""arg"":6365}","{""r"":0}",4f0ea36ce3e262eaf6e0ce788ec00a47567e532f6c2061a8c22407034fb7ddaf,4f0ea36ce3e262eaf6e0ce788ec00a47567e532f6c2061a8c22407034fb7ddaf,1,
trace-order-control-16,5,"{""arg"":6366}","{""r"":1}",98fbcd973bf58f6c2853f5cf690b8c2e28c998cea2fea0c0e73218209f7b1890,98fbcd973bf58f6c2853f5cf690b8c2e28c998cea2fea0c0e73218209f7b1890,1,
trace-order-control-16,6,"{""arg"":6367}","{""r"":2}",3a8f7ab276136ca1e6f2af07cf5e71b939eac63c71d95b30d01e16f6cdbf68d1,3a8f7ab276136ca1e6f2af07cf5e71b939eac63c71d95b30d01e16f6cdbf68d1,1,
trace-order-control-16,7,"{""arg"":6368}","{""r"":3}",113e52f7155b6a98471a0cf47d008ed9906112a28ef7a3aea244a444c429421a,113e52f7155b6a98471a0cf47d008ed9906112a28ef7a3aea244a444c429421a,1,
trace-order-control-17,0,"{""arg"":6378}","{""r"":-4}",bd5f9f140382af49ff51d24fc97be887ae9197b67a425acd5eda205bf0b84552,bd5f9f140382af49ff51d24fc97be887ae9197b67a425acd5eda205bf0b84552,1,
trace-order-control-17,1,"{""arg"":6379}","{""r"":-3}",4aa0752c8c1ba6c3132856066f54b4846375aaa799dba1a74e0fb5cae00c13cf,4aa0752c8c1ba6c3132856066f54b4846375aaa799dba1a74e0fb5cae00c13cf,1,
trace-order-control-17,2,"{""arg"":6380}","{""r"":-2}",7392951eeeae809d2b16c8b1e39cef4b3f6e98374b00e648c02edb6c72bf2f1f,7392951eeeae809d2b16c8b1e39cef4b3f6e98374b00e648c02edb6c72bf2f1f,1,
trace-order-control-17,3,"{""arg"":6381}","{""r"":-1}",eb0c0af7e04122cde6dfc90c94c0cc13765eb1bd89e4211de79aacafaf62c0e8,eb0c0af7e04122cde6dfc90c94c0cc13765eb1bd89e4211de79aacafaf62c0e8,1,
trace-order-control-17,4,"{""arg"":6382}","{""r"":0}",68bba8013d576c9d09ee7ca8a2720d098f90bcfb6cc3d85035e4b15b0525c498,68bba8013d576c9d09ee7ca8a2720d098f90bcfb6cc3d85035e4b15b0525c498,1,
trace-order-control-17,5,"{""arg"":6383}","{""r"":1}",0754dd9ab105016b9d1cd6429affcdd51dd04971c845b93a78a5bcacd12f7a48,0754dd9ab105016b9d1cd6429affcdd51dd04971c845b93a78a5bcacd12f7a48,1,
trace-order-control-17,6,"{""arg"":6384}","{""r"":2}",a67bb8d8e4e626e0015656740db73f6b42326be89e141e1ca171f1260bc890f4,a67bb8d8e4e626e0015656740db73f6b42326be89e141e1ca171f1260bc890f4,1,
trace-order-control-17,7,"{""arg"":6385}","{""r"":3}",0d8692d93fb200cc4ef73478f78f6cbd130e5013701c3f5816cee8457befe25c,0d8692d93fb200cc4ef73478f78f6cbd130e5013701c3f5816cee8457befe25c,1,
trace-order-control-18,0,"{""arg"":6395}","{""r"":-4}",2b24d0151e53d8c080c0dc33e984b982a7c8e10abc0737be8f52fcd21a2614ff,2b24d0151e53d8c080c0dc33e984b982a7c8e10abc0737be8f52fcd21a2614ff,1,
trace-order-control-18,1,"{""arg"":6396}","{""r"":-3}",48e0ac717fd3f7386572a7707a87c82e5647e0b62f31b9a6aa7593de56e63e79,48e0ac717fd3f7386572a7707a87c82e5647e0b62f31b9a6aa7593de56e63e79,1,
trace-order-control-18,2,"{""arg"":6397}","{""r"":-2}",9816c4bf92c4f729ef94e23922411ebee3d8b55f39fd785619221d2cea80d587,9816c4bf92c4f729ef94e23922411ebee3d8b55f39fd785619221d2cea80d587,1,
trace-order-control-18,3,"{""arg"":6398}","{""r"":-1}",c3f8e4d21af1e4229298db5db6217437512202281640e0ca33d33ed6acaeb620,c3f8e4d21af1e4229298db5db6217437512202281640e0ca33d33ed6acaeb620,1,
trace-order-control-18,4,"{""arg"":6399}","{""r"":0}",a8199fa6de54aa6a7e8ff415de74f842d5d13def0bd9fe19f2fe30892391a6fc,a8199fa6de54aa6a7e8ff415de74f842d5d13def0bd9fe19f2fe30892391a6fc,1,
trace-order-control-18,5,"{""arg"":6400}","{""r"":1}",3b156859182c6b6cf4780d37b92e042fa7889ee3d193be3351de44ced37101bd,3b156859182c6b6cf4780d37b92e042fa7889ee3d193be3351de44ced37101bd,1,
trace-order-control-18,6,"{""arg"":6401}","{""r"":2}",55aeeb2cf500a6a09ed244c7eb3f658323baba2b12c5c370c58f1f0a85ed21be,55aeeb2cf500a6a09ed244c7eb3f658323baba2b12c5c370c58f1f0a85ed21be,1,
trace-order-control-18,7,"{""arg"":6402}","{""r"":3}",81ee577dad96ffbb6db442a5d27d05d3ab2f4287a5f181824b0706818cf9881b,81ee577dad96ffbb6db442a5d27d05d3ab2f4287a5f181824b0706818cf9881b,1,
trace-order-control-19,0,"{""arg"":6412}","{""r"":-4}",6da074d0bd1db7b7aa5efad7b5fc8b3a4e29c35e14df76718224c616d13f7166,6da074d0bd1db7b7aa5efad7b5fc8b3a4e29c35e14df76718224c616d13f7166,1,
trace-order-control-19,1,"{""arg"":6413}","{""r"":-3}",7cd4c5545612101bc564d84a041b2375b4b9be1576d4bd28f04af9185fa1218b,7cd4c5545612101bc564d84a041b2375b4b9be1576d4bd28f04af9185fa1218b,1,
trace-order-control-19,2,"{""arg"":6414}","{""r"":-2}",53e300da5a2557b3bebf900c83e64534fac496c3823ef07e0f11cb32887db6b6,53e300da5a2557b3bebf900c83e64534fac496c3823ef07e0f11cb32887db6b6,1,
trace-order-control-19,3,"{""arg"":6415}","{""r"":-1}",645c9e2ec6779962a20e5dd541ea91e57ac2eabb3b5c2f4f63c45b428693256d,645c9e2ec6779962a20e5dd541ea91e57ac2eabb3b5c2f4f63c45b428693256d,1,
trace-order-control-19,4,"{""arg"":6416}","{""r"":0}",59048d994a7263b900b61e31a951b0185bd411432b27f38c87ad400163a5e24d,59048d994a7263b900b61e31a951b0185bd411432b27f38c87ad400163a5e24d,1,
trace-order-control-19,5,"{""arg"":6417}","{""r"":1}",61cff96c3fca03a92aa20cad0a01a488535b7587942785f60c2f2c680ba6088e,61cff96c3fca03a92aa20cad0a01a488535b7587942785f60c2f2c680ba6088e,1,
trace-order-control-19,6,"{""arg"":6418}","{""r"":2}",fb1961aa33e6b87469eee2ed4e8e752be23b368c305f86cf9289aba26f01fbb2,fb1961aa33e6b87469eee2ed4e8e752be23b368c305f86cf9289aba26f01fbb2,1,
trace-order-control-19,7,"{""arg"":6419}","{""r"":3}",8be741b8969163a922c3df5df24ce67789612d669b8eb7b9067cbf47bc1b125c,8be741b8969163a922c3df5df24ce67789612d669b8eb7b9067cbf47bc1b125c,1,
trace-order-control-20,0,"{""arg"":6429}","{""r"":-4}",d331d1bf071eb56395a41289cdae1d7452544738cccfbca5463628639d57ae7e,d331d1bf071eb56395a41289cdae1d7452544738cccfbca5463628639d57ae7e,1,
trace-order-control-20,1,"{""arg"":6430}","{""r"":-3}",91dcebf0aafaa0e7497f4f7ddf7ff3a30ceecb6b27d81ad07731b5904d7a132f,91dcebf0aafaa0e7497f4f7ddf7ff3a30ceecb6b27d81ad07731b5904d7a132f,1,
trace-order-control-20,2,"{""arg"":6431}","{""r"":-2}",aae7bf3b68565c2cf6d64086e51d7a67f3d7418e6d52532d6cffe9e083fa4d14,aae7bf3b68565c2cf6d64086e51d7a67f3d7418e6d52532d6cffe9e083fa4d14,1,
trace-order-control-20,3,"{""arg"":6432}","{""r"":-1}",43832f839a44a29df939f4ee925e6e0992b40a7e1bcede50b991eef4bea0279c,43832f839a44a29df939f4ee925e6e0992b40a7e1bcede50b991eef4bea0279c,1,
trace-order-control-20,4,"{""arg"":6433}","{""r"":0}",c3cf1a6fe4806ae251177a179b1768fa1d8882e163db1ea01b72a729a7abecde,c3cf1a6fe4806ae251177a179b1768fa1d8882e163db1ea01b72a729a7abecde,1,
trace-order-control-20,5,"{""arg"":6434}","{""r"":1}",8479543e10aa7db8e57cbade9fd95379ecfea9da9a3eefe0597f71b702653bd4,8479543e10aa7db8e57cbade9fd95379ecfea9da9a3eefe0597f71b702653bd4,1,
trace-order-control-20,6,"{""arg"":6435}","{""r"":2}",76b1bfab2746288e5096e0e22afab46c0bb611b9b8035568434843195e33cda9,76b1bfab2746288e5096e0e22afab46c0bb611b9b8035568434843195e33cda9,1,
trace-order-control-20,7,"{""arg"":6436}","{""r"":3}",aa8830be08d542a7c337b220b140ed03e20d3d8f2912433009b0be17b5053901,aa8830be08d542a7c337b220b140ed03e20d3d8f2912433009b0be17b5053901,1,
trace-order-control-21,0,"{""arg"":6446}","{""r"":-4}",8659f5aea33086436ea7e02cb5bb8196b7ad85a7576b259d2e3d2991a0f28274,8659f5aea33086436ea7e02cb5bb8196b7ad85a7576b259d2e3d2991a0f28274,1,
trace-order-control-21,1,"{""arg"":6447}","{""r"":-3}",e9390c03ead6dc35f22ffb28c773322df039c999bbcd18b4b594dd9b9fcfc2b6,e9390c03ead6dc35f22ffb28c773322df039c999bbcd18b4b594dd9b9fcfc2b6,1,
trace-order-control-21,2,"{""arg"":6448}","{""r"":-2}",0c06cc0aab328a20666a7d1f1fddaa8939b5f699391efb01cabbc465fbdcd0e9,0c06cc0aab328a20666a7d1f1fddaa8939b5f699391efb01cabbc465fbdcd0e9,1,
trace-order-control-21,3,"{""arg"":6449}","{""r"":-1}",96abb89ba82928394e8c0b57c285df318b01dc4600cdd5be889ab3da5862febb,96abb89ba82928394e8c0b57c285df318b01dc4600cdd5be889ab3da5862febb,1,
trace-order-control-21,4,"{""arg"":6450}","{""r"":0}",d171379e56b038ac54b04cda583d54bca80db77ac0dfe5826f83300afe1b7030,d171379e56b038ac54b04cda583d54bca80db77ac0dfe5826f83300afe1b7030,1,
trace-order-control-21,5,"{""arg"":6451}","{""r"":1}",16142c0e3e9655f11e83a42c170293408b465a11c17d84afa37dca3eaa1254c9,16142c0e3e9655f11e83a42c170293408b465a11c17d84afa37dca3eaa1254c9,1,
trace-order-control-21,6,"{""arg"":6452}","{""r"":2}",4975c08248ae3f040dac04cd5ee5451b9cd641fc264482c096b8ba5b9ce2d0c5,4975c08248ae3f040dac04cd5ee5451b9cd641fc264482c096b8ba5b9ce2d0c5,1,
trace-order-control-21,7,"{""arg"":6453}","{""r"":3}",90aa5455d03b1821d1446033b1e317e165d63a1f43e5cdcc2fdb93e811b65178,90aa5455d03b1821d1446033b1e317e165d63a1f43e5cdcc2fdb93e811b65178,1,
trace-order-control-22,0,"{""arg"":6463}","{""r"":-4}",c90bcff64ba0c6d3754bb766dce5c7701302ddbe54f1c2eac9ca7cb99da2c20d,c90bcff64ba0c6d3754bb766dce5c7701302ddbe54f1c2eac9ca7cb99da2c20d,1,
trace-order-control-22,1,"{""arg"":6464}","{""r"":-3}",54f257e583ecfa2eee9b81721cbe8832a8862b8ed18951a3f48065f1f3a32f03,54f257e583ecfa2eee9b81721cbe8832a8862b8ed18951a3f48065f1f3a32f03,1,
trace-order-control-22,2,"{""arg"":6465}","{""r"":-2}",aef44c5ab5e3bc8f6024bc529fb92c2f29fb3b40ce27a97d496f618fcf4fe5f9,aef44c5ab5e3bc8f6024bc529fb92c2f29fb3b40ce27a97d496f618fcf4fe5f9,1,
trace-order-control-22,3,"{""arg"":6466}","{""r"":-1}",4c8b337c8fade580d8670d34713ddc546688e703d03801a039cb8fd10bce3169,4c8b337c8fade580d8670d34713ddc546688e703d03801a039cb8fd10bce3169,1,
trace-order-control-22,4,"{""arg"":6467}","{""r"":0}",ffcaf36d4cff6f00c30654965f1cf9897eb2d33262870647ff3f02de3ad435ac,ffcaf36d4cff6f00c30654965f1cf9897eb2d33262870647ff3f02de3ad435ac,1,
trace-order-control-22,5,"{""arg"":6468}","{""r"":1}",37528e8c204cba037ede5e5f85dbeaea9cee35721fffdc216c8cac81407d0b3c,37528e8c204cba037ede5e5f85dbeaea9cee35721fffdc216c8cac81407d0b3c,1,
trace-order-control-22,6,"{""arg"":6469}","{""r"":2}",7338ecd2c5965d7da4f03c4278c346e8bf6442123fe178c58d3495b1d39e9830,7338ecd2c5965d7da4f03c4278c346e8bf6442123fe178c58d3495b1d39e9830,1,
trace-order-control-22,7,"{""arg"":6470}","{""r"":3}",915628f5ce0daeb905ef81b13e45e417da3ff6079519326f465c403c3398db02,915628f5ce0daeb905ef81b13e45e417da3ff6079519326f465c403c3398db02,1,
trace-order-control-23,0,"{""arg"":6480}","{""r"":-4}",0ca6f7727dfa007a277989043a36254645035550f78bb3a16b8e88f0ab3135ec,0ca6f7727dfa007a277989043a36254645035550f78bb3a16b8e88f0ab3135ec,1,
trace-order-control-23,1,"{""arg"":6481}","{""r"":-3}",1a890de0a5ded620ad17ad538cbbb7d6dfa88f7dcec072f5d731246383cb20a0,1a890de0a5ded620ad17ad538cbbb7d6dfa88f7dcec072f5d731246383cb20a0,1,
trace-order-control-23,2,"{""arg"":6482}","{""r"":-2}",87054158dbc14ae8077e2278b1f1da82328977e5ed1d83eefa7fa31dd5e4bbdf,87054158dbc14ae8077e2278b1f1da82328977e5ed1d83eefa7fa31dd5e4bbdf,1,
trace-order-control-23,3,"{""arg"":6483}","{""r"":-1}",16549b5e43d13b3a4d87daf21200cb2949c41447c4bbe7b6bd5d9511f39a0725,16549b5e43d13b3a4d87daf21200cb2949c41447c4bbe7b6bd5d9511f39a0725,1,
trace-order-control-23,4,"{""arg"":6484}","{""r"":0}",cc39d375f5f7ecb26a7df13f106eb8a182635934676a265e84496e35be080291,cc39d375f5f7ecb26a7df13f106eb8a182635934676a265e84496e35be080291,1,
trace-order-control-23,5,"{""arg"":6485}","{""r"":1}",c890df67952dfb2823586367938674a6d180773e9beed904c6e24b0038cb3223,c890df67952dfb2823586367938674a6d180773e9beed904c6e24b0038cb3223,1,
trace-order-control-23,6,"{""arg"":6486}","{""r"":2}",25e734f60bd424bfd1fc31c188829ad7490ce96bd620e1c0ac2146f955459dea,25e734f60bd424bfd1fc31c188829ad7490ce96bd620e1c0ac2146f955459dea,1,
trace-order-control-23,7,"{""arg"":6487}","{""r"":3}",9f78d2653283a1ecda3e112452f92ad321c887bcd84e8dd0703e7ea6314b1346,9f78d2653283a1ecda3e112452f92ad321c887bcd84e8dd0703e7ea6314b1346,1,
trace-order-control-24,0,"{""arg"":6497}","{""r"":-4}",e29fe381af40e3fc10feb30cc131abcf4c1d1e34837f8d762145731b36201ae6,e29fe381af40e3fc10feb30cc131abcf4c1d1e34837f8d762145731b36201ae6,1,
trace-order-control-24,1,"{""arg"":6498}","{""r"":-3}",20dfcb2d2ccb0899974525f064b5996a5446c11c8b7482d1b43f005492a333ac,20dfcb2d2ccb0899974525f064b5996a5446c11c8b7482d1b43f005492a333ac,1,
trace-order-control-24,2,"{""arg"":6499}","{""r"":-2}",4b502a8084bd4e2d1a7d34f7948d35908fd2ecf003690b6c747e42f0ef1923fa,4b502a8084bd4e2d1a7d34f7948d35908fd2ecf003690b6c747e42f0ef1923fa,1,
trace-order-control-24,3,"{""arg"":6500}","{""r"":-1}",f11020537b7dc44f18fc867b14e88f4e814af6d644ca5de1f9b31a4906812af6,f11020537b7dc44f18fc867b14e88f4e814af6d644ca5de1f9b31a4906812af6,1,
trace-order-control-24,4,"{""arg"":6501}","{""r"":0}",2fea3d3f32044ecf8b53c23c0feaa7950d1e72fcbe4e077f46c4ff9ab154d49c,2fea3d3f32044ecf8b53c23c0feaa7950d1e72fcbe4e077f46c4ff9ab154d49c,1,
trace-order-control-24,5,"{""arg"":6502}","{""r"":1}",8ef114ee58d0cd4f7ab47ad8ac161b8567451ce78f69979f505e6e89e508dbf3,8ef114ee58d0cd4f7ab47ad8ac161b8567451ce78f69979f505e6e89e508dbf3,1,
trace-order-control-24,6,"{""arg"":6503}","{""r"":2}",774dc2ba6ddd4ac6897c7830d229a2f1e890872f7c148438c66623a418138f59,774dc2ba6ddd4ac6897c7830d229a2f1e890872f7c148438c66623a418138f59,1,
trace-order-control-24,7,"{""arg"":6504}","{""r"":3}",68ea9239a4a839dd7ed63e07e6a8475196e6450eb2e3ecda2b971d1b7d789661,68ea9239a4a839dd7ed63e07e6a8475196e6450eb2e3ecda2b971d1b7d789661,1,
trace-order-control-25,0,"{""arg"":6514}","{""r"":-4}",48b9dfd71654af4bf389c2b1b151f26053b9dd0b3000791f85d74ddcd228bf34,48b9dfd71654af4bf389c2b1b151f26053b9dd0b3000791f85d74ddcd228bf34,1,
trace-order-control-25,1,"{""arg"":6515}","{""r"":-3}",233ac324ae7733aa2beacd9fc220a9f4471065b823641df1d1339d4e12522641,233ac324ae7733aa2beacd9fc220a9f4471065b823641df1d1339d4e12522641,1,
trace-order-control-25,2,"{""arg"":6516}","{""r"":-2}",37a278a71faf7ed8bf877f7847b6ce7c8536d7e25109b3de5187d3029c954e0b,37a278a71faf7ed8bf877f7847b6ce7c8536d7e25109b3de5187d3029c954e0b,1,
trace-order-control-25,3,"{""arg"":6517}","{""r"":-1}",0b89abcd40d3cf842855d6b446f1a0fa16ce83d5edf7626b8f9b7df85aba7ab3,0b89abcd40d3cf842855d6b446f1a0fa16ce83d5edf7626b8f9b7df85aba7ab3,1,
trace-order-control-25,4,"{""arg"":6518}","{""r"":0}",29c3a7fed15e89c21ae8eff7f341eb2605dcb839edc1e0b4d780640862c6b746,29c3a7fed15e89c21ae8eff7f341eb2605dcb839edc1e0b4d780640862c6b746,1,
trace-order-control-25,5,"{""arg"":6519}","{""r"":1}",a86ccd5f49920f6829dcdc00ee78f69d2f3ca0a145afd3872e4b2986975bbece,a86ccd5f49920f6829dcdc00ee78f69d2f3ca0a145afd3872e4b2986975bbece,1,
trace-order-control-25,6,"{""arg"":6520}","{""r"":2}",5a9424172b2b9f99a893dbdd8db2403ecce898656b545d717726c5de177c024b,5a9424172b2b9f99a893dbdd8db2403ecce898656b545d717726c5de177c024b,1,
trace-order-control-25,7,"{""arg"":6521}","{""r"":3}",5cb15486ed0390414b1e858a45d81ea3e789f8c0a32a777b067947695985b216,5cb15486ed0390414b1e858a45d81ea3e789f8c0a32a777b067947695985b216,1,
trace-order-control-26,0,"{""arg"":6531}","{""r"":-4}",9eda5eb079e43a499140166b486f81b3f3bd4e37d7f0b3876156cfa6842c23d3,9eda5eb079e43a499140166b486f81b3f3bd4e37d7f0b3876156cfa6842c23d3,1,
trace-order-control-26,1,"{""arg"":6532}","{""r"":-3}",cad8f8febe2de2bcfa19775b3d96f3dad30e9969c5ea23fd0dfac5731541eac6,cad8f8febe2de2bcfa19775b3d96f3dad30e9969c5ea23fd0dfac5731541eac6,1,
trace-order-control-26,2,"{""arg"":6533}","{""r"":-2}",143946b7cb0ce9e9436578bf532a2a8cf0f9f5f3a0695e4694fb14628cb3a571,143946b7cb0ce9e9436578bf532a2a8cf0f9f5f3a0695e4694fb14628cb3a571,1,
trace-order-control-26,3,"{""arg"":6534}","{""r"":-1}",8a8c5f5d23d684a95e69c881103ca155dbeeef34c7190d04d22f0acfc59478c9,8a8c5f5d23d684a95e69c881103ca155dbeeef34c7190d04d22f0acfc59478c9,1,
trace-order-control-26,4,"{""arg"":6535}","{""r"":0}",02c0637fbccd67aa34fb36071daeafe98824585e1aad5b56d3ab96213e12381a,02c0637fbccd67aa34fb36071daeafe98824585e1aad5b56d3ab96213e12381a,1,
trace-order-control-26,5,"{""arg"":6536}","{""r"":1}",6c899de1bd93c7185302b83dca9c4d55ede1225d0b4c7ba234b904c1d7efbd96,6c899de1bd93c7185302b83dca9c4d55ede1225d0b4c7ba234b904c1d7efbd96,1,
trace-order-control-26,6,"{""arg"":6537}","{""r"":2}",a1e74dec84a7f6ec94da7935404eee7a10390871dd505bc429df83a0409b8120,a1e74dec84a7f6ec94da7935404eee7a10390871dd505bc429df83a0409b8120,1,
trace-order-control-26,7,"{""arg"":6538}","{""r"":3}",e8f5a9916c4412a1bc4c6ac4c5f19147d32be06b5d06aac2a8edf2cabfe38317,e8f5a9916c4412a1bc4c6ac4c5f19147d32be06b5d06aac2a8edf2cabfe38317,1,
trace-order-control-27,0,"{""arg"":6548}","{""r"":-4}",af078a2261d7228d78692aa2291fc2f9bed6420e30150d7d3f7a0afc57dacd8c,af078a2261d7228d78692aa2291fc2f9bed6420e30150d7d3f7a0afc57dacd8c,1,
trace-order-control-27,1,"{""arg"":6549}","{""r"":-3}",3da2ab482082a415750850b5e47f3402194c7e7185363addb5e10ab8516ff3fd,3da2ab482082a415750850b5e47f3402194c7e7185363addb5e10ab8516ff3fd,1,
trace-order-control-27,2,"{""arg"":6550}","{""r"":-2}",f372d412594e1b7e831b6788d284d32c6b511619b1d9c973230989eee964ad3b,f372d412594e1b7e831b6788d284d32c6b511619b1d9c973230989eee964ad3b,1,
trace-order-control-27,3,"{""arg"":6551}","{""r"":-1}",5d1ae89a4d1faa4dfc1ab8b1b9a5abc6270f6093d7a96a2c93efc8d6c91d7fa6,5d1ae89a4d1faa4dfc1ab8b1b9a5abc6270f6093d7a96a2c93efc8d6c91d7fa6,1,
trace-order-control-27,4,"{""arg"":6552}","{""r"":0}",0ad12f8fdc7bab93720be597eb1dbeffe6ff7083607dd5c3c78f99bccfab80cd,0ad12f8fdc7bab93720be597eb1dbeffe6ff7083607dd5c3c78f99bccfab80cd,1,
trace-order-control-27,5,"{""arg"":6553}","{""r"":1}",9dbaa8f0baeff147c5d238c0f8532b5d112b5bf47b336b11bda96719b993cb78,9dbaa8f0baeff147c5d238c0f8532b5d112b5bf47b336b11bda96719b993cb78,1,
trace-order-control-27,6,"{""arg"":6554}","{""r"":2}",640944aef5f609fbdb4d11b23a81d571d660ce4dbd429fb32d0cfeca3f2ab20b,640944aef5f609fbdb4d11b23a81d571d660ce4dbd429fb32d0cfeca3f2ab20b,1,
trace-order-control-27,7,"{""arg"":6555}","{""r"":3}",ad9f05a9f91b47ada140c64c6c9906851ea8d24dd6b74c87e022f36967f1ba9d,ad9f05a9f91b47ada140c64c6c9906851ea8d24dd6b74c87e022f36967f1ba9d,1,
trace-order-control-28,0,"{""arg"":6565}","{""r"":-4}",0165c81325e0ca7d4cf2ccccebd33c1340536e076452c3504ba4a4a7f40bcb2e,0165c81325e0ca7d4cf2ccccebd33c1340536e076452c3504ba4a4a7f40bcb2e,1,
trace-order-control-28,1,"{""arg"":6566}","{""r"":-3}",da94384e01f24a009eccc6150e24b80fd37c1bb3f8258b0f85c977fdbc4b0b0e,da94384e01f24a009eccc6150e24b80fd37c1bb3f8258b0f85c977fdbc4b0b0e,1,
trace-order-control-28,2,"{""arg"":6567}","{""r"":-2}",b9b5c260a942321f42cfb7296f0b6f4eb6771faa4377050e18f4fba39e6feac7,b9b5c260a942321f42cfb7296f0b6f4eb6771faa4377050e18f4fba39e6feac7,1,
trace-order-control-28,3,"{""arg"":6568}","{""r"":-1}",62cfdefd908d64b952aabdcb62af9785e1d5d0058597b7077a6ecf90dffc30ea,62cfdefd908d64b952aabdcb62af9785e1d5d0058597b7077a6ecf90dffc30ea,1,
trace-order-control-28,4,"{""arg"":6569}","{""r"":0}",b06ef16ec92ca25f76a22ed6799f4fc907434a31f3a80f3f46c7db4dd866bce5,b06ef16ec92ca25f76a22ed6799f4fc907434a31f3a80f3f46c7db4dd866bce5,1,
trace-order-control-28,5,"{""arg"":6570}","{""r"":1}",0f70933834e296d65748c3e62345eb286d21bcd5806f2db9e18b0a84f1d9fab8,0f70933834e296d65748c3e62345eb286d21bcd5806f2db9e18b0a84f1d9fab8,1,
trace-order-control-28,6,"{""arg"":6571}","{""r"":2}",21c80b9b1fee0ae3667e60516dbac679e8ff010023d21209c3d6bc7e53eda099,21c80b9b1fee0ae3667e60516dbac679e8ff010023d21209c3d6bc7e53eda099,1,
trace-order-control-28,7,"{""arg"":6572}","{""r"":3}",befbef0007514363b9d387b31c7ad9f124792abf2e7b6dacc26048187920039f,befbef0007514363b9d387b31c7ad9f124792abf2e7b6dacc26048187920039f,1,
trace-order-control-29,0,"{""arg"":6582}","{""r"":-4}",f087409d0d9becaba1ae611221b7c1a60b5f0ccdc9a414c10392cba0386baf72,f087409d0d9becaba1ae611221b7c1a60b5f0ccdc9a414c10392cba0386baf72,1,
trace-order-control-29,1,"{""arg"":6583}","{""r"":-3}",1328882f30609d123a1731d7875325eac1a0e7c1d2fe320db7aab6c1a2eee81a,1328882f30609d123a1731d7875325eac1a0e7c1d2fe320db7aab6c1a2eee81a,1,
trace-order-control-29,2,"{""arg"":6584}","{""r"":-2}",7d773abbdda9ba2673064711c082dceef4fccc3295fb13af92f06233f7fae9a6,7d773abbdda9ba2673064711c082dceef4fccc3295fb13af92f06233f7fae9a6,1,
trace-order-control-29,3,"{""arg"":6585}","{""r"":-1}",b077551a29679bb176149c64c1c138b2b3b187a9fab318e0eb643ed02ce531d0,b077551a29679bb176149c64c1c138b2b3b187a9fab318e0eb643ed02ce531d0,1,
trace-order-control-29,4,"{""arg"":6586}","{""r"":0}",9a26d53679b8332dc1770ee834919c6a61594e2e2f312a042c945b0c5791610a,9a26d53679b8332dc1770ee834919c6a61594e2e2f312a042c945b0c5791610a,1,
trace-order-control-29,5,"{""arg"":6587}","{""r"":1}",96abe5debb6d38e97ed68dc18af77f34c7e4dc845632ae964a317241ed103874,96abe5debb6d38e97ed68dc18af77f34c7e4dc845632ae964a317241ed103874,1,
trace-order-control-29,6,"{""arg"":6588}","{""r"":2}",a79374bb5f6d59f1d367d35ab4bc1cf8fed8e286ae157fa7d87fef9405ef0f36,a79374bb5f6d59f1d367d35ab4bc1cf8fed8e286ae157fa7d87fef9405ef0f36,1,
trace-order-control-29,7,"{""arg"":6589}","{""r"":3}",3c1fa21eee2ddf9774329dfe6737295f459dd9cf3c571ec66781653076d99626,3c1fa21eee2ddf9774329dfe6737295f459dd9cf3c571ec66781653076d99626,1,
trace-order-control-30,0,"{""arg"":6599}","{""r"":-4}",02eb7c33f6b13d210173260d28c5186abfb6e1d805c4da5364858f865b321941,02eb7c33f6b13d210173260d28c5186abfb6e1d805c4da5364858f865b321941,1,
trace-order-control-30,1,"{""arg"":6600}","{""r"":-3}",8d640822c5a0f7810c23fac73733ee6c793aa7447e44a7038dc9e9b807ae09d5,8d640822c5a0f7810c23fac73733ee6c793aa7447e44a7038dc9e9b807ae09d5,1,
trace-order-control-30,2,"{""arg"":6601}","{""r"":-2}",8a3cfa04eee739f0b06837d7389b83c9fbdfedc4722f22b68b61c0cd028dd7f2,8a3cfa04eee739f0b06837d7389b83c9fbdfedc4722f22b68b61c0cd028dd7f2,1,
trace-order-control-30,3,"{""arg"":6602}","{""r"":-1}",e049f864ba41f462230f552efbef6db705f0f31b3394671d6983e8b576918c79,e049f864ba41f462230f552efbef6db705f0f31b3394671d6983e8b576918c79,1,
trace-order-control-30,4,"{""arg"":6603}","{""r"":0}",265a3bdbf90698b0c4e6fe36b97e9e2c78b4ed85c84c3e5009ee9b81345d939b,265a3bdbf90698b0c4e6fe36b97e9e2c78b4ed85c84c3e5009ee9b81345d939b,1,
trace-order-control-30,5,"{""arg"":6604}","{""r"":1}",bf7a42391284a8a8c7aa4666640c3f19650e8d08c664c21074a6bb164478397c,bf7a42391284a8a8c7aa4666640c3f19650e8d08c664c21074a6bb164478397c,1,
trace-order-control-30,6,"{""arg"":6605}","{""r"":2}",27e38226d4236d469fd714de119a7115341b65ffd94b794fa6d589f9dae53165,27e38226d4236d469fd714de119a7115341b65ffd94b794fa6d589f9dae53165,1,
trace-order-control-30,7,"{""arg"":6606}","{""r"":3}",79cfe7b4ec9b9f84e5c1f138af3c63e9fb685b55522ee42b0ffbde2a942b53c4,79cfe7b4ec9b9f84e5c1f138af3c63e9fb685b55522ee42b0ffbde2a942b53c4,1,
trace-order-control-31,0,"{""arg"":6616}","{""r"":-4}",5880543ed1f81b63d406663f25ff6007d2c6e0f0e19631d8a75fd69dbb432e9f,5880543ed1f81b63d406663f25ff6007d2c6e0f0e19631d8a75fd69dbb432e9f,1,
trace-order-control-31,1,"{""arg"":6617}","{""r"":-3}",a7df08454f71190f9bcf7d5e7b5e0d0f3b56506feea0df492f8fb88fedfa360b,a7df08454f71190f9bcf7d5e7b5e0d0f3b56506feea0df492f8fb88fedfa360b,1,
trace-order-control-31,2,"{""arg"":6618}","{""r"":-2}",428057d853ef08926c785972f0609b8ad4af7282813859cb55879a84ce3d799e,428057d853ef08926c785972f0609b8ad4af7282813859cb55879a84ce3d799e,1,
trace-order-control-31,3,"{""arg"":6619}","{""r"":-1}",521d9b5aa405acfa961ca219762557e82e3c0ad12e37fc1432c77dc9a10f0b2c,521d9b5aa405acfa961ca219762557e82e3c0ad12e37fc1432c77dc9a10f0b2c,1,
trace-order-control-31,4,"{""arg"":6620}","{""r"":0}",2777bd22d34333c148382f3c5f8cb4c9205861b13c1341fcd21171f83df7d277,2777bd22d34333c148382f3c5f8cb4c9205861b13c1341fcd21171f83df7d277,1,
trace-order-control-31,5,"{""arg"":6621}","{""r"":1}",f8f132b243b23b1a9be231eed14b5294a019e3100bb581f81113f5220dcb2ea3,f8f132b243b23b1a9be231eed14b5294a019e3100bb581f81113f5220dcb2ea3,1,
trace-order-control-31,6,"{""arg"":6622}","{""r"":2}",8e9bff498b47433fb9070029c89107856148d14cb23c27f03280c2546cf2467b,8e9bff498b47433fb9070029c89107856148d14cb23c27f03280c2546cf2467b,1,
trace-order-control-31,7,"{""arg"":6623}","{""r"":3}",cd657a7a27e655854f75364d1f68ff81976881ee46b80d68adb22f343f772f87,cd657a7a27e655854f75364d1f68ff81976881ee46b80d68adb22f343f772f87,1,
trace-order-control-32,0,"{""arg"":6633}","{""r"":-4}",a27dfc4460cfe70d4e11b4c95cf4de819bfb57c2b3c00c39f86e298ac33b0d75,a27dfc4460cfe70d4e11b4c95cf4de819bfb57c2b3c00c39f86e298ac33b0d75,1,
trace-order-control-32,1,"{""arg"":6634}","{""r"":-3}",4e8f8dc99ddb2b53b471c049a3f8140ba539bab38bf62665842b1e15d958dd77,4e8f8dc99ddb2b53b471c049a3f8140ba539bab38bf62665842b1e15d958dd77,1,
trace-order-control-32,2,"{""arg"":6635}","{""r"":-2}",939f8dcf8794b8716952acdd96c07bfdf7cb07493d110e76845225e968797b09,939f8dcf8794b8716952acdd96c07bfdf7cb07493d110e76845225e968797b09,1,
trace-order-control-32,3,"{""arg"":6636}","{""r"":-1}",fcf2892ab44bc2561bb9f7679dfe8e2035dfbc500f7cbee7d4f0deb7035b2c02,fcf2892ab44bc2561bb9f7679dfe8e2035dfbc500f7cbee7d4f0deb7035b2c02,1,
trace-order-control-32,4,"{""arg"":6637}","{""r"":0}",2b17033afbcca756abace8665a58a33fee7ad8435bff41ff6f3009ee8e2328ed,2b17033afbcca756abace8665a58a33fee7ad8435bff41ff6f3009ee8e2328ed,1,
trace-order-control-32,5,"{""arg"":6638}","{""r"":1}",4336ff2a9d7747b9075c51a3f8cd16d3e2ba018d74c85cf9383fe14a482d350f,4336ff2a9d7747b9075c51a3f8cd16d3e2ba018d74c85cf9383fe14a482d350f,1,
trace-order-control-32,6,"{""arg"":6639}","{""r"":2}",77badf78dd3a600a20f40b653c717a86a3c67099af3ccc0e9664c086816e8718,77badf78dd3a600a20f40b653c717a86a3c67099af3ccc0e9664c086816e8718,1,
trace-order-control-32,7,"{""arg"":6640}","{""r"":3}",19420a26777f1bc2d6c44bb341c443e6f313df0b4734140c34f730fb629c50b2,19420a26777f1bc2d6c44bb341c443e6f313df0b4734140c34f730fb629c50b2,1,
trace-order-control-33,0,"{""arg"":6650}","{""r"":-4}",863619ba481d071b7f02911fa410f361f847b093352c893b80840d0aae6f9c26,863619ba481d071b7f02911fa410f361f847b093352c893b80840d0aae6f9c26,1,
trace-order-control-33,1,"{""arg"":6651}","{""r"":-3}",411c2412f1dbb8ad10372fb2efb26fa17bcf7550c6ec3fa3989aa67357fd4ac1,411c2412f1dbb8ad10372fb2efb26fa17bcf7550c6ec3fa3989aa67357fd4ac1,1,
trace-order-control-33,2,"{""arg"":6652}","{""r"":-2}",764485549a8840c1dc6abcf43ddaf0e44e5814cb89e037e6f33adf40e954d97a,764485549a8840c1dc6abcf43ddaf0e44e5814cb89e037e6f33adf40e954d97a,1,
trace-order-control-33,3,"{""arg"":6653}","{""r"":-1}",ee953e684c468b6081e4edc36c1a2039a62b4b453e3f418b9fd6fd9daf76c47c,ee953e684c468b6081e4edc36c1a2039a62b4b453e3f418b9fd6fd9daf76c47c,1,
trace-order-control-33,4,"{""arg"":6654}","{""r"":0}",53e5a1524251032ecb6358567e59658ca7e29b5491be4e646ba1d6f735410f19,53e5a1524251032ecb6358567e59658ca7e29b5491be4e646ba1d6f735410f19,1,
trace-order-control-33,5,"{""arg"":6655}","{""r"":1}",58add16a3e3f099b0783aeb42315ee765565e0915072f85dc83810e2daf19550,58add16a3e3f099b0783aeb42315ee765565e0915072f85dc83810e2daf19550,1,
trace-order-control-33,6,"{""arg"":6656}","{""r"":2}",4a41130c487827495c952a12d42cdcb59ef267712809a16067d6431eb64f5142,4a41130c487827495c952a12d42cdcb59ef267712809a16067d6431eb64f5142,1,
trace-order-control-33,7,"{""arg"":6657}","{""r"":3}",743c47d13b6ddcaf4aa295dd5b11dc93e358a1c17de2d28fed0d20a070595593,743c47d13b6ddcaf4aa295dd5b11dc93e358a1c17de2d28fed0d20a070595593,1,
trace-order-control-34,0,"{""arg"":6667}","{""r"":-4}",f183351faaf78fb96e6e3835dabdb3038363d74669adf5fb90e10fe95d85a18f,f183351faaf78fb96e6e3835dabdb3038363d74669adf5fb90e10fe95d85a18f,1,
trace-order-control-34,1,"{""arg"":6668}","{""r"":-3}",1375aa72d28118a9185528b10045f907e25bed91d48d014a350e1a8428b2f461,1375aa72d28118a9185528b10045f907e25bed91d48d014a350e1a8428b2f461,1,
trace-order-control-34,2,"{""arg"":6669}","{""r"":-2}",0c14c1de207d148ce7388f5ef238b70c06b9e38cbb429b4516bdcd4fec1af3b0,0c14c1de207d148ce7388f5ef238b70c06b9e38cbb429b4516bdcd4fec1af3b0,1,
trace-order-control-34,3,"{""arg"":6670}","{""r"":-1}",3ed8284fd91bea5f102e35bc19fd1231e72f77b8551e6948842686f93fb1131f,3ed8284fd91bea5f102e35bc19fd1231e72f77b8551e6948842686f93fb1131f,1,
trace-order-control-34,4,"{""arg"":6671}","{""r"":0}",601d534e0fdb9a32d03375bbb3995039e2c771d772b684ba1860085adecec5f5,601d534e0fdb9a32d03375bbb3995039e2c771d772b684ba1860085adecec5f5,1,
trace-order-control-34,5,"{""arg"":6672}","{""r"":1}",d7802c7e521170b89cae7e169835ce30662f80aa9a2ba048b4f85aa69e16ff78,d7802c7e521170b89cae7e169835ce30662f80aa9a2ba048b4f85aa69e16ff78,1,
trace-order-control-34,6,"{""arg"":6673}","{""r"":2}",261eb209bf1e6d6875b6337933faf3c78400f49614f32b038c8caa4574330205,261eb209bf1e6d6875b6337933faf3c78400f49614f32b038c8caa4574330205,1,
trace-order-control-34,7,"{""arg"":6674}","{""r"":3}",ff36b31c77703fc391921c84f56b7ee0e7afcfa69e162ad5b1930187e382df20,ff36b31c77703fc391921c84f56b7ee0e7afcfa69e162ad5b1930187e382df20,1,
trace-order-control-35,0,"{""arg"":6684}","{""r"":-4}",21e33359ea2b2fa941778dd91d4485c8612ec230bb3305e34b7fd09cdba6f161,21e33359ea2b2fa941778dd91d4485c8612ec230bb3305e34b7fd09cdba6f161,1,
trace-order-control-35,1,"{""arg"":6685}","{""r"":-3}",28c776486c2955ae892525c83ef442c4cff16cb48034b7f4b7d1c943f9437281,28c776486c2955ae892525c83ef442c4cff16cb48034b7f4b7d1c943f9437281,1,
trace-order-control-35,2,"{""arg"":6686}","{""r"":-2}",a7762a934970512fa2e7a88ddd8ec0c71c64e74c1d4d6875ebf454ee20ddc1a8,a7762a934970512fa2e7a88ddd8ec0c71c64e74c1d4d6875ebf454ee20ddc1a8,1,
trace-order-control-35,3,"{""arg"":6687}","{""r"":-1}",490c11cac66dda699af2b7e7428fc1ccfaf2fc182cfa8e0058f66d96218e84dc,490c11cac66dda699af2b7e7428fc1ccfaf2fc182cfa8e0058f66d96218e84dc,1,
trace-order-control-35,4,"{""arg"":6688}","{""r"":0}",faed1ae9124d69f4e637be082f21f0bf98e27eb9ac50070458e03889c0a96a0a,faed1ae9124d69f4e637be082f21f0bf98e27eb9ac50070458e03889c0a96a0a,1,
trace-order-control-35,5,"{""arg"":6689}","{""r"":1}",da52b804f3c7ae9cea8d8d55e91fc5be221c0a42fd1fad627c3a57a8730968df,da52b804f3c7ae9cea8d8d55e91fc5be221c0a42fd1fad627c3a57a8730968df,1,
trace-order-control-35,6,"{""arg"":6690}","{""r"":2}",91d0a53b31a01cea8d16ec1670a655a77c526018811bf2b02067f0b3543353b8,91d0a53b31a01cea8d16ec1670a655a77c526018811bf2b02067f0b3543353b8,1,
trace-order-control-35,7,"{""arg"":6691}","{""r"":3}",2cee3af2f6256a8062da57c6af29cd27d86923610e173b61d7446d74842de1cd,2cee3af2f6256a8062da57c6af29cd27d86923610e173b61d7446d74842de1cd,1,
trace-order-control-36,0,"{""arg"":6701}","{""r"":-4}",0e963859df389f3d5a0e35a91415a6d9748b95bf7c2b2f5320ccaa5a89ce2454,0e963859df389f3d5a0e35a91415a6d9748b95bf7c2b2f5320ccaa5a89ce2454,1,
trace-order-control-36,1,"{""arg"":6702}","{""r"":-3}",c16f2b365079095d489c4f69c72cfba1d6608615728d92ef6c2150919dabde04,c16f2b365079095d489c4f69c72cfba1d6608615728d92ef6c2150919dabde04,1,
trace-order-control-36,2,"{""arg"":6703}","{""r"":-2}",634a12504fd009e5c98bd11813879024197f41c8ee48f201928e91a16812f7a4,634a12504fd009e5c98bd11813879024197f41c8ee48f201928e91a16812f7a4,1,
trace-order-control-36,3,"{""arg"":6704}","{""r"":-1}",88f86fda3114057a698e89152bff80160bccba544e9f89bb4e55669bae5ae7b7,88f86fda3114057a698e89152bff80160bccba544e9f89bb4e55669bae5ae7b7,1,
trace-order-control-36,4,"{""arg"":6705}","{""r"":0}",375de2764e3ff5d993cc6adf0c9c6a8a5b4002a18f827dfa8f64c23bc4af8051,375de2764e3ff5d993cc6adf0c9c6a8a5b4002a18f827dfa8f64c23bc4af8051,1,
trace-order-control-36,5,"{""arg"":6706}","{""r"":1}",5745a848fef0229535c96305302e658d8ea31502ed3395b7b445ac52bb912a0b,5745a848fef0229535c96305302e658d8ea31502ed3395b7b445ac52bb912a0b,1,
trace-order-control-36,6,"{""arg"":6707}","{""r"":2}",0ff19c1db731d29fbe67ed73ed26221696d38825aefd5a2a0144ae4f0202df75,0ff19c1db731d29fbe67ed73ed26221696d38825aefd5a2a0144ae4f0202df75,1,
trace-order-control-36,7,"{""arg"":6708}","{""r"":3}",97805213ec755fbc8b595bc07d86c4c7426e8e0b4ea677c6889ec0f2fc9c1295,97805213ec755fbc8b595bc07d86c4c7426e8e0b4ea677c6889ec0f2fc9c1295,1,
trace-order-control-37,0,"{""arg"":6718}","{""r"":-4}",0f480ebce3c6d12b2c49648b465221c010b7e8f5d2c45e2a21550eb381e9b95d,0f480ebce3c6d12b2c49648b465221c010b7e8f5d2c45e2a21550eb381e9b95d,1,
trace-order-control-37,1,"{""arg"":6719}","{""r"":-3}",34e82699acfeef79afcdd159e92fd93b26edcad2c5cc33305aeabf74e865d33d,34e82699acfeef79afcdd159e92fd93b26edcad2c5cc33305aeabf74e865d33d,1,
trace-order-control-37,2,"{""arg"":6720}","{""r"":-2}",5184e8ba8cb539ea9bdc907b9e0cbf1f346c7db82b5e6a88d93f77230f78f367,5184e8ba8cb539ea9bdc907b9e0cbf1f346c7db82b5e6a88d93f77230f78f367,1,
trace-order-control-37,3,"{""arg"":6721}","{""r"":-1}",46bb827849c7ff47bfa31beaf02556e07a7c75b9b8b32c8aa58f526c957da058,46bb827849c7ff47bfa31beaf02556e07a7c75b9b8b32c8aa58f526c957da058,1,
trace-order-control-37,4,"{""arg"":6722}","{""r"":0}",da6347a885ecf8f2f8add2fb9e249b1f10425ae3045c6c81801309bfbdbc0106,da6347a885ecf8f2f8add2fb9e249b1f10425ae3045c6c81801309bfbdbc0106,1,
trace-order-control-37,5,"{""arg"":6723}","{""r"":1}",34aa497026fa881cd15654e92a9d917ae16a27078a19daaa9a76a38c8d492504,34aa497026fa881cd15654e92a9d917ae16a27078a19daaa9a76a38c8d492504,1,
trace-order-control-37,6,"{""arg"":6724}","{""r"":2}",1753c6e016becf65c0c120f447ce73666c6152b371f102417cc22aa561198df4,1753c6e016becf65c0c120f447ce73666c6152b371f102417cc22aa561198df4,1,
trace-order-control-37,7,"{""arg"":6725}","{""r"":3}",4357477b0c0258fa23c995de925596b67c90fb603d7e54af6e6fb65e2ea3e114,4357477b0c0258fa23c995de925596b67c90fb603d7e54af6e6fb65e2ea3e114,1,
trace-order-control-38,0,"{""arg"":6735}","{""r"":-4}",eb921bc90007227db4671f3fa44f62345549b23197b0b16c6e8a89f89b9a5f42,eb921bc90007227db4671f3fa44f62345549b23197b0b16c6e8a89f89b9a5f42,1,
trace-order-control-38,1,"{""arg"":6736}","{""r"":-3}",99751667037c38244e9fe58a078ad721e7a74b06925dc6b3e4089260b32f00f4,99751667037c38244e9fe58a078ad721e7a74b06925dc6b3e4089260b32f00f4,1,
trace-order-control-38,2,"{""arg"":6737}","{""r"":-2}",b1aa75988ec7c43844fdd303f39dd10d9a5e3c373173ea2c8ed7cb654e27addf,b1aa75988ec7c43844fdd303f39dd10d9a5e3c373173ea2c8ed7cb654e27addf,1,
trace-order-control-38,3,"{""arg"":6738}","{""r"":-1}",c2c9f21d928d837aa3d72006f1f0176859fefc202708d895731378d38290f23d,c2c9f21d928d837aa3d72006f1f0176859fefc202708d895731378d38290f23d,1,
trace-order-control-38,4,"{""arg"":6739}","{""r"":0}",5f19ca013e68d98035489645530e7003509dbb74f74da908104b68a279e16486,5f19ca013e68d98035489645530e7003509dbb74f74da908104b68a279e16486,1,
trace-order-control-38,5,"{""arg"":6740}","{""r"":1}",2f3d7fec322459d9da6a357412157ea6453653bfc3df380e919d8f1dcdf87eff,2f3d7fec322459d9da6a357412157ea6453653bfc3df380e919d8f1dcdf87eff,1,
trace-order-control-38,6,"{""arg"":6741}","{""r"":2}",aa62eed6e6a85dcc87757d5c72c3044c4b961775ead2c1ed26a9b55df54eb96b,aa62eed6e6a85dcc87757d5c72c3044c4b961775ead2c1ed26a9b55df54eb96b,1,
trace-order-control-38,7,"{""arg"":6742}","{""r"":3}",7c935842cb54501b25b1ec26e512df6c860a7a932b81934e7d1f105345f3b398,7c935842cb54501b25b1ec26e512df6c860a7a932b81934e7d1f105345f3b398,1,
trace-order-control-39,0,"{""arg"":6752}","{""r"":-4}",26ae632c060b88ce1430036028c8d097cdec0a93722bf4c0cfecb37c58f17fa7,26ae632c060b88ce1430036028c8d097cdec0a93722bf4c0cfecb37c58f17fa7,1,
trace-order-control-39,1,"{""arg"":6753}","{""r"":-3}",67a6491db41c1497e814f361528b1504cc6e905101aa8a2cfd28f632938f09e2,67a6491db41c1497e814f361528b1504cc6e905101aa8a2cfd28f632938f09e2,1,
trace-order-control-39,2,"{""arg"":6754}","{""r"":-2}",7067955290f349795dc5d1e099179cd2fa556927cef647c2779ec6534c5feca4,7067955290f349795dc5d1e099179cd2fa556927cef647c2779ec6534c5feca4,1,
trace-order-control-39,3,"{""arg"":6755}","{""r"":-1}",ebcc455fcf3c6a7619311b2d5ac23033315c7d5ac14d01d874cd46f762308e65,ebcc455fcf3c6a7619311b2d5ac23033315c7d5ac14d01d874cd46f762308e65,1,
trace-order-control-39,4,"{""arg"":6756}","{""r"":0}",fe680781fe0683db61cc6cea7ed0148d17025b184e7c3911a21941090eef8f70,fe680781fe0683db61cc6cea7ed0148d17025b184e7c3911a21941090eef8f70,1,
trace-order-control-39,5,"{""arg"":6757}","{""r"":1}",f8795531917fbce2fba0d76299839f50d3d56ad7c6ba36a96d9a7a6a8d40964c,f8795531917fbce2fba0d76299839f50d3d56ad7c6ba36a96d9a7a6a8d40964c,1,
trace-order-control-39,6,"{""arg"":6758}","{""r"":2}",4a9348618cecdc850c502e9c5cb53d0d7120253285cf38d273f72a88e92c709e,4a9348618cecdc850c502e9c5cb53d0d7120253285cf38d273f72a88e92c709e,1,
trace-order-control-39,7,"{""arg"":6759}","{""r"":3}",1c29e9ec223c5ab11f3e47cdcc2cde4076a73e4de08f7289e15966a211776dc1,1c29e9ec223c5ab11f3e47cdcc2cde4076a73e4de08f7289e15966a211776dc1,1,
