mask,candidate_count,greedy_count,optimum_count,equal
0,0,0,0,1
1,1,1,1,1
2,1,1,1,1
3,2,1,1,1
4,1,1,1,1
5,2,2,2,1
6,2,1,1,1
7,3,2,2,1
8,1,1,1,1
9,2,2,2,1
10,2,1,1,1
11,3,2,2,1
12,2,1,1,1
13,3,2,2,1
14,3,1,1,1
15,4,2,2,1
16,1,1,1,1
17,2,2,2,1
18,2,2,2,1
19,3,2,2,1
20,2,2,2,1
21,3,3,3,1
22,3,2,2,1
23,4,3,3,1
24,2,1,1,1
25,3,2,2,1
26,3,2,2,1
27,4,2,2,1
28,3,2,2,1
29,4,3,3,1
30,4,2,2,1
31,5,3,3,1
32,1,1,1,1
33,2,2,2,1
34,2,2,2,1
35,3,2,2,1
36,2,2,2,1
37,3,3,3,1
38,3,2,2,1
39,4,3,3,1
40,2,1,1,1
41,3,2,2,1
42,3,2,2,1
43,4,2,2,1
44,3,2,2,1
45,4,3,3,1
46,4,2,2,1
47,5,3,3,1
48,2,1,1,1
49,3,2,2,1
50,3,2,2,1
51,4,2,2,1
52,3,2,2,1
53,4,3,3,1
54,4,2,2,1
55,5,3,3,1
56,3,1,1,1
57,4,2,2,1
58,4,2,2,1
59,5,2,2,1
60,4,2,2,1
61,5,3,3,1
62,5,2,2,1
63,6,3,3,1
64,1,1,1,1
65,2,2,2,1
66,2,2,2,1
67,3,2,2,1
68,2,2,2,1
69,3,3,3,1
70,3,2,2,1
71,4,3,3,1
72,2,2,2,1
73,3,3,3,1
74,3,2,2,1
75,4,3,3,1
76,3,2,2,1
77,4,3,3,1
78,4,2,2,1
79,5,3,3,1
80,2,2,2,1
81,3,3,3,1
82,3,3,3,1
83,4,3,3,1
84,3,3,3,1
85,4,4,4,1
86,4,3,3,1
87,5,4,4,1
88,3,2,2,1
89,4,3,3,1
90,4,3,3,1
91,5,3,3,1
92,4,3,3,1
93,5,4,4,1
94,5,3,3,1
95,6,4,4,1
96,2,1,1,1
97,3,2,2,1
98,3,2,2,1
99,4,2,2,1
100,3,2,2,1
101,4,3,3,1
102,4,2,2,1
103,5,3,3,1
104,3,2,2,1
105,4,3,3,1
106,4,2,2,1
107,5,3,3,1
108,4,2,2,1
109,5,3,3,1
110,5,2,2,1
111,6,3,3,1
112,3,2,2,1
113,4,3,3,1
114,4,3,3,1
115,5,3,3,1
116,4,3,3,1
117,5,4,4,1
118,5,3,3,1
119,6,4,4,1
120,4,2,2,1
121,5,3,3,1
122,5,3,3,1
123,6,3,3,1
124,5,3,3,1
125,6,4,4,1
126,6,3,3,1
127,7,4,4,1
128,1,1,1,1
129,2,2,2,1
130,2,2,2,1
131,3,2,2,1
132,2,2,2,1
133,3,3,3,1
134,3,2,2,1
135,4,3,3,1
136,2,2,2,1
137,3,3,3,1
138,3,2,2,1
139,4,3,3,1
140,3,2,2,1
141,4,3,3,1
142,4,2,2,1
143,5,3,3,1
144,2,2,2,1
145,3,3,3,1
146,3,3,3,1
147,4,3,3,1
148,3,3,3,1
149,4,4,4,1
150,4,3,3,1
151,5,4,4,1
152,3,2,2,1
153,4,3,3,1
154,4,3,3,1
155,5,3,3,1
156,4,3,3,1
157,5,4,4,1
158,5,3,3,1
159,6,4,4,1
160,2,1,1,1
161,3,2,2,1
162,3,2,2,1
163,4,2,2,1
164,3,2,2,1
165,4,3,3,1
166,4,2,2,1
167,5,3,3,1
168,3,2,2,1
169,4,3,3,1
170,4,2,2,1
171,5,3,3,1
172,4,2,2,1
173,5,3,3,1
174,5,2,2,1
175,6,3,3,1
176,3,2,2,1
177,4,3,3,1
178,4,3,3,1
179,5,3,3,1
180,4,3,3,1
181,5,4,4,1
182,5,3,3,1
183,6,4,4,1
184,4,2,2,1
185,5,3,3,1
186,5,3,3,1
187,6,3,3,1
188,5,3,3,1
189,6,4,4,1
190,6,3,3,1
191,7,4,4,1
192,2,1,1,1
193,3,2,2,1
194,3,2,2,1
195,4,2,2,1
196,3,2,2,1
197,4,3,3,1
198,4,2,2,1
199,5,3,3,1
200,3,2,2,1
201,4,3,3,1
202,4,2,2,1
203,5,3,3,1
204,4,2,2,1
205,5,3,3,1
206,5,2,2,1
207,6,3,3,1
208,3,2,2,1
209,4,3,3,1
210,4,3,3,1
211,5,3,3,1
212,4,3,3,1
213,5,4,4,1
214,5,3,3,1
215,6,4,4,1
216,4,2,2,1
217,5,3,3,1
218,5,3,3,1
219,6,3,3,1
220,5,3,3,1
221,6,4,4,1
222,6,3,3,1
223,7,4,4,1
224,3,1,1,1
225,4,2,2,1
226,4,2,2,1
227,5,2,2,1
228,4,2,2,1
229,5,3,3,1
230,5,2,2,1
231,6,3,3,1
232,4,2,2,1
233,5,3,3,1
234,5,2,2,1
235,6,3,3,1
236,5,2,2,1
237,6,3,3,1
238,6,2,2,1
239,7,3,3,1
240,4,2,2,1
241,5,3,3,1
242,5,3,3,1
243,6,3,3,1
244,5,3,3,1
245,6,4,4,1
246,6,3,3,1
247,7,4,4,1
248,5,2,2,1
249,6,3,3,1
250,6,3,3,1
251,7,3,3,1
252,6,3,3,1
253,7,4,4,1
254,7,3,3,1
255,8,4,4,1
256,1,1,1,1
257,2,2,2,1
258,2,2,2,1
259,3,2,2,1
260,2,2,2,1
261,3,3,3,1
262,3,2,2,1
263,4,3,3,1
264,2,2,2,1
265,3,3,3,1
266,3,2,2,1
267,4,3,3,1
268,3,2,2,1
269,4,3,3,1
270,4,2,2,1
271,5,3,3,1
272,2,2,2,1
273,3,3,3,1
274,3,3,3,1
275,4,3,3,1
276,3,3,3,1
277,4,4,4,1
278,4,3,3,1
279,5,4,4,1
280,3,2,2,1
281,4,3,3,1
282,4,3,3,1
283,5,3,3,1
284,4,3,3,1
285,5,4,4,1
286,5,3,3,1
287,6,4,4,1
288,2,2,2,1
289,3,3,3,1
290,3,3,3,1
291,4,3,3,1
292,3,3,3,1
293,4,4,4,1
294,4,3,3,1
295,5,4,4,1
296,3,2,2,1
297,4,3,3,1
298,4,3,3,1
299,5,3,3,1
300,4,3,3,1
301,5,4,4,1
302,5,3,3,1
303,6,4,4,1
304,3,2,2,1
305,4,3,3,1
306,4,3,3,1
307,5,3,3,1
308,4,3,3,1
309,5,4,4,1
310,5,3,3,1
311,6,4,4,1
312,4,2,2,1
313,5,3,3,1
314,5,3,3,1
315,6,3,3,1
316,5,3,3,1
317,6,4,4,1
318,6,3,3,1
319,7,4,4,1
320,2,2,2,1
321,3,3,3,1
322,3,3,3,1
323,4,3,3,1
324,3,3,3,1
325,4,4,4,1
326,4,3,3,1
327,5,4,4,1
328,3,3,3,1
329,4,4,4,1
330,4,3,3,1
331,5,4,4,1
332,4,3,3,1
333,5,4,4,1
334,5,3,3,1
335,6,4,4,1
336,3,3,3,1
337,4,4,4,1
338,4,4,4,1
339,5,4,4,1
340,4,4,4,1
341,5,5,5,1
342,5,4,4,1
343,6,5,5,1
344,4,3,3,1
345,5,4,4,1
346,5,4,4,1
347,6,4,4,1
348,5,4,4,1
349,6,5,5,1
350,6,4,4,1
351,7,5,5,1
352,3,2,2,1
353,4,3,3,1
354,4,3,3,1
355,5,3,3,1
356,4,3,3,1
357,5,4,4,1
358,5,3,3,1
359,6,4,4,1
360,4,3,3,1
361,5,4,4,1
362,5,3,3,1
363,6,4,4,1
364,5,3,3,1
365,6,4,4,1
366,6,3,3,1
367,7,4,4,1
368,4,3,3,1
369,5,4,4,1
370,5,4,4,1
371,6,4,4,1
372,5,4,4,1
373,6,5,5,1
374,6,4,4,1
375,7,5,5,1
376,5,3,3,1
377,6,4,4,1
378,6,4,4,1
379,7,4,4,1
380,6,4,4,1
381,7,5,5,1
382,7,4,4,1
383,8,5,5,1
384,2,1,1,1
385,3,2,2,1
386,3,2,2,1
387,4,2,2,1
388,3,2,2,1
389,4,3,3,1
390,4,2,2,1
391,5,3,3,1
392,3,2,2,1
393,4,3,3,1
394,4,2,2,1
395,5,3,3,1
396,4,2,2,1
397,5,3,3,1
398,5,2,2,1
399,6,3,3,1
400,3,2,2,1
401,4,3,3,1
402,4,3,3,1
403,5,3,3,1
404,4,3,3,1
405,5,4,4,1
406,5,3,3,1
407,6,4,4,1
408,4,2,2,1
409,5,3,3,1
410,5,3,3,1
411,6,3,3,1
412,5,3,3,1
413,6,4,4,1
414,6,3,3,1
415,7,4,4,1
416,3,2,2,1
417,4,3,3,1
418,4,3,3,1
419,5,3,3,1
420,4,3,3,1
421,5,4,4,1
422,5,3,3,1
423,6,4,4,1
424,4,2,2,1
425,5,3,3,1
426,5,3,3,1
427,6,3,3,1
428,5,3,3,1
429,6,4,4,1
430,6,3,3,1
431,7,4,4,1
432,4,2,2,1
433,5,3,3,1
434,5,3,3,1
435,6,3,3,1
436,5,3,3,1
437,6,4,4,1
438,6,3,3,1
439,7,4,4,1
440,5,2,2,1
441,6,3,3,1
442,6,3,3,1
443,7,3,3,1
444,6,3,3,1
445,7,4,4,1
446,7,3,3,1
447,8,4,4,1
448,3,2,2,1
449,4,3,3,1
450,4,3,3,1
451,5,3,3,1
452,4,3,3,1
453,5,4,4,1
454,5,3,3,1
455,6,4,4,1
456,4,3,3,1
457,5,4,4,1
458,5,3,3,1
459,6,4,4,1
460,5,3,3,1
461,6,4,4,1
462,6,3,3,1
463,7,4,4,1
464,4,3,3,1
465,5,4,4,1
466,5,4,4,1
467,6,4,4,1
468,5,4,4,1
469,6,5,5,1
470,6,4,4,1
471,7,5,5,1
472,5,3,3,1
473,6,4,4,1
474,6,4,4,1
475,7,4,4,1
476,6,4,4,1
477,7,5,5,1
478,7,4,4,1
479,8,5,5,1
480,4,2,2,1
481,5,3,3,1
482,5,3,3,1
483,6,3,3,1
484,5,3,3,1
485,6,4,4,1
486,6,3,3,1
487,7,4,4,1
488,5,3,3,1
489,6,4,4,1
490,6,3,3,1
491,7,4,4,1
492,6,3,3,1
493,7,4,4,1
494,7,3,3,1
495,8,4,4,1
496,5,3,3,1
497,6,4,4,1
498,6,4,4,1
499,7,4,4,1
500,6,4,4,1
501,7,5,5,1
502,7,4,4,1
503,8,5,5,1
504,6,3,3,1
505,7,4,4,1
506,7,4,4,1
507,8,4,4,1
508,7,4,4,1
509,8,5,5,1
510,8,4,4,1
511,9,5,5,1
512,1,1,1,1
513,2,2,2,1
514,2,2,2,1
515,3,2,2,1
516,2,2,2,1
517,3,3,3,1
518,3,2,2,1
519,4,3,3,1
520,2,2,2,1
521,3,3,3,1
522,3,2,2,1
523,4,3,3,1
524,3,2,2,1
525,4,3,3,1
526,4,2,2,1
527,5,3,3,1
528,2,2,2,1
529,3,3,3,1
530,3,3,3,1
531,4,3,3,1
532,3,3,3,1
533,4,4,4,1
534,4,3,3,1
535,5,4,4,1
536,3,2,2,1
537,4,3,3,1
538,4,3,3,1
539,5,3,3,1
540,4,3,3,1
541,5,4,4,1
542,5,3,3,1
543,6,4,4,1
544,2,2,2,1
545,3,3,3,1
546,3,3,3,1
547,4,3,3,1
548,3,3,3,1
549,4,4,4,1
550,4,3,3,1
551,5,4,4,1
552,3,2,2,1
553,4,3,3,1
554,4,3,3,1
555,5,3,3,1
556,4,3,3,1
557,5,4,4,1
558,5,3,3,1
559,6,4,4,1
560,3,2,2,1
561,4,3,3,1
562,4,3,3,1
563,5,3,3,1
564,4,3,3,1
565,5,4,4,1
566,5,3,3,1
567,6,4,4,1
568,4,2,2,1
569,5,3,3,1
570,5,3,3,1
571,6,3,3,1
572,5,3,3,1
573,6,4,4,1
574,6,3,3,1
575,7,4,4,1
576,2,2,2,1
577,3,3,3,1
578,3,3,3,1
579,4,3,3,1
580,3,3,3,1
581,4,4,4,1
582,4,3,3,1
583,5,4,4,1
584,3,3,3,1
585,4,4,4,1
586,4,3,3,1
587,5,4,4,1
588,4,3,3,1
589,5,4,4,1
590,5,3,3,1
591,6,4,4,1
592,3,3,3,1
593,4,4,4,1
594,4,4,4,1
595,5,4,4,1
596,4,4,4,1
597,5,5,5,1
598,5,4,4,1
599,6,5,5,1
600,4,3,3,1
601,5,4,4,1
602,5,4,4,1
603,6,4,4,1
604,5,4,4,1
605,6,5,5,1
606,6,4,4,1
607,7,5,5,1
608,3,2,2,1
609,4,3,3,1
610,4,3,3,1
611,5,3,3,1
612,4,3,3,1
613,5,4,4,1
614,5,3,3,1
615,6,4,4,1
616,4,3,3,1
617,5,4,4,1
618,5,3,3,1
619,6,4,4,1
620,5,3,3,1
621,6,4,4,1
622,6,3,3,1
623,7,4,4,1
624,4,3,3,1
625,5,4,4,1
626,5,4,4,1
627,6,4,4,1
628,5,4,4,1
629,6,5,5,1
630,6,4,4,1
631,7,5,5,1
632,5,3,3,1
633,6,4,4,1
634,6,4,4,1
635,7,4,4,1
636,6,4,4,1
637,7,5,5,1
638,7,4,4,1
639,8,5,5,1
640,2,1,1,1
641,3,2,2,1
642,3,2,2,1
643,4,2,2,1
644,3,2,2,1
645,4,3,3,1
646,4,2,2,1
647,5,3,3,1
648,3,2,2,1
649,4,3,3,1
650,4,2,2,1
651,5,3,3,1
652,4,2,2,1
653,5,3,3,1
654,5,2,2,1
655,6,3,3,1
656,3,2,2,1
657,4,3,3,1
658,4,3,3,1
659,5,3,3,1
660,4,3,3,1
661,5,4,4,1
662,5,3,3,1
663,6,4,4,1
664,4,2,2,1
665,5,3,3,1
666,5,3,3,1
667,6,3,3,1
668,5,3,3,1
669,6,4,4,1
670,6,3,3,1
671,7,4,4,1
672,3,2,2,1
673,4,3,3,1
674,4,3,3,1
675,5,3,3,1
676,4,3,3,1
677,5,4,4,1
678,5,3,3,1
679,6,4,4,1
680,4,2,2,1
681,5,3,3,1
682,5,3,3,1
683,6,3,3,1
684,5,3,3,1
685,6,4,4,1
686,6,3,3,1
687,7,4,4,1
688,4,2,2,1
689,5,3,3,1
690,5,3,3,1
691,6,3,3,1
692,5,3,3,1
693,6,4,4,1
694,6,3,3,1
695,7,4,4,1
696,5,2,2,1
697,6,3,3,1
698,6,3,3,1
699,7,3,3,1
700,6,3,3,1
701,7,4,4,1
702,7,3,3,1
703,8,4,4,1
704,3,2,2,1
705,4,3,3,1
706,4,3,3,1
707,5,3,3,1
708,4,3,3,1
709,5,4,4,1
710,5,3,3,1
711,6,4,4,1
712,4,3,3,1
713,5,4,4,1
714,5,3,3,1
715,6,4,4,1
716,5,3,3,1
717,6,4,4,1
718,6,3,3,1
719,7,4,4,1
720,4,3,3,1
721,5,4,4,1
722,5,4,4,1
723,6,4,4,1
724,5,4,4,1
725,6,5,5,1
726,6,4,4,1
727,7,5,5,1
728,5,3,3,1
729,6,4,4,1
730,6,4,4,1
731,7,4,4,1
732,6,4,4,1
733,7,5,5,1
734,7,4,4,1
735,8,5,5,1
736,4,2,2,1
737,5,3,3,1
738,5,3,3,1
739,6,3,3,1
740,5,3,3,1
741,6,4,4,1
742,6,3,3,1
743,7,4,4,1
744,5,3,3,1
745,6,4,4,1
746,6,3,3,1
747,7,4,4,1
748,6,3,3,1
749,7,4,4,1
750,7,3,3,1
751,8,4,4,1
752,5,3,3,1
753,6,4,4,1
754,6,4,4,1
755,7,4,4,1
756,6,4,4,1
757,7,5,5,1
758,7,4,4,1
759,8,5,5,1
760,6,3,3,1
761,7,4,4,1
762,7,4,4,1
763,8,4,4,1
764,7,4,4,1
765,8,5,5,1
766,8,4,4,1
767,9,5,5,1
768,2,1,1,1
769,3,2,2,1
770,3,2,2,1
771,4,2,2,1
772,3,2,2,1
773,4,3,3,1
774,4,2,2,1
775,5,3,3,1
776,3,2,2,1
777,4,3,3,1
778,4,2,2,1
779,5,3,3,1
780,4,2,2,1
781,5,3,3,1
782,5,2,2,1
783,6,3,3,1
784,3,2,2,1
785,4,3,3,1
786,4,3,3,1
787,5,3,3,1
788,4,3,3,1
789,5,4,4,1
790,5,3,3,1
791,6,4,4,1
792,4,2,2,1
793,5,3,3,1
794,5,3,3,1
795,6,3,3,1
796,5,3,3,1
797,6,4,4,1
798,6,3,3,1
799,7,4,4,1
800,3,2,2,1
801,4,3,3,1
802,4,3,3,1
803,5,3,3,1
804,4,3,3,1
805,5,4,4,1
806,5,3,3,1
807,6,4,4,1
808,4,2,2,1
809,5,3,3,1
810,5,3,3,1
811,6,3,3,1
812,5,3,3,1
813,6,4,4,1
814,6,3,3,1
815,7,4,4,1
816,4,2,2,1
817,5,3,3,1
818,5,3,3,1
819,6,3,3,1
820,5,3,3,1
821,6,4,4,1
822,6,3,3,1
823,7,4,4,1
824,5,2,2,1
825,6,3,3,1
826,6,3,3,1
827,7,3,3,1
828,6,3,3,1
829,7,4,4,1
830,7,3,3,1
831,8,4,4,1
832,3,2,2,1
833,4,3,3,1
834,4,3,3,1
835,5,3,3,1
836,4,3,3,1
837,5,4,4,1
838,5,3,3,1
839,6,4,4,1
840,4,3,3,1
841,5,4,4,1
842,5,3,3,1
843,6,4,4,1
844,5,3,3,1
845,6,4,4,1
846,6,3,3,1
847,7,4,4,1
848,4,3,3,1
849,5,4,4,1
850,5,4,4,1
851,6,4,4,1
852,5,4,4,1
853,6,5,5,1
854,6,4,4,1
855,7,5,5,1
856,5,3,3,1
857,6,4,4,1
858,6,4,4,1
859,7,4,4,1
860,6,4,4,1
861,7,5,5,1
862,7,4,4,1
863,8,5,5,1
864,4,2,2,1
865,5,3,3,1
866,5,3,3,1
867,6,3,3,1
868,5,3,3,1
869,6,4,4,1
870,6,3,3,1
871,7,4,4,1
872,5,3,3,1
873,6,4,4,1
874,6,3,3,1
875,7,4,4,1
876,6,3,3,1
877,7,4,4,1
878,7,3,3,1
879,8,4,4,1
880,5,3,3,1
881,6,4,4,1
882,6,4,4,1
883,7,4,4,1
884,6,4,4,1
885,7,5,5,1
886,7,4,4,1
887,8,5,5,1
888,6,3,3,1
889,7,4,4,1
890,7,4,4,1
891,8,4,4,1
892,7,4,4,1
893,8,5,5,1
894,8,4,4,1
895,9,5,5,1
896,3,1,1,1
897,4,2,2,1
898,4,2,2,1
899,5,2,2,1
900,4,2,2,1
901,5,3,3,1
902,5,2,2,1
903,6,3,3,1
904,4,2,2,1
905,5,3,3,1
906,5,2,2,1
907,6,3,3,1
908,5,2,2,1
909,6,3,3,1
910,6,2,2,1
911,7,3,3,1
912,4,2,2,1
913,5,3,3,1
914,5,3,3,1
915,6,3,3,1
916,5,3,3,1
917,6,4,4,1
918,6,3,3,1
919,7,4,4,1
920,5,2,2,1
921,6,3,3,1
922,6,3,3,1
923,7,3,3,1
924,6,3,3,1
925,7,4,4,1
926,7,3,3,1
927,8,4,4,1
928,4,2,2,1
929,5,3,3,1
930,5,3,3,1
931,6,3,3,1
932,5,3,3,1
933,6,4,4,1
934,6,3,3,1
935,7,4,4,1
936,5,2,2,1
937,6,3,3,1
938,6,3,3,1
939,7,3,3,1
940,6,3,3,1
941,7,4,4,1
942,7,3,3,1
943,8,4,4,1
944,5,2,2,1
945,6,3,3,1
946,6,3,3,1
947,7,3,3,1
948,6,3,3,1
949,7,4,4,1
950,7,3,3,1
951,8,4,4,1
952,6,2,2,1
953,7,3,3,1
954,7,3,3,1
955,8,3,3,1
956,7,3,3,1
957,8,4,4,1
958,8,3,3,1
959,9,4,4,1
960,4,2,2,1
961,5,3,3,1
962,5,3,3,1
963,6,3,3,1
964,5,3,3,1
965,6,4,4,1
966,6,3,3,1
967,7,4,4,1
968,5,3,3,1
969,6,4,4,1
970,6,3,3,1
971,7,4,4,1
972,6,3,3,1
973,7,4,4,1
974,7,3,3,1
975,8,4,4,1
976,5,3,3,1
977,6,4,4,1
978,6,4,4,1
979,7,4,4,1
980,6,4,4,1
981,7,5,5,1
982,7,4,4,1
983,8,5,5,1
984,6,3,3,1
985,7,4,4,1
986,7,4,4,1
987,8,4,4,1
988,7,4,4,1
989,8,5,5,1
990,8,4,4,1
991,9,5,5,1
992,5,2,2,1
993,6,3,3,1
994,6,3,3,1
995,7,3,3,1
996,6,3,3,1
997,7,4,4,1
998,7,3,3,1
999,8,4,4,1
1000,6,3,3,1
1001,7,4,4,1
1002,7,3,3,1
1003,8,4,4,1
1004,7,3,3,1
1005,8,4,4,1
1006,8,3,3,1
1007,9,4,4,1
1008,6,3,3,1
1009,7,4,4,1
1010,7,4,4,1
1011,8,4,4,1
1012,7,4,4,1
1013,8,5,5,1
1014,8,4,4,1
1015,9,5,5,1
1016,7,3,3,1
1017,8,4,4,1
1018,8,4,4,1
1019,9,4,4,1
1020,8,4,4,1
1021,9,5,5,1
1022,9,4,4,1
1023,10,5,5,1
1024,1,1,1,1
1025,2,2,2,1
1026,2,2,2,1
1027,3,2,2,1
1028,2,2,2,1
1029,3,3,3,1
1030,3,2,2,1
1031,4,3,3,1
1032,2,2,2,1
1033,3,3,3,1
1034,3,2,2,1
1035,4,3,3,1
1036,3,2,2,1
1037,4,3,3,1
1038,4,2,2,1
1039,5,3,3,1
1040,2,2,2,1
1041,3,3,3,1
1042,3,3,3,1
1043,4,3,3,1
1044,3,3,3,1
1045,4,4,4,1
1046,4,3,3,1
1047,5,4,4,1
1048,3,2,2,1
1049,4,3,3,1
1050,4,3,3,1
1051,5,3,3,1
1052,4,3,3,1
1053,5,4,4,1
1054,5,3,3,1
1055,6,4,4,1
1056,2,2,2,1
1057,3,3,3,1
1058,3,3,3,1
1059,4,3,3,1
1060,3,3,3,1
1061,4,4,4,1
1062,4,3,3,1
1063,5,4,4,1
1064,3,2,2,1
1065,4,3,3,1
1066,4,3,3,1
1067,5,3,3,1
1068,4,3,3,1
1069,5,4,4,1
1070,5,3,3,1
1071,6,4,4,1
1072,3,2,2,1
1073,4,3,3,1
1074,4,3,3,1
1075,5,3,3,1
1076,4,3,3,1
1077,5,4,4,1
1078,5,3,3,1
1079,6,4,4,1
1080,4,2,2,1
1081,5,3,3,1
1082,5,3,3,1
1083,6,3,3,1
1084,5,3,3,1
1085,6,4,4,1
1086,6,3,3,1
1087,7,4,4,1
1088,2,2,2,1
1089,3,3,3,1
1090,3,3,3,1
1091,4,3,3,1
1092,3,3,3,1
1093,4,4,4,1
1094,4,3,3,1
1095,5,4,4,1
1096,3,3,3,1
1097,4,4,4,1
1098,4,3,3,1
1099,5,4,4,1
1100,4,3,3,1
1101,5,4,4,1
1102,5,3,3,1
1103,6,4,4,1
1104,3,3,3,1
1105,4,4,4,1
1106,4,4,4,1
1107,5,4,4,1
1108,4,4,4,1
1109,5,5,5,1
1110,5,4,4,1
1111,6,5,5,1
1112,4,3,3,1
1113,5,4,4,1
1114,5,4,4,1
1115,6,4,4,1
1116,5,4,4,1
1117,6,5,5,1
1118,6,4,4,1
1119,7,5,5,1
1120,3,2,2,1
1121,4,3,3,1
1122,4,3,3,1
1123,5,3,3,1
1124,4,3,3,1
1125,5,4,4,1
1126,5,3,3,1
1127,6,4,4,1
1128,4,3,3,1
1129,5,4,4,1
1130,5,3,3,1
1131,6,4,4,1
1132,5,3,3,1
1133,6,4,4,1
1134,6,3,3,1
1135,7,4,4,1
1136,4,3,3,1
1137,5,4,4,1
1138,5,4,4,1
1139,6,4,4,1
1140,5,4,4,1
1141,6,5,5,1
1142,6,4,4,1
1143,7,5,5,1
1144,5,3,3,1
1145,6,4,4,1
1146,6,4,4,1
1147,7,4,4,1
1148,6,4,4,1
1149,7,5,5,1
1150,7,4,4,1
1151,8,5,5,1
1152,2,2,2,1
1153,3,3,3,1
1154,3,3,3,1
1155,4,3,3,1
1156,3,3,3,1
1157,4,4,4,1
1158,4,3,3,1
1159,5,4,4,1
1160,3,3,3,1
1161,4,4,4,1
1162,4,3,3,1
1163,5,4,4,1
1164,4,3,3,1
1165,5,4,4,1
1166,5,3,3,1
1167,6,4,4,1
1168,3,3,3,1
1169,4,4,4,1
1170,4,4,4,1
1171,5,4,4,1
1172,4,4,4,1
1173,5,5,5,1
1174,5,4,4,1
1175,6,5,5,1
1176,4,3,3,1
1177,5,4,4,1
1178,5,4,4,1
1179,6,4,4,1
1180,5,4,4,1
1181,6,5,5,1
1182,6,4,4,1
1183,7,5,5,1
1184,3,2,2,1
1185,4,3,3,1
1186,4,3,3,1
1187,5,3,3,1
1188,4,3,3,1
1189,5,4,4,1
1190,5,3,3,1
1191,6,4,4,1
1192,4,3,3,1
1193,5,4,4,1
1194,5,3,3,1
1195,6,4,4,1
1196,5,3,3,1
1197,6,4,4,1
1198,6,3,3,1
1199,7,4,4,1
1200,4,3,3,1
1201,5,4,4,1
1202,5,4,4,1
1203,6,4,4,1
1204,5,4,4,1
1205,6,5,5,1
1206,6,4,4,1
1207,7,5,5,1
1208,5,3,3,1
1209,6,4,4,1
1210,6,4,4,1
1211,7,4,4,1
1212,6,4,4,1
1213,7,5,5,1
1214,7,4,4,1
1215,8,5,5,1
1216,3,2,2,1
1217,4,3,3,1
1218,4,3,3,1
1219,5,3,3,1
1220,4,3,3,1
1221,5,4,4,1
1222,5,3,3,1
1223,6,4,4,1
1224,4,3,3,1
1225,5,4,4,1
1226,5,3,3,1
1227,6,4,4,1
1228,5,3,3,1
1229,6,4,4,1
1230,6,3,3,1
1231,7,4,4,1
1232,4,3,3,1
1233,5,4,4,1
1234,5,4,4,1
1235,6,4,4,1
1236,5,4,4,1
1237,6,5,5,1
1238,6,4,4,1
1239,7,5,5,1
1240,5,3,3,1
1241,6,4,4,1
1242,6,4,4,1
1243,7,4,4,1
1244,6,4,4,1
1245,7,5,5,1
1246,7,4,4,1
1247,8,5,5,1
1248,4,2,2,1
1249,5,3,3,1
1250,5,3,3,1
1251,6,3,3,1
1252,5,3,3,1
1253,6,4,4,1
1254,6,3,3,1
1255,7,4,4,1
1256,5,3,3,1
1257,6,4,4,1
1258,6,3,3,1
1259,7,4,4,1
1260,6,3,3,1
1261,7,4,4,1
1262,7,3,3,1
1263,8,4,4,1
1264,5,3,3,1
1265,6,4,4,1
1266,6,4,4,1
1267,7,4,4,1
1268,6,4,4,1
1269,7,5,5,1
1270,7,4,4,1
1271,8,5,5,1
1272,6,3,3,1
1273,7,4,4,1
1274,7,4,4,1
1275,8,4,4,1
1276,7,4,4,1
1277,8,5,5,1
1278,8,4,4,1
1279,9,5,5,1
1280,2,2,2,1
1281,3,3,3,1
1282,3,3,3,1
1283,4,3,3,1
1284,3,3,3,1
1285,4,4,4,1
1286,4,3,3,1
1287,5,4,4,1
1288,3,3,3,1
1289,4,4,4,1
1290,4,3,3,1
1291,5,4,4,1
1292,4,3,3,1
1293,5,4,4,1
1294,5,3,3,1
1295,6,4,4,1
1296,3,3,3,1
1297,4,4,4,1
1298,4,4,4,1
1299,5,4,4,1
1300,4,4,4,1
1301,5,5,5,1
1302,5,4,4,1
1303,6,5,5,1
1304,4,3,3,1
1305,5,4,4,1
1306,5,4,4,1
1307,6,4,4,1
1308,5,4,4,1
1309,6,5,5,1
1310,6,4,4,1
1311,7,5,5,1
1312,3,3,3,1
1313,4,4,4,1
1314,4,4,4,1
1315,5,4,4,1
1316,4,4,4,1
1317,5,5,5,1
1318,5,4,4,1
1319,6,5,5,1
1320,4,3,3,1
1321,5,4,4,1
1322,5,4,4,1
1323,6,4,4,1
1324,5,4,4,1
1325,6,5,5,1
1326,6,4,4,1
1327,7,5,5,1
1328,4,3,3,1
1329,5,4,4,1
1330,5,4,4,1
1331,6,4,4,1
1332,5,4,4,1
1333,6,5,5,1
1334,6,4,4,1
1335,7,5,5,1
1336,5,3,3,1
1337,6,4,4,1
1338,6,4,4,1
1339,7,4,4,1
1340,6,4,4,1
1341,7,5,5,1
1342,7,4,4,1
1343,8,5,5,1
1344,3,3,3,1
1345,4,4,4,1
1346,4,4,4,1
1347,5,4,4,1
1348,4,4,4,1
1349,5,5,5,1
1350,5,4,4,1
1351,6,5,5,1
1352,4,4,4,1
1353,5,5,5,1
1354,5,4,4,1
1355,6,5,5,1
1356,5,4,4,1
1357,6,5,5,1
1358,6,4,4,1
1359,7,5,5,1
1360,4,4,4,1
1361,5,5,5,1
1362,5,5,5,1
1363,6,5,5,1
1364,5,5,5,1
1365,6,6,6,1
1366,6,5,5,1
1367,7,6,6,1
1368,5,4,4,1
1369,6,5,5,1
1370,6,5,5,1
1371,7,5,5,1
1372,6,5,5,1
1373,7,6,6,1
1374,7,5,5,1
1375,8,6,6,1
1376,4,3,3,1
1377,5,4,4,1
1378,5,4,4,1
1379,6,4,4,1
1380,5,4,4,1
1381,6,5,5,1
1382,6,4,4,1
1383,7,5,5,1
1384,5,4,4,1
1385,6,5,5,1
1386,6,4,4,1
1387,7,5,5,1
1388,6,4,4,1
1389,7,5,5,1
1390,7,4,4,1
1391,8,5,5,1
1392,5,4,4,1
1393,6,5,5,1
1394,6,5,5,1
1395,7,5,5,1
1396,6,5,5,1
1397,7,6,6,1
1398,7,5,5,1
1399,8,6,6,1
1400,6,4,4,1
1401,7,5,5,1
1402,7,5,5,1
1403,8,5,5,1
1404,7,5,5,1
1405,8,6,6,1
1406,8,5,5,1
1407,9,6,6,1
1408,3,2,2,1
1409,4,3,3,1
1410,4,3,3,1
1411,5,3,3,1
1412,4,3,3,1
1413,5,4,4,1
1414,5,3,3,1
1415,6,4,4,1
1416,4,3,3,1
1417,5,4,4,1
1418,5,3,3,1
1419,6,4,4,1
1420,5,3,3,1
1421,6,4,4,1
1422,6,3,3,1
1423,7,4,4,1
1424,4,3,3,1
1425,5,4,4,1
1426,5,4,4,1
1427,6,4,4,1
1428,5,4,4,1
1429,6,5,5,1
1430,6,4,4,1
1431,7,5,5,1
1432,5,3,3,1
1433,6,4,4,1
1434,6,4,4,1
1435,7,4,4,1
1436,6,4,4,1
1437,7,5,5,1
1438,7,4,4,1
1439,8,5,5,1
1440,4,3,3,1
1441,5,4,4,1
1442,5,4,4,1
1443,6,4,4,1
1444,5,4,4,1
1445,6,5,5,1
1446,6,4,4,1
1447,7,5,5,1
1448,5,3,3,1
1449,6,4,4,1
1450,6,4,4,1
1451,7,4,4,1
1452,6,4,4,1
1453,7,5,5,1
1454,7,4,4,1
1455,8,5,5,1
1456,5,3,3,1
1457,6,4,4,1
1458,6,4,4,1
1459,7,4,4,1
1460,6,4,4,1
1461,7,5,5,1
1462,7,4,4,1
1463,8,5,5,1
1464,6,3,3,1
1465,7,4,4,1
1466,7,4,4,1
1467,8,4,4,1
1468,7,4,4,1
1469,8,5,5,1
1470,8,4,4,1
1471,9,5,5,1
1472,4,3,3,1
1473,5,4,4,1
1474,5,4,4,1
1475,6,4,4,1
1476,5,4,4,1
1477,6,5,5,1
1478,6,4,4,1
1479,7,5,5,1
1480,5,4,4,1
1481,6,5,5,1
1482,6,4,4,1
1483,7,5,5,1
1484,6,4,4,1
1485,7,5,5,1
1486,7,4,4,1
1487,8,5,5,1
1488,5,4,4,1
1489,6,5,5,1
1490,6,5,5,1
1491,7,5,5,1
1492,6,5,5,1
1493,7,6,6,1
1494,7,5,5,1
1495,8,6,6,1
1496,6,4,4,1
1497,7,5,5,1
1498,7,5,5,1
1499,8,5,5,1
1500,7,5,5,1
1501,8,6,6,1
1502,8,5,5,1
1503,9,6,6,1
1504,5,3,3,1
1505,6,4,4,1
1506,6,4,4,1
1507,7,4,4,1
1508,6,4,4,1
1509,7,5,5,1
1510,7,4,4,1
1511,8,5,5,1
1512,6,4,4,1
1513,7,5,5,1
1514,7,4,4,1
1515,8,5,5,1
1516,7,4,4,1
1517,8,5,5,1
1518,8,4,4,1
1519,9,5,5,1
1520,6,4,4,1
1521,7,5,5,1
1522,7,5,5,1
1523,8,5,5,1
1524,7,5,5,1
1525,8,6,6,1
1526,8,5,5,1
1527,9,6,6,1
1528,7,4,4,1
1529,8,5,5,1
1530,8,5,5,1
1531,9,5,5,1
1532,8,5,5,1
1533,9,6,6,1
1534,9,5,5,1
1535,10,6,6,1
1536,2,1,1,1
1537,3,2,2,1
1538,3,2,2,1
1539,4,2,2,1
1540,3,2,2,1
1541,4,3,3,1
1542,4,2,2,1
1543,5,3,3,1
1544,3,2,2,1
1545,4,3,3,1
1546,4,2,2,1
1547,5,3,3,1
1548,4,2,2,1
1549,5,3,3,1
1550,5,2,2,1
1551,6,3,3,1
1552,3,2,2,1
1553,4,3,3,1
1554,4,3,3,1
1555,5,3,3,1
1556,4,3,3,1
1557,5,4,4,1
1558,5,3,3,1
1559,6,4,4,1
1560,4,2,2,1
1561,5,3,3,1
1562,5,3,3,1
1563,6,3,3,1
1564,5,3,3,1
1565,6,4,4,1
1566,6,3,3,1
1567,7,4,4,1
1568,3,2,2,1
1569,4,3,3,1
1570,4,3,3,1
1571,5,3,3,1
1572,4,3,3,1
1573,5,4,4,1
1574,5,3,3,1
1575,6,4,4,1
1576,4,2,2,1
1577,5,3,3,1
1578,5,3,3,1
1579,6,3,3,1
1580,5,3,3,1
1581,6,4,4,1
1582,6,3,3,1
1583,7,4,4,1
1584,4,2,2,1
1585,5,3,3,1
1586,5,3,3,1
1587,6,3,3,1
1588,5,3,3,1
1589,6,4,4,1
1590,6,3,3,1
1591,7,4,4,1
1592,5,2,2,1
1593,6,3,3,1
1594,6,3,3,1
1595,7,3,3,1
1596,6,3,3,1
1597,7,4,4,1
1598,7,3,3,1
1599,8,4,4,1
1600,3,2,2,1
1601,4,3,3,1
1602,4,3,3,1
1603,5,3,3,1
1604,4,3,3,1
1605,5,4,4,1
1606,5,3,3,1
1607,6,4,4,1
1608,4,3,3,1
1609,5,4,4,1
1610,5,3,3,1
1611,6,4,4,1
1612,5,3,3,1
1613,6,4,4,1
1614,6,3,3,1
1615,7,4,4,1
1616,4,3,3,1
1617,5,4,4,1
1618,5,4,4,1
1619,6,4,4,1
1620,5,4,4,1
1621,6,5,5,1
1622,6,4,4,1
1623,7,5,5,1
1624,5,3,3,1
1625,6,4,4,1
1626,6,4,4,1
1627,7,4,4,1
1628,6,4,4,1
1629,7,5,5,1
1630,7,4,4,1
1631,8,5,5,1
1632,4,2,2,1
1633,5,3,3,1
1634,5,3,3,1
1635,6,3,3,1
1636,5,3,3,1
1637,6,4,4,1
1638,6,3,3,1
1639,7,4,4,1
1640,5,3,3,1
1641,6,4,4,1
1642,6,3,3,1
1643,7,4,4,1
1644,6,3,3,1
1645,7,4,4,1
1646,7,3,3,1
1647,8,4,4,1
1648,5,3,3,1
1649,6,4,4,1
1650,6,4,4,1
1651,7,4,4,1
1652,6,4,4,1
1653,7,5,5,1
1654,7,4,4,1
1655,8,5,5,1
1656,6,3,3,1
1657,7,4,4,1
1658,7,4,4,1
1659,8,4,4,1
1660,7,4,4,1
1661,8,5,5,1
1662,8,4,4,1
1663,9,5,5,1
1664,3,2,2,1
1665,4,3,3,1
1666,4,3,3,1
1667,5,3,3,1
1668,4,3,3,1
1669,5,4,4,1
1670,5,3,3,1
1671,6,4,4,1
1672,4,3,3,1
1673,5,4,4,1
1674,5,3,3,1
1675,6,4,4,1
1676,5,3,3,1
1677,6,4,4,1
1678,6,3,3,1
1679,7,4,4,1
1680,4,3,3,1
1681,5,4,4,1
1682,5,4,4,1
1683,6,4,4,1
1684,5,4,4,1
1685,6,5,5,1
1686,6,4,4,1
1687,7,5,5,1
1688,5,3,3,1
1689,6,4,4,1
1690,6,4,4,1
1691,7,4,4,1
1692,6,4,4,1
1693,7,5,5,1
1694,7,4,4,1
1695,8,5,5,1
1696,4,2,2,1
1697,5,3,3,1
1698,5,3,3,1
1699,6,3,3,1
1700,5,3,3,1
1701,6,4,4,1
1702,6,3,3,1
1703,7,4,4,1
1704,5,3,3,1
1705,6,4,4,1
1706,6,3,3,1
1707,7,4,4,1
1708,6,3,3,1
1709,7,4,4,1
1710,7,3,3,1
1711,8,4,4,1
1712,5,3,3,1
1713,6,4,4,1
1714,6,4,4,1
1715,7,4,4,1
1716,6,4,4,1
1717,7,5,5,1
1718,7,4,4,1
1719,8,5,5,1
1720,6,3,3,1
1721,7,4,4,1
1722,7,4,4,1
1723,8,4,4,1
1724,7,4,4,1
1725,8,5,5,1
1726,8,4,4,1
1727,9,5,5,1
1728,4,2,2,1
1729,5,3,3,1
1730,5,3,3,1
1731,6,3,3,1
1732,5,3,3,1
1733,6,4,4,1
1734,6,3,3,1
1735,7,4,4,1
1736,5,3,3,1
1737,6,4,4,1
1738,6,3,3,1
1739,7,4,4,1
1740,6,3,3,1
1741,7,4,4,1
1742,7,3,3,1
1743,8,4,4,1
1744,5,3,3,1
1745,6,4,4,1
1746,6,4,4,1
1747,7,4,4,1
1748,6,4,4,1
1749,7,5,5,1
1750,7,4,4,1
1751,8,5,5,1
1752,6,3,3,1
1753,7,4,4,1
1754,7,4,4,1
1755,8,4,4,1
1756,7,4,4,1
1757,8,5,5,1
1758,8,4,4,1
1759,9,5,5,1
1760,5,2,2,1
1761,6,3,3,1
1762,6,3,3,1
1763,7,3,3,1
1764,6,3,3,1
1765,7,4,4,1
1766,7,3,3,1
1767,8,4,4,1
1768,6,3,3,1
1769,7,4,4,1
1770,7,3,3,1
1771,8,4,4,1
1772,7,3,3,1
1773,8,4,4,1
1774,8,3,3,1
1775,9,4,4,1
1776,6,3,3,1
1777,7,4,4,1
1778,7,4,4,1
1779,8,4,4,1
1780,7,4,4,1
1781,8,5,5,1
1782,8,4,4,1
1783,9,5,5,1
1784,7,3,3,1
1785,8,4,4,1
1786,8,4,4,1
1787,9,4,4,1
1788,8,4,4,1
1789,9,5,5,1
1790,9,4,4,1
1791,10,5,5,1
1792,3,2,2,1
1793,4,3,3,1
1794,4,3,3,1
1795,5,3,3,1
1796,4,3,3,1
1797,5,4,4,1
1798,5,3,3,1
1799,6,4,4,1
1800,4,3,3,1
1801,5,4,4,1
1802,5,3,3,1
1803,6,4,4,1
1804,5,3,3,1
1805,6,4,4,1
1806,6,3,3,1
1807,7,4,4,1
1808,4,3,3,1
1809,5,4,4,1
1810,5,4,4,1
1811,6,4,4,1
1812,5,4,4,1
1813,6,5,5,1
1814,6,4,4,1
1815,7,5,5,1
1816,5,3,3,1
1817,6,4,4,1
1818,6,4,4,1
1819,7,4,4,1
1820,6,4,4,1
1821,7,5,5,1
1822,7,4,4,1
1823,8,5,5,1
1824,4,3,3,1
1825,5,4,4,1
1826,5,4,4,1
1827,6,4,4,1
1828,5,4,4,1
1829,6,5,5,1
1830,6,4,4,1
1831,7,5,5,1
1832,5,3,3,1
1833,6,4,4,1
1834,6,4,4,1
1835,7,4,4,1
1836,6,4,4,1
1837,7,5,5,1
1838,7,4,4,1
1839,8,5,5,1
1840,5,3,3,1
1841,6,4,4,1
1842,6,4,4,1
1843,7,4,4,1
1844,6,4,4,1
1845,7,5,5,1
1846,7,4,4,1
1847,8,5,5,1
1848,6,3,3,1
1849,7,4,4,1
1850,7,4,4,1
1851,8,4,4,1
1852,7,4,4,1
1853,8,5,5,1
1854,8,4,4,1
1855,9,5,5,1
1856,4,3,3,1
1857,5,4,4,1
1858,5,4,4,1
1859,6,4,4,1
1860,5,4,4,1
1861,6,5,5,1
1862,6,4,4,1
1863,7,5,5,1
1864,5,4,4,1
1865,6,5,5,1
1866,6,4,4,1
1867,7,5,5,1
1868,6,4,4,1
1869,7,5,5,1
1870,7,4,4,1
1871,8,5,5,1
1872,5,4,4,1
1873,6,5,5,1
1874,6,5,5,1
1875,7,5,5,1
1876,6,5,5,1
1877,7,6,6,1
1878,7,5,5,1
1879,8,6,6,1
1880,6,4,4,1
1881,7,5,5,1
1882,7,5,5,1
1883,8,5,5,1
1884,7,5,5,1
1885,8,6,6,1
1886,8,5,5,1
1887,9,6,6,1
1888,5,3,3,1
1889,6,4,4,1
1890,6,4,4,1
1891,7,4,4,1
1892,6,4,4,1
1893,7,5,5,1
1894,7,4,4,1
1895,8,5,5,1
1896,6,4,4,1
1897,7,5,5,1
1898,7,4,4,1
1899,8,5,5,1
1900,7,4,4,1
1901,8,5,5,1
1902,8,4,4,1
1903,9,5,5,1
1904,6,4,4,1
1905,7,5,5,1
1906,7,5,5,1
1907,8,5,5,1
1908,7,5,5,1
1909,8,6,6,1
1910,8,5,5,1
1911,9,6,6,1
1912,7,4,4,1
1913,8,5,5,1
1914,8,5,5,1
1915,9,5,5,1
1916,8,5,5,1
1917,9,6,6,1
1918,9,5,5,1
1919,10,6,6,1
1920,4,2,2,1
1921,5,3,3,1
1922,5,3,3,1
1923,6,3,3,1
1924,5,3,3,1
1925,6,4,4,1
1926,6,3,3,1
1927,7,4,4,1
1928,5,3,3,1
1929,6,4,4,1
1930,6,3,3,1
1931,7,4,4,1
1932,6,3,3,1
1933,7,4,4,1
1934,7,3,3,1
1935,8,4,4,1
1936,5,3,3,1
1937,6,4,4,1
1938,6,4,4,1
1939,7,4,4,1
1940,6,4,4,1
1941,7,5,5,1
1942,7,4,4,1
1943,8,5,5,1
1944,6,3,3,1
1945,7,4,4,1
1946,7,4,4,1
1947,8,4,4,1
1948,7,4,4,1
1949,8,5,5,1
1950,8,4,4,1
1951,9,5,5,1
1952,5,3,3,1
1953,6,4,4,1
1954,6,4,4,1
1955,7,4,4,1
1956,6,4,4,1
1957,7,5,5,1
1958,7,4,4,1
1959,8,5,5,1
1960,6,3,3,1
1961,7,4,4,1
1962,7,4,4,1
1963,8,4,4,1
1964,7,4,4,1
1965,8,5,5,1
1966,8,4,4,1
1967,9,5,5,1
1968,6,3,3,1
1969,7,4,4,1
1970,7,4,4,1
1971,8,4,4,1
1972,7,4,4,1
1973,8,5,5,1
1974,8,4,4,1
1975,9,5,5,1
1976,7,3,3,1
1977,8,4,4,1
1978,8,4,4,1
1979,9,4,4,1
1980,8,4,4,1
1981,9,5,5,1
1982,9,4,4,1
1983,10,5,5,1
1984,5,3,3,1
1985,6,4,4,1
1986,6,4,4,1
1987,7,4,4,1
1988,6,4,4,1
1989,7,5,5,1
1990,7,4,4,1
1991,8,5,5,1
1992,6,4,4,1
1993,7,5,5,1
1994,7,4,4,1
1995,8,5,5,1
1996,7,4,4,1
1997,8,5,5,1
1998,8,4,4,1
1999,9,5,5,1
2000,6,4,4,1
2001,7,5,5,1
2002,7,5,5,1
2003,8,5,5,1
2004,7,5,5,1
2005,8,6,6,1
2006,8,5,5,1
2007,9,6,6,1
2008,7,4,4,1
2009,8,5,5,1
2010,8,5,5,1
2011,9,5,5,1
2012,8,5,5,1
2013,9,6,6,1
2014,9,5,5,1
2015,10,6,6,1
2016,6,3,3,1
2017,7,4,4,1
2018,7,4,4,1
2019,8,4,4,1
2020,7,4,4,1
2021,8,5,5,1
2022,8,4,4,1
2023,9,5,5,1
2024,7,4,4,1
2025,8,5,5,1
2026,8,4,4,1
2027,9,5,5,1
2028,8,4,4,1
2029,9,5,5,1
2030,9,4,4,1
2031,10,5,5,1
2032,7,4,4,1
2033,8,5,5,1
2034,8,5,5,1
2035,9,5,5,1
2036,8,5,5,1
2037,9,6,6,1
2038,9,5,5,1
2039,10,6,6,1
2040,8,4,4,1
2041,9,5,5,1
2042,9,5,5,1
2043,10,5,5,1
2044,9,5,5,1
2045,10,6,6,1
2046,10,5,5,1
2047,11,6,6,1
2048,1,1,1,1
2049,2,2,2,1
2050,2,2,2,1
2051,3,2,2,1
2052,2,2,2,1
2053,3,3,3,1
2054,3,2,2,1
2055,4,3,3,1
2056,2,2,2,1
2057,3,3,3,1
2058,3,2,2,1
2059,4,3,3,1
2060,3,2,2,1
2061,4,3,3,1
2062,4,2,2,1
2063,5,3,3,1
2064,2,2,2,1
2065,3,3,3,1
2066,3,3,3,1
2067,4,3,3,1
2068,3,3,3,1
2069,4,4,4,1
2070,4,3,3,1
2071,5,4,4,1
2072,3,2,2,1
2073,4,3,3,1
2074,4,3,3,1
2075,5,3,3,1
2076,4,3,3,1
2077,5,4,4,1
2078,5,3,3,1
2079,6,4,4,1
2080,2,2,2,1
2081,3,3,3,1
2082,3,3,3,1
2083,4,3,3,1
2084,3,3,3,1
2085,4,4,4,1
2086,4,3,3,1
2087,5,4,4,1
2088,3,2,2,1
2089,4,3,3,1
2090,4,3,3,1
2091,5,3,3,1
2092,4,3,3,1
2093,5,4,4,1
2094,5,3,3,1
2095,6,4,4,1
2096,3,2,2,1
2097,4,3,3,1
2098,4,3,3,1
2099,5,3,3,1
2100,4,3,3,1
2101,5,4,4,1
2102,5,3,3,1
2103,6,4,4,1
2104,4,2,2,1
2105,5,3,3,1
2106,5,3,3,1
2107,6,3,3,1
2108,5,3,3,1
2109,6,4,4,1
2110,6,3,3,1
2111,7,4,4,1
2112,2,2,2,1
2113,3,3,3,1
2114,3,3,3,1
2115,4,3,3,1
2116,3,3,3,1
2117,4,4,4,1
2118,4,3,3,1
2119,5,4,4,1
2120,3,3,3,1
2121,4,4,4,1
2122,4,3,3,1
2123,5,4,4,1
2124,4,3,3,1
2125,5,4,4,1
2126,5,3,3,1
2127,6,4,4,1
2128,3,3,3,1
2129,4,4,4,1
2130,4,4,4,1
2131,5,4,4,1
2132,4,4,4,1
2133,5,5,5,1
2134,5,4,4,1
2135,6,5,5,1
2136,4,3,3,1
2137,5,4,4,1
2138,5,4,4,1
2139,6,4,4,1
2140,5,4,4,1
2141,6,5,5,1
2142,6,4,4,1
2143,7,5,5,1
2144,3,2,2,1
2145,4,3,3,1
2146,4,3,3,1
2147,5,3,3,1
2148,4,3,3,1
2149,5,4,4,1
2150,5,3,3,1
2151,6,4,4,1
2152,4,3,3,1
2153,5,4,4,1
2154,5,3,3,1
2155,6,4,4,1
2156,5,3,3,1
2157,6,4,4,1
2158,6,3,3,1
2159,7,4,4,1
2160,4,3,3,1
2161,5,4,4,1
2162,5,4,4,1
2163,6,4,4,1
2164,5,4,4,1
2165,6,5,5,1
2166,6,4,4,1
2167,7,5,5,1
2168,5,3,3,1
2169,6,4,4,1
2170,6,4,4,1
2171,7,4,4,1
2172,6,4,4,1
2173,7,5,5,1
2174,7,4,4,1
2175,8,5,5,1
2176,2,2,2,1
2177,3,3,3,1
2178,3,3,3,1
2179,4,3,3,1
2180,3,3,3,1
2181,4,4,4,1
2182,4,3,3,1
2183,5,4,4,1
2184,3,3,3,1
2185,4,4,4,1
2186,4,3,3,1
2187,5,4,4,1
2188,4,3,3,1
2189,5,4,4,1
2190,5,3,3,1
2191,6,4,4,1
2192,3,3,3,1
2193,4,4,4,1
2194,4,4,4,1
2195,5,4,4,1
2196,4,4,4,1
2197,5,5,5,1
2198,5,4,4,1
2199,6,5,5,1
2200,4,3,3,1
2201,5,4,4,1
2202,5,4,4,1
2203,6,4,4,1
2204,5,4,4,1
2205,6,5,5,1
2206,6,4,4,1
2207,7,5,5,1
2208,3,2,2,1
2209,4,3,3,1
2210,4,3,3,1
2211,5,3,3,1
2212,4,3,3,1
2213,5,4,4,1
2214,5,3,3,1
2215,6,4,4,1
2216,4,3,3,1
2217,5,4,4,1
2218,5,3,3,1
2219,6,4,4,1
2220,5,3,3,1
2221,6,4,4,1
2222,6,3,3,1
2223,7,4,4,1
2224,4,3,3,1
2225,5,4,4,1
2226,5,4,4,1
2227,6,4,4,1
2228,5,4,4,1
2229,6,5,5,1
2230,6,4,4,1
2231,7,5,5,1
2232,5,3,3,1
2233,6,4,4,1
2234,6,4,4,1
2235,7,4,4,1
2236,6,4,4,1
2237,7,5,5,1
2238,7,4,4,1
2239,8,5,5,1
2240,3,2,2,1
2241,4,3,3,1
2242,4,3,3,1
2243,5,3,3,1
2244,4,3,3,1
2245,5,4,4,1
2246,5,3,3,1
2247,6,4,4,1
2248,4,3,3,1
2249,5,4,4,1
2250,5,3,3,1
2251,6,4,4,1
2252,5,3,3,1
2253,6,4,4,1
2254,6,3,3,1
2255,7,4,4,1
2256,4,3,3,1
2257,5,4,4,1
2258,5,4,4,1
2259,6,4,4,1
2260,5,4,4,1
2261,6,5,5,1
2262,6,4,4,1
2263,7,5,5,1
2264,5,3,3,1
2265,6,4,4,1
2266,6,4,4,1
2267,7,4,4,1
2268,6,4,4,1
2269,7,5,5,1
2270,7,4,4,1
2271,8,5,5,1
2272,4,2,2,1
2273,5,3,3,1
2274,5,3,3,1
2275,6,3,3,1
2276,5,3,3,1
2277,6,4,4,1
2278,6,3,3,1
2279,7,4,4,1
2280,5,3,3,1
2281,6,4,4,1
2282,6,3,3,1
2283,7,4,4,1
2284,6,3,3,1
2285,7,4,4,1
2286,7,3,3,1
2287,8,4,4,1
2288,5,3,3,1
2289,6,4,4,1
2290,6,4,4,1
2291,7,4,4,1
2292,6,4,4,1
2293,7,5,5,1
2294,7,4,4,1
2295,8,5,5,1
2296,6,3,3,1
2297,7,4,4,1
2298,7,4,4,1
2299,8,4,4,1
2300,7,4,4,1
2301,8,5,5,1
2302,8,4,4,1
2303,9,5,5,1
2304,2,2,2,1
2305,3,3,3,1
2306,3,3,3,1
2307,4,3,3,1
2308,3,3,3,1
2309,4,4,4,1
2310,4,3,3,1
2311,5,4,4,1
2312,3,3,3,1
2313,4,4,4,1
2314,4,3,3,1
2315,5,4,4,1
2316,4,3,3,1
2317,5,4,4,1
2318,5,3,3,1
2319,6,4,4,1
2320,3,3,3,1
2321,4,4,4,1
2322,4,4,4,1
2323,5,4,4,1
2324,4,4,4,1
2325,5,5,5,1
2326,5,4,4,1
2327,6,5,5,1
2328,4,3,3,1
2329,5,4,4,1
2330,5,4,4,1
2331,6,4,4,1
2332,5,4,4,1
2333,6,5,5,1
2334,6,4,4,1
2335,7,5,5,1
2336,3,3,3,1
2337,4,4,4,1
2338,4,4,4,1
2339,5,4,4,1
2340,4,4,4,1
2341,5,5,5,1
2342,5,4,4,1
2343,6,5,5,1
2344,4,3,3,1
2345,5,4,4,1
2346,5,4,4,1
2347,6,4,4,1
2348,5,4,4,1
2349,6,5,5,1
2350,6,4,4,1
2351,7,5,5,1
2352,4,3,3,1
2353,5,4,4,1
2354,5,4,4,1
2355,6,4,4,1
2356,5,4,4,1
2357,6,5,5,1
2358,6,4,4,1
2359,7,5,5,1
2360,5,3,3,1
2361,6,4,4,1
2362,6,4,4,1
2363,7,4,4,1
2364,6,4,4,1
2365,7,5,5,1
2366,7,4,4,1
2367,8,5,5,1
2368,3,3,3,1
2369,4,4,4,1
2370,4,4,4,1
2371,5,4,4,1
2372,4,4,4,1
2373,5,5,5,1
2374,5,4,4,1
2375,6,5,5,1
2376,4,4,4,1
2377,5,5,5,1
2378,5,4,4,1
2379,6,5,5,1
2380,5,4,4,1
2381,6,5,5,1
2382,6,4,4,1
2383,7,5,5,1
2384,4,4,4,1
2385,5,5,5,1
2386,5,5,5,1
2387,6,5,5,1
2388,5,5,5,1
2389,6,6,6,1
2390,6,5,5,1
2391,7,6,6,1
2392,5,4,4,1
2393,6,5,5,1
2394,6,5,5,1
2395,7,5,5,1
2396,6,5,5,1
2397,7,6,6,1
2398,7,5,5,1
2399,8,6,6,1
2400,4,3,3,1
2401,5,4,4,1
2402,5,4,4,1
2403,6,4,4,1
2404,5,4,4,1
2405,6,5,5,1
2406,6,4,4,1
2407,7,5,5,1
2408,5,4,4,1
2409,6,5,5,1
2410,6,4,4,1
2411,7,5,5,1
2412,6,4,4,1
2413,7,5,5,1
2414,7,4,4,1
2415,8,5,5,1
2416,5,4,4,1
2417,6,5,5,1
2418,6,5,5,1
2419,7,5,5,1
2420,6,5,5,1
2421,7,6,6,1
2422,7,5,5,1
2423,8,6,6,1
2424,6,4,4,1
2425,7,5,5,1
2426,7,5,5,1
2427,8,5,5,1
2428,7,5,5,1
2429,8,6,6,1
2430,8,5,5,1
2431,9,6,6,1
2432,3,2,2,1
2433,4,3,3,1
2434,4,3,3,1
2435,5,3,3,1
2436,4,3,3,1
2437,5,4,4,1
2438,5,3,3,1
2439,6,4,4,1
2440,4,3,3,1
2441,5,4,4,1
2442,5,3,3,1
2443,6,4,4,1
2444,5,3,3,1
2445,6,4,4,1
2446,6,3,3,1
2447,7,4,4,1
2448,4,3,3,1
2449,5,4,4,1
2450,5,4,4,1
2451,6,4,4,1
2452,5,4,4,1
2453,6,5,5,1
2454,6,4,4,1
2455,7,5,5,1
2456,5,3,3,1
2457,6,4,4,1
2458,6,4,4,1
2459,7,4,4,1
2460,6,4,4,1
2461,7,5,5,1
2462,7,4,4,1
2463,8,5,5,1
2464,4,3,3,1
2465,5,4,4,1
2466,5,4,4,1
2467,6,4,4,1
2468,5,4,4,1
2469,6,5,5,1
2470,6,4,4,1
2471,7,5,5,1
2472,5,3,3,1
2473,6,4,4,1
2474,6,4,4,1
2475,7,4,4,1
2476,6,4,4,1
2477,7,5,5,1
2478,7,4,4,1
2479,8,5,5,1
2480,5,3,3,1
2481,6,4,4,1
2482,6,4,4,1
2483,7,4,4,1
2484,6,4,4,1
2485,7,5,5,1
2486,7,4,4,1
2487,8,5,5,1
2488,6,3,3,1
2489,7,4,4,1
2490,7,4,4,1
2491,8,4,4,1
2492,7,4,4,1
2493,8,5,5,1
2494,8,4,4,1
2495,9,5,5,1
2496,4,3,3,1
2497,5,4,4,1
2498,5,4,4,1
2499,6,4,4,1
2500,5,4,4,1
2501,6,5,5,1
2502,6,4,4,1
2503,7,5,5,1
2504,5,4,4,1
2505,6,5,5,1
2506,6,4,4,1
2507,7,5,5,1
2508,6,4,4,1
2509,7,5,5,1
2510,7,4,4,1
2511,8,5,5,1
2512,5,4,4,1
2513,6,5,5,1
2514,6,5,5,1
2515,7,5,5,1
2516,6,5,5,1
2517,7,6,6,1
2518,7,5,5,1
2519,8,6,6,1
2520,6,4,4,1
2521,7,5,5,1
2522,7,5,5,1
2523,8,5,5,1
2524,7,5,5,1
2525,8,6,6,1
2526,8,5,5,1
2527,9,6,6,1
2528,5,3,3,1
2529,6,4,4,1
2530,6,4,4,1
2531,7,4,4,1
2532,6,4,4,1
2533,7,5,5,1
2534,7,4,4,1
2535,8,5,5,1
2536,6,4,4,1
2537,7,5,5,1
2538,7,4,4,1
2539,8,5,5,1
2540,7,4,4,1
2541,8,5,5,1
2542,8,4,4,1
2543,9,5,5,1
2544,6,4,4,1
2545,7,5,5,1
2546,7,5,5,1
2547,8,5,5,1
2548,7,5,5,1
2549,8,6,6,1
2550,8,5,5,1
2551,9,6,6,1
2552,7,4,4,1
2553,8,5,5,1
2554,8,5,5,1
2555,9,5,5,1
2556,8,5,5,1
2557,9,6,6,1
2558,9,5,5,1
2559,10,6,6,1
2560,2,1,1,1
2561,3,2,2,1
2562,3,2,2,1
2563,4,2,2,1
2564,3,2,2,1
2565,4,3,3,1
2566,4,2,2,1
2567,5,3,3,1
2568,3,2,2,1
2569,4,3,3,1
2570,4,2,2,1
2571,5,3,3,1
2572,4,2,2,1
2573,5,3,3,1
2574,5,2,2,1
2575,6,3,3,1
2576,3,2,2,1
2577,4,3,3,1
2578,4,3,3,1
2579,5,3,3,1
2580,4,3,3,1
2581,5,4,4,1
2582,5,3,3,1
2583,6,4,4,1
2584,4,2,2,1
2585,5,3,3,1
2586,5,3,3,1
2587,6,3,3,1
2588,5,3,3,1
2589,6,4,4,1
2590,6,3,3,1
2591,7,4,4,1
2592,3,2,2,1
2593,4,3,3,1
2594,4,3,3,1
2595,5,3,3,1
2596,4,3,3,1
2597,5,4,4,1
2598,5,3,3,1
2599,6,4,4,1
2600,4,2,2,1
2601,5,3,3,1
2602,5,3,3,1
2603,6,3,3,1
2604,5,3,3,1
2605,6,4,4,1
2606,6,3,3,1
2607,7,4,4,1
2608,4,2,2,1
2609,5,3,3,1
2610,5,3,3,1
2611,6,3,3,1
2612,5,3,3,1
2613,6,4,4,1
2614,6,3,3,1
2615,7,4,4,1
2616,5,2,2,1
2617,6,3,3,1
2618,6,3,3,1
2619,7,3,3,1
2620,6,3,3,1
2621,7,4,4,1
2622,7,3,3,1
2623,8,4,4,1
2624,3,2,2,1
2625,4,3,3,1
2626,4,3,3,1
2627,5,3,3,1
2628,4,3,3,1
2629,5,4,4,1
2630,5,3,3,1
2631,6,4,4,1
2632,4,3,3,1
2633,5,4,4,1
2634,5,3,3,1
2635,6,4,4,1
2636,5,3,3,1
2637,6,4,4,1
2638,6,3,3,1
2639,7,4,4,1
2640,4,3,3,1
2641,5,4,4,1
2642,5,4,4,1
2643,6,4,4,1
2644,5,4,4,1
2645,6,5,5,1
2646,6,4,4,1
2647,7,5,5,1
2648,5,3,3,1
2649,6,4,4,1
2650,6,4,4,1
2651,7,4,4,1
2652,6,4,4,1
2653,7,5,5,1
2654,7,4,4,1
2655,8,5,5,1
2656,4,2,2,1
2657,5,3,3,1
2658,5,3,3,1
2659,6,3,3,1
2660,5,3,3,1
2661,6,4,4,1
2662,6,3,3,1
2663,7,4,4,1
2664,5,3,3,1
2665,6,4,4,1
2666,6,3,3,1
2667,7,4,4,1
2668,6,3,3,1
2669,7,4,4,1
2670,7,3,3,1
2671,8,4,4,1
2672,5,3,3,1
2673,6,4,4,1
2674,6,4,4,1
2675,7,4,4,1
2676,6,4,4,1
2677,7,5,5,1
2678,7,4,4,1
2679,8,5,5,1
2680,6,3,3,1
2681,7,4,4,1
2682,7,4,4,1
2683,8,4,4,1
2684,7,4,4,1
2685,8,5,5,1
2686,8,4,4,1
2687,9,5,5,1
2688,3,2,2,1
2689,4,3,3,1
2690,4,3,3,1
2691,5,3,3,1
2692,4,3,3,1
2693,5,4,4,1
2694,5,3,3,1
2695,6,4,4,1
2696,4,3,3,1
2697,5,4,4,1
2698,5,3,3,1
2699,6,4,4,1
2700,5,3,3,1
2701,6,4,4,1
2702,6,3,3,1
2703,7,4,4,1
2704,4,3,3,1
2705,5,4,4,1
2706,5,4,4,1
2707,6,4,4,1
2708,5,4,4,1
2709,6,5,5,1
2710,6,4,4,1
2711,7,5,5,1
2712,5,3,3,1
2713,6,4,4,1
2714,6,4,4,1
2715,7,4,4,1
2716,6,4,4,1
2717,7,5,5,1
2718,7,4,4,1
2719,8,5,5,1
2720,4,2,2,1
2721,5,3,3,1
2722,5,3,3,1
2723,6,3,3,1
2724,5,3,3,1
2725,6,4,4,1
2726,6,3,3,1
2727,7,4,4,1
2728,5,3,3,1
2729,6,4,4,1
2730,6,3,3,1
2731,7,4,4,1
2732,6,3,3,1
2733,7,4,4,1
2734,7,3,3,1
2735,8,4,4,1
2736,5,3,3,1
2737,6,4,4,1
2738,6,4,4,1
2739,7,4,4,1
2740,6,4,4,1
2741,7,5,5,1
2742,7,4,4,1
2743,8,5,5,1
2744,6,3,3,1
2745,7,4,4,1
2746,7,4,4,1
2747,8,4,4,1
2748,7,4,4,1
2749,8,5,5,1
2750,8,4,4,1
2751,9,5,5,1
2752,4,2,2,1
2753,5,3,3,1
2754,5,3,3,1
2755,6,3,3,1
2756,5,3,3,1
2757,6,4,4,1
2758,6,3,3,1
2759,7,4,4,1
2760,5,3,3,1
2761,6,4,4,1
2762,6,3,3,1
2763,7,4,4,1
2764,6,3,3,1
2765,7,4,4,1
2766,7,3,3,1
2767,8,4,4,1
2768,5,3,3,1
2769,6,4,4,1
2770,6,4,4,1
2771,7,4,4,1
2772,6,4,4,1
2773,7,5,5,1
2774,7,4,4,1
2775,8,5,5,1
2776,6,3,3,1
2777,7,4,4,1
2778,7,4,4,1
2779,8,4,4,1
2780,7,4,4,1
2781,8,5,5,1
2782,8,4,4,1
2783,9,5,5,1
2784,5,2,2,1
2785,6,3,3,1
2786,6,3,3,1
2787,7,3,3,1
2788,6,3,3,1
2789,7,4,4,1
2790,7,3,3,1
2791,8,4,4,1
2792,6,3,3,1
2793,7,4,4,1
2794,7,3,3,1
2795,8,4,4,1
2796,7,3,3,1
2797,8,4,4,1
2798,8,3,3,1
2799,9,4,4,1
2800,6,3,3,1
2801,7,4,4,1
2802,7,4,4,1
2803,8,4,4,1
2804,7,4,4,1
2805,8,5,5,1
2806,8,4,4,1
2807,9,5,5,1
2808,7,3,3,1
2809,8,4,4,1
2810,8,4,4,1
2811,9,4,4,1
2812,8,4,4,1
2813,9,5,5,1
2814,9,4,4,1
2815,10,5,5,1
2816,3,2,2,1
2817,4,3,3,1
2818,4,3,3,1
2819,5,3,3,1
2820,4,3,3,1
2821,5,4,4,1
2822,5,3,3,1
2823,6,4,4,1
2824,4,3,3,1
2825,5,4,4,1
2826,5,3,3,1
2827,6,4,4,1
2828,5,3,3,1
2829,6,4,4,1
2830,6,3,3,1
2831,7,4,4,1
2832,4,3,3,1
2833,5,4,4,1
2834,5,4,4,1
2835,6,4,4,1
2836,5,4,4,1
2837,6,5,5,1
2838,6,4,4,1
2839,7,5,5,1
2840,5,3,3,1
2841,6,4,4,1
2842,6,4,4,1
2843,7,4,4,1
2844,6,4,4,1
2845,7,5,5,1
2846,7,4,4,1
2847,8,5,5,1
2848,4,3,3,1
2849,5,4,4,1
2850,5,4,4,1
2851,6,4,4,1
2852,5,4,4,1
2853,6,5,5,1
2854,6,4,4,1
2855,7,5,5,1
2856,5,3,3,1
2857,6,4,4,1
2858,6,4,4,1
2859,7,4,4,1
2860,6,4,4,1
2861,7,5,5,1
2862,7,4,4,1
2863,8,5,5,1
2864,5,3,3,1
2865,6,4,4,1
2866,6,4,4,1
2867,7,4,4,1
2868,6,4,4,1
2869,7,5,5,1
2870,7,4,4,1
2871,8,5,5,1
2872,6,3,3,1
2873,7,4,4,1
2874,7,4,4,1
2875,8,4,4,1
2876,7,4,4,1
2877,8,5,5,1
2878,8,4,4,1
2879,9,5,5,1
2880,4,3,3,1
2881,5,4,4,1
2882,5,4,4,1
2883,6,4,4,1
2884,5,4,4,1
2885,6,5,5,1
2886,6,4,4,1
2887,7,5,5,1
2888,5,4,4,1
2889,6,5,5,1
2890,6,4,4,1
2891,7,5,5,1
2892,6,4,4,1
2893,7,5,5,1
2894,7,4,4,1
2895,8,5,5,1
2896,5,4,4,1
2897,6,5,5,1
2898,6,5,5,1
2899,7,5,5,1
2900,6,5,5,1
2901,7,6,6,1
2902,7,5,5,1
2903,8,6,6,1
2904,6,4,4,1
2905,7,5,5,1
2906,7,5,5,1
2907,8,5,5,1
2908,7,5,5,1
2909,8,6,6,1
2910,8,5,5,1
2911,9,6,6,1
2912,5,3,3,1
2913,6,4,4,1
2914,6,4,4,1
2915,7,4,4,1
2916,6,4,4,1
2917,7,5,5,1
2918,7,4,4,1
2919,8,5,5,1
2920,6,4,4,1
2921,7,5,5,1
2922,7,4,4,1
2923,8,5,5,1
2924,7,4,4,1
2925,8,5,5,1
2926,8,4,4,1
2927,9,5,5,1
2928,6,4,4,1
2929,7,5,5,1
2930,7,5,5,1
2931,8,5,5,1
2932,7,5,5,1
2933,8,6,6,1
2934,8,5,5,1
2935,9,6,6,1
2936,7,4,4,1
2937,8,5,5,1
2938,8,5,5,1
2939,9,5,5,1
2940,8,5,5,1
2941,9,6,6,1
2942,9,5,5,1
2943,10,6,6,1
2944,4,2,2,1
2945,5,3,3,1
2946,5,3,3,1
2947,6,3,3,1
2948,5,3,3,1
2949,6,4,4,1
2950,6,3,3,1
2951,7,4,4,1
2952,5,3,3,1
2953,6,4,4,1
2954,6,3,3,1
2955,7,4,4,1
2956,6,3,3,1
2957,7,4,4,1
2958,7,3,3,1
2959,8,4,4,1
2960,5,3,3,1
2961,6,4,4,1
2962,6,4,4,1
2963,7,4,4,1
2964,6,4,4,1
2965,7,5,5,1
2966,7,4,4,1
2967,8,5,5,1
2968,6,3,3,1
2969,7,4,4,1
2970,7,4,4,1
2971,8,4,4,1
2972,7,4,4,1
2973,8,5,5,1
2974,8,4,4,1
2975,9,5,5,1
2976,5,3,3,1
2977,6,4,4,1
2978,6,4,4,1
2979,7,4,4,1
2980,6,4,4,1
2981,7,5,5,1
2982,7,4,4,1
2983,8,5,5,1
2984,6,3,3,1
2985,7,4,4,1
2986,7,4,4,1
2987,8,4,4,1
2988,7,4,4,1
2989,8,5,5,1
2990,8,4,4,1
2991,9,5,5,1
2992,6,3,3,1
2993,7,4,4,1
2994,7,4,4,1
2995,8,4,4,1
2996,7,4,4,1
2997,8,5,5,1
2998,8,4,4,1
2999,9,5,5,1
3000,7,3,3,1
3001,8,4,4,1
3002,8,4,4,1
3003,9,4,4,1
3004,8,4,4,1
3005,9,5,5,1
3006,9,4,4,1
3007,10,5,5,1
3008,5,3,3,1
3009,6,4,4,1
3010,6,4,4,1
3011,7,4,4,1
3012,6,4,4,1
3013,7,5,5,1
3014,7,4,4,1
3015,8,5,5,1
3016,6,4,4,1
3017,7,5,5,1
3018,7,4,4,1
3019,8,5,5,1
3020,7,4,4,1
3021,8,5,5,1
3022,8,4,4,1
3023,9,5,5,1
3024,6,4,4,1
3025,7,5,5,1
3026,7,5,5,1
3027,8,5,5,1
3028,7,5,5,1
3029,8,6,6,1
3030,8,5,5,1
3031,9,6,6,1
3032,7,4,4,1
3033,8,5,5,1
3034,8,5,5,1
3035,9,5,5,1
3036,8,5,5,1
3037,9,6,6,1
3038,9,5,5,1
3039,10,6,6,1
3040,6,3,3,1
3041,7,4,4,1
3042,7,4,4,1
3043,8,4,4,1
3044,7,4,4,1
3045,8,5,5,1
3046,8,4,4,1
3047,9,5,5,1
3048,7,4,4,1
3049,8,5,5,1
3050,8,4,4,1
3051,9,5,5,1
3052,8,4,4,1
3053,9,5,5,1
3054,9,4,4,1
3055,10,5,5,1
3056,7,4,4,1
3057,8,5,5,1
3058,8,5,5,1
3059,9,5,5,1
3060,8,5,5,1
3061,9,6,6,1
3062,9,5,5,1
3063,10,6,6,1
3064,8,4,4,1
3065,9,5,5,1
3066,9,5,5,1
3067,10,5,5,1
3068,9,5,5,1
3069,10,6,6,1
3070,10,5,5,1
3071,11,6,6,1
3072,2,1,1,1
3073,3,2,2,1
3074,3,2,2,1
3075,4,2,2,1
3076,3,2,2,1
3077,4,3,3,1
3078,4,2,2,1
3079,5,3,3,1
3080,3,2,2,1
3081,4,3,3,1
3082,4,2,2,1
3083,5,3,3,1
3084,4,2,2,1
3085,5,3,3,1
3086,5,2,2,1
3087,6,3,3,1
3088,3,2,2,1
3089,4,3,3,1
3090,4,3,3,1
3091,5,3,3,1
3092,4,3,3,1
3093,5,4,4,1
3094,5,3,3,1
3095,6,4,4,1
3096,4,2,2,1
3097,5,3,3,1
3098,5,3,3,1
3099,6,3,3,1
3100,5,3,3,1
3101,6,4,4,1
3102,6,3,3,1
3103,7,4,4,1
3104,3,2,2,1
3105,4,3,3,1
3106,4,3,3,1
3107,5,3,3,1
3108,4,3,3,1
3109,5,4,4,1
3110,5,3,3,1
3111,6,4,4,1
3112,4,2,2,1
3113,5,3,3,1
3114,5,3,3,1
3115,6,3,3,1
3116,5,3,3,1
3117,6,4,4,1
3118,6,3,3,1
3119,7,4,4,1
3120,4,2,2,1
3121,5,3,3,1
3122,5,3,3,1
3123,6,3,3,1
3124,5,3,3,1
3125,6,4,4,1
3126,6,3,3,1
3127,7,4,4,1
3128,5,2,2,1
3129,6,3,3,1
3130,6,3,3,1
3131,7,3,3,1
3132,6,3,3,1
3133,7,4,4,1
3134,7,3,3,1
3135,8,4,4,1
3136,3,2,2,1
3137,4,3,3,1
3138,4,3,3,1
3139,5,3,3,1
3140,4,3,3,1
3141,5,4,4,1
3142,5,3,3,1
3143,6,4,4,1
3144,4,3,3,1
3145,5,4,4,1
3146,5,3,3,1
3147,6,4,4,1
3148,5,3,3,1
3149,6,4,4,1
3150,6,3,3,1
3151,7,4,4,1
3152,4,3,3,1
3153,5,4,4,1
3154,5,4,4,1
3155,6,4,4,1
3156,5,4,4,1
3157,6,5,5,1
3158,6,4,4,1
3159,7,5,5,1
3160,5,3,3,1
3161,6,4,4,1
3162,6,4,4,1
3163,7,4,4,1
3164,6,4,4,1
3165,7,5,5,1
3166,7,4,4,1
3167,8,5,5,1
3168,4,2,2,1
3169,5,3,3,1
3170,5,3,3,1
3171,6,3,3,1
3172,5,3,3,1
3173,6,4,4,1
3174,6,3,3,1
3175,7,4,4,1
3176,5,3,3,1
3177,6,4,4,1
3178,6,3,3,1
3179,7,4,4,1
3180,6,3,3,1
3181,7,4,4,1
3182,7,3,3,1
3183,8,4,4,1
3184,5,3,3,1
3185,6,4,4,1
3186,6,4,4,1
3187,7,4,4,1
3188,6,4,4,1
3189,7,5,5,1
3190,7,4,4,1
3191,8,5,5,1
3192,6,3,3,1
3193,7,4,4,1
3194,7,4,4,1
3195,8,4,4,1
3196,7,4,4,1
3197,8,5,5,1
3198,8,4,4,1
3199,9,5,5,1
3200,3,2,2,1
3201,4,3,3,1
3202,4,3,3,1
3203,5,3,3,1
3204,4,3,3,1
3205,5,4,4,1
3206,5,3,3,1
3207,6,4,4,1
3208,4,3,3,1
3209,5,4,4,1
3210,5,3,3,1
3211,6,4,4,1
3212,5,3,3,1
3213,6,4,4,1
3214,6,3,3,1
3215,7,4,4,1
3216,4,3,3,1
3217,5,4,4,1
3218,5,4,4,1
3219,6,4,4,1
3220,5,4,4,1
3221,6,5,5,1
3222,6,4,4,1
3223,7,5,5,1
3224,5,3,3,1
3225,6,4,4,1
3226,6,4,4,1
3227,7,4,4,1
3228,6,4,4,1
3229,7,5,5,1
3230,7,4,4,1
3231,8,5,5,1
3232,4,2,2,1
3233,5,3,3,1
3234,5,3,3,1
3235,6,3,3,1
3236,5,3,3,1
3237,6,4,4,1
3238,6,3,3,1
3239,7,4,4,1
3240,5,3,3,1
3241,6,4,4,1
3242,6,3,3,1
3243,7,4,4,1
3244,6,3,3,1
3245,7,4,4,1
3246,7,3,3,1
3247,8,4,4,1
3248,5,3,3,1
3249,6,4,4,1
3250,6,4,4,1
3251,7,4,4,1
3252,6,4,4,1
3253,7,5,5,1
3254,7,4,4,1
3255,8,5,5,1
3256,6,3,3,1
3257,7,4,4,1
3258,7,4,4,1
3259,8,4,4,1
3260,7,4,4,1
3261,8,5,5,1
3262,8,4,4,1
3263,9,5,5,1
3264,4,2,2,1
3265,5,3,3,1
3266,5,3,3,1
3267,6,3,3,1
3268,5,3,3,1
3269,6,4,4,1
3270,6,3,3,1
3271,7,4,4,1
3272,5,3,3,1
3273,6,4,4,1
3274,6,3,3,1
3275,7,4,4,1
3276,6,3,3,1
3277,7,4,4,1
3278,7,3,3,1
3279,8,4,4,1
3280,5,3,3,1
3281,6,4,4,1
3282,6,4,4,1
3283,7,4,4,1
3284,6,4,4,1
3285,7,5,5,1
3286,7,4,4,1
3287,8,5,5,1
3288,6,3,3,1
3289,7,4,4,1
3290,7,4,4,1
3291,8,4,4,1
3292,7,4,4,1
3293,8,5,5,1
3294,8,4,4,1
3295,9,5,5,1
3296,5,2,2,1
3297,6,3,3,1
3298,6,3,3,1
3299,7,3,3,1
3300,6,3,3,1
3301,7,4,4,1
3302,7,3,3,1
3303,8,4,4,1
3304,6,3,3,1
3305,7,4,4,1
3306,7,3,3,1
3307,8,4,4,1
3308,7,3,3,1
3309,8,4,4,1
3310,8,3,3,1
3311,9,4,4,1
3312,6,3,3,1
3313,7,4,4,1
3314,7,4,4,1
3315,8,4,4,1
3316,7,4,4,1
3317,8,5,5,1
3318,8,4,4,1
3319,9,5,5,1
3320,7,3,3,1
3321,8,4,4,1
3322,8,4,4,1
3323,9,4,4,1
3324,8,4,4,1
3325,9,5,5,1
3326,9,4,4,1
3327,10,5,5,1
3328,3,2,2,1
3329,4,3,3,1
3330,4,3,3,1
3331,5,3,3,1
3332,4,3,3,1
3333,5,4,4,1
3334,5,3,3,1
3335,6,4,4,1
3336,4,3,3,1
3337,5,4,4,1
3338,5,3,3,1
3339,6,4,4,1
3340,5,3,3,1
3341,6,4,4,1
3342,6,3,3,1
3343,7,4,4,1
3344,4,3,3,1
3345,5,4,4,1
3346,5,4,4,1
3347,6,4,4,1
3348,5,4,4,1
3349,6,5,5,1
3350,6,4,4,1
3351,7,5,5,1
3352,5,3,3,1
3353,6,4,4,1
3354,6,4,4,1
3355,7,4,4,1
3356,6,4,4,1
3357,7,5,5,1
3358,7,4,4,1
3359,8,5,5,1
3360,4,3,3,1
3361,5,4,4,1
3362,5,4,4,1
3363,6,4,4,1
3364,5,4,4,1
3365,6,5,5,1
3366,6,4,4,1
3367,7,5,5,1
3368,5,3,3,1
3369,6,4,4,1
3370,6,4,4,1
3371,7,4,4,1
3372,6,4,4,1
3373,7,5,5,1
3374,7,4,4,1
3375,8,5,5,1
3376,5,3,3,1
3377,6,4,4,1
3378,6,4,4,1
3379,7,4,4,1
3380,6,4,4,1
3381,7,5,5,1
3382,7,4,4,1
3383,8,5,5,1
3384,6,3,3,1
3385,7,4,4,1
3386,7,4,4,1
3387,8,4,4,1
3388,7,4,4,1
3389,8,5,5,1
3390,8,4,4,1
3391,9,5,5,1
3392,4,3,3,1
3393,5,4,4,1
3394,5,4,4,1
3395,6,4,4,1
3396,5,4,4,1
3397,6,5,5,1
3398,6,4,4,1
3399,7,5,5,1
3400,5,4,4,1
3401,6,5,5,1
3402,6,4,4,1
3403,7,5,5,1
3404,6,4,4,1
3405,7,5,5,1
3406,7,4,4,1
3407,8,5,5,1
3408,5,4,4,1
3409,6,5,5,1
3410,6,5,5,1
3411,7,5,5,1
3412,6,5,5,1
3413,7,6,6,1
3414,7,5,5,1
3415,8,6,6,1
3416,6,4,4,1
3417,7,5,5,1
3418,7,5,5,1
3419,8,5,5,1
3420,7,5,5,1
3421,8,6,6,1
3422,8,5,5,1
3423,9,6,6,1
3424,5,3,3,1
3425,6,4,4,1
3426,6,4,4,1
3427,7,4,4,1
3428,6,4,4,1
3429,7,5,5,1
3430,7,4,4,1
3431,8,5,5,1
3432,6,4,4,1
3433,7,5,5,1
3434,7,4,4,1
3435,8,5,5,1
3436,7,4,4,1
3437,8,5,5,1
3438,8,4,4,1
3439,9,5,5,1
3440,6,4,4,1
3441,7,5,5,1
3442,7,5,5,1
3443,8,5,5,1
3444,7,5,5,1
3445,8,6,6,1
3446,8,5,5,1
3447,9,6,6,1
3448,7,4,4,1
3449,8,5,5,1
3450,8,5,5,1
3451,9,5,5,1
3452,8,5,5,1
3453,9,6,6,1
3454,9,5,5,1
3455,10,6,6,1
3456,4,2,2,1
3457,5,3,3,1
3458,5,3,3,1
3459,6,3,3,1
3460,5,3,3,1
3461,6,4,4,1
3462,6,3,3,1
3463,7,4,4,1
3464,5,3,3,1
3465,6,4,4,1
3466,6,3,3,1
3467,7,4,4,1
3468,6,3,3,1
3469,7,4,4,1
3470,7,3,3,1
3471,8,4,4,1
3472,5,3,3,1
3473,6,4,4,1
3474,6,4,4,1
3475,7,4,4,1
3476,6,4,4,1
3477,7,5,5,1
3478,7,4,4,1
3479,8,5,5,1
3480,6,3,3,1
3481,7,4,4,1
3482,7,4,4,1
3483,8,4,4,1
3484,7,4,4,1
3485,8,5,5,1
3486,8,4,4,1
3487,9,5,5,1
3488,5,3,3,1
3489,6,4,4,1
3490,6,4,4,1
3491,7,4,4,1
3492,6,4,4,1
3493,7,5,5,1
3494,7,4,4,1
3495,8,5,5,1
3496,6,3,3,1
3497,7,4,4,1
3498,7,4,4,1
3499,8,4,4,1
3500,7,4,4,1
3501,8,5,5,1
3502,8,4,4,1
3503,9,5,5,1
3504,6,3,3,1
3505,7,4,4,1
3506,7,4,4,1
3507,8,4,4,1
3508,7,4,4,1
3509,8,5,5,1
3510,8,4,4,1
3511,9,5,5,1
3512,7,3,3,1
3513,8,4,4,1
3514,8,4,4,1
3515,9,4,4,1
3516,8,4,4,1
3517,9,5,5,1
3518,9,4,4,1
3519,10,5,5,1
3520,5,3,3,1
3521,6,4,4,1
3522,6,4,4,1
3523,7,4,4,1
3524,6,4,4,1
3525,7,5,5,1
3526,7,4,4,1
3527,8,5,5,1
3528,6,4,4,1
3529,7,5,5,1
3530,7,4,4,1
3531,8,5,5,1
3532,7,4,4,1
3533,8,5,5,1
3534,8,4,4,1
3535,9,5,5,1
3536,6,4,4,1
3537,7,5,5,1
3538,7,5,5,1
3539,8,5,5,1
3540,7,5,5,1
3541,8,6,6,1
3542,8,5,5,1
3543,9,6,6,1
3544,7,4,4,1
3545,8,5,5,1
3546,8,5,5,1
3547,9,5,5,1
3548,8,5,5,1
3549,9,6,6,1
3550,9,5,5,1
3551,10,6,6,1
3552,6,3,3,1
3553,7,4,4,1
3554,7,4,4,1
3555,8,4,4,1
3556,7,4,4,1
3557,8,5,5,1
3558,8,4,4,1
3559,9,5,5,1
3560,7,4,4,1
3561,8,5,5,1
3562,8,4,4,1
3563,9,5,5,1
3564,8,4,4,1
3565,9,5,5,1
3566,9,4,4,1
3567,10,5,5,1
3568,7,4,4,1
3569,8,5,5,1
3570,8,5,5,1
3571,9,5,5,1
3572,8,5,5,1
3573,9,6,6,1
3574,9,5,5,1
3575,10,6,6,1
3576,8,4,4,1
3577,9,5,5,1
3578,9,5,5,1
3579,10,5,5,1
3580,9,5,5,1
3581,10,6,6,1
3582,10,5,5,1
3583,11,6,6,1
3584,3,1,1,1
3585,4,2,2,1
3586,4,2,2,1
3587,5,2,2,1
3588,4,2,2,1
3589,5,3,3,1
3590,5,2,2,1
3591,6,3,3,1
3592,4,2,2,1
3593,5,3,3,1
3594,5,2,2,1
3595,6,3,3,1
3596,5,2,2,1
3597,6,3,3,1
3598,6,2,2,1
3599,7,3,3,1
3600,4,2,2,1
3601,5,3,3,1
3602,5,3,3,1
3603,6,3,3,1
3604,5,3,3,1
3605,6,4,4,1
3606,6,3,3,1
3607,7,4,4,1
3608,5,2,2,1
3609,6,3,3,1
3610,6,3,3,1
3611,7,3,3,1
3612,6,3,3,1
3613,7,4,4,1
3614,7,3,3,1
3615,8,4,4,1
3616,4,2,2,1
3617,5,3,3,1
3618,5,3,3,1
3619,6,3,3,1
3620,5,3,3,1
3621,6,4,4,1
3622,6,3,3,1
3623,7,4,4,1
3624,5,2,2,1
3625,6,3,3,1
3626,6,3,3,1
3627,7,3,3,1
3628,6,3,3,1
3629,7,4,4,1
3630,7,3,3,1
3631,8,4,4,1
3632,5,2,2,1
3633,6,3,3,1
3634,6,3,3,1
3635,7,3,3,1
3636,6,3,3,1
3637,7,4,4,1
3638,7,3,3,1
3639,8,4,4,1
3640,6,2,2,1
3641,7,3,3,1
3642,7,3,3,1
3643,8,3,3,1
3644,7,3,3,1
3645,8,4,4,1
3646,8,3,3,1
3647,9,4,4,1
3648,4,2,2,1
3649,5,3,3,1
3650,5,3,3,1
3651,6,3,3,1
3652,5,3,3,1
3653,6,4,4,1
3654,6,3,3,1
3655,7,4,4,1
3656,5,3,3,1
3657,6,4,4,1
3658,6,3,3,1
3659,7,4,4,1
3660,6,3,3,1
3661,7,4,4,1
3662,7,3,3,1
3663,8,4,4,1
3664,5,3,3,1
3665,6,4,4,1
3666,6,4,4,1
3667,7,4,4,1
3668,6,4,4,1
3669,7,5,5,1
3670,7,4,4,1
3671,8,5,5,1
3672,6,3,3,1
3673,7,4,4,1
3674,7,4,4,1
3675,8,4,4,1
3676,7,4,4,1
3677,8,5,5,1
3678,8,4,4,1
3679,9,5,5,1
3680,5,2,2,1
3681,6,3,3,1
3682,6,3,3,1
3683,7,3,3,1
3684,6,3,3,1
3685,7,4,4,1
3686,7,3,3,1
3687,8,4,4,1
3688,6,3,3,1
3689,7,4,4,1
3690,7,3,3,1
3691,8,4,4,1
3692,7,3,3,1
3693,8,4,4,1
3694,8,3,3,1
3695,9,4,4,1
3696,6,3,3,1
3697,7,4,4,1
3698,7,4,4,1
3699,8,4,4,1
3700,7,4,4,1
3701,8,5,5,1
3702,8,4,4,1
3703,9,5,5,1
3704,7,3,3,1
3705,8,4,4,1
3706,8,4,4,1
3707,9,4,4,1
3708,8,4,4,1
3709,9,5,5,1
3710,9,4,4,1
3711,10,5,5,1
3712,4,2,2,1
3713,5,3,3,1
3714,5,3,3,1
3715,6,3,3,1
3716,5,3,3,1
3717,6,4,4,1
3718,6,3,3,1
3719,7,4,4,1
3720,5,3,3,1
3721,6,4,4,1
3722,6,3,3,1
3723,7,4,4,1
3724,6,3,3,1
3725,7,4,4,1
3726,7,3,3,1
3727,8,4,4,1
3728,5,3,3,1
3729,6,4,4,1
3730,6,4,4,1
3731,7,4,4,1
3732,6,4,4,1
3733,7,5,5,1
3734,7,4,4,1
3735,8,5,5,1
3736,6,3,3,1
3737,7,4,4,1
3738,7,4,4,1
3739,8,4,4,1
3740,7,4,4,1
3741,8,5,5,1
3742,8,4,4,1
3743,9,5,5,1
3744,5,2,2,1
3745,6,3,3,1
3746,6,3,3,1
3747,7,3,3,1
3748,6,3,3,1
3749,7,4,4,1
3750,7,3,3,1
3751,8,4,4,1
3752,6,3,3,1
3753,7,4,4,1
3754,7,3,3,1
3755,8,4,4,1
3756,7,3,3,1
3757,8,4,4,1
3758,8,3,3,1
3759,9,4,4,1
3760,6,3,3,1
3761,7,4,4,1
3762,7,4,4,1
3763,8,4,4,1
3764,7,4,4,1
3765,8,5,5,1
3766,8,4,4,1
3767,9,5,5,1
3768,7,3,3,1
3769,8,4,4,1
3770,8,4,4,1
3771,9,4,4,1
3772,8,4,4,1
3773,9,5,5,1
3774,9,4,4,1
3775,10,5,5,1
3776,5,2,2,1
3777,6,3,3,1
3778,6,3,3,1
3779,7,3,3,1
3780,6,3,3,1
3781,7,4,4,1
3782,7,3,3,1
3783,8,4,4,1
3784,6,3,3,1
3785,7,4,4,1
3786,7,3,3,1
3787,8,4,4,1
3788,7,3,3,1
3789,8,4,4,1
3790,8,3,3,1
3791,9,4,4,1
3792,6,3,3,1
3793,7,4,4,1
3794,7,4,4,1
3795,8,4,4,1
3796,7,4,4,1
3797,8,5,5,1
3798,8,4,4,1
3799,9,5,5,1
3800,7,3,3,1
3801,8,4,4,1
3802,8,4,4,1
3803,9,4,4,1
3804,8,4,4,1
3805,9,5,5,1
3806,9,4,4,1
3807,10,5,5,1
3808,6,2,2,1
3809,7,3,3,1
3810,7,3,3,1
3811,8,3,3,1
3812,7,3,3,1
3813,8,4,4,1
3814,8,3,3,1
3815,9,4,4,1
3816,7,3,3,1
3817,8,4,4,1
3818,8,3,3,1
3819,9,4,4,1
3820,8,3,3,1
3821,9,4,4,1
3822,9,3,3,1
3823,10,4,4,1
3824,7,3,3,1
3825,8,4,4,1
3826,8,4,4,1
3827,9,4,4,1
3828,8,4,4,1
3829,9,5,5,1
3830,9,4,4,1
3831,10,5,5,1
3832,8,3,3,1
3833,9,4,4,1
3834,9,4,4,1
3835,10,4,4,1
3836,9,4,4,1
3837,10,5,5,1
3838,10,4,4,1
3839,11,5,5,1
3840,4,2,2,1
3841,5,3,3,1
3842,5,3,3,1
3843,6,3,3,1
3844,5,3,3,1
3845,6,4,4,1
3846,6,3,3,1
3847,7,4,4,1
3848,5,3,3,1
3849,6,4,4,1
3850,6,3,3,1
3851,7,4,4,1
3852,6,3,3,1
3853,7,4,4,1
3854,7,3,3,1
3855,8,4,4,1
3856,5,3,3,1
3857,6,4,4,1
3858,6,4,4,1
3859,7,4,4,1
3860,6,4,4,1
3861,7,5,5,1
3862,7,4,4,1
3863,8,5,5,1
3864,6,3,3,1
3865,7,4,4,1
3866,7,4,4,1
3867,8,4,4,1
3868,7,4,4,1
3869,8,5,5,1
3870,8,4,4,1
3871,9,5,5,1
3872,5,3,3,1
3873,6,4,4,1
3874,6,4,4,1
3875,7,4,4,1
3876,6,4,4,1
3877,7,5,5,1
3878,7,4,4,1
3879,8,5,5,1
3880,6,3,3,1
3881,7,4,4,1
3882,7,4,4,1
3883,8,4,4,1
3884,7,4,4,1
3885,8,5,5,1
3886,8,4,4,1
3887,9,5,5,1
3888,6,3,3,1
3889,7,4,4,1
3890,7,4,4,1
3891,8,4,4,1
3892,7,4,4,1
3893,8,5,5,1
3894,8,4,4,1
3895,9,5,5,1
3896,7,3,3,1
3897,8,4,4,1
3898,8,4,4,1
3899,9,4,4,1
3900,8,4,4,1
3901,9,5,5,1
3902,9,4,4,1
3903,10,5,5,1
3904,5,3,3,1
3905,6,4,4,1
3906,6,4,4,1
3907,7,4,4,1
3908,6,4,4,1
3909,7,5,5,1
3910,7,4,4,1
3911,8,5,5,1
3912,6,4,4,1
3913,7,5,5,1
3914,7,4,4,1
3915,8,5,5,1
3916,7,4,4,1
3917,8,5,5,1
3918,8,4,4,1
3919,9,5,5,1
3920,6,4,4,1
3921,7,5,5,1
3922,7,5,5,1
3923,8,5,5,1
3924,7,5,5,1
3925,8,6,6,1
3926,8,5,5,1
3927,9,6,6,1
3928,7,4,4,1
3929,8,5,5,1
3930,8,5,5,1
3931,9,5,5,1
3932,8,5,5,1
3933,9,6,6,1
3934,9,5,5,1
3935,10,6,6,1
3936,6,3,3,1
3937,7,4,4,1
3938,7,4,4,1
3939,8,4,4,1
3940,7,4,4,1
3941,8,5,5,1
3942,8,4,4,1
3943,9,5,5,1
3944,7,4,4,1
3945,8,5,5,1
3946,8,4,4,1
3947,9,5,5,1
3948,8,4,4,1
3949,9,5,5,1
3950,9,4,4,1
3951,10,5,5,1
3952,7,4,4,1
3953,8,5,5,1
3954,8,5,5,1
3955,9,5,5,1
3956,8,5,5,1
3957,9,6,6,1
3958,9,5,5,1
3959,10,6,6,1
3960,8,4,4,1
3961,9,5,5,1
3962,9,5,5,1
3963,10,5,5,1
3964,9,5,5,1
3965,10,6,6,1
3966,10,5,5,1
3967,11,6,6,1
3968,5,2,2,1
3969,6,3,3,1
3970,6,3,3,1
3971,7,3,3,1
3972,6,3,3,1
3973,7,4,4,1
3974,7,3,3,1
3975,8,4,4,1
3976,6,3,3,1
3977,7,4,4,1
3978,7,3,3,1
3979,8,4,4,1
3980,7,3,3,1
3981,8,4,4,1
3982,8,3,3,1
3983,9,4,4,1
3984,6,3,3,1
3985,7,4,4,1
3986,7,4,4,1
3987,8,4,4,1
3988,7,4,4,1
3989,8,5,5,1
3990,8,4,4,1
3991,9,5,5,1
3992,7,3,3,1
3993,8,4,4,1
3994,8,4,4,1
3995,9,4,4,1
3996,8,4,4,1
3997,9,5,5,1
3998,9,4,4,1
3999,10,5,5,1
4000,6,3,3,1
4001,7,4,4,1
4002,7,4,4,1
4003,8,4,4,1
4004,7,4,4,1
4005,8,5,5,1
4006,8,4,4,1
4007,9,5,5,1
4008,7,3,3,1
4009,8,4,4,1
4010,8,4,4,1
4011,9,4,4,1
4012,8,4,4,1
4013,9,5,5,1
4014,9,4,4,1
4015,10,5,5,1
4016,7,3,3,1
4017,8,4,4,1
4018,8,4,4,1
4019,9,4,4,1
4020,8,4,4,1
4021,9,5,5,1
4022,9,4,4,1
4023,10,5,5,1
4024,8,3,3,1
4025,9,4,4,1
4026,9,4,4,1
4027,10,4,4,1
4028,9,4,4,1
4029,10,5,5,1
4030,10,4,4,1
4031,11,5,5,1
4032,6,3,3,1
4033,7,4,4,1
4034,7,4,4,1
4035,8,4,4,1
4036,7,4,4,1
4037,8,5,5,1
4038,8,4,4,1
4039,9,5,5,1
4040,7,4,4,1
4041,8,5,5,1
4042,8,4,4,1
4043,9,5,5,1
4044,8,4,4,1
4045,9,5,5,1
4046,9,4,4,1
4047,10,5,5,1
4048,7,4,4,1
4049,8,5,5,1
4050,8,5,5,1
4051,9,5,5,1
4052,8,5,5,1
4053,9,6,6,1
4054,9,5,5,1
4055,10,6,6,1
4056,8,4,4,1
4057,9,5,5,1
4058,9,5,5,1
4059,10,5,5,1
4060,9,5,5,1
4061,10,6,6,1
4062,10,5,5,1
4063,11,6,6,1
4064,7,3,3,1
4065,8,4,4,1
4066,8,4,4,1
4067,9,4,4,1
4068,8,4,4,1
4069,9,5,5,1
4070,9,4,4,1
4071,10,5,5,1
4072,8,4,4,1
4073,9,5,5,1
4074,9,4,4,1
4075,10,5,5,1
4076,9,4,4,1
4077,10,5,5,1
4078,10,4,4,1
4079,11,5,5,1
4080,8,4,4,1
4081,9,5,5,1
4082,9,5,5,1
4083,10,5,5,1
4084,9,5,5,1
4085,10,6,6,1
4086,10,5,5,1
4087,11,6,6,1
4088,9,4,4,1
4089,10,5,5,1
4090,10,5,5,1
4091,11,5,5,1
4092,10,5,5,1
4093,11,6,6,1
4094,11,5,5,1
4095,12,6,6,1
4096,1,1,1,1
4097,2,2,2,1
4098,2,2,2,1
4099,3,2,2,1
4100,2,2,2,1
4101,3,3,3,1
4102,3,2,2,1
4103,4,3,3,1
4104,2,2,2,1
4105,3,3,3,1
4106,3,2,2,1
4107,4,3,3,1
4108,3,2,2,1
4109,4,3,3,1
4110,4,2,2,1
4111,5,3,3,1
4112,2,2,2,1
4113,3,3,3,1
4114,3,3,3,1
4115,4,3,3,1
4116,3,3,3,1
4117,4,4,4,1
4118,4,3,3,1
4119,5,4,4,1
4120,3,2,2,1
4121,4,3,3,1
4122,4,3,3,1
4123,5,3,3,1
4124,4,3,3,1
4125,5,4,4,1
4126,5,3,3,1
4127,6,4,4,1
4128,2,2,2,1
4129,3,3,3,1
4130,3,3,3,1
4131,4,3,3,1
4132,3,3,3,1
4133,4,4,4,1
4134,4,3,3,1
4135,5,4,4,1
4136,3,2,2,1
4137,4,3,3,1
4138,4,3,3,1
4139,5,3,3,1
4140,4,3,3,1
4141,5,4,4,1
4142,5,3,3,1
4143,6,4,4,1
4144,3,2,2,1
4145,4,3,3,1
4146,4,3,3,1
4147,5,3,3,1
4148,4,3,3,1
4149,5,4,4,1
4150,5,3,3,1
4151,6,4,4,1
4152,4,2,2,1
4153,5,3,3,1
4154,5,3,3,1
4155,6,3,3,1
4156,5,3,3,1
4157,6,4,4,1
4158,6,3,3,1
4159,7,4,4,1
4160,2,2,2,1
4161,3,3,3,1
4162,3,3,3,1
4163,4,3,3,1
4164,3,3,3,1
4165,4,4,4,1
4166,4,3,3,1
4167,5,4,4,1
4168,3,3,3,1
4169,4,4,4,1
4170,4,3,3,1
4171,5,4,4,1
4172,4,3,3,1
4173,5,4,4,1
4174,5,3,3,1
4175,6,4,4,1
4176,3,3,3,1
4177,4,4,4,1
4178,4,4,4,1
4179,5,4,4,1
4180,4,4,4,1
4181,5,5,5,1
4182,5,4,4,1
4183,6,5,5,1
4184,4,3,3,1
4185,5,4,4,1
4186,5,4,4,1
4187,6,4,4,1
4188,5,4,4,1
4189,6,5,5,1
4190,6,4,4,1
4191,7,5,5,1
4192,3,2,2,1
4193,4,3,3,1
4194,4,3,3,1
4195,5,3,3,1
4196,4,3,3,1
4197,5,4,4,1
4198,5,3,3,1
4199,6,4,4,1
4200,4,3,3,1
4201,5,4,4,1
4202,5,3,3,1
4203,6,4,4,1
4204,5,3,3,1
4205,6,4,4,1
4206,6,3,3,1
4207,7,4,4,1
4208,4,3,3,1
4209,5,4,4,1
4210,5,4,4,1
4211,6,4,4,1
4212,5,4,4,1
4213,6,5,5,1
4214,6,4,4,1
4215,7,5,5,1
4216,5,3,3,1
4217,6,4,4,1
4218,6,4,4,1
4219,7,4,4,1
4220,6,4,4,1
4221,7,5,5,1
4222,7,4,4,1
4223,8,5,5,1
4224,2,2,2,1
4225,3,3,3,1
4226,3,3,3,1
4227,4,3,3,1
4228,3,3,3,1
4229,4,4,4,1
4230,4,3,3,1
4231,5,4,4,1
4232,3,3,3,1
4233,4,4,4,1
4234,4,3,3,1
4235,5,4,4,1
4236,4,3,3,1
4237,5,4,4,1
4238,5,3,3,1
4239,6,4,4,1
4240,3,3,3,1
4241,4,4,4,1
4242,4,4,4,1
4243,5,4,4,1
4244,4,4,4,1
4245,5,5,5,1
4246,5,4,4,1
4247,6,5,5,1
4248,4,3,3,1
4249,5,4,4,1
4250,5,4,4,1
4251,6,4,4,1
4252,5,4,4,1
4253,6,5,5,1
4254,6,4,4,1
4255,7,5,5,1
4256,3,2,2,1
4257,4,3,3,1
4258,4,3,3,1
4259,5,3,3,1
4260,4,3,3,1
4261,5,4,4,1
4262,5,3,3,1
4263,6,4,4,1
4264,4,3,3,1
4265,5,4,4,1
4266,5,3,3,1
4267,6,4,4,1
4268,5,3,3,1
4269,6,4,4,1
4270,6,3,3,1
4271,7,4,4,1
4272,4,3,3,1
4273,5,4,4,1
4274,5,4,4,1
4275,6,4,4,1
4276,5,4,4,1
4277,6,5,5,1
4278,6,4,4,1
4279,7,5,5,1
4280,5,3,3,1
4281,6,4,4,1
4282,6,4,4,1
4283,7,4,4,1
4284,6,4,4,1
4285,7,5,5,1
4286,7,4,4,1
4287,8,5,5,1
4288,3,2,2,1
4289,4,3,3,1
4290,4,3,3,1
4291,5,3,3,1
4292,4,3,3,1
4293,5,4,4,1
4294,5,3,3,1
4295,6,4,4,1
4296,4,3,3,1
4297,5,4,4,1
4298,5,3,3,1
4299,6,4,4,1
4300,5,3,3,1
4301,6,4,4,1
4302,6,3,3,1
4303,7,4,4,1
4304,4,3,3,1
4305,5,4,4,1
4306,5,4,4,1
4307,6,4,4,1
4308,5,4,4,1
4309,6,5,5,1
4310,6,4,4,1
4311,7,5,5,1
4312,5,3,3,1
4313,6,4,4,1
4314,6,4,4,1
4315,7,4,4,1
4316,6,4,4,1
4317,7,5,5,1
4318,7,4,4,1
4319,8,5,5,1
4320,4,2,2,1
4321,5,3,3,1
4322,5,3,3,1
4323,6,3,3,1
4324,5,3,3,1
4325,6,4,4,1
4326,6,3,3,1
4327,7,4,4,1
4328,5,3,3,1
4329,6,4,4,1
4330,6,3,3,1
4331,7,4,4,1
4332,6,3,3,1
4333,7,4,4,1
4334,7,3,3,1
4335,8,4,4,1
4336,5,3,3,1
4337,6,4,4,1
4338,6,4,4,1
4339,7,4,4,1
4340,6,4,4,1
4341,7,5,5,1
4342,7,4,4,1
4343,8,5,5,1
4344,6,3,3,1
4345,7,4,4,1
4346,7,4,4,1
4347,8,4,4,1
4348,7,4,4,1
4349,8,5,5,1
4350,8,4,4,1
4351,9,5,5,1
4352,2,2,2,1
4353,3,3,3,1
4354,3,3,3,1
4355,4,3,3,1
4356,3,3,3,1
4357,4,4,4,1
4358,4,3,3,1
4359,5,4,4,1
4360,3,3,3,1
4361,4,4,4,1
4362,4,3,3,1
4363,5,4,4,1
4364,4,3,3,1
4365,5,4,4,1
4366,5,3,3,1
4367,6,4,4,1
4368,3,3,3,1
4369,4,4,4,1
4370,4,4,4,1
4371,5,4,4,1
4372,4,4,4,1
4373,5,5,5,1
4374,5,4,4,1
4375,6,5,5,1
4376,4,3,3,1
4377,5,4,4,1
4378,5,4,4,1
4379,6,4,4,1
4380,5,4,4,1
4381,6,5,5,1
4382,6,4,4,1
4383,7,5,5,1
4384,3,3,3,1
4385,4,4,4,1
4386,4,4,4,1
4387,5,4,4,1
4388,4,4,4,1
4389,5,5,5,1
4390,5,4,4,1
4391,6,5,5,1
4392,4,3,3,1
4393,5,4,4,1
4394,5,4,4,1
4395,6,4,4,1
4396,5,4,4,1
4397,6,5,5,1
4398,6,4,4,1
4399,7,5,5,1
4400,4,3,3,1
4401,5,4,4,1
4402,5,4,4,1
4403,6,4,4,1
4404,5,4,4,1
4405,6,5,5,1
4406,6,4,4,1
4407,7,5,5,1
4408,5,3,3,1
4409,6,4,4,1
4410,6,4,4,1
4411,7,4,4,1
4412,6,4,4,1
4413,7,5,5,1
4414,7,4,4,1
4415,8,5,5,1
4416,3,3,3,1
4417,4,4,4,1
4418,4,4,4,1
4419,5,4,4,1
4420,4,4,4,1
4421,5,5,5,1
4422,5,4,4,1
4423,6,5,5,1
4424,4,4,4,1
4425,5,5,5,1
4426,5,4,4,1
4427,6,5,5,1
4428,5,4,4,1
4429,6,5,5,1
4430,6,4,4,1
4431,7,5,5,1
4432,4,4,4,1
4433,5,5,5,1
4434,5,5,5,1
4435,6,5,5,1
4436,5,5,5,1
4437,6,6,6,1
4438,6,5,5,1
4439,7,6,6,1
4440,5,4,4,1
4441,6,5,5,1
4442,6,5,5,1
4443,7,5,5,1
4444,6,5,5,1
4445,7,6,6,1
4446,7,5,5,1
4447,8,6,6,1
4448,4,3,3,1
4449,5,4,4,1
4450,5,4,4,1
4451,6,4,4,1
4452,5,4,4,1
4453,6,5,5,1
4454,6,4,4,1
4455,7,5,5,1
4456,5,4,4,1
4457,6,5,5,1
4458,6,4,4,1
4459,7,5,5,1
4460,6,4,4,1
4461,7,5,5,1
4462,7,4,4,1
4463,8,5,5,1
4464,5,4,4,1
4465,6,5,5,1
4466,6,5,5,1
4467,7,5,5,1
4468,6,5,5,1
4469,7,6,6,1
4470,7,5,5,1
4471,8,6,6,1
4472,6,4,4,1
4473,7,5,5,1
4474,7,5,5,1
4475,8,5,5,1
4476,7,5,5,1
4477,8,6,6,1
4478,8,5,5,1
4479,9,6,6,1
4480,3,2,2,1
4481,4,3,3,1
4482,4,3,3,1
4483,5,3,3,1
4484,4,3,3,1
4485,5,4,4,1
4486,5,3,3,1
4487,6,4,4,1
4488,4,3,3,1
4489,5,4,4,1
4490,5,3,3,1
4491,6,4,4,1
4492,5,3,3,1
4493,6,4,4,1
4494,6,3,3,1
4495,7,4,4,1
4496,4,3,3,1
4497,5,4,4,1
4498,5,4,4,1
4499,6,4,4,1
4500,5,4,4,1
4501,6,5,5,1
4502,6,4,4,1
4503,7,5,5,1
4504,5,3,3,1
4505,6,4,4,1
4506,6,4,4,1
4507,7,4,4,1
4508,6,4,4,1
4509,7,5,5,1
4510,7,4,4,1
4511,8,5,5,1
4512,4,3,3,1
4513,5,4,4,1
4514,5,4,4,1
4515,6,4,4,1
4516,5,4,4,1
4517,6,5,5,1
4518,6,4,4,1
4519,7,5,5,1
4520,5,3,3,1
4521,6,4,4,1
4522,6,4,4,1
4523,7,4,4,1
4524,6,4,4,1
4525,7,5,5,1
4526,7,4,4,1
4527,8,5,5,1
4528,5,3,3,1
4529,6,4,4,1
4530,6,4,4,1
4531,7,4,4,1
4532,6,4,4,1
4533,7,5,5,1
4534,7,4,4,1
4535,8,5,5,1
4536,6,3,3,1
4537,7,4,4,1
4538,7,4,4,1
4539,8,4,4,1
4540,7,4,4,1
4541,8,5,5,1
4542,8,4,4,1
4543,9,5,5,1
4544,4,3,3,1
4545,5,4,4,1
4546,5,4,4,1
4547,6,4,4,1
4548,5,4,4,1
4549,6,5,5,1
4550,6,4,4,1
4551,7,5,5,1
4552,5,4,4,1
4553,6,5,5,1
4554,6,4,4,1
4555,7,5,5,1
4556,6,4,4,1
4557,7,5,5,1
4558,7,4,4,1
4559,8,5,5,1
4560,5,4,4,1
4561,6,5,5,1
4562,6,5,5,1
4563,7,5,5,1
4564,6,5,5,1
4565,7,6,6,1
4566,7,5,5,1
4567,8,6,6,1
4568,6,4,4,1
4569,7,5,5,1
4570,7,5,5,1
4571,8,5,5,1
4572,7,5,5,1
4573,8,6,6,1
4574,8,5,5,1
4575,9,6,6,1
4576,5,3,3,1
4577,6,4,4,1
4578,6,4,4,1
4579,7,4,4,1
4580,6,4,4,1
4581,7,5,5,1
4582,7,4,4,1
4583,8,5,5,1
4584,6,4,4,1
4585,7,5,5,1
4586,7,4,4,1
4587,8,5,5,1
4588,7,4,4,1
4589,8,5,5,1
4590,8,4,4,1
4591,9,5,5,1
4592,6,4,4,1
4593,7,5,5,1
4594,7,5,5,1
4595,8,5,5,1
4596,7,5,5,1
4597,8,6,6,1
4598,8,5,5,1
4599,9,6,6,1
4600,7,4,4,1
4601,8,5,5,1
4602,8,5,5,1
4603,9,5,5,1
4604,8,5,5,1
4605,9,6,6,1
4606,9,5,5,1
4607,10,6,6,1
4608,2,2,2,1
4609,3,3,3,1
4610,3,3,3,1
4611,4,3,3,1
4612,3,3,3,1
4613,4,4,4,1
4614,4,3,3,1
4615,5,4,4,1
4616,3,3,3,1
4617,4,4,4,1
4618,4,3,3,1
4619,5,4,4,1
4620,4,3,3,1
4621,5,4,4,1
4622,5,3,3,1
4623,6,4,4,1
4624,3,3,3,1
4625,4,4,4,1
4626,4,4,4,1
4627,5,4,4,1
4628,4,4,4,1
4629,5,5,5,1
4630,5,4,4,1
4631,6,5,5,1
4632,4,3,3,1
4633,5,4,4,1
4634,5,4,4,1
4635,6,4,4,1
4636,5,4,4,1
4637,6,5,5,1
4638,6,4,4,1
4639,7,5,5,1
4640,3,3,3,1
4641,4,4,4,1
4642,4,4,4,1
4643,5,4,4,1
4644,4,4,4,1
4645,5,5,5,1
4646,5,4,4,1
4647,6,5,5,1
4648,4,3,3,1
4649,5,4,4,1
4650,5,4,4,1
4651,6,4,4,1
4652,5,4,4,1
4653,6,5,5,1
4654,6,4,4,1
4655,7,5,5,1
4656,4,3,3,1
4657,5,4,4,1
4658,5,4,4,1
4659,6,4,4,1
4660,5,4,4,1
4661,6,5,5,1
4662,6,4,4,1
4663,7,5,5,1
4664,5,3,3,1
4665,6,4,4,1
4666,6,4,4,1
4667,7,4,4,1
4668,6,4,4,1
4669,7,5,5,1
4670,7,4,4,1
4671,8,5,5,1
4672,3,3,3,1
4673,4,4,4,1
4674,4,4,4,1
4675,5,4,4,1
4676,4,4,4,1
4677,5,5,5,1
4678,5,4,4,1
4679,6,5,5,1
4680,4,4,4,1
4681,5,5,5,1
4682,5,4,4,1
4683,6,5,5,1
4684,5,4,4,1
4685,6,5,5,1
4686,6,4,4,1
4687,7,5,5,1
4688,4,4,4,1
4689,5,5,5,1
4690,5,5,5,1
4691,6,5,5,1
4692,5,5,5,1
4693,6,6,6,1
4694,6,5,5,1
4695,7,6,6,1
4696,5,4,4,1
4697,6,5,5,1
4698,6,5,5,1
4699,7,5,5,1
4700,6,5,5,1
4701,7,6,6,1
4702,7,5,5,1
4703,8,6,6,1
4704,4,3,3,1
4705,5,4,4,1
4706,5,4,4,1
4707,6,4,4,1
4708,5,4,4,1
4709,6,5,5,1
4710,6,4,4,1
4711,7,5,5,1
4712,5,4,4,1
4713,6,5,5,1
4714,6,4,4,1
4715,7,5,5,1
4716,6,4,4,1
4717,7,5,5,1
4718,7,4,4,1
4719,8,5,5,1
4720,5,4,4,1
4721,6,5,5,1
4722,6,5,5,1
4723,7,5,5,1
4724,6,5,5,1
4725,7,6,6,1
4726,7,5,5,1
4727,8,6,6,1
4728,6,4,4,1
4729,7,5,5,1
4730,7,5,5,1
4731,8,5,5,1
4732,7,5,5,1
4733,8,6,6,1
4734,8,5,5,1
4735,9,6,6,1
4736,3,2,2,1
4737,4,3,3,1
4738,4,3,3,1
4739,5,3,3,1
4740,4,3,3,1
4741,5,4,4,1
4742,5,3,3,1
4743,6,4,4,1
4744,4,3,3,1
4745,5,4,4,1
4746,5,3,3,1
4747,6,4,4,1
4748,5,3,3,1
4749,6,4,4,1
4750,6,3,3,1
4751,7,4,4,1
4752,4,3,3,1
4753,5,4,4,1
4754,5,4,4,1
4755,6,4,4,1
4756,5,4,4,1
4757,6,5,5,1
4758,6,4,4,1
4759,7,5,5,1
4760,5,3,3,1
4761,6,4,4,1
4762,6,4,4,1
4763,7,4,4,1
4764,6,4,4,1
4765,7,5,5,1
4766,7,4,4,1
4767,8,5,5,1
4768,4,3,3,1
4769,5,4,4,1
4770,5,4,4,1
4771,6,4,4,1
4772,5,4,4,1
4773,6,5,5,1
4774,6,4,4,1
4775,7,5,5,1
4776,5,3,3,1
4777,6,4,4,1
4778,6,4,4,1
4779,7,4,4,1
4780,6,4,4,1
4781,7,5,5,1
4782,7,4,4,1
4783,8,5,5,1
4784,5,3,3,1
4785,6,4,4,1
4786,6,4,4,1
4787,7,4,4,1
4788,6,4,4,1
4789,7,5,5,1
4790,7,4,4,1
4791,8,5,5,1
4792,6,3,3,1
4793,7,4,4,1
4794,7,4,4,1
4795,8,4,4,1
4796,7,4,4,1
4797,8,5,5,1
4798,8,4,4,1
4799,9,5,5,1
4800,4,3,3,1
4801,5,4,4,1
4802,5,4,4,1
4803,6,4,4,1
4804,5,4,4,1
4805,6,5,5,1
4806,6,4,4,1
4807,7,5,5,1
4808,5,4,4,1
4809,6,5,5,1
4810,6,4,4,1
4811,7,5,5,1
4812,6,4,4,1
4813,7,5,5,1
4814,7,4,4,1
4815,8,5,5,1
4816,5,4,4,1
4817,6,5,5,1
4818,6,5,5,1
4819,7,5,5,1
4820,6,5,5,1
4821,7,6,6,1
4822,7,5,5,1
4823,8,6,6,1
4824,6,4,4,1
4825,7,5,5,1
4826,7,5,5,1
4827,8,5,5,1
4828,7,5,5,1
4829,8,6,6,1
4830,8,5,5,1
4831,9,6,6,1
4832,5,3,3,1
4833,6,4,4,1
4834,6,4,4,1
4835,7,4,4,1
4836,6,4,4,1
4837,7,5,5,1
4838,7,4,4,1
4839,8,5,5,1
4840,6,4,4,1
4841,7,5,5,1
4842,7,4,4,1
4843,8,5,5,1
4844,7,4,4,1
4845,8,5,5,1
4846,8,4,4,1
4847,9,5,5,1
4848,6,4,4,1
4849,7,5,5,1
4850,7,5,5,1
4851,8,5,5,1
4852,7,5,5,1
4853,8,6,6,1
4854,8,5,5,1
4855,9,6,6,1
4856,7,4,4,1
4857,8,5,5,1
4858,8,5,5,1
4859,9,5,5,1
4860,8,5,5,1
4861,9,6,6,1
4862,9,5,5,1
4863,10,6,6,1
4864,3,2,2,1
4865,4,3,3,1
4866,4,3,3,1
4867,5,3,3,1
4868,4,3,3,1
4869,5,4,4,1
4870,5,3,3,1
4871,6,4,4,1
4872,4,3,3,1
4873,5,4,4,1
4874,5,3,3,1
4875,6,4,4,1
4876,5,3,3,1
4877,6,4,4,1
4878,6,3,3,1
4879,7,4,4,1
4880,4,3,3,1
4881,5,4,4,1
4882,5,4,4,1
4883,6,4,4,1
4884,5,4,4,1
4885,6,5,5,1
4886,6,4,4,1
4887,7,5,5,1
4888,5,3,3,1
4889,6,4,4,1
4890,6,4,4,1
4891,7,4,4,1
4892,6,4,4,1
4893,7,5,5,1
4894,7,4,4,1
4895,8,5,5,1
4896,4,3,3,1
4897,5,4,4,1
4898,5,4,4,1
4899,6,4,4,1
4900,5,4,4,1
4901,6,5,5,1
4902,6,4,4,1
4903,7,5,5,1
4904,5,3,3,1
4905,6,4,4,1
4906,6,4,4,1
4907,7,4,4,1
4908,6,4,4,1
4909,7,5,5,1
4910,7,4,4,1
4911,8,5,5,1
4912,5,3,3,1
4913,6,4,4,1
4914,6,4,4,1
4915,7,4,4,1
4916,6,4,4,1
4917,7,5,5,1
4918,7,4,4,1
4919,8,5,5,1
4920,6,3,3,1
4921,7,4,4,1
4922,7,4,4,1
4923,8,4,4,1
4924,7,4,4,1
4925,8,5,5,1
4926,8,4,4,1
4927,9,5,5,1
4928,4,3,3,1
4929,5,4,4,1
4930,5,4,4,1
4931,6,4,4,1
4932,5,4,4,1
4933,6,5,5,1
4934,6,4,4,1
4935,7,5,5,1
4936,5,4,4,1
4937,6,5,5,1
4938,6,4,4,1
4939,7,5,5,1
4940,6,4,4,1
4941,7,5,5,1
4942,7,4,4,1
4943,8,5,5,1
4944,5,4,4,1
4945,6,5,5,1
4946,6,5,5,1
4947,7,5,5,1
4948,6,5,5,1
4949,7,6,6,1
4950,7,5,5,1
4951,8,6,6,1
4952,6,4,4,1
4953,7,5,5,1
4954,7,5,5,1
4955,8,5,5,1
4956,7,5,5,1
4957,8,6,6,1
4958,8,5,5,1
4959,9,6,6,1
4960,5,3,3,1
4961,6,4,4,1
4962,6,4,4,1
4963,7,4,4,1
4964,6,4,4,1
4965,7,5,5,1
4966,7,4,4,1
4967,8,5,5,1
4968,6,4,4,1
4969,7,5,5,1
4970,7,4,4,1
4971,8,5,5,1
4972,7,4,4,1
4973,8,5,5,1
4974,8,4,4,1
4975,9,5,5,1
4976,6,4,4,1
4977,7,5,5,1
4978,7,5,5,1
4979,8,5,5,1
4980,7,5,5,1
4981,8,6,6,1
4982,8,5,5,1
4983,9,6,6,1
4984,7,4,4,1
4985,8,5,5,1
4986,8,5,5,1
4987,9,5,5,1
4988,8,5,5,1
4989,9,6,6,1
4990,9,5,5,1
4991,10,6,6,1
4992,4,2,2,1
4993,5,3,3,1
4994,5,3,3,1
4995,6,3,3,1
4996,5,3,3,1
4997,6,4,4,1
4998,6,3,3,1
4999,7,4,4,1
5000,5,3,3,1
5001,6,4,4,1
5002,6,3,3,1
5003,7,4,4,1
5004,6,3,3,1
5005,7,4,4,1
5006,7,3,3,1
5007,8,4,4,1
5008,5,3,3,1
5009,6,4,4,1
5010,6,4,4,1
5011,7,4,4,1
5012,6,4,4,1
5013,7,5,5,1
5014,7,4,4,1
5015,8,5,5,1
5016,6,3,3,1
5017,7,4,4,1
5018,7,4,4,1
5019,8,4,4,1
5020,7,4,4,1
5021,8,5,5,1
5022,8,4,4,1
5023,9,5,5,1
5024,5,3,3,1
5025,6,4,4,1
5026,6,4,4,1
5027,7,4,4,1
5028,6,4,4,1
5029,7,5,5,1
5030,7,4,4,1
5031,8,5,5,1
5032,6,3,3,1
5033,7,4,4,1
5034,7,4,4,1
5035,8,4,4,1
5036,7,4,4,1
5037,8,5,5,1
5038,8,4,4,1
5039,9,5,5,1
5040,6,3,3,1
5041,7,4,4,1
5042,7,4,4,1
5043,8,4,4,1
5044,7,4,4,1
5045,8,5,5,1
5046,8,4,4,1
5047,9,5,5,1
5048,7,3,3,1
5049,8,4,4,1
5050,8,4,4,1
5051,9,4,4,1
5052,8,4,4,1
5053,9,5,5,1
5054,9,4,4,1
5055,10,5,5,1
5056,5,3,3,1
5057,6,4,4,1
5058,6,4,4,1
5059,7,4,4,1
5060,6,4,4,1
5061,7,5,5,1
5062,7,4,4,1
5063,8,5,5,1
5064,6,4,4,1
5065,7,5,5,1
5066,7,4,4,1
5067,8,5,5,1
5068,7,4,4,1
5069,8,5,5,1
5070,8,4,4,1
5071,9,5,5,1
5072,6,4,4,1
5073,7,5,5,1
5074,7,5,5,1
5075,8,5,5,1
5076,7,5,5,1
5077,8,6,6,1
5078,8,5,5,1
5079,9,6,6,1
5080,7,4,4,1
5081,8,5,5,1
5082,8,5,5,1
5083,9,5,5,1
5084,8,5,5,1
5085,9,6,6,1
5086,9,5,5,1
5087,10,6,6,1
5088,6,3,3,1
5089,7,4,4,1
5090,7,4,4,1
5091,8,4,4,1
5092,7,4,4,1
5093,8,5,5,1
5094,8,4,4,1
5095,9,5,5,1
5096,7,4,4,1
5097,8,5,5,1
5098,8,4,4,1
5099,9,5,5,1
5100,8,4,4,1
5101,9,5,5,1
5102,9,4,4,1
5103,10,5,5,1
5104,7,4,4,1
5105,8,5,5,1
5106,8,5,5,1
5107,9,5,5,1
5108,8,5,5,1
5109,9,6,6,1
5110,9,5,5,1
5111,10,6,6,1
5112,8,4,4,1
5113,9,5,5,1
5114,9,5,5,1
5115,10,5,5,1
5116,9,5,5,1
5117,10,6,6,1
5118,10,5,5,1
5119,11,6,6,1
5120,2,2,2,1
5121,3,3,3,1
5122,3,3,3,1
5123,4,3,3,1
5124,3,3,3,1
5125,4,4,4,1
5126,4,3,3,1
5127,5,4,4,1
5128,3,3,3,1
5129,4,4,4,1
5130,4,3,3,1
5131,5,4,4,1
5132,4,3,3,1
5133,5,4,4,1
5134,5,3,3,1
5135,6,4,4,1
5136,3,3,3,1
5137,4,4,4,1
5138,4,4,4,1
5139,5,4,4,1
5140,4,4,4,1
5141,5,5,5,1
5142,5,4,4,1
5143,6,5,5,1
5144,4,3,3,1
5145,5,4,4,1
5146,5,4,4,1
5147,6,4,4,1
5148,5,4,4,1
5149,6,5,5,1
5150,6,4,4,1
5151,7,5,5,1
5152,3,3,3,1
5153,4,4,4,1
5154,4,4,4,1
5155,5,4,4,1
5156,4,4,4,1
5157,5,5,5,1
5158,5,4,4,1
5159,6,5,5,1
5160,4,3,3,1
5161,5,4,4,1
5162,5,4,4,1
5163,6,4,4,1
5164,5,4,4,1
5165,6,5,5,1
5166,6,4,4,1
5167,7,5,5,1
5168,4,3,3,1
5169,5,4,4,1
5170,5,4,4,1
5171,6,4,4,1
5172,5,4,4,1
5173,6,5,5,1
5174,6,4,4,1
5175,7,5,5,1
5176,5,3,3,1
5177,6,4,4,1
5178,6,4,4,1
5179,7,4,4,1
5180,6,4,4,1
5181,7,5,5,1
5182,7,4,4,1
5183,8,5,5,1
5184,3,3,3,1
5185,4,4,4,1
5186,4,4,4,1
5187,5,4,4,1
5188,4,4,4,1
5189,5,5,5,1
5190,5,4,4,1
5191,6,5,5,1
5192,4,4,4,1
5193,5,5,5,1
5194,5,4,4,1
5195,6,5,5,1
5196,5,4,4,1
5197,6,5,5,1
5198,6,4,4,1
5199,7,5,5,1
5200,4,4,4,1
5201,5,5,5,1
5202,5,5,5,1
5203,6,5,5,1
5204,5,5,5,1
5205,6,6,6,1
5206,6,5,5,1
5207,7,6,6,1
5208,5,4,4,1
5209,6,5,5,1
5210,6,5,5,1
5211,7,5,5,1
5212,6,5,5,1
5213,7,6,6,1
5214,7,5,5,1
5215,8,6,6,1
5216,4,3,3,1
5217,5,4,4,1
5218,5,4,4,1
5219,6,4,4,1
5220,5,4,4,1
5221,6,5,5,1
5222,6,4,4,1
5223,7,5,5,1
5224,5,4,4,1
5225,6,5,5,1
5226,6,4,4,1
5227,7,5,5,1
5228,6,4,4,1
5229,7,5,5,1
5230,7,4,4,1
5231,8,5,5,1
5232,5,4,4,1
5233,6,5,5,1
5234,6,5,5,1
5235,7,5,5,1
5236,6,5,5,1
5237,7,6,6,1
5238,7,5,5,1
5239,8,6,6,1
5240,6,4,4,1
5241,7,5,5,1
5242,7,5,5,1
5243,8,5,5,1
5244,7,5,5,1
5245,8,6,6,1
5246,8,5,5,1
5247,9,6,6,1
5248,3,3,3,1
5249,4,4,4,1
5250,4,4,4,1
5251,5,4,4,1
5252,4,4,4,1
5253,5,5,5,1
5254,5,4,4,1
5255,6,5,5,1
5256,4,4,4,1
5257,5,5,5,1
5258,5,4,4,1
5259,6,5,5,1
5260,5,4,4,1
5261,6,5,5,1
5262,6,4,4,1
5263,7,5,5,1
5264,4,4,4,1
5265,5,5,5,1
5266,5,5,5,1
5267,6,5,5,1
5268,5,5,5,1
5269,6,6,6,1
5270,6,5,5,1
5271,7,6,6,1
5272,5,4,4,1
5273,6,5,5,1
5274,6,5,5,1
5275,7,5,5,1
5276,6,5,5,1
5277,7,6,6,1
5278,7,5,5,1
5279,8,6,6,1
5280,4,3,3,1
5281,5,4,4,1
5282,5,4,4,1
5283,6,4,4,1
5284,5,4,4,1
5285,6,5,5,1
5286,6,4,4,1
5287,7,5,5,1
5288,5,4,4,1
5289,6,5,5,1
5290,6,4,4,1
5291,7,5,5,1
5292,6,4,4,1
5293,7,5,5,1
5294,7,4,4,1
5295,8,5,5,1
5296,5,4,4,1
5297,6,5,5,1
5298,6,5,5,1
5299,7,5,5,1
5300,6,5,5,1
5301,7,6,6,1
5302,7,5,5,1
5303,8,6,6,1
5304,6,4,4,1
5305,7,5,5,1
5306,7,5,5,1
5307,8,5,5,1
5308,7,5,5,1
5309,8,6,6,1
5310,8,5,5,1
5311,9,6,6,1
5312,4,3,3,1
5313,5,4,4,1
5314,5,4,4,1
5315,6,4,4,1
5316,5,4,4,1
5317,6,5,5,1
5318,6,4,4,1
5319,7,5,5,1
5320,5,4,4,1
5321,6,5,5,1
5322,6,4,4,1
5323,7,5,5,1
5324,6,4,4,1
5325,7,5,5,1
5326,7,4,4,1
5327,8,5,5,1
5328,5,4,4,1
5329,6,5,5,1
5330,6,5,5,1
5331,7,5,5,1
5332,6,5,5,1
5333,7,6,6,1
5334,7,5,5,1
5335,8,6,6,1
5336,6,4,4,1
5337,7,5,5,1
5338,7,5,5,1
5339,8,5,5,1
5340,7,5,5,1
5341,8,6,6,1
5342,8,5,5,1
5343,9,6,6,1
5344,5,3,3,1
5345,6,4,4,1
5346,6,4,4,1
5347,7,4,4,1
5348,6,4,4,1
5349,7,5,5,1
5350,7,4,4,1
5351,8,5,5,1
5352,6,4,4,1
5353,7,5,5,1
5354,7,4,4,1
5355,8,5,5,1
5356,7,4,4,1
5357,8,5,5,1
5358,8,4,4,1
5359,9,5,5,1
5360,6,4,4,1
5361,7,5,5,1
5362,7,5,5,1
5363,8,5,5,1
5364,7,5,5,1
5365,8,6,6,1
5366,8,5,5,1
5367,9,6,6,1
5368,7,4,4,1
5369,8,5,5,1
5370,8,5,5,1
5371,9,5,5,1
5372,8,5,5,1
5373,9,6,6,1
5374,9,5,5,1
5375,10,6,6,1
5376,3,3,3,1
5377,4,4,4,1
5378,4,4,4,1
5379,5,4,4,1
5380,4,4,4,1
5381,5,5,5,1
5382,5,4,4,1
5383,6,5,5,1
5384,4,4,4,1
5385,5,5,5,1
5386,5,4,4,1
5387,6,5,5,1
5388,5,4,4,1
5389,6,5,5,1
5390,6,4,4,1
5391,7,5,5,1
5392,4,4,4,1
5393,5,5,5,1
5394,5,5,5,1
5395,6,5,5,1
5396,5,5,5,1
5397,6,6,6,1
5398,6,5,5,1
5399,7,6,6,1
5400,5,4,4,1
5401,6,5,5,1
5402,6,5,5,1
5403,7,5,5,1
5404,6,5,5,1
5405,7,6,6,1
5406,7,5,5,1
5407,8,6,6,1
5408,4,4,4,1
5409,5,5,5,1
5410,5,5,5,1
5411,6,5,5,1
5412,5,5,5,1
5413,6,6,6,1
5414,6,5,5,1
5415,7,6,6,1
5416,5,4,4,1
5417,6,5,5,1
5418,6,5,5,1
5419,7,5,5,1
5420,6,5,5,1
5421,7,6,6,1
5422,7,5,5,1
5423,8,6,6,1
5424,5,4,4,1
5425,6,5,5,1
5426,6,5,5,1
5427,7,5,5,1
5428,6,5,5,1
5429,7,6,6,1
5430,7,5,5,1
5431,8,6,6,1
5432,6,4,4,1
5433,7,5,5,1
5434,7,5,5,1
5435,8,5,5,1
5436,7,5,5,1
5437,8,6,6,1
5438,8,5,5,1
5439,9,6,6,1
5440,4,4,4,1
5441,5,5,5,1
5442,5,5,5,1
5443,6,5,5,1
5444,5,5,5,1
5445,6,6,6,1
5446,6,5,5,1
5447,7,6,6,1
5448,5,5,5,1
5449,6,6,6,1
5450,6,5,5,1
5451,7,6,6,1
5452,6,5,5,1
5453,7,6,6,1
5454,7,5,5,1
5455,8,6,6,1
5456,5,5,5,1
5457,6,6,6,1
5458,6,6,6,1
5459,7,6,6,1
5460,6,6,6,1
5461,7,7,7,1
5462,7,6,6,1
5463,8,7,7,1
5464,6,5,5,1
5465,7,6,6,1
5466,7,6,6,1
5467,8,6,6,1
5468,7,6,6,1
5469,8,7,7,1
5470,8,6,6,1
5471,9,7,7,1
5472,5,4,4,1
5473,6,5,5,1
5474,6,5,5,1
5475,7,5,5,1
5476,6,5,5,1
5477,7,6,6,1
5478,7,5,5,1
5479,8,6,6,1
5480,6,5,5,1
5481,7,6,6,1
5482,7,5,5,1
5483,8,6,6,1
5484,7,5,5,1
5485,8,6,6,1
5486,8,5,5,1
5487,9,6,6,1
5488,6,5,5,1
5489,7,6,6,1
5490,7,6,6,1
5491,8,6,6,1
5492,7,6,6,1
5493,8,7,7,1
5494,8,6,6,1
5495,9,7,7,1
5496,7,5,5,1
5497,8,6,6,1
5498,8,6,6,1
5499,9,6,6,1
5500,8,6,6,1
5501,9,7,7,1
5502,9,6,6,1
5503,10,7,7,1
5504,4,3,3,1
5505,5,4,4,1
5506,5,4,4,1
5507,6,4,4,1
5508,5,4,4,1
5509,6,5,5,1
5510,6,4,4,1
5511,7,5,5,1
5512,5,4,4,1
5513,6,5,5,1
5514,6,4,4,1
5515,7,5,5,1
5516,6,4,4,1
5517,7,5,5,1
5518,7,4,4,1
5519,8,5,5,1
5520,5,4,4,1
5521,6,5,5,1
5522,6,5,5,1
5523,7,5,5,1
5524,6,5,5,1
5525,7,6,6,1
5526,7,5,5,1
5527,8,6,6,1
5528,6,4,4,1
5529,7,5,5,1
5530,7,5,5,1
5531,8,5,5,1
5532,7,5,5,1
5533,8,6,6,1
5534,8,5,5,1
5535,9,6,6,1
5536,5,4,4,1
5537,6,5,5,1
5538,6,5,5,1
5539,7,5,5,1
5540,6,5,5,1
5541,7,6,6,1
5542,7,5,5,1
5543,8,6,6,1
5544,6,4,4,1
5545,7,5,5,1
5546,7,5,5,1
5547,8,5,5,1
5548,7,5,5,1
5549,8,6,6,1
5550,8,5,5,1
5551,9,6,6,1
5552,6,4,4,1
5553,7,5,5,1
5554,7,5,5,1
5555,8,5,5,1
5556,7,5,5,1
5557,8,6,6,1
5558,8,5,5,1
5559,9,6,6,1
5560,7,4,4,1
5561,8,5,5,1
5562,8,5,5,1
5563,9,5,5,1
5564,8,5,5,1
5565,9,6,6,1
5566,9,5,5,1
5567,10,6,6,1
5568,5,4,4,1
5569,6,5,5,1
5570,6,5,5,1
5571,7,5,5,1
5572,6,5,5,1
5573,7,6,6,1
5574,7,5,5,1
5575,8,6,6,1
5576,6,5,5,1
5577,7,6,6,1
5578,7,5,5,1
5579,8,6,6,1
5580,7,5,5,1
5581,8,6,6,1
5582,8,5,5,1
5583,9,6,6,1
5584,6,5,5,1
5585,7,6,6,1
5586,7,6,6,1
5587,8,6,6,1
5588,7,6,6,1
5589,8,7,7,1
5590,8,6,6,1
5591,9,7,7,1
5592,7,5,5,1
5593,8,6,6,1
5594,8,6,6,1
5595,9,6,6,1
5596,8,6,6,1
5597,9,7,7,1
5598,9,6,6,1
5599,10,7,7,1
5600,6,4,4,1
5601,7,5,5,1
5602,7,5,5,1
5603,8,5,5,1
5604,7,5,5,1
5605,8,6,6,1
5606,8,5,5,1
5607,9,6,6,1
5608,7,5,5,1
5609,8,6,6,1
5610,8,5,5,1
5611,9,6,6,1
5612,8,5,5,1
5613,9,6,6,1
5614,9,5,5,1
5615,10,6,6,1
5616,7,5,5,1
5617,8,6,6,1
5618,8,6,6,1
5619,9,6,6,1
5620,8,6,6,1
5621,9,7,7,1
5622,9,6,6,1
5623,10,7,7,1
5624,8,5,5,1
5625,9,6,6,1
5626,9,6,6,1
5627,10,6,6,1
5628,9,6,6,1
5629,10,7,7,1
5630,10,6,6,1
5631,11,7,7,1
5632,3,2,2,1
5633,4,3,3,1
5634,4,3,3,1
5635,5,3,3,1
5636,4,3,3,1
5637,5,4,4,1
5638,5,3,3,1
5639,6,4,4,1
5640,4,3,3,1
5641,5,4,4,1
5642,5,3,3,1
5643,6,4,4,1
5644,5,3,3,1
5645,6,4,4,1
5646,6,3,3,1
5647,7,4,4,1
5648,4,3,3,1
5649,5,4,4,1
5650,5,4,4,1
5651,6,4,4,1
5652,5,4,4,1
5653,6,5,5,1
5654,6,4,4,1
5655,7,5,5,1
5656,5,3,3,1
5657,6,4,4,1
5658,6,4,4,1
5659,7,4,4,1
5660,6,4,4,1
5661,7,5,5,1
5662,7,4,4,1
5663,8,5,5,1
5664,4,3,3,1
5665,5,4,4,1
5666,5,4,4,1
5667,6,4,4,1
5668,5,4,4,1
5669,6,5,5,1
5670,6,4,4,1
5671,7,5,5,1
5672,5,3,3,1
5673,6,4,4,1
5674,6,4,4,1
5675,7,4,4,1
5676,6,4,4,1
5677,7,5,5,1
5678,7,4,4,1
5679,8,5,5,1
5680,5,3,3,1
5681,6,4,4,1
5682,6,4,4,1
5683,7,4,4,1
5684,6,4,4,1
5685,7,5,5,1
5686,7,4,4,1
5687,8,5,5,1
5688,6,3,3,1
5689,7,4,4,1
5690,7,4,4,1
5691,8,4,4,1
5692,7,4,4,1
5693,8,5,5,1
5694,8,4,4,1
5695,9,5,5,1
5696,4,3,3,1
5697,5,4,4,1
5698,5,4,4,1
5699,6,4,4,1
5700,5,4,4,1
5701,6,5,5,1
5702,6,4,4,1
5703,7,5,5,1
5704,5,4,4,1
5705,6,5,5,1
5706,6,4,4,1
5707,7,5,5,1
5708,6,4,4,1
5709,7,5,5,1
5710,7,4,4,1
5711,8,5,5,1
5712,5,4,4,1
5713,6,5,5,1
5714,6,5,5,1
5715,7,5,5,1
5716,6,5,5,1
5717,7,6,6,1
5718,7,5,5,1
5719,8,6,6,1
5720,6,4,4,1
5721,7,5,5,1
5722,7,5,5,1
5723,8,5,5,1
5724,7,5,5,1
5725,8,6,6,1
5726,8,5,5,1
5727,9,6,6,1
5728,5,3,3,1
5729,6,4,4,1
5730,6,4,4,1
5731,7,4,4,1
5732,6,4,4,1
5733,7,5,5,1
5734,7,4,4,1
5735,8,5,5,1
5736,6,4,4,1
5737,7,5,5,1
5738,7,4,4,1
5739,8,5,5,1
5740,7,4,4,1
5741,8,5,5,1
5742,8,4,4,1
5743,9,5,5,1
5744,6,4,4,1
5745,7,5,5,1
5746,7,5,5,1
5747,8,5,5,1
5748,7,5,5,1
5749,8,6,6,1
5750,8,5,5,1
5751,9,6,6,1
5752,7,4,4,1
5753,8,5,5,1
5754,8,5,5,1
5755,9,5,5,1
5756,8,5,5,1
5757,9,6,6,1
5758,9,5,5,1
5759,10,6,6,1
5760,4,3,3,1
5761,5,4,4,1
5762,5,4,4,1
5763,6,4,4,1
5764,5,4,4,1
5765,6,5,5,1
5766,6,4,4,1
5767,7,5,5,1
5768,5,4,4,1
5769,6,5,5,1
5770,6,4,4,1
5771,7,5,5,1
5772,6,4,4,1
5773,7,5,5,1
5774,7,4,4,1
5775,8,5,5,1
5776,5,4,4,1
5777,6,5,5,1
5778,6,5,5,1
5779,7,5,5,1
5780,6,5,5,1
5781,7,6,6,1
5782,7,5,5,1
5783,8,6,6,1
5784,6,4,4,1
5785,7,5,5,1
5786,7,5,5,1
5787,8,5,5,1
5788,7,5,5,1
5789,8,6,6,1
5790,8,5,5,1
5791,9,6,6,1
5792,5,3,3,1
5793,6,4,4,1
5794,6,4,4,1
5795,7,4,4,1
5796,6,4,4,1
5797,7,5,5,1
5798,7,4,4,1
5799,8,5,5,1
5800,6,4,4,1
5801,7,5,5,1
5802,7,4,4,1
5803,8,5,5,1
5804,7,4,4,1
5805,8,5,5,1
5806,8,4,4,1
5807,9,5,5,1
5808,6,4,4,1
5809,7,5,5,1
5810,7,5,5,1
5811,8,5,5,1
5812,7,5,5,1
5813,8,6,6,1
5814,8,5,5,1
5815,9,6,6,1
5816,7,4,4,1
5817,8,5,5,1
5818,8,5,5,1
5819,9,5,5,1
5820,8,5,5,1
5821,9,6,6,1
5822,9,5,5,1
5823,10,6,6,1
5824,5,3,3,1
5825,6,4,4,1
5826,6,4,4,1
5827,7,4,4,1
5828,6,4,4,1
5829,7,5,5,1
5830,7,4,4,1
5831,8,5,5,1
5832,6,4,4,1
5833,7,5,5,1
5834,7,4,4,1
5835,8,5,5,1
5836,7,4,4,1
5837,8,5,5,1
5838,8,4,4,1
5839,9,5,5,1
5840,6,4,4,1
5841,7,5,5,1
5842,7,5,5,1
5843,8,5,5,1
5844,7,5,5,1
5845,8,6,6,1
5846,8,5,5,1
5847,9,6,6,1
5848,7,4,4,1
5849,8,5,5,1
5850,8,5,5,1
5851,9,5,5,1
5852,8,5,5,1
5853,9,6,6,1
5854,9,5,5,1
5855,10,6,6,1
5856,6,3,3,1
5857,7,4,4,1
5858,7,4,4,1
5859,8,4,4,1
5860,7,4,4,1
5861,8,5,5,1
5862,8,4,4,1
5863,9,5,5,1
5864,7,4,4,1
5865,8,5,5,1
5866,8,4,4,1
5867,9,5,5,1
5868,8,4,4,1
5869,9,5,5,1
5870,9,4,4,1
5871,10,5,5,1
5872,7,4,4,1
5873,8,5,5,1
5874,8,5,5,1
5875,9,5,5,1
5876,8,5,5,1
5877,9,6,6,1
5878,9,5,5,1
5879,10,6,6,1
5880,8,4,4,1
5881,9,5,5,1
5882,9,5,5,1
5883,10,5,5,1
5884,9,5,5,1
5885,10,6,6,1
5886,10,5,5,1
5887,11,6,6,1
5888,4,3,3,1
5889,5,4,4,1
5890,5,4,4,1
5891,6,4,4,1
5892,5,4,4,1
5893,6,5,5,1
5894,6,4,4,1
5895,7,5,5,1
5896,5,4,4,1
5897,6,5,5,1
5898,6,4,4,1
5899,7,5,5,1
5900,6,4,4,1
5901,7,5,5,1
5902,7,4,4,1
5903,8,5,5,1
5904,5,4,4,1
5905,6,5,5,1
5906,6,5,5,1
5907,7,5,5,1
5908,6,5,5,1
5909,7,6,6,1
5910,7,5,5,1
5911,8,6,6,1
5912,6,4,4,1
5913,7,5,5,1
5914,7,5,5,1
5915,8,5,5,1
5916,7,5,5,1
5917,8,6,6,1
5918,8,5,5,1
5919,9,6,6,1
5920,5,4,4,1
5921,6,5,5,1
5922,6,5,5,1
5923,7,5,5,1
5924,6,5,5,1
5925,7,6,6,1
5926,7,5,5,1
5927,8,6,6,1
5928,6,4,4,1
5929,7,5,5,1
5930,7,5,5,1
5931,8,5,5,1
5932,7,5,5,1
5933,8,6,6,1
5934,8,5,5,1
5935,9,6,6,1
5936,6,4,4,1
5937,7,5,5,1
5938,7,5,5,1
5939,8,5,5,1
5940,7,5,5,1
5941,8,6,6,1
5942,8,5,5,1
5943,9,6,6,1
5944,7,4,4,1
5945,8,5,5,1
5946,8,5,5,1
5947,9,5,5,1
5948,8,5,5,1
5949,9,6,6,1
5950,9,5,5,1
5951,10,6,6,1
5952,5,4,4,1
5953,6,5,5,1
5954,6,5,5,1
5955,7,5,5,1
5956,6,5,5,1
5957,7,6,6,1
5958,7,5,5,1
5959,8,6,6,1
5960,6,5,5,1
5961,7,6,6,1
5962,7,5,5,1
5963,8,6,6,1
5964,7,5,5,1
5965,8,6,6,1
5966,8,5,5,1
5967,9,6,6,1
5968,6,5,5,1
5969,7,6,6,1
5970,7,6,6,1
5971,8,6,6,1
5972,7,6,6,1
5973,8,7,7,1
5974,8,6,6,1
5975,9,7,7,1
5976,7,5,5,1
5977,8,6,6,1
5978,8,6,6,1
5979,9,6,6,1
5980,8,6,6,1
5981,9,7,7,1
5982,9,6,6,1
5983,10,7,7,1
5984,6,4,4,1
5985,7,5,5,1
5986,7,5,5,1
5987,8,5,5,1
5988,7,5,5,1
5989,8,6,6,1
5990,8,5,5,1
5991,9,6,6,1
5992,7,5,5,1
5993,8,6,6,1
5994,8,5,5,1
5995,9,6,6,1
5996,8,5,5,1
5997,9,6,6,1
5998,9,5,5,1
5999,10,6,6,1
6000,7,5,5,1
6001,8,6,6,1
6002,8,6,6,1
6003,9,6,6,1
6004,8,6,6,1
6005,9,7,7,1
6006,9,6,6,1
6007,10,7,7,1
6008,8,5,5,1
6009,9,6,6,1
6010,9,6,6,1
6011,10,6,6,1
6012,9,6,6,1
6013,10,7,7,1
6014,10,6,6,1
6015,11,7,7,1
6016,5,3,3,1
6017,6,4,4,1
6018,6,4,4,1
6019,7,4,4,1
6020,6,4,4,1
6021,7,5,5,1
6022,7,4,4,1
6023,8,5,5,1
6024,6,4,4,1
6025,7,5,5,1
6026,7,4,4,1
6027,8,5,5,1
6028,7,4,4,1
6029,8,5,5,1
6030,8,4,4,1
6031,9,5,5,1
6032,6,4,4,1
6033,7,5,5,1
6034,7,5,5,1
6035,8,5,5,1
6036,7,5,5,1
6037,8,6,6,1
6038,8,5,5,1
6039,9,6,6,1
6040,7,4,4,1
6041,8,5,5,1
6042,8,5,5,1
6043,9,5,5,1
6044,8,5,5,1
6045,9,6,6,1
6046,9,5,5,1
6047,10,6,6,1
6048,6,4,4,1
6049,7,5,5,1
6050,7,5,5,1
6051,8,5,5,1
6052,7,5,5,1
6053,8,6,6,1
6054,8,5,5,1
6055,9,6,6,1
6056,7,4,4,1
6057,8,5,5,1
6058,8,5,5,1
6059,9,5,5,1
6060,8,5,5,1
6061,9,6,6,1
6062,9,5,5,1
6063,10,6,6,1
6064,7,4,4,1
6065,8,5,5,1
6066,8,5,5,1
6067,9,5,5,1
6068,8,5,5,1
6069,9,6,6,1
6070,9,5,5,1
6071,10,6,6,1
6072,8,4,4,1
6073,9,5,5,1
6074,9,5,5,1
6075,10,5,5,1
6076,9,5,5,1
6077,10,6,6,1
6078,10,5,5,1
6079,11,6,6,1
6080,6,4,4,1
6081,7,5,5,1
6082,7,5,5,1
6083,8,5,5,1
6084,7,5,5,1
6085,8,6,6,1
6086,8,5,5,1
6087,9,6,6,1
6088,7,5,5,1
6089,8,6,6,1
6090,8,5,5,1
6091,9,6,6,1
6092,8,5,5,1
6093,9,6,6,1
6094,9,5,5,1
6095,10,6,6,1
6096,7,5,5,1
6097,8,6,6,1
6098,8,6,6,1
6099,9,6,6,1
6100,8,6,6,1
6101,9,7,7,1
6102,9,6,6,1
6103,10,7,7,1
6104,8,5,5,1
6105,9,6,6,1
6106,9,6,6,1
6107,10,6,6,1
6108,9,6,6,1
6109,10,7,7,1
6110,10,6,6,1
6111,11,7,7,1
6112,7,4,4,1
6113,8,5,5,1
6114,8,5,5,1
6115,9,5,5,1
6116,8,5,5,1
6117,9,6,6,1
6118,9,5,5,1
6119,10,6,6,1
6120,8,5,5,1
6121,9,6,6,1
6122,9,5,5,1
6123,10,6,6,1
6124,9,5,5,1
6125,10,6,6,1
6126,10,5,5,1
6127,11,6,6,1
6128,8,5,5,1
6129,9,6,6,1
6130,9,6,6,1
6131,10,6,6,1
6132,9,6,6,1
6133,10,7,7,1
6134,10,6,6,1
6135,11,7,7,1
6136,9,5,5,1
6137,10,6,6,1
6138,10,6,6,1
6139,11,6,6,1
6140,10,6,6,1
6141,11,7,7,1
6142,11,6,6,1
6143,12,7,7,1
6144,2,1,1,1
6145,3,2,2,1
6146,3,2,2,1
6147,4,2,2,1
6148,3,2,2,1
6149,4,3,3,1
6150,4,2,2,1
6151,5,3,3,1
6152,3,2,2,1
6153,4,3,3,1
6154,4,2,2,1
6155,5,3,3,1
6156,4,2,2,1
6157,5,3,3,1
6158,5,2,2,1
6159,6,3,3,1
6160,3,2,2,1
6161,4,3,3,1
6162,4,3,3,1
6163,5,3,3,1
6164,4,3,3,1
6165,5,4,4,1
6166,5,3,3,1
6167,6,4,4,1
6168,4,2,2,1
6169,5,3,3,1
6170,5,3,3,1
6171,6,3,3,1
6172,5,3,3,1
6173,6,4,4,1
6174,6,3,3,1
6175,7,4,4,1
6176,3,2,2,1
6177,4,3,3,1
6178,4,3,3,1
6179,5,3,3,1
6180,4,3,3,1
6181,5,4,4,1
6182,5,3,3,1
6183,6,4,4,1
6184,4,2,2,1
6185,5,3,3,1
6186,5,3,3,1
6187,6,3,3,1
6188,5,3,3,1
6189,6,4,4,1
6190,6,3,3,1
6191,7,4,4,1
6192,4,2,2,1
6193,5,3,3,1
6194,5,3,3,1
6195,6,3,3,1
6196,5,3,3,1
6197,6,4,4,1
6198,6,3,3,1
6199,7,4,4,1
6200,5,2,2,1
6201,6,3,3,1
6202,6,3,3,1
6203,7,3,3,1
6204,6,3,3,1
6205,7,4,4,1
6206,7,3,3,1
6207,8,4,4,1
6208,3,2,2,1
6209,4,3,3,1
6210,4,3,3,1
6211,5,3,3,1
6212,4,3,3,1
6213,5,4,4,1
6214,5,3,3,1
6215,6,4,4,1
6216,4,3,3,1
6217,5,4,4,1
6218,5,3,3,1
6219,6,4,4,1
6220,5,3,3,1
6221,6,4,4,1
6222,6,3,3,1
6223,7,4,4,1
6224,4,3,3,1
6225,5,4,4,1
6226,5,4,4,1
6227,6,4,4,1
6228,5,4,4,1
6229,6,5,5,1
6230,6,4,4,1
6231,7,5,5,1
6232,5,3,3,1
6233,6,4,4,1
6234,6,4,4,1
6235,7,4,4,1
6236,6,4,4,1
6237,7,5,5,1
6238,7,4,4,1
6239,8,5,5,1
6240,4,2,2,1
6241,5,3,3,1
6242,5,3,3,1
6243,6,3,3,1
6244,5,3,3,1
6245,6,4,4,1
6246,6,3,3,1
6247,7,4,4,1
6248,5,3,3,1
6249,6,4,4,1
6250,6,3,3,1
6251,7,4,4,1
6252,6,3,3,1
6253,7,4,4,1
6254,7,3,3,1
6255,8,4,4,1
6256,5,3,3,1
6257,6,4,4,1
6258,6,4,4,1
6259,7,4,4,1
6260,6,4,4,1
6261,7,5,5,1
6262,7,4,4,1
6263,8,5,5,1
6264,6,3,3,1
6265,7,4,4,1
6266,7,4,4,1
6267,8,4,4,1
6268,7,4,4,1
6269,8,5,5,1
6270,8,4,4,1
6271,9,5,5,1
6272,3,2,2,1
6273,4,3,3,1
6274,4,3,3,1
6275,5,3,3,1
6276,4,3,3,1
6277,5,4,4,1
6278,5,3,3,1
6279,6,4,4,1
6280,4,3,3,1
6281,5,4,4,1
6282,5,3,3,1
6283,6,4,4,1
6284,5,3,3,1
6285,6,4,4,1
6286,6,3,3,1
6287,7,4,4,1
6288,4,3,3,1
6289,5,4,4,1
6290,5,4,4,1
6291,6,4,4,1
6292,5,4,4,1
6293,6,5,5,1
6294,6,4,4,1
6295,7,5,5,1
6296,5,3,3,1
6297,6,4,4,1
6298,6,4,4,1
6299,7,4,4,1
6300,6,4,4,1
6301,7,5,5,1
6302,7,4,4,1
6303,8,5,5,1
6304,4,2,2,1
6305,5,3,3,1
6306,5,3,3,1
6307,6,3,3,1
6308,5,3,3,1
6309,6,4,4,1
6310,6,3,3,1
6311,7,4,4,1
6312,5,3,3,1
6313,6,4,4,1
6314,6,3,3,1
6315,7,4,4,1
6316,6,3,3,1
6317,7,4,4,1
6318,7,3,3,1
6319,8,4,4,1
6320,5,3,3,1
6321,6,4,4,1
6322,6,4,4,1
6323,7,4,4,1
6324,6,4,4,1
6325,7,5,5,1
6326,7,4,4,1
6327,8,5,5,1
6328,6,3,3,1
6329,7,4,4,1
6330,7,4,4,1
6331,8,4,4,1
6332,7,4,4,1
6333,8,5,5,1
6334,8,4,4,1
6335,9,5,5,1
6336,4,2,2,1
6337,5,3,3,1
6338,5,3,3,1
6339,6,3,3,1
6340,5,3,3,1
6341,6,4,4,1
6342,6,3,3,1
6343,7,4,4,1
6344,5,3,3,1
6345,6,4,4,1
6346,6,3,3,1
6347,7,4,4,1
6348,6,3,3,1
6349,7,4,4,1
6350,7,3,3,1
6351,8,4,4,1
6352,5,3,3,1
6353,6,4,4,1
6354,6,4,4,1
6355,7,4,4,1
6356,6,4,4,1
6357,7,5,5,1
6358,7,4,4,1
6359,8,5,5,1
6360,6,3,3,1
6361,7,4,4,1
6362,7,4,4,1
6363,8,4,4,1
6364,7,4,4,1
6365,8,5,5,1
6366,8,4,4,1
6367,9,5,5,1
6368,5,2,2,1
6369,6,3,3,1
6370,6,3,3,1
6371,7,3,3,1
6372,6,3,3,1
6373,7,4,4,1
6374,7,3,3,1
6375,8,4,4,1
6376,6,3,3,1
6377,7,4,4,1
6378,7,3,3,1
6379,8,4,4,1
6380,7,3,3,1
6381,8,4,4,1
6382,8,3,3,1
6383,9,4,4,1
6384,6,3,3,1
6385,7,4,4,1
6386,7,4,4,1
6387,8,4,4,1
6388,7,4,4,1
6389,8,5,5,1
6390,8,4,4,1
6391,9,5,5,1
6392,7,3,3,1
6393,8,4,4,1
6394,8,4,4,1
6395,9,4,4,1
6396,8,4,4,1
6397,9,5,5,1
6398,9,4,4,1
6399,10,5,5,1
6400,3,2,2,1
6401,4,3,3,1
6402,4,3,3,1
6403,5,3,3,1
6404,4,3,3,1
6405,5,4,4,1
6406,5,3,3,1
6407,6,4,4,1
6408,4,3,3,1
6409,5,4,4,1
6410,5,3,3,1
6411,6,4,4,1
6412,5,3,3,1
6413,6,4,4,1
6414,6,3,3,1
6415,7,4,4,1
6416,4,3,3,1
6417,5,4,4,1
6418,5,4,4,1
6419,6,4,4,1
6420,5,4,4,1
6421,6,5,5,1
6422,6,4,4,1
6423,7,5,5,1
6424,5,3,3,1
6425,6,4,4,1
6426,6,4,4,1
6427,7,4,4,1
6428,6,4,4,1
6429,7,5,5,1
6430,7,4,4,1
6431,8,5,5,1
6432,4,3,3,1
6433,5,4,4,1
6434,5,4,4,1
6435,6,4,4,1
6436,5,4,4,1
6437,6,5,5,1
6438,6,4,4,1
6439,7,5,5,1
6440,5,3,3,1
6441,6,4,4,1
6442,6,4,4,1
6443,7,4,4,1
6444,6,4,4,1
6445,7,5,5,1
6446,7,4,4,1
6447,8,5,5,1
6448,5,3,3,1
6449,6,4,4,1
6450,6,4,4,1
6451,7,4,4,1
6452,6,4,4,1
6453,7,5,5,1
6454,7,4,4,1
6455,8,5,5,1
6456,6,3,3,1
6457,7,4,4,1
6458,7,4,4,1
6459,8,4,4,1
6460,7,4,4,1
6461,8,5,5,1
6462,8,4,4,1
6463,9,5,5,1
6464,4,3,3,1
6465,5,4,4,1
6466,5,4,4,1
6467,6,4,4,1
6468,5,4,4,1
6469,6,5,5,1
6470,6,4,4,1
6471,7,5,5,1
6472,5,4,4,1
6473,6,5,5,1
6474,6,4,4,1
6475,7,5,5,1
6476,6,4,4,1
6477,7,5,5,1
6478,7,4,4,1
6479,8,5,5,1
6480,5,4,4,1
6481,6,5,5,1
6482,6,5,5,1
6483,7,5,5,1
6484,6,5,5,1
6485,7,6,6,1
6486,7,5,5,1
6487,8,6,6,1
6488,6,4,4,1
6489,7,5,5,1
6490,7,5,5,1
6491,8,5,5,1
6492,7,5,5,1
6493,8,6,6,1
6494,8,5,5,1
6495,9,6,6,1
6496,5,3,3,1
6497,6,4,4,1
6498,6,4,4,1
6499,7,4,4,1
6500,6,4,4,1
6501,7,5,5,1
6502,7,4,4,1
6503,8,5,5,1
6504,6,4,4,1
6505,7,5,5,1
6506,7,4,4,1
6507,8,5,5,1
6508,7,4,4,1
6509,8,5,5,1
6510,8,4,4,1
6511,9,5,5,1
6512,6,4,4,1
6513,7,5,5,1
6514,7,5,5,1
6515,8,5,5,1
6516,7,5,5,1
6517,8,6,6,1
6518,8,5,5,1
6519,9,6,6,1
6520,7,4,4,1
6521,8,5,5,1
6522,8,5,5,1
6523,9,5,5,1
6524,8,5,5,1
6525,9,6,6,1
6526,9,5,5,1
6527,10,6,6,1
6528,4,2,2,1
6529,5,3,3,1
6530,5,3,3,1
6531,6,3,3,1
6532,5,3,3,1
6533,6,4,4,1
6534,6,3,3,1
6535,7,4,4,1
6536,5,3,3,1
6537,6,4,4,1
6538,6,3,3,1
6539,7,4,4,1
6540,6,3,3,1
6541,7,4,4,1
6542,7,3,3,1
6543,8,4,4,1
6544,5,3,3,1
6545,6,4,4,1
6546,6,4,4,1
6547,7,4,4,1
6548,6,4,4,1
6549,7,5,5,1
6550,7,4,4,1
6551,8,5,5,1
6552,6,3,3,1
6553,7,4,4,1
6554,7,4,4,1
6555,8,4,4,1
6556,7,4,4,1
6557,8,5,5,1
6558,8,4,4,1
6559,9,5,5,1
6560,5,3,3,1
6561,6,4,4,1
6562,6,4,4,1
6563,7,4,4,1
6564,6,4,4,1
6565,7,5,5,1
6566,7,4,4,1
6567,8,5,5,1
6568,6,3,3,1
6569,7,4,4,1
6570,7,4,4,1
6571,8,4,4,1
6572,7,4,4,1
6573,8,5,5,1
6574,8,4,4,1
6575,9,5,5,1
6576,6,3,3,1
6577,7,4,4,1
6578,7,4,4,1
6579,8,4,4,1
6580,7,4,4,1
6581,8,5,5,1
6582,8,4,4,1
6583,9,5,5,1
6584,7,3,3,1
6585,8,4,4,1
6586,8,4,4,1
6587,9,4,4,1
6588,8,4,4,1
6589,9,5,5,1
6590,9,4,4,1
6591,10,5,5,1
6592,5,3,3,1
6593,6,4,4,1
6594,6,4,4,1
6595,7,4,4,1
6596,6,4,4,1
6597,7,5,5,1
6598,7,4,4,1
6599,8,5,5,1
6600,6,4,4,1
6601,7,5,5,1
6602,7,4,4,1
6603,8,5,5,1
6604,7,4,4,1
6605,8,5,5,1
6606,8,4,4,1
6607,9,5,5,1
6608,6,4,4,1
6609,7,5,5,1
6610,7,5,5,1
6611,8,5,5,1
6612,7,5,5,1
6613,8,6,6,1
6614,8,5,5,1
6615,9,6,6,1
6616,7,4,4,1
6617,8,5,5,1
6618,8,5,5,1
6619,9,5,5,1
6620,8,5,5,1
6621,9,6,6,1
6622,9,5,5,1
6623,10,6,6,1
6624,6,3,3,1
6625,7,4,4,1
6626,7,4,4,1
6627,8,4,4,1
6628,7,4,4,1
6629,8,5,5,1
6630,8,4,4,1
6631,9,5,5,1
6632,7,4,4,1
6633,8,5,5,1
6634,8,4,4,1
6635,9,5,5,1
6636,8,4,4,1
6637,9,5,5,1
6638,9,4,4,1
6639,10,5,5,1
6640,7,4,4,1
6641,8,5,5,1
6642,8,5,5,1
6643,9,5,5,1
6644,8,5,5,1
6645,9,6,6,1
6646,9,5,5,1
6647,10,6,6,1
6648,8,4,4,1
6649,9,5,5,1
6650,9,5,5,1
6651,10,5,5,1
6652,9,5,5,1
6653,10,6,6,1
6654,10,5,5,1
6655,11,6,6,1
6656,3,2,2,1
6657,4,3,3,1
6658,4,3,3,1
6659,5,3,3,1
6660,4,3,3,1
6661,5,4,4,1
6662,5,3,3,1
6663,6,4,4,1
6664,4,3,3,1
6665,5,4,4,1
6666,5,3,3,1
6667,6,4,4,1
6668,5,3,3,1
6669,6,4,4,1
6670,6,3,3,1
6671,7,4,4,1
6672,4,3,3,1
6673,5,4,4,1
6674,5,4,4,1
6675,6,4,4,1
6676,5,4,4,1
6677,6,5,5,1
6678,6,4,4,1
6679,7,5,5,1
6680,5,3,3,1
6681,6,4,4,1
6682,6,4,4,1
6683,7,4,4,1
6684,6,4,4,1
6685,7,5,5,1
6686,7,4,4,1
6687,8,5,5,1
6688,4,3,3,1
6689,5,4,4,1
6690,5,4,4,1
6691,6,4,4,1
6692,5,4,4,1
6693,6,5,5,1
6694,6,4,4,1
6695,7,5,5,1
6696,5,3,3,1
6697,6,4,4,1
6698,6,4,4,1
6699,7,4,4,1
6700,6,4,4,1
6701,7,5,5,1
6702,7,4,4,1
6703,8,5,5,1
6704,5,3,3,1
6705,6,4,4,1
6706,6,4,4,1
6707,7,4,4,1
6708,6,4,4,1
6709,7,5,5,1
6710,7,4,4,1
6711,8,5,5,1
6712,6,3,3,1
6713,7,4,4,1
6714,7,4,4,1
6715,8,4,4,1
6716,7,4,4,1
6717,8,5,5,1
6718,8,4,4,1
6719,9,5,5,1
6720,4,3,3,1
6721,5,4,4,1
6722,5,4,4,1
6723,6,4,4,1
6724,5,4,4,1
6725,6,5,5,1
6726,6,4,4,1
6727,7,5,5,1
6728,5,4,4,1
6729,6,5,5,1
6730,6,4,4,1
6731,7,5,5,1
6732,6,4,4,1
6733,7,5,5,1
6734,7,4,4,1
6735,8,5,5,1
6736,5,4,4,1
6737,6,5,5,1
6738,6,5,5,1
6739,7,5,5,1
6740,6,5,5,1
6741,7,6,6,1
6742,7,5,5,1
6743,8,6,6,1
6744,6,4,4,1
6745,7,5,5,1
6746,7,5,5,1
6747,8,5,5,1
6748,7,5,5,1
6749,8,6,6,1
6750,8,5,5,1
6751,9,6,6,1
6752,5,3,3,1
6753,6,4,4,1
6754,6,4,4,1
6755,7,4,4,1
6756,6,4,4,1
6757,7,5,5,1
6758,7,4,4,1
6759,8,5,5,1
6760,6,4,4,1
6761,7,5,5,1
6762,7,4,4,1
6763,8,5,5,1
6764,7,4,4,1
6765,8,5,5,1
6766,8,4,4,1
6767,9,5,5,1
6768,6,4,4,1
6769,7,5,5,1
6770,7,5,5,1
6771,8,5,5,1
6772,7,5,5,1
6773,8,6,6,1
6774,8,5,5,1
6775,9,6,6,1
6776,7,4,4,1
6777,8,5,5,1
6778,8,5,5,1
6779,9,5,5,1
6780,8,5,5,1
6781,9,6,6,1
6782,9,5,5,1
6783,10,6,6,1
6784,4,2,2,1
6785,5,3,3,1
6786,5,3,3,1
6787,6,3,3,1
6788,5,3,3,1
6789,6,4,4,1
6790,6,3,3,1
6791,7,4,4,1
6792,5,3,3,1
6793,6,4,4,1
6794,6,3,3,1
6795,7,4,4,1
6796,6,3,3,1
6797,7,4,4,1
6798,7,3,3,1
6799,8,4,4,1
6800,5,3,3,1
6801,6,4,4,1
6802,6,4,4,1
6803,7,4,4,1
6804,6,4,4,1
6805,7,5,5,1
6806,7,4,4,1
6807,8,5,5,1
6808,6,3,3,1
6809,7,4,4,1
6810,7,4,4,1
6811,8,4,4,1
6812,7,4,4,1
6813,8,5,5,1
6814,8,4,4,1
6815,9,5,5,1
6816,5,3,3,1
6817,6,4,4,1
6818,6,4,4,1
6819,7,4,4,1
6820,6,4,4,1
6821,7,5,5,1
6822,7,4,4,1
6823,8,5,5,1
6824,6,3,3,1
6825,7,4,4,1
6826,7,4,4,1
6827,8,4,4,1
6828,7,4,4,1
6829,8,5,5,1
6830,8,4,4,1
6831,9,5,5,1
6832,6,3,3,1
6833,7,4,4,1
6834,7,4,4,1
6835,8,4,4,1
6836,7,4,4,1
6837,8,5,5,1
6838,8,4,4,1
6839,9,5,5,1
6840,7,3,3,1
6841,8,4,4,1
6842,8,4,4,1
6843,9,4,4,1
6844,8,4,4,1
6845,9,5,5,1
6846,9,4,4,1
6847,10,5,5,1
6848,5,3,3,1
6849,6,4,4,1
6850,6,4,4,1
6851,7,4,4,1
6852,6,4,4,1
6853,7,5,5,1
6854,7,4,4,1
6855,8,5,5,1
6856,6,4,4,1
6857,7,5,5,1
6858,7,4,4,1
6859,8,5,5,1
6860,7,4,4,1
6861,8,5,5,1
6862,8,4,4,1
6863,9,5,5,1
6864,6,4,4,1
6865,7,5,5,1
6866,7,5,5,1
6867,8,5,5,1
6868,7,5,5,1
6869,8,6,6,1
6870,8,5,5,1
6871,9,6,6,1
6872,7,4,4,1
6873,8,5,5,1
6874,8,5,5,1
6875,9,5,5,1
6876,8,5,5,1
6877,9,6,6,1
6878,9,5,5,1
6879,10,6,6,1
6880,6,3,3,1
6881,7,4,4,1
6882,7,4,4,1
6883,8,4,4,1
6884,7,4,4,1
6885,8,5,5,1
6886,8,4,4,1
6887,9,5,5,1
6888,7,4,4,1
6889,8,5,5,1
6890,8,4,4,1
6891,9,5,5,1
6892,8,4,4,1
6893,9,5,5,1
6894,9,4,4,1
6895,10,5,5,1
6896,7,4,4,1
6897,8,5,5,1
6898,8,5,5,1
6899,9,5,5,1
6900,8,5,5,1
6901,9,6,6,1
6902,9,5,5,1
6903,10,6,6,1
6904,8,4,4,1
6905,9,5,5,1
6906,9,5,5,1
6907,10,5,5,1
6908,9,5,5,1
6909,10,6,6,1
6910,10,5,5,1
6911,11,6,6,1
6912,4,2,2,1
6913,5,3,3,1
6914,5,3,3,1
6915,6,3,3,1
6916,5,3,3,1
6917,6,4,4,1
6918,6,3,3,1
6919,7,4,4,1
6920,5,3,3,1
6921,6,4,4,1
6922,6,3,3,1
6923,7,4,4,1
6924,6,3,3,1
6925,7,4,4,1
6926,7,3,3,1
6927,8,4,4,1
6928,5,3,3,1
6929,6,4,4,1
6930,6,4,4,1
6931,7,4,4,1
6932,6,4,4,1
6933,7,5,5,1
6934,7,4,4,1
6935,8,5,5,1
6936,6,3,3,1
6937,7,4,4,1
6938,7,4,4,1
6939,8,4,4,1
6940,7,4,4,1
6941,8,5,5,1
6942,8,4,4,1
6943,9,5,5,1
6944,5,3,3,1
6945,6,4,4,1
6946,6,4,4,1
6947,7,4,4,1
6948,6,4,4,1
6949,7,5,5,1
6950,7,4,4,1
6951,8,5,5,1
6952,6,3,3,1
6953,7,4,4,1
6954,7,4,4,1
6955,8,4,4,1
6956,7,4,4,1
6957,8,5,5,1
6958,8,4,4,1
6959,9,5,5,1
6960,6,3,3,1
6961,7,4,4,1
6962,7,4,4,1
6963,8,4,4,1
6964,7,4,4,1
6965,8,5,5,1
6966,8,4,4,1
6967,9,5,5,1
6968,7,3,3,1
6969,8,4,4,1
6970,8,4,4,1
6971,9,4,4,1
6972,8,4,4,1
6973,9,5,5,1
6974,9,4,4,1
6975,10,5,5,1
6976,5,3,3,1
6977,6,4,4,1
6978,6,4,4,1
6979,7,4,4,1
6980,6,4,4,1
6981,7,5,5,1
6982,7,4,4,1
6983,8,5,5,1
6984,6,4,4,1
6985,7,5,5,1
6986,7,4,4,1
6987,8,5,5,1
6988,7,4,4,1
6989,8,5,5,1
6990,8,4,4,1
6991,9,5,5,1
6992,6,4,4,1
6993,7,5,5,1
6994,7,5,5,1
6995,8,5,5,1
6996,7,5,5,1
6997,8,6,6,1
6998,8,5,5,1
6999,9,6,6,1
7000,7,4,4,1
7001,8,5,5,1
7002,8,5,5,1
7003,9,5,5,1
7004,8,5,5,1
7005,9,6,6,1
7006,9,5,5,1
7007,10,6,6,1
7008,6,3,3,1
7009,7,4,4,1
7010,7,4,4,1
7011,8,4,4,1
7012,7,4,4,1
7013,8,5,5,1
7014,8,4,4,1
7015,9,5,5,1
7016,7,4,4,1
7017,8,5,5,1
7018,8,4,4,1
7019,9,5,5,1
7020,8,4,4,1
7021,9,5,5,1
7022,9,4,4,1
7023,10,5,5,1
7024,7,4,4,1
7025,8,5,5,1
7026,8,5,5,1
7027,9,5,5,1
7028,8,5,5,1
7029,9,6,6,1
7030,9,5,5,1
7031,10,6,6,1
7032,8,4,4,1
7033,9,5,5,1
7034,9,5,5,1
7035,10,5,5,1
7036,9,5,5,1
7037,10,6,6,1
7038,10,5,5,1
7039,11,6,6,1
7040,5,2,2,1
7041,6,3,3,1
7042,6,3,3,1
7043,7,3,3,1
7044,6,3,3,1
7045,7,4,4,1
7046,7,3,3,1
7047,8,4,4,1
7048,6,3,3,1
7049,7,4,4,1
7050,7,3,3,1
7051,8,4,4,1
7052,7,3,3,1
7053,8,4,4,1
7054,8,3,3,1
7055,9,4,4,1
7056,6,3,3,1
7057,7,4,4,1
7058,7,4,4,1
7059,8,4,4,1
7060,7,4,4,1
7061,8,5,5,1
7062,8,4,4,1
7063,9,5,5,1
7064,7,3,3,1
7065,8,4,4,1
7066,8,4,4,1
7067,9,4,4,1
7068,8,4,4,1
7069,9,5,5,1
7070,9,4,4,1
7071,10,5,5,1
7072,6,3,3,1
7073,7,4,4,1
7074,7,4,4,1
7075,8,4,4,1
7076,7,4,4,1
7077,8,5,5,1
7078,8,4,4,1
7079,9,5,5,1
7080,7,3,3,1
7081,8,4,4,1
7082,8,4,4,1
7083,9,4,4,1
7084,8,4,4,1
7085,9,5,5,1
7086,9,4,4,1
7087,10,5,5,1
7088,7,3,3,1
7089,8,4,4,1
7090,8,4,4,1
7091,9,4,4,1
7092,8,4,4,1
7093,9,5,5,1
7094,9,4,4,1
7095,10,5,5,1
7096,8,3,3,1
7097,9,4,4,1
7098,9,4,4,1
7099,10,4,4,1
7100,9,4,4,1
7101,10,5,5,1
7102,10,4,4,1
7103,11,5,5,1
7104,6,3,3,1
7105,7,4,4,1
7106,7,4,4,1
7107,8,4,4,1
7108,7,4,4,1
7109,8,5,5,1
7110,8,4,4,1
7111,9,5,5,1
7112,7,4,4,1
7113,8,5,5,1
7114,8,4,4,1
7115,9,5,5,1
7116,8,4,4,1
7117,9,5,5,1
7118,9,4,4,1
7119,10,5,5,1
7120,7,4,4,1
7121,8,5,5,1
7122,8,5,5,1
7123,9,5,5,1
7124,8,5,5,1
7125,9,6,6,1
7126,9,5,5,1
7127,10,6,6,1
7128,8,4,4,1
7129,9,5,5,1
7130,9,5,5,1
7131,10,5,5,1
7132,9,5,5,1
7133,10,6,6,1
7134,10,5,5,1
7135,11,6,6,1
7136,7,3,3,1
7137,8,4,4,1
7138,8,4,4,1
7139,9,4,4,1
7140,8,4,4,1
7141,9,5,5,1
7142,9,4,4,1
7143,10,5,5,1
7144,8,4,4,1
7145,9,5,5,1
7146,9,4,4,1
7147,10,5,5,1
7148,9,4,4,1
7149,10,5,5,1
7150,10,4,4,1
7151,11,5,5,1
7152,8,4,4,1
7153,9,5,5,1
7154,9,5,5,1
7155,10,5,5,1
7156,9,5,5,1
7157,10,6,6,1
7158,10,5,5,1
7159,11,6,6,1
7160,9,4,4,1
7161,10,5,5,1
7162,10,5,5,1
7163,11,5,5,1
7164,10,5,5,1
7165,11,6,6,1
7166,11,5,5,1
7167,12,6,6,1
7168,3,2,2,1
7169,4,3,3,1
7170,4,3,3,1
7171,5,3,3,1
7172,4,3,3,1
7173,5,4,4,1
7174,5,3,3,1
7175,6,4,4,1
7176,4,3,3,1
7177,5,4,4,1
7178,5,3,3,1
7179,6,4,4,1
7180,5,3,3,1
7181,6,4,4,1
7182,6,3,3,1
7183,7,4,4,1
7184,4,3,3,1
7185,5,4,4,1
7186,5,4,4,1
7187,6,4,4,1
7188,5,4,4,1
7189,6,5,5,1
7190,6,4,4,1
7191,7,5,5,1
7192,5,3,3,1
7193,6,4,4,1
7194,6,4,4,1
7195,7,4,4,1
7196,6,4,4,1
7197,7,5,5,1
7198,7,4,4,1
7199,8,5,5,1
7200,4,3,3,1
7201,5,4,4,1
7202,5,4,4,1
7203,6,4,4,1
7204,5,4,4,1
7205,6,5,5,1
7206,6,4,4,1
7207,7,5,5,1
7208,5,3,3,1
7209,6,4,4,1
7210,6,4,4,1
7211,7,4,4,1
7212,6,4,4,1
7213,7,5,5,1
7214,7,4,4,1
7215,8,5,5,1
7216,5,3,3,1
7217,6,4,4,1
7218,6,4,4,1
7219,7,4,4,1
7220,6,4,4,1
7221,7,5,5,1
7222,7,4,4,1
7223,8,5,5,1
7224,6,3,3,1
7225,7,4,4,1
7226,7,4,4,1
7227,8,4,4,1
7228,7,4,4,1
7229,8,5,5,1
7230,8,4,4,1
7231,9,5,5,1
7232,4,3,3,1
7233,5,4,4,1
7234,5,4,4,1
7235,6,4,4,1
7236,5,4,4,1
7237,6,5,5,1
7238,6,4,4,1
7239,7,5,5,1
7240,5,4,4,1
7241,6,5,5,1
7242,6,4,4,1
7243,7,5,5,1
7244,6,4,4,1
7245,7,5,5,1
7246,7,4,4,1
7247,8,5,5,1
7248,5,4,4,1
7249,6,5,5,1
7250,6,5,5,1
7251,7,5,5,1
7252,6,5,5,1
7253,7,6,6,1
7254,7,5,5,1
7255,8,6,6,1
7256,6,4,4,1
7257,7,5,5,1
7258,7,5,5,1
7259,8,5,5,1
7260,7,5,5,1
7261,8,6,6,1
7262,8,5,5,1
7263,9,6,6,1
7264,5,3,3,1
7265,6,4,4,1
7266,6,4,4,1
7267,7,4,4,1
7268,6,4,4,1
7269,7,5,5,1
7270,7,4,4,1
7271,8,5,5,1
7272,6,4,4,1
7273,7,5,5,1
7274,7,4,4,1
7275,8,5,5,1
7276,7,4,4,1
7277,8,5,5,1
7278,8,4,4,1
7279,9,5,5,1
7280,6,4,4,1
7281,7,5,5,1
7282,7,5,5,1
7283,8,5,5,1
7284,7,5,5,1
7285,8,6,6,1
7286,8,5,5,1
7287,9,6,6,1
7288,7,4,4,1
7289,8,5,5,1
7290,8,5,5,1
7291,9,5,5,1
7292,8,5,5,1
7293,9,6,6,1
7294,9,5,5,1
7295,10,6,6,1
7296,4,3,3,1
7297,5,4,4,1
7298,5,4,4,1
7299,6,4,4,1
7300,5,4,4,1
7301,6,5,5,1
7302,6,4,4,1
7303,7,5,5,1
7304,5,4,4,1
7305,6,5,5,1
7306,6,4,4,1
7307,7,5,5,1
7308,6,4,4,1
7309,7,5,5,1
7310,7,4,4,1
7311,8,5,5,1
7312,5,4,4,1
7313,6,5,5,1
7314,6,5,5,1
7315,7,5,5,1
7316,6,5,5,1
7317,7,6,6,1
7318,7,5,5,1
7319,8,6,6,1
7320,6,4,4,1
7321,7,5,5,1
7322,7,5,5,1
7323,8,5,5,1
7324,7,5,5,1
7325,8,6,6,1
7326,8,5,5,1
7327,9,6,6,1
7328,5,3,3,1
7329,6,4,4,1
7330,6,4,4,1
7331,7,4,4,1
7332,6,4,4,1
7333,7,5,5,1
7334,7,4,4,1
7335,8,5,5,1
7336,6,4,4,1
7337,7,5,5,1
7338,7,4,4,1
7339,8,5,5,1
7340,7,4,4,1
7341,8,5,5,1
7342,8,4,4,1
7343,9,5,5,1
7344,6,4,4,1
7345,7,5,5,1
7346,7,5,5,1
7347,8,5,5,1
7348,7,5,5,1
7349,8,6,6,1
7350,8,5,5,1
7351,9,6,6,1
7352,7,4,4,1
7353,8,5,5,1
7354,8,5,5,1
7355,9,5,5,1
7356,8,5,5,1
7357,9,6,6,1
7358,9,5,5,1
7359,10,6,6,1
7360,5,3,3,1
7361,6,4,4,1
7362,6,4,4,1
7363,7,4,4,1
7364,6,4,4,1
7365,7,5,5,1
7366,7,4,4,1
7367,8,5,5,1
7368,6,4,4,1
7369,7,5,5,1
7370,7,4,4,1
7371,8,5,5,1
7372,7,4,4,1
7373,8,5,5,1
7374,8,4,4,1
7375,9,5,5,1
7376,6,4,4,1
7377,7,5,5,1
7378,7,5,5,1
7379,8,5,5,1
7380,7,5,5,1
7381,8,6,6,1
7382,8,5,5,1
7383,9,6,6,1
7384,7,4,4,1
7385,8,5,5,1
7386,8,5,5,1
7387,9,5,5,1
7388,8,5,5,1
7389,9,6,6,1
7390,9,5,5,1
7391,10,6,6,1
7392,6,3,3,1
7393,7,4,4,1
7394,7,4,4,1
7395,8,4,4,1
7396,7,4,4,1
7397,8,5,5,1
7398,8,4,4,1
7399,9,5,5,1
7400,7,4,4,1
7401,8,5,5,1
7402,8,4,4,1
7403,9,5,5,1
7404,8,4,4,1
7405,9,5,5,1
7406,9,4,4,1
7407,10,5,5,1
7408,7,4,4,1
7409,8,5,5,1
7410,8,5,5,1
7411,9,5,5,1
7412,8,5,5,1
7413,9,6,6,1
7414,9,5,5,1
7415,10,6,6,1
7416,8,4,4,1
7417,9,5,5,1
7418,9,5,5,1
7419,10,5,5,1
7420,9,5,5,1
7421,10,6,6,1
7422,10,5,5,1
7423,11,6,6,1
7424,4,3,3,1
7425,5,4,4,1
7426,5,4,4,1
7427,6,4,4,1
7428,5,4,4,1
7429,6,5,5,1
7430,6,4,4,1
7431,7,5,5,1
7432,5,4,4,1
7433,6,5,5,1
7434,6,4,4,1
7435,7,5,5,1
7436,6,4,4,1
7437,7,5,5,1
7438,7,4,4,1
7439,8,5,5,1
7440,5,4,4,1
7441,6,5,5,1
7442,6,5,5,1
7443,7,5,5,1
7444,6,5,5,1
7445,7,6,6,1
7446,7,5,5,1
7447,8,6,6,1
7448,6,4,4,1
7449,7,5,5,1
7450,7,5,5,1
7451,8,5,5,1
7452,7,5,5,1
7453,8,6,6,1
7454,8,5,5,1
7455,9,6,6,1
7456,5,4,4,1
7457,6,5,5,1
7458,6,5,5,1
7459,7,5,5,1
7460,6,5,5,1
7461,7,6,6,1
7462,7,5,5,1
7463,8,6,6,1
7464,6,4,4,1
7465,7,5,5,1
7466,7,5,5,1
7467,8,5,5,1
7468,7,5,5,1
7469,8,6,6,1
7470,8,5,5,1
7471,9,6,6,1
7472,6,4,4,1
7473,7,5,5,1
7474,7,5,5,1
7475,8,5,5,1
7476,7,5,5,1
7477,8,6,6,1
7478,8,5,5,1
7479,9,6,6,1
7480,7,4,4,1
7481,8,5,5,1
7482,8,5,5,1
7483,9,5,5,1
7484,8,5,5,1
7485,9,6,6,1
7486,9,5,5,1
7487,10,6,6,1
7488,5,4,4,1
7489,6,5,5,1
7490,6,5,5,1
7491,7,5,5,1
7492,6,5,5,1
7493,7,6,6,1
7494,7,5,5,1
7495,8,6,6,1
7496,6,5,5,1
7497,7,6,6,1
7498,7,5,5,1
7499,8,6,6,1
7500,7,5,5,1
7501,8,6,6,1
7502,8,5,5,1
7503,9,6,6,1
7504,6,5,5,1
7505,7,6,6,1
7506,7,6,6,1
7507,8,6,6,1
7508,7,6,6,1
7509,8,7,7,1
7510,8,6,6,1
7511,9,7,7,1
7512,7,5,5,1
7513,8,6,6,1
7514,8,6,6,1
7515,9,6,6,1
7516,8,6,6,1
7517,9,7,7,1
7518,9,6,6,1
7519,10,7,7,1
7520,6,4,4,1
7521,7,5,5,1
7522,7,5,5,1
7523,8,5,5,1
7524,7,5,5,1
7525,8,6,6,1
7526,8,5,5,1
7527,9,6,6,1
7528,7,5,5,1
7529,8,6,6,1
7530,8,5,5,1
7531,9,6,6,1
7532,8,5,5,1
7533,9,6,6,1
7534,9,5,5,1
7535,10,6,6,1
7536,7,5,5,1
7537,8,6,6,1
7538,8,6,6,1
7539,9,6,6,1
7540,8,6,6,1
7541,9,7,7,1
7542,9,6,6,1
7543,10,7,7,1
7544,8,5,5,1
7545,9,6,6,1
7546,9,6,6,1
7547,10,6,6,1
7548,9,6,6,1
7549,10,7,7,1
7550,10,6,6,1
7551,11,7,7,1
7552,5,3,3,1
7553,6,4,4,1
7554,6,4,4,1
7555,7,4,4,1
7556,6,4,4,1
7557,7,5,5,1
7558,7,4,4,1
7559,8,5,5,1
7560,6,4,4,1
7561,7,5,5,1
7562,7,4,4,1
7563,8,5,5,1
7564,7,4,4,1
7565,8,5,5,1
7566,8,4,4,1
7567,9,5,5,1
7568,6,4,4,1
7569,7,5,5,1
7570,7,5,5,1
7571,8,5,5,1
7572,7,5,5,1
7573,8,6,6,1
7574,8,5,5,1
7575,9,6,6,1
7576,7,4,4,1
7577,8,5,5,1
7578,8,5,5,1
7579,9,5,5,1
7580,8,5,5,1
7581,9,6,6,1
7582,9,5,5,1
7583,10,6,6,1
7584,6,4,4,1
7585,7,5,5,1
7586,7,5,5,1
7587,8,5,5,1
7588,7,5,5,1
7589,8,6,6,1
7590,8,5,5,1
7591,9,6,6,1
7592,7,4,4,1
7593,8,5,5,1
7594,8,5,5,1
7595,9,5,5,1
7596,8,5,5,1
7597,9,6,6,1
7598,9,5,5,1
7599,10,6,6,1
7600,7,4,4,1
7601,8,5,5,1
7602,8,5,5,1
7603,9,5,5,1
7604,8,5,5,1
7605,9,6,6,1
7606,9,5,5,1
7607,10,6,6,1
7608,8,4,4,1
7609,9,5,5,1
7610,9,5,5,1
7611,10,5,5,1
7612,9,5,5,1
7613,10,6,6,1
7614,10,5,5,1
7615,11,6,6,1
7616,6,4,4,1
7617,7,5,5,1
7618,7,5,5,1
7619,8,5,5,1
7620,7,5,5,1
7621,8,6,6,1
7622,8,5,5,1
7623,9,6,6,1
7624,7,5,5,1
7625,8,6,6,1
7626,8,5,5,1
7627,9,6,6,1
7628,8,5,5,1
7629,9,6,6,1
7630,9,5,5,1
7631,10,6,6,1
7632,7,5,5,1
7633,8,6,6,1
7634,8,6,6,1
7635,9,6,6,1
7636,8,6,6,1
7637,9,7,7,1
7638,9,6,6,1
7639,10,7,7,1
7640,8,5,5,1
7641,9,6,6,1
7642,9,6,6,1
7643,10,6,6,1
7644,9,6,6,1
7645,10,7,7,1
7646,10,6,6,1
7647,11,7,7,1
7648,7,4,4,1
7649,8,5,5,1
7650,8,5,5,1
7651,9,5,5,1
7652,8,5,5,1
7653,9,6,6,1
7654,9,5,5,1
7655,10,6,6,1
7656,8,5,5,1
7657,9,6,6,1
7658,9,5,5,1
7659,10,6,6,1
7660,9,5,5,1
7661,10,6,6,1
7662,10,5,5,1
7663,11,6,6,1
7664,8,5,5,1
7665,9,6,6,1
7666,9,6,6,1
7667,10,6,6,1
7668,9,6,6,1
7669,10,7,7,1
7670,10,6,6,1
7671,11,7,7,1
7672,9,5,5,1
7673,10,6,6,1
7674,10,6,6,1
7675,11,6,6,1
7676,10,6,6,1
7677,11,7,7,1
7678,11,6,6,1
7679,12,7,7,1
7680,4,2,2,1
7681,5,3,3,1
7682,5,3,3,1
7683,6,3,3,1
7684,5,3,3,1
7685,6,4,4,1
7686,6,3,3,1
7687,7,4,4,1
7688,5,3,3,1
7689,6,4,4,1
7690,6,3,3,1
7691,7,4,4,1
7692,6,3,3,1
7693,7,4,4,1
7694,7,3,3,1
7695,8,4,4,1
7696,5,3,3,1
7697,6,4,4,1
7698,6,4,4,1
7699,7,4,4,1
7700,6,4,4,1
7701,7,5,5,1
7702,7,4,4,1
7703,8,5,5,1
7704,6,3,3,1
7705,7,4,4,1
7706,7,4,4,1
7707,8,4,4,1
7708,7,4,4,1
7709,8,5,5,1
7710,8,4,4,1
7711,9,5,5,1
7712,5,3,3,1
7713,6,4,4,1
7714,6,4,4,1
7715,7,4,4,1
7716,6,4,4,1
7717,7,5,5,1
7718,7,4,4,1
7719,8,5,5,1
7720,6,3,3,1
7721,7,4,4,1
7722,7,4,4,1
7723,8,4,4,1
7724,7,4,4,1
7725,8,5,5,1
7726,8,4,4,1
7727,9,5,5,1
7728,6,3,3,1
7729,7,4,4,1
7730,7,4,4,1
7731,8,4,4,1
7732,7,4,4,1
7733,8,5,5,1
7734,8,4,4,1
7735,9,5,5,1
7736,7,3,3,1
7737,8,4,4,1
7738,8,4,4,1
7739,9,4,4,1
7740,8,4,4,1
7741,9,5,5,1
7742,9,4,4,1
7743,10,5,5,1
7744,5,3,3,1
7745,6,4,4,1
7746,6,4,4,1
7747,7,4,4,1
7748,6,4,4,1
7749,7,5,5,1
7750,7,4,4,1
7751,8,5,5,1
7752,6,4,4,1
7753,7,5,5,1
7754,7,4,4,1
7755,8,5,5,1
7756,7,4,4,1
7757,8,5,5,1
7758,8,4,4,1
7759,9,5,5,1
7760,6,4,4,1
7761,7,5,5,1
7762,7,5,5,1
7763,8,5,5,1
7764,7,5,5,1
7765,8,6,6,1
7766,8,5,5,1
7767,9,6,6,1
7768,7,4,4,1
7769,8,5,5,1
7770,8,5,5,1
7771,9,5,5,1
7772,8,5,5,1
7773,9,6,6,1
7774,9,5,5,1
7775,10,6,6,1
7776,6,3,3,1
7777,7,4,4,1
7778,7,4,4,1
7779,8,4,4,1
7780,7,4,4,1
7781,8,5,5,1
7782,8,4,4,1
7783,9,5,5,1
7784,7,4,4,1
7785,8,5,5,1
7786,8,4,4,1
7787,9,5,5,1
7788,8,4,4,1
7789,9,5,5,1
7790,9,4,4,1
7791,10,5,5,1
7792,7,4,4,1
7793,8,5,5,1
7794,8,5,5,1
7795,9,5,5,1
7796,8,5,5,1
7797,9,6,6,1
7798,9,5,5,1
7799,10,6,6,1
7800,8,4,4,1
7801,9,5,5,1
7802,9,5,5,1
7803,10,5,5,1
7804,9,5,5,1
7805,10,6,6,1
7806,10,5,5,1
7807,11,6,6,1
7808,5,3,3,1
7809,6,4,4,1
7810,6,4,4,1
7811,7,4,4,1
7812,6,4,4,1
7813,7,5,5,1
7814,7,4,4,1
7815,8,5,5,1
7816,6,4,4,1
7817,7,5,5,1
7818,7,4,4,1
7819,8,5,5,1
7820,7,4,4,1
7821,8,5,5,1
7822,8,4,4,1
7823,9,5,5,1
7824,6,4,4,1
7825,7,5,5,1
7826,7,5,5,1
7827,8,5,5,1
7828,7,5,5,1
7829,8,6,6,1
7830,8,5,5,1
7831,9,6,6,1
7832,7,4,4,1
7833,8,5,5,1
7834,8,5,5,1
7835,9,5,5,1
7836,8,5,5,1
7837,9,6,6,1
7838,9,5,5,1
7839,10,6,6,1
7840,6,3,3,1
7841,7,4,4,1
7842,7,4,4,1
7843,8,4,4,1
7844,7,4,4,1
7845,8,5,5,1
7846,8,4,4,1
7847,9,5,5,1
7848,7,4,4,1
7849,8,5,5,1
7850,8,4,4,1
7851,9,5,5,1
7852,8,4,4,1
7853,9,5,5,1
7854,9,4,4,1
7855,10,5,5,1
7856,7,4,4,1
7857,8,5,5,1
7858,8,5,5,1
7859,9,5,5,1
7860,8,5,5,1
7861,9,6,6,1
7862,9,5,5,1
7863,10,6,6,1
7864,8,4,4,1
7865,9,5,5,1
7866,9,5,5,1
7867,10,5,5,1
7868,9,5,5,1
7869,10,6,6,1
7870,10,5,5,1
7871,11,6,6,1
7872,6,3,3,1
7873,7,4,4,1
7874,7,4,4,1
7875,8,4,4,1
7876,7,4,4,1
7877,8,5,5,1
7878,8,4,4,1
7879,9,5,5,1
7880,7,4,4,1
7881,8,5,5,1
7882,8,4,4,1
7883,9,5,5,1
7884,8,4,4,1
7885,9,5,5,1
7886,9,4,4,1
7887,10,5,5,1
7888,7,4,4,1
7889,8,5,5,1
7890,8,5,5,1
7891,9,5,5,1
7892,8,5,5,1
7893,9,6,6,1
7894,9,5,5,1
7895,10,6,6,1
7896,8,4,4,1
7897,9,5,5,1
7898,9,5,5,1
7899,10,5,5,1
7900,9,5,5,1
7901,10,6,6,1
7902,10,5,5,1
7903,11,6,6,1
7904,7,3,3,1
7905,8,4,4,1
7906,8,4,4,1
7907,9,4,4,1
7908,8,4,4,1
7909,9,5,5,1
7910,9,4,4,1
7911,10,5,5,1
7912,8,4,4,1
7913,9,5,5,1
7914,9,4,4,1
7915,10,5,5,1
7916,9,4,4,1
7917,10,5,5,1
7918,10,4,4,1
7919,11,5,5,1
7920,8,4,4,1
7921,9,5,5,1
7922,9,5,5,1
7923,10,5,5,1
7924,9,5,5,1
7925,10,6,6,1
7926,10,5,5,1
7927,11,6,6,1
7928,9,4,4,1
7929,10,5,5,1
7930,10,5,5,1
7931,11,5,5,1
7932,10,5,5,1
7933,11,6,6,1
7934,11,5,5,1
7935,12,6,6,1
7936,5,3,3,1
7937,6,4,4,1
7938,6,4,4,1
7939,7,4,4,1
7940,6,4,4,1
7941,7,5,5,1
7942,7,4,4,1
7943,8,5,5,1
7944,6,4,4,1
7945,7,5,5,1
7946,7,4,4,1
7947,8,5,5,1
7948,7,4,4,1
7949,8,5,5,1
7950,8,4,4,1
7951,9,5,5,1
7952,6,4,4,1
7953,7,5,5,1
7954,7,5,5,1
7955,8,5,5,1
7956,7,5,5,1
7957,8,6,6,1
7958,8,5,5,1
7959,9,6,6,1
7960,7,4,4,1
7961,8,5,5,1
7962,8,5,5,1
7963,9,5,5,1
7964,8,5,5,1
7965,9,6,6,1
7966,9,5,5,1
7967,10,6,6,1
7968,6,4,4,1
7969,7,5,5,1
7970,7,5,5,1
7971,8,5,5,1
7972,7,5,5,1
7973,8,6,6,1
7974,8,5,5,1
7975,9,6,6,1
7976,7,4,4,1
7977,8,5,5,1
7978,8,5,5,1
7979,9,5,5,1
7980,8,5,5,1
7981,9,6,6,1
7982,9,5,5,1
7983,10,6,6,1
7984,7,4,4,1
7985,8,5,5,1
7986,8,5,5,1
7987,9,5,5,1
7988,8,5,5,1
7989,9,6,6,1
7990,9,5,5,1
7991,10,6,6,1
7992,8,4,4,1
7993,9,5,5,1
7994,9,5,5,1
7995,10,5,5,1
7996,9,5,5,1
7997,10,6,6,1
7998,10,5,5,1
7999,11,6,6,1
8000,6,4,4,1
8001,7,5,5,1
8002,7,5,5,1
8003,8,5,5,1
8004,7,5,5,1
8005,8,6,6,1
8006,8,5,5,1
8007,9,6,6,1
8008,7,5,5,1
8009,8,6,6,1
8010,8,5,5,1
8011,9,6,6,1
8012,8,5,5,1
8013,9,6,6,1
8014,9,5,5,1
8015,10,6,6,1
8016,7,5,5,1
8017,8,6,6,1
8018,8,6,6,1
8019,9,6,6,1
8020,8,6,6,1
8021,9,7,7,1
8022,9,6,6,1
8023,10,7,7,1
8024,8,5,5,1
8025,9,6,6,1
8026,9,6,6,1
8027,10,6,6,1
8028,9,6,6,1
8029,10,7,7,1
8030,10,6,6,1
8031,11,7,7,1
8032,7,4,4,1
8033,8,5,5,1
8034,8,5,5,1
8035,9,5,5,1
8036,8,5,5,1
8037,9,6,6,1
8038,9,5,5,1
8039,10,6,6,1
8040,8,5,5,1
8041,9,6,6,1
8042,9,5,5,1
8043,10,6,6,1
8044,9,5,5,1
8045,10,6,6,1
8046,10,5,5,1
8047,11,6,6,1
8048,8,5,5,1
8049,9,6,6,1
8050,9,6,6,1
8051,10,6,6,1
8052,9,6,6,1
8053,10,7,7,1
8054,10,6,6,1
8055,11,7,7,1
8056,9,5,5,1
8057,10,6,6,1
8058,10,6,6,1
8059,11,6,6,1
8060,10,6,6,1
8061,11,7,7,1
8062,11,6,6,1
8063,12,7,7,1
8064,6,3,3,1
8065,7,4,4,1
8066,7,4,4,1
8067,8,4,4,1
8068,7,4,4,1
8069,8,5,5,1
8070,8,4,4,1
8071,9,5,5,1
8072,7,4,4,1
8073,8,5,5,1
8074,8,4,4,1
8075,9,5,5,1
8076,8,4,4,1
8077,9,5,5,1
8078,9,4,4,1
8079,10,5,5,1
8080,7,4,4,1
8081,8,5,5,1
8082,8,5,5,1
8083,9,5,5,1
8084,8,5,5,1
8085,9,6,6,1
8086,9,5,5,1
8087,10,6,6,1
8088,8,4,4,1
8089,9,5,5,1
8090,9,5,5,1
8091,10,5,5,1
8092,9,5,5,1
8093,10,6,6,1
8094,10,5,5,1
8095,11,6,6,1
8096,7,4,4,1
8097,8,5,5,1
8098,8,5,5,1
8099,9,5,5,1
8100,8,5,5,1
8101,9,6,6,1
8102,9,5,5,1
8103,10,6,6,1
8104,8,4,4,1
8105,9,5,5,1
8106,9,5,5,1
8107,10,5,5,1
8108,9,5,5,1
8109,10,6,6,1
8110,10,5,5,1
8111,11,6,6,1
8112,8,4,4,1
8113,9,5,5,1
8114,9,5,5,1
8115,10,5,5,1
8116,9,5,5,1
8117,10,6,6,1
8118,10,5,5,1
8119,11,6,6,1
8120,9,4,4,1
8121,10,5,5,1
8122,10,5,5,1
8123,11,5,5,1
8124,10,5,5,1
8125,11,6,6,1
8126,11,5,5,1
8127,12,6,6,1
8128,7,4,4,1
8129,8,5,5,1
8130,8,5,5,1
8131,9,5,5,1
8132,8,5,5,1
8133,9,6,6,1
8134,9,5,5,1
8135,10,6,6,1
8136,8,5,5,1
8137,9,6,6,1
8138,9,5,5,1
8139,10,6,6,1
8140,9,5,5,1
8141,10,6,6,1
8142,10,5,5,1
8143,11,6,6,1
8144,8,5,5,1
8145,9,6,6,1
8146,9,6,6,1
8147,10,6,6,1
8148,9,6,6,1
8149,10,7,7,1
8150,10,6,6,1
8151,11,7,7,1
8152,9,5,5,1
8153,10,6,6,1
8154,10,6,6,1
8155,11,6,6,1
8156,10,6,6,1
8157,11,7,7,1
8158,11,6,6,1
8159,12,7,7,1
8160,8,4,4,1
8161,9,5,5,1
8162,9,5,5,1
8163,10,5,5,1
8164,9,5,5,1
8165,10,6,6,1
8166,10,5,5,1
8167,11,6,6,1
8168,9,5,5,1
8169,10,6,6,1
8170,10,5,5,1
8171,11,6,6,1
8172,10,5,5,1
8173,11,6,6,1
8174,11,5,5,1
8175,12,6,6,1
8176,9,5,5,1
8177,10,6,6,1
8178,10,6,6,1
8179,11,6,6,1
8180,10,6,6,1
8181,11,7,7,1
8182,11,6,6,1
8183,12,7,7,1
8184,10,5,5,1
8185,11,6,6,1
8186,11,6,6,1
8187,12,6,6,1
8188,11,6,6,1
8189,12,7,7,1
8190,12,6,6,1
8191,13,7,7,1
8192,1,1,1,1
8193,2,2,2,1
8194,2,2,2,1
8195,3,2,2,1
8196,2,2,2,1
8197,3,3,3,1
8198,3,2,2,1
8199,4,3,3,1
8200,2,2,2,1
8201,3,3,3,1
8202,3,2,2,1
8203,4,3,3,1
8204,3,2,2,1
8205,4,3,3,1
8206,4,2,2,1
8207,5,3,3,1
8208,2,2,2,1
8209,3,3,3,1
8210,3,3,3,1
8211,4,3,3,1
8212,3,3,3,1
8213,4,4,4,1
8214,4,3,3,1
8215,5,4,4,1
8216,3,2,2,1
8217,4,3,3,1
8218,4,3,3,1
8219,5,3,3,1
8220,4,3,3,1
8221,5,4,4,1
8222,5,3,3,1
8223,6,4,4,1
8224,2,2,2,1
8225,3,3,3,1
8226,3,3,3,1
8227,4,3,3,1
8228,3,3,3,1
8229,4,4,4,1
8230,4,3,3,1
8231,5,4,4,1
8232,3,2,2,1
8233,4,3,3,1
8234,4,3,3,1
8235,5,3,3,1
8236,4,3,3,1
8237,5,4,4,1
8238,5,3,3,1
8239,6,4,4,1
8240,3,2,2,1
8241,4,3,3,1
8242,4,3,3,1
8243,5,3,3,1
8244,4,3,3,1
8245,5,4,4,1
8246,5,3,3,1
8247,6,4,4,1
8248,4,2,2,1
8249,5,3,3,1
8250,5,3,3,1
8251,6,3,3,1
8252,5,3,3,1
8253,6,4,4,1
8254,6,3,3,1
8255,7,4,4,1
8256,2,2,2,1
8257,3,3,3,1
8258,3,3,3,1
8259,4,3,3,1
8260,3,3,3,1
8261,4,4,4,1
8262,4,3,3,1
8263,5,4,4,1
8264,3,3,3,1
8265,4,4,4,1
8266,4,3,3,1
8267,5,4,4,1
8268,4,3,3,1
8269,5,4,4,1
8270,5,3,3,1
8271,6,4,4,1
8272,3,3,3,1
8273,4,4,4,1
8274,4,4,4,1
8275,5,4,4,1
8276,4,4,4,1
8277,5,5,5,1
8278,5,4,4,1
8279,6,5,5,1
8280,4,3,3,1
8281,5,4,4,1
8282,5,4,4,1
8283,6,4,4,1
8284,5,4,4,1
8285,6,5,5,1
8286,6,4,4,1
8287,7,5,5,1
8288,3,2,2,1
8289,4,3,3,1
8290,4,3,3,1
8291,5,3,3,1
8292,4,3,3,1
8293,5,4,4,1
8294,5,3,3,1
8295,6,4,4,1
8296,4,3,3,1
8297,5,4,4,1
8298,5,3,3,1
8299,6,4,4,1
8300,5,3,3,1
8301,6,4,4,1
8302,6,3,3,1
8303,7,4,4,1
8304,4,3,3,1
8305,5,4,4,1
8306,5,4,4,1
8307,6,4,4,1
8308,5,4,4,1
8309,6,5,5,1
8310,6,4,4,1
8311,7,5,5,1
8312,5,3,3,1
8313,6,4,4,1
8314,6,4,4,1
8315,7,4,4,1
8316,6,4,4,1
8317,7,5,5,1
8318,7,4,4,1
8319,8,5,5,1
8320,2,2,2,1
8321,3,3,3,1
8322,3,3,3,1
8323,4,3,3,1
8324,3,3,3,1
8325,4,4,4,1
8326,4,3,3,1
8327,5,4,4,1
8328,3,3,3,1
8329,4,4,4,1
8330,4,3,3,1
8331,5,4,4,1
8332,4,3,3,1
8333,5,4,4,1
8334,5,3,3,1
8335,6,4,4,1
8336,3,3,3,1
8337,4,4,4,1
8338,4,4,4,1
8339,5,4,4,1
8340,4,4,4,1
8341,5,5,5,1
8342,5,4,4,1
8343,6,5,5,1
8344,4,3,3,1
8345,5,4,4,1
8346,5,4,4,1
8347,6,4,4,1
8348,5,4,4,1
8349,6,5,5,1
8350,6,4,4,1
8351,7,5,5,1
8352,3,2,2,1
8353,4,3,3,1
8354,4,3,3,1
8355,5,3,3,1
8356,4,3,3,1
8357,5,4,4,1
8358,5,3,3,1
8359,6,4,4,1
8360,4,3,3,1
8361,5,4,4,1
8362,5,3,3,1
8363,6,4,4,1
8364,5,3,3,1
8365,6,4,4,1
8366,6,3,3,1
8367,7,4,4,1
8368,4,3,3,1
8369,5,4,4,1
8370,5,4,4,1
8371,6,4,4,1
8372,5,4,4,1
8373,6,5,5,1
8374,6,4,4,1
8375,7,5,5,1
8376,5,3,3,1
8377,6,4,4,1
8378,6,4,4,1
8379,7,4,4,1
8380,6,4,4,1
8381,7,5,5,1
8382,7,4,4,1
8383,8,5,5,1
8384,3,2,2,1
8385,4,3,3,1
8386,4,3,3,1
8387,5,3,3,1
8388,4,3,3,1
8389,5,4,4,1
8390,5,3,3,1
8391,6,4,4,1
8392,4,3,3,1
8393,5,4,4,1
8394,5,3,3,1
8395,6,4,4,1
8396,5,3,3,1
8397,6,4,4,1
8398,6,3,3,1
8399,7,4,4,1
8400,4,3,3,1
8401,5,4,4,1
8402,5,4,4,1
8403,6,4,4,1
8404,5,4,4,1
8405,6,5,5,1
8406,6,4,4,1
8407,7,5,5,1
8408,5,3,3,1
8409,6,4,4,1
8410,6,4,4,1
8411,7,4,4,1
8412,6,4,4,1
8413,7,5,5,1
8414,7,4,4,1
8415,8,5,5,1
8416,4,2,2,1
8417,5,3,3,1
8418,5,3,3,1
8419,6,3,3,1
8420,5,3,3,1
8421,6,4,4,1
8422,6,3,3,1
8423,7,4,4,1
8424,5,3,3,1
8425,6,4,4,1
8426,6,3,3,1
8427,7,4,4,1
8428,6,3,3,1
8429,7,4,4,1
8430,7,3,3,1
8431,8,4,4,1
8432,5,3,3,1
8433,6,4,4,1
8434,6,4,4,1
8435,7,4,4,1
8436,6,4,4,1
8437,7,5,5,1
8438,7,4,4,1
8439,8,5,5,1
8440,6,3,3,1
8441,7,4,4,1
8442,7,4,4,1
8443,8,4,4,1
8444,7,4,4,1
8445,8,5,5,1
8446,8,4,4,1
8447,9,5,5,1
8448,2,2,2,1
8449,3,3,3,1
8450,3,3,3,1
8451,4,3,3,1
8452,3,3,3,1
8453,4,4,4,1
8454,4,3,3,1
8455,5,4,4,1
8456,3,3,3,1
8457,4,4,4,1
8458,4,3,3,1
8459,5,4,4,1
8460,4,3,3,1
8461,5,4,4,1
8462,5,3,3,1
8463,6,4,4,1
8464,3,3,3,1
8465,4,4,4,1
8466,4,4,4,1
8467,5,4,4,1
8468,4,4,4,1
8469,5,5,5,1
8470,5,4,4,1
8471,6,5,5,1
8472,4,3,3,1
8473,5,4,4,1
8474,5,4,4,1
8475,6,4,4,1
8476,5,4,4,1
8477,6,5,5,1
8478,6,4,4,1
8479,7,5,5,1
8480,3,3,3,1
8481,4,4,4,1
8482,4,4,4,1
8483,5,4,4,1
8484,4,4,4,1
8485,5,5,5,1
8486,5,4,4,1
8487,6,5,5,1
8488,4,3,3,1
8489,5,4,4,1
8490,5,4,4,1
8491,6,4,4,1
8492,5,4,4,1
8493,6,5,5,1
8494,6,4,4,1
8495,7,5,5,1
8496,4,3,3,1
8497,5,4,4,1
8498,5,4,4,1
8499,6,4,4,1
8500,5,4,4,1
8501,6,5,5,1
8502,6,4,4,1
8503,7,5,5,1
8504,5,3,3,1
8505,6,4,4,1
8506,6,4,4,1
8507,7,4,4,1
8508,6,4,4,1
8509,7,5,5,1
8510,7,4,4,1
8511,8,5,5,1
8512,3,3,3,1
8513,4,4,4,1
8514,4,4,4,1
8515,5,4,4,1
8516,4,4,4,1
8517,5,5,5,1
8518,5,4,4,1
8519,6,5,5,1
8520,4,4,4,1
8521,5,5,5,1
8522,5,4,4,1
8523,6,5,5,1
8524,5,4,4,1
8525,6,5,5,1
8526,6,4,4,1
8527,7,5,5,1
8528,4,4,4,1
8529,5,5,5,1
8530,5,5,5,1
8531,6,5,5,1
8532,5,5,5,1
8533,6,6,6,1
8534,6,5,5,1
8535,7,6,6,1
8536,5,4,4,1
8537,6,5,5,1
8538,6,5,5,1
8539,7,5,5,1
8540,6,5,5,1
8541,7,6,6,1
8542,7,5,5,1
8543,8,6,6,1
8544,4,3,3,1
8545,5,4,4,1
8546,5,4,4,1
8547,6,4,4,1
8548,5,4,4,1
8549,6,5,5,1
8550,6,4,4,1
8551,7,5,5,1
8552,5,4,4,1
8553,6,5,5,1
8554,6,4,4,1
8555,7,5,5,1
8556,6,4,4,1
8557,7,5,5,1
8558,7,4,4,1
8559,8,5,5,1
8560,5,4,4,1
8561,6,5,5,1
8562,6,5,5,1
8563,7,5,5,1
8564,6,5,5,1
8565,7,6,6,1
8566,7,5,5,1
8567,8,6,6,1
8568,6,4,4,1
8569,7,5,5,1
8570,7,5,5,1
8571,8,5,5,1
8572,7,5,5,1
8573,8,6,6,1
8574,8,5,5,1
8575,9,6,6,1
8576,3,2,2,1
8577,4,3,3,1
8578,4,3,3,1
8579,5,3,3,1
8580,4,3,3,1
8581,5,4,4,1
8582,5,3,3,1
8583,6,4,4,1
8584,4,3,3,1
8585,5,4,4,1
8586,5,3,3,1
8587,6,4,4,1
8588,5,3,3,1
8589,6,4,4,1
8590,6,3,3,1
8591,7,4,4,1
8592,4,3,3,1
8593,5,4,4,1
8594,5,4,4,1
8595,6,4,4,1
8596,5,4,4,1
8597,6,5,5,1
8598,6,4,4,1
8599,7,5,5,1
8600,5,3,3,1
8601,6,4,4,1
8602,6,4,4,1
8603,7,4,4,1
8604,6,4,4,1
8605,7,5,5,1
8606,7,4,4,1
8607,8,5,5,1
8608,4,3,3,1
8609,5,4,4,1
8610,5,4,4,1
8611,6,4,4,1
8612,5,4,4,1
8613,6,5,5,1
8614,6,4,4,1
8615,7,5,5,1
8616,5,3,3,1
8617,6,4,4,1
8618,6,4,4,1
8619,7,4,4,1
8620,6,4,4,1
8621,7,5,5,1
8622,7,4,4,1
8623,8,5,5,1
8624,5,3,3,1
8625,6,4,4,1
8626,6,4,4,1
8627,7,4,4,1
8628,6,4,4,1
8629,7,5,5,1
8630,7,4,4,1
8631,8,5,5,1
8632,6,3,3,1
8633,7,4,4,1
8634,7,4,4,1
8635,8,4,4,1
8636,7,4,4,1
8637,8,5,5,1
8638,8,4,4,1
8639,9,5,5,1
8640,4,3,3,1
8641,5,4,4,1
8642,5,4,4,1
8643,6,4,4,1
8644,5,4,4,1
8645,6,5,5,1
8646,6,4,4,1
8647,7,5,5,1
8648,5,4,4,1
8649,6,5,5,1
8650,6,4,4,1
8651,7,5,5,1
8652,6,4,4,1
8653,7,5,5,1
8654,7,4,4,1
8655,8,5,5,1
8656,5,4,4,1
8657,6,5,5,1
8658,6,5,5,1
8659,7,5,5,1
8660,6,5,5,1
8661,7,6,6,1
8662,7,5,5,1
8663,8,6,6,1
8664,6,4,4,1
8665,7,5,5,1
8666,7,5,5,1
8667,8,5,5,1
8668,7,5,5,1
8669,8,6,6,1
8670,8,5,5,1
8671,9,6,6,1
8672,5,3,3,1
8673,6,4,4,1
8674,6,4,4,1
8675,7,4,4,1
8676,6,4,4,1
8677,7,5,5,1
8678,7,4,4,1
8679,8,5,5,1
8680,6,4,4,1
8681,7,5,5,1
8682,7,4,4,1
8683,8,5,5,1
8684,7,4,4,1
8685,8,5,5,1
8686,8,4,4,1
8687,9,5,5,1
8688,6,4,4,1
8689,7,5,5,1
8690,7,5,5,1
8691,8,5,5,1
8692,7,5,5,1
8693,8,6,6,1
8694,8,5,5,1
8695,9,6,6,1
8696,7,4,4,1
8697,8,5,5,1
8698,8,5,5,1
8699,9,5,5,1
8700,8,5,5,1
8701,9,6,6,1
8702,9,5,5,1
8703,10,6,6,1
8704,2,2,2,1
8705,3,3,3,1
8706,3,3,3,1
8707,4,3,3,1
8708,3,3,3,1
8709,4,4,4,1
8710,4,3,3,1
8711,5,4,4,1
8712,3,3,3,1
8713,4,4,4,1
8714,4,3,3,1
8715,5,4,4,1
8716,4,3,3,1
8717,5,4,4,1
8718,5,3,3,1
8719,6,4,4,1
8720,3,3,3,1
8721,4,4,4,1
8722,4,4,4,1
8723,5,4,4,1
8724,4,4,4,1
8725,5,5,5,1
8726,5,4,4,1
8727,6,5,5,1
8728,4,3,3,1
8729,5,4,4,1
8730,5,4,4,1
8731,6,4,4,1
8732,5,4,4,1
8733,6,5,5,1
8734,6,4,4,1
8735,7,5,5,1
8736,3,3,3,1
8737,4,4,4,1
8738,4,4,4,1
8739,5,4,4,1
8740,4,4,4,1
8741,5,5,5,1
8742,5,4,4,1
8743,6,5,5,1
8744,4,3,3,1
8745,5,4,4,1
8746,5,4,4,1
8747,6,4,4,1
8748,5,4,4,1
8749,6,5,5,1
8750,6,4,4,1
8751,7,5,5,1
8752,4,3,3,1
8753,5,4,4,1
8754,5,4,4,1
8755,6,4,4,1
8756,5,4,4,1
8757,6,5,5,1
8758,6,4,4,1
8759,7,5,5,1
8760,5,3,3,1
8761,6,4,4,1
8762,6,4,4,1
8763,7,4,4,1
8764,6,4,4,1
8765,7,5,5,1
8766,7,4,4,1
8767,8,5,5,1
8768,3,3,3,1
8769,4,4,4,1
8770,4,4,4,1
8771,5,4,4,1
8772,4,4,4,1
8773,5,5,5,1
8774,5,4,4,1
8775,6,5,5,1
8776,4,4,4,1
8777,5,5,5,1
8778,5,4,4,1
8779,6,5,5,1
8780,5,4,4,1
8781,6,5,5,1
8782,6,4,4,1
8783,7,5,5,1
8784,4,4,4,1
8785,5,5,5,1
8786,5,5,5,1
8787,6,5,5,1
8788,5,5,5,1
8789,6,6,6,1
8790,6,5,5,1
8791,7,6,6,1
8792,5,4,4,1
8793,6,5,5,1
8794,6,5,5,1
8795,7,5,5,1
8796,6,5,5,1
8797,7,6,6,1
8798,7,5,5,1
8799,8,6,6,1
8800,4,3,3,1
8801,5,4,4,1
8802,5,4,4,1
8803,6,4,4,1
8804,5,4,4,1
8805,6,5,5,1
8806,6,4,4,1
8807,7,5,5,1
8808,5,4,4,1
8809,6,5,5,1
8810,6,4,4,1
8811,7,5,5,1
8812,6,4,4,1
8813,7,5,5,1
8814,7,4,4,1
8815,8,5,5,1
8816,5,4,4,1
8817,6,5,5,1
8818,6,5,5,1
8819,7,5,5,1
8820,6,5,5,1
8821,7,6,6,1
8822,7,5,5,1
8823,8,6,6,1
8824,6,4,4,1
8825,7,5,5,1
8826,7,5,5,1
8827,8,5,5,1
8828,7,5,5,1
8829,8,6,6,1
8830,8,5,5,1
8831,9,6,6,1
8832,3,2,2,1
8833,4,3,3,1
8834,4,3,3,1
8835,5,3,3,1
8836,4,3,3,1
8837,5,4,4,1
8838,5,3,3,1
8839,6,4,4,1
8840,4,3,3,1
8841,5,4,4,1
8842,5,3,3,1
8843,6,4,4,1
8844,5,3,3,1
8845,6,4,4,1
8846,6,3,3,1
8847,7,4,4,1
8848,4,3,3,1
8849,5,4,4,1
8850,5,4,4,1
8851,6,4,4,1
8852,5,4,4,1
8853,6,5,5,1
8854,6,4,4,1
8855,7,5,5,1
8856,5,3,3,1
8857,6,4,4,1
8858,6,4,4,1
8859,7,4,4,1
8860,6,4,4,1
8861,7,5,5,1
8862,7,4,4,1
8863,8,5,5,1
8864,4,3,3,1
8865,5,4,4,1
8866,5,4,4,1
8867,6,4,4,1
8868,5,4,4,1
8869,6,5,5,1
8870,6,4,4,1
8871,7,5,5,1
8872,5,3,3,1
8873,6,4,4,1
8874,6,4,4,1
8875,7,4,4,1
8876,6,4,4,1
8877,7,5,5,1
8878,7,4,4,1
8879,8,5,5,1
8880,5,3,3,1
8881,6,4,4,1
8882,6,4,4,1
8883,7,4,4,1
8884,6,4,4,1
8885,7,5,5,1
8886,7,4,4,1
8887,8,5,5,1
8888,6,3,3,1
8889,7,4,4,1
8890,7,4,4,1
8891,8,4,4,1
8892,7,4,4,1
8893,8,5,5,1
8894,8,4,4,1
8895,9,5,5,1
8896,4,3,3,1
8897,5,4,4,1
8898,5,4,4,1
8899,6,4,4,1
8900,5,4,4,1
8901,6,5,5,1
8902,6,4,4,1
8903,7,5,5,1
8904,5,4,4,1
8905,6,5,5,1
8906,6,4,4,1
8907,7,5,5,1
8908,6,4,4,1
8909,7,5,5,1
8910,7,4,4,1
8911,8,5,5,1
8912,5,4,4,1
8913,6,5,5,1
8914,6,5,5,1
8915,7,5,5,1
8916,6,5,5,1
8917,7,6,6,1
8918,7,5,5,1
8919,8,6,6,1
8920,6,4,4,1
8921,7,5,5,1
8922,7,5,5,1
8923,8,5,5,1
8924,7,5,5,1
8925,8,6,6,1
8926,8,5,5,1
8927,9,6,6,1
8928,5,3,3,1
8929,6,4,4,1
8930,6,4,4,1
8931,7,4,4,1
8932,6,4,4,1
8933,7,5,5,1
8934,7,4,4,1
8935,8,5,5,1
8936,6,4,4,1
8937,7,5,5,1
8938,7,4,4,1
8939,8,5,5,1
8940,7,4,4,1
8941,8,5,5,1
8942,8,4,4,1
8943,9,5,5,1
8944,6,4,4,1
8945,7,5,5,1
8946,7,5,5,1
8947,8,5,5,1
8948,7,5,5,1
8949,8,6,6,1
8950,8,5,5,1
8951,9,6,6,1
8952,7,4,4,1
8953,8,5,5,1
8954,8,5,5,1
8955,9,5,5,1
8956,8,5,5,1
8957,9,6,6,1
8958,9,5,5,1
8959,10,6,6,1
8960,3,2,2,1
8961,4,3,3,1
8962,4,3,3,1
8963,5,3,3,1
8964,4,3,3,1
8965,5,4,4,1
8966,5,3,3,1
8967,6,4,4,1
8968,4,3,3,1
8969,5,4,4,1
8970,5,3,3,1
8971,6,4,4,1
8972,5,3,3,1
8973,6,4,4,1
8974,6,3,3,1
8975,7,4,4,1
8976,4,3,3,1
8977,5,4,4,1
8978,5,4,4,1
8979,6,4,4,1
8980,5,4,4,1
8981,6,5,5,1
8982,6,4,4,1
8983,7,5,5,1
8984,5,3,3,1
8985,6,4,4,1
8986,6,4,4,1
8987,7,4,4,1
8988,6,4,4,1
8989,7,5,5,1
8990,7,4,4,1
8991,8,5,5,1
8992,4,3,3,1
8993,5,4,4,1
8994,5,4,4,1
8995,6,4,4,1
8996,5,4,4,1
8997,6,5,5,1
8998,6,4,4,1
8999,7,5,5,1
9000,5,3,3,1
9001,6,4,4,1
9002,6,4,4,1
9003,7,4,4,1
9004,6,4,4,1
9005,7,5,5,1
9006,7,4,4,1
9007,8,5,5,1
9008,5,3,3,1
9009,6,4,4,1
9010,6,4,4,1
9011,7,4,4,1
9012,6,4,4,1
9013,7,5,5,1
9014,7,4,4,1
9015,8,5,5,1
9016,6,3,3,1
9017,7,4,4,1
9018,7,4,4,1
9019,8,4,4,1
9020,7,4,4,1
9021,8,5,5,1
9022,8,4,4,1
9023,9,5,5,1
9024,4,3,3,1
9025,5,4,4,1
9026,5,4,4,1
9027,6,4,4,1
9028,5,4,4,1
9029,6,5,5,1
9030,6,4,4,1
9031,7,5,5,1
9032,5,4,4,1
9033,6,5,5,1
9034,6,4,4,1
9035,7,5,5,1
9036,6,4,4,1
9037,7,5,5,1
9038,7,4,4,1
9039,8,5,5,1
9040,5,4,4,1
9041,6,5,5,1
9042,6,5,5,1
9043,7,5,5,1
9044,6,5,5,1
9045,7,6,6,1
9046,7,5,5,1
9047,8,6,6,1
9048,6,4,4,1
9049,7,5,5,1
9050,7,5,5,1
9051,8,5,5,1
9052,7,5,5,1
9053,8,6,6,1
9054,8,5,5,1
9055,9,6,6,1
9056,5,3,3,1
9057,6,4,4,1
9058,6,4,4,1
9059,7,4,4,1
9060,6,4,4,1
9061,7,5,5,1
9062,7,4,4,1
9063,8,5,5,1
9064,6,4,4,1
9065,7,5,5,1
9066,7,4,4,1
9067,8,5,5,1
9068,7,4,4,1
9069,8,5,5,1
9070,8,4,4,1
9071,9,5,5,1
9072,6,4,4,1
9073,7,5,5,1
9074,7,5,5,1
9075,8,5,5,1
9076,7,5,5,1
9077,8,6,6,1
9078,8,5,5,1
9079,9,6,6,1
9080,7,4,4,1
9081,8,5,5,1
9082,8,5,5,1
9083,9,5,5,1
9084,8,5,5,1
9085,9,6,6,1
9086,9,5,5,1
9087,10,6,6,1
9088,4,2,2,1
9089,5,3,3,1
9090,5,3,3,1
9091,6,3,3,1
9092,5,3,3,1
9093,6,4,4,1
9094,6,3,3,1
9095,7,4,4,1
9096,5,3,3,1
9097,6,4,4,1
9098,6,3,3,1
9099,7,4,4,1
9100,6,3,3,1
9101,7,4,4,1
9102,7,3,3,1
9103,8,4,4,1
9104,5,3,3,1
9105,6,4,4,1
9106,6,4,4,1
9107,7,4,4,1
9108,6,4,4,1
9109,7,5,5,1
9110,7,4,4,1
9111,8,5,5,1
9112,6,3,3,1
9113,7,4,4,1
9114,7,4,4,1
9115,8,4,4,1
9116,7,4,4,1
9117,8,5,5,1
9118,8,4,4,1
9119,9,5,5,1
9120,5,3,3,1
9121,6,4,4,1
9122,6,4,4,1
9123,7,4,4,1
9124,6,4,4,1
9125,7,5,5,1
9126,7,4,4,1
9127,8,5,5,1
9128,6,3,3,1
9129,7,4,4,1
9130,7,4,4,1
9131,8,4,4,1
9132,7,4,4,1
9133,8,5,5,1
9134,8,4,4,1
9135,9,5,5,1
9136,6,3,3,1
9137,7,4,4,1
9138,7,4,4,1
9139,8,4,4,1
9140,7,4,4,1
9141,8,5,5,1
9142,8,4,4,1
9143,9,5,5,1
9144,7,3,3,1
9145,8,4,4,1
9146,8,4,4,1
9147,9,4,4,1
9148,8,4,4,1
9149,9,5,5,1
9150,9,4,4,1
9151,10,5,5,1
9152,5,3,3,1
9153,6,4,4,1
9154,6,4,4,1
9155,7,4,4,1
9156,6,4,4,1
9157,7,5,5,1
9158,7,4,4,1
9159,8,5,5,1
9160,6,4,4,1
9161,7,5,5,1
9162,7,4,4,1
9163,8,5,5,1
9164,7,4,4,1
9165,8,5,5,1
9166,8,4,4,1
9167,9,5,5,1
9168,6,4,4,1
9169,7,5,5,1
9170,7,5,5,1
9171,8,5,5,1
9172,7,5,5,1
9173,8,6,6,1
9174,8,5,5,1
9175,9,6,6,1
9176,7,4,4,1
9177,8,5,5,1
9178,8,5,5,1
9179,9,5,5,1
9180,8,5,5,1
9181,9,6,6,1
9182,9,5,5,1
9183,10,6,6,1
9184,6,3,3,1
9185,7,4,4,1
9186,7,4,4,1
9187,8,4,4,1
9188,7,4,4,1
9189,8,5,5,1
9190,8,4,4,1
9191,9,5,5,1
9192,7,4,4,1
9193,8,5,5,1
9194,8,4,4,1
9195,9,5,5,1
9196,8,4,4,1
9197,9,5,5,1
9198,9,4,4,1
9199,10,5,5,1
9200,7,4,4,1
9201,8,5,5,1
9202,8,5,5,1
9203,9,5,5,1
9204,8,5,5,1
9205,9,6,6,1
9206,9,5,5,1
9207,10,6,6,1
9208,8,4,4,1
9209,9,5,5,1
9210,9,5,5,1
9211,10,5,5,1
9212,9,5,5,1
9213,10,6,6,1
9214,10,5,5,1
9215,11,6,6,1
9216,2,2,2,1
9217,3,3,3,1
9218,3,3,3,1
9219,4,3,3,1
9220,3,3,3,1
9221,4,4,4,1
9222,4,3,3,1
9223,5,4,4,1
9224,3,3,3,1
9225,4,4,4,1
9226,4,3,3,1
9227,5,4,4,1
9228,4,3,3,1
9229,5,4,4,1
9230,5,3,3,1
9231,6,4,4,1
9232,3,3,3,1
9233,4,4,4,1
9234,4,4,4,1
9235,5,4,4,1
9236,4,4,4,1
9237,5,5,5,1
9238,5,4,4,1
9239,6,5,5,1
9240,4,3,3,1
9241,5,4,4,1
9242,5,4,4,1
9243,6,4,4,1
9244,5,4,4,1
9245,6,5,5,1
9246,6,4,4,1
9247,7,5,5,1
9248,3,3,3,1
9249,4,4,4,1
9250,4,4,4,1
9251,5,4,4,1
9252,4,4,4,1
9253,5,5,5,1
9254,5,4,4,1
9255,6,5,5,1
9256,4,3,3,1
9257,5,4,4,1
9258,5,4,4,1
9259,6,4,4,1
9260,5,4,4,1
9261,6,5,5,1
9262,6,4,4,1
9263,7,5,5,1
9264,4,3,3,1
9265,5,4,4,1
9266,5,4,4,1
9267,6,4,4,1
9268,5,4,4,1
9269,6,5,5,1
9270,6,4,4,1
9271,7,5,5,1
9272,5,3,3,1
9273,6,4,4,1
9274,6,4,4,1
9275,7,4,4,1
9276,6,4,4,1
9277,7,5,5,1
9278,7,4,4,1
9279,8,5,5,1
9280,3,3,3,1
9281,4,4,4,1
9282,4,4,4,1
9283,5,4,4,1
9284,4,4,4,1
9285,5,5,5,1
9286,5,4,4,1
9287,6,5,5,1
9288,4,4,4,1
9289,5,5,5,1
9290,5,4,4,1
9291,6,5,5,1
9292,5,4,4,1
9293,6,5,5,1
9294,6,4,4,1
9295,7,5,5,1
9296,4,4,4,1
9297,5,5,5,1
9298,5,5,5,1
9299,6,5,5,1
9300,5,5,5,1
9301,6,6,6,1
9302,6,5,5,1
9303,7,6,6,1
9304,5,4,4,1
9305,6,5,5,1
9306,6,5,5,1
9307,7,5,5,1
9308,6,5,5,1
9309,7,6,6,1
9310,7,5,5,1
9311,8,6,6,1
9312,4,3,3,1
9313,5,4,4,1
9314,5,4,4,1
9315,6,4,4,1
9316,5,4,4,1
9317,6,5,5,1
9318,6,4,4,1
9319,7,5,5,1
9320,5,4,4,1
9321,6,5,5,1
9322,6,4,4,1
9323,7,5,5,1
9324,6,4,4,1
9325,7,5,5,1
9326,7,4,4,1
9327,8,5,5,1
9328,5,4,4,1
9329,6,5,5,1
9330,6,5,5,1
9331,7,5,5,1
9332,6,5,5,1
9333,7,6,6,1
9334,7,5,5,1
9335,8,6,6,1
9336,6,4,4,1
9337,7,5,5,1
9338,7,5,5,1
9339,8,5,5,1
9340,7,5,5,1
9341,8,6,6,1
9342,8,5,5,1
9343,9,6,6,1
9344,3,3,3,1
9345,4,4,4,1
9346,4,4,4,1
9347,5,4,4,1
9348,4,4,4,1
9349,5,5,5,1
9350,5,4,4,1
9351,6,5,5,1
9352,4,4,4,1
9353,5,5,5,1
9354,5,4,4,1
9355,6,5,5,1
9356,5,4,4,1
9357,6,5,5,1
9358,6,4,4,1
9359,7,5,5,1
9360,4,4,4,1
9361,5,5,5,1
9362,5,5,5,1
9363,6,5,5,1
9364,5,5,5,1
9365,6,6,6,1
9366,6,5,5,1
9367,7,6,6,1
9368,5,4,4,1
9369,6,5,5,1
9370,6,5,5,1
9371,7,5,5,1
9372,6,5,5,1
9373,7,6,6,1
9374,7,5,5,1
9375,8,6,6,1
9376,4,3,3,1
9377,5,4,4,1
9378,5,4,4,1
9379,6,4,4,1
9380,5,4,4,1
9381,6,5,5,1
9382,6,4,4,1
9383,7,5,5,1
9384,5,4,4,1
9385,6,5,5,1
9386,6,4,4,1
9387,7,5,5,1
9388,6,4,4,1
9389,7,5,5,1
9390,7,4,4,1
9391,8,5,5,1
9392,5,4,4,1
9393,6,5,5,1
9394,6,5,5,1
9395,7,5,5,1
9396,6,5,5,1
9397,7,6,6,1
9398,7,5,5,1
9399,8,6,6,1
9400,6,4,4,1
9401,7,5,5,1
9402,7,5,5,1
9403,8,5,5,1
9404,7,5,5,1
9405,8,6,6,1
9406,8,5,5,1
9407,9,6,6,1
9408,4,3,3,1
9409,5,4,4,1
9410,5,4,4,1
9411,6,4,4,1
9412,5,4,4,1
9413,6,5,5,1
9414,6,4,4,1
9415,7,5,5,1
9416,5,4,4,1
9417,6,5,5,1
9418,6,4,4,1
9419,7,5,5,1
9420,6,4,4,1
9421,7,5,5,1
9422,7,4,4,1
9423,8,5,5,1
9424,5,4,4,1
9425,6,5,5,1
9426,6,5,5,1
9427,7,5,5,1
9428,6,5,5,1
9429,7,6,6,1
9430,7,5,5,1
9431,8,6,6,1
9432,6,4,4,1
9433,7,5,5,1
9434,7,5,5,1
9435,8,5,5,1
9436,7,5,5,1
9437,8,6,6,1
9438,8,5,5,1
9439,9,6,6,1
9440,5,3,3,1
9441,6,4,4,1
9442,6,4,4,1
9443,7,4,4,1
9444,6,4,4,1
9445,7,5,5,1
9446,7,4,4,1
9447,8,5,5,1
9448,6,4,4,1
9449,7,5,5,1
9450,7,4,4,1
9451,8,5,5,1
9452,7,4,4,1
9453,8,5,5,1
9454,8,4,4,1
9455,9,5,5,1
9456,6,4,4,1
9457,7,5,5,1
9458,7,5,5,1
9459,8,5,5,1
9460,7,5,5,1
9461,8,6,6,1
9462,8,5,5,1
9463,9,6,6,1
9464,7,4,4,1
9465,8,5,5,1
9466,8,5,5,1
9467,9,5,5,1
9468,8,5,5,1
9469,9,6,6,1
9470,9,5,5,1
9471,10,6,6,1
9472,3,3,3,1
9473,4,4,4,1
9474,4,4,4,1
9475,5,4,4,1
9476,4,4,4,1
9477,5,5,5,1
9478,5,4,4,1
9479,6,5,5,1
9480,4,4,4,1
9481,5,5,5,1
9482,5,4,4,1
9483,6,5,5,1
9484,5,4,4,1
9485,6,5,5,1
9486,6,4,4,1
9487,7,5,5,1
9488,4,4,4,1
9489,5,5,5,1
9490,5,5,5,1
9491,6,5,5,1
9492,5,5,5,1
9493,6,6,6,1
9494,6,5,5,1
9495,7,6,6,1
9496,5,4,4,1
9497,6,5,5,1
9498,6,5,5,1
9499,7,5,5,1
9500,6,5,5,1
9501,7,6,6,1
9502,7,5,5,1
9503,8,6,6,1
9504,4,4,4,1
9505,5,5,5,1
9506,5,5,5,1
9507,6,5,5,1
9508,5,5,5,1
9509,6,6,6,1
9510,6,5,5,1
9511,7,6,6,1
9512,5,4,4,1
9513,6,5,5,1
9514,6,5,5,1
9515,7,5,5,1
9516,6,5,5,1
9517,7,6,6,1
9518,7,5,5,1
9519,8,6,6,1
9520,5,4,4,1
9521,6,5,5,1
9522,6,5,5,1
9523,7,5,5,1
9524,6,5,5,1
9525,7,6,6,1
9526,7,5,5,1
9527,8,6,6,1
9528,6,4,4,1
9529,7,5,5,1
9530,7,5,5,1
9531,8,5,5,1
9532,7,5,5,1
9533,8,6,6,1
9534,8,5,5,1
9535,9,6,6,1
9536,4,4,4,1
9537,5,5,5,1
9538,5,5,5,1
9539,6,5,5,1
9540,5,5,5,1
9541,6,6,6,1
9542,6,5,5,1
9543,7,6,6,1
9544,5,5,5,1
9545,6,6,6,1
9546,6,5,5,1
9547,7,6,6,1
9548,6,5,5,1
9549,7,6,6,1
9550,7,5,5,1
9551,8,6,6,1
9552,5,5,5,1
9553,6,6,6,1
9554,6,6,6,1
9555,7,6,6,1
9556,6,6,6,1
9557,7,7,7,1
9558,7,6,6,1
9559,8,7,7,1
9560,6,5,5,1
9561,7,6,6,1
9562,7,6,6,1
9563,8,6,6,1
9564,7,6,6,1
9565,8,7,7,1
9566,8,6,6,1
9567,9,7,7,1
9568,5,4,4,1
9569,6,5,5,1
9570,6,5,5,1
9571,7,5,5,1
9572,6,5,5,1
9573,7,6,6,1
9574,7,5,5,1
9575,8,6,6,1
9576,6,5,5,1
9577,7,6,6,1
9578,7,5,5,1
9579,8,6,6,1
9580,7,5,5,1
9581,8,6,6,1
9582,8,5,5,1
9583,9,6,6,1
9584,6,5,5,1
9585,7,6,6,1
9586,7,6,6,1
9587,8,6,6,1
9588,7,6,6,1
9589,8,7,7,1
9590,8,6,6,1
9591,9,7,7,1
9592,7,5,5,1
9593,8,6,6,1
9594,8,6,6,1
9595,9,6,6,1
9596,8,6,6,1
9597,9,7,7,1
9598,9,6,6,1
9599,10,7,7,1
9600,4,3,3,1
9601,5,4,4,1
9602,5,4,4,1
9603,6,4,4,1
9604,5,4,4,1
9605,6,5,5,1
9606,6,4,4,1
9607,7,5,5,1
9608,5,4,4,1
9609,6,5,5,1
9610,6,4,4,1
9611,7,5,5,1
9612,6,4,4,1
9613,7,5,5,1
9614,7,4,4,1
9615,8,5,5,1
9616,5,4,4,1
9617,6,5,5,1
9618,6,5,5,1
9619,7,5,5,1
9620,6,5,5,1
9621,7,6,6,1
9622,7,5,5,1
9623,8,6,6,1
9624,6,4,4,1
9625,7,5,5,1
9626,7,5,5,1
9627,8,5,5,1
9628,7,5,5,1
9629,8,6,6,1
9630,8,5,5,1
9631,9,6,6,1
9632,5,4,4,1
9633,6,5,5,1
9634,6,5,5,1
9635,7,5,5,1
9636,6,5,5,1
9637,7,6,6,1
9638,7,5,5,1
9639,8,6,6,1
9640,6,4,4,1
9641,7,5,5,1
9642,7,5,5,1
9643,8,5,5,1
9644,7,5,5,1
9645,8,6,6,1
9646,8,5,5,1
9647,9,6,6,1
9648,6,4,4,1
9649,7,5,5,1
9650,7,5,5,1
9651,8,5,5,1
9652,7,5,5,1
9653,8,6,6,1
9654,8,5,5,1
9655,9,6,6,1
9656,7,4,4,1
9657,8,5,5,1
9658,8,5,5,1
9659,9,5,5,1
9660,8,5,5,1
9661,9,6,6,1
9662,9,5,5,1
9663,10,6,6,1
9664,5,4,4,1
9665,6,5,5,1
9666,6,5,5,1
9667,7,5,5,1
9668,6,5,5,1
9669,7,6,6,1
9670,7,5,5,1
9671,8,6,6,1
9672,6,5,5,1
9673,7,6,6,1
9674,7,5,5,1
9675,8,6,6,1
9676,7,5,5,1
9677,8,6,6,1
9678,8,5,5,1
9679,9,6,6,1
9680,6,5,5,1
9681,7,6,6,1
9682,7,6,6,1
9683,8,6,6,1
9684,7,6,6,1
9685,8,7,7,1
9686,8,6,6,1
9687,9,7,7,1
9688,7,5,5,1
9689,8,6,6,1
9690,8,6,6,1
9691,9,6,6,1
9692,8,6,6,1
9693,9,7,7,1
9694,9,6,6,1
9695,10,7,7,1
9696,6,4,4,1
9697,7,5,5,1
9698,7,5,5,1
9699,8,5,5,1
9700,7,5,5,1
9701,8,6,6,1
9702,8,5,5,1
9703,9,6,6,1
9704,7,5,5,1
9705,8,6,6,1
9706,8,5,5,1
9707,9,6,6,1
9708,8,5,5,1
9709,9,6,6,1
9710,9,5,5,1
9711,10,6,6,1
9712,7,5,5,1
9713,8,6,6,1
9714,8,6,6,1
9715,9,6,6,1
9716,8,6,6,1
9717,9,7,7,1
9718,9,6,6,1
9719,10,7,7,1
9720,8,5,5,1
9721,9,6,6,1
9722,9,6,6,1
9723,10,6,6,1
9724,9,6,6,1
9725,10,7,7,1
9726,10,6,6,1
9727,11,7,7,1
9728,3,2,2,1
9729,4,3,3,1
9730,4,3,3,1
9731,5,3,3,1
9732,4,3,3,1
9733,5,4,4,1
9734,5,3,3,1
9735,6,4,4,1
9736,4,3,3,1
9737,5,4,4,1
9738,5,3,3,1
9739,6,4,4,1
9740,5,3,3,1
9741,6,4,4,1
9742,6,3,3,1
9743,7,4,4,1
9744,4,3,3,1
9745,5,4,4,1
9746,5,4,4,1
9747,6,4,4,1
9748,5,4,4,1
9749,6,5,5,1
9750,6,4,4,1
9751,7,5,5,1
9752,5,3,3,1
9753,6,4,4,1
9754,6,4,4,1
9755,7,4,4,1
9756,6,4,4,1
9757,7,5,5,1
9758,7,4,4,1
9759,8,5,5,1
9760,4,3,3,1
9761,5,4,4,1
9762,5,4,4,1
9763,6,4,4,1
9764,5,4,4,1
9765,6,5,5,1
9766,6,4,4,1
9767,7,5,5,1
9768,5,3,3,1
9769,6,4,4,1
9770,6,4,4,1
9771,7,4,4,1
9772,6,4,4,1
9773,7,5,5,1
9774,7,4,4,1
9775,8,5,5,1
9776,5,3,3,1
9777,6,4,4,1
9778,6,4,4,1
9779,7,4,4,1
9780,6,4,4,1
9781,7,5,5,1
9782,7,4,4,1
9783,8,5,5,1
9784,6,3,3,1
9785,7,4,4,1
9786,7,4,4,1
9787,8,4,4,1
9788,7,4,4,1
9789,8,5,5,1
9790,8,4,4,1
9791,9,5,5,1
9792,4,3,3,1
9793,5,4,4,1
9794,5,4,4,1
9795,6,4,4,1
9796,5,4,4,1
9797,6,5,5,1
9798,6,4,4,1
9799,7,5,5,1
9800,5,4,4,1
9801,6,5,5,1
9802,6,4,4,1
9803,7,5,5,1
9804,6,4,4,1
9805,7,5,5,1
9806,7,4,4,1
9807,8,5,5,1
9808,5,4,4,1
9809,6,5,5,1
9810,6,5,5,1
9811,7,5,5,1
9812,6,5,5,1
9813,7,6,6,1
9814,7,5,5,1
9815,8,6,6,1
9816,6,4,4,1
9817,7,5,5,1
9818,7,5,5,1
9819,8,5,5,1
9820,7,5,5,1
9821,8,6,6,1
9822,8,5,5,1
9823,9,6,6,1
9824,5,3,3,1
9825,6,4,4,1
9826,6,4,4,1
9827,7,4,4,1
9828,6,4,4,1
9829,7,5,5,1
9830,7,4,4,1
9831,8,5,5,1
9832,6,4,4,1
9833,7,5,5,1
9834,7,4,4,1
9835,8,5,5,1
9836,7,4,4,1
9837,8,5,5,1
9838,8,4,4,1
9839,9,5,5,1
9840,6,4,4,1
9841,7,5,5,1
9842,7,5,5,1
9843,8,5,5,1
9844,7,5,5,1
9845,8,6,6,1
9846,8,5,5,1
9847,9,6,6,1
9848,7,4,4,1
9849,8,5,5,1
9850,8,5,5,1
9851,9,5,5,1
9852,8,5,5,1
9853,9,6,6,1
9854,9,5,5,1
9855,10,6,6,1
9856,4,3,3,1
9857,5,4,4,1
9858,5,4,4,1
9859,6,4,4,1
9860,5,4,4,1
9861,6,5,5,1
9862,6,4,4,1
9863,7,5,5,1
9864,5,4,4,1
9865,6,5,5,1
9866,6,4,4,1
9867,7,5,5,1
9868,6,4,4,1
9869,7,5,5,1
9870,7,4,4,1
9871,8,5,5,1
9872,5,4,4,1
9873,6,5,5,1
9874,6,5,5,1
9875,7,5,5,1
9876,6,5,5,1
9877,7,6,6,1
9878,7,5,5,1
9879,8,6,6,1
9880,6,4,4,1
9881,7,5,5,1
9882,7,5,5,1
9883,8,5,5,1
9884,7,5,5,1
9885,8,6,6,1
9886,8,5,5,1
9887,9,6,6,1
9888,5,3,3,1
9889,6,4,4,1
9890,6,4,4,1
9891,7,4,4,1
9892,6,4,4,1
9893,7,5,5,1
9894,7,4,4,1
9895,8,5,5,1
9896,6,4,4,1
9897,7,5,5,1
9898,7,4,4,1
9899,8,5,5,1
9900,7,4,4,1
9901,8,5,5,1
9902,8,4,4,1
9903,9,5,5,1
9904,6,4,4,1
9905,7,5,5,1
9906,7,5,5,1
9907,8,5,5,1
9908,7,5,5,1
9909,8,6,6,1
9910,8,5,5,1
9911,9,6,6,1
9912,7,4,4,1
9913,8,5,5,1
9914,8,5,5,1
9915,9,5,5,1
9916,8,5,5,1
9917,9,6,6,1
9918,9,5,5,1
9919,10,6,6,1
9920,5,3,3,1
9921,6,4,4,1
9922,6,4,4,1
9923,7,4,4,1
9924,6,4,4,1
9925,7,5,5,1
9926,7,4,4,1
9927,8,5,5,1
9928,6,4,4,1
9929,7,5,5,1
9930,7,4,4,1
9931,8,5,5,1
9932,7,4,4,1
9933,8,5,5,1
9934,8,4,4,1
9935,9,5,5,1
9936,6,4,4,1
9937,7,5,5,1
9938,7,5,5,1
9939,8,5,5,1
9940,7,5,5,1
9941,8,6,6,1
9942,8,5,5,1
9943,9,6,6,1
9944,7,4,4,1
9945,8,5,5,1
9946,8,5,5,1
9947,9,5,5,1
9948,8,5,5,1
9949,9,6,6,1
9950,9,5,5,1
9951,10,6,6,1
9952,6,3,3,1
9953,7,4,4,1
9954,7,4,4,1
9955,8,4,4,1
9956,7,4,4,1
9957,8,5,5,1
9958,8,4,4,1
9959,9,5,5,1
9960,7,4,4,1
9961,8,5,5,1
9962,8,4,4,1
9963,9,5,5,1
9964,8,4,4,1
9965,9,5,5,1
9966,9,4,4,1
9967,10,5,5,1
9968,7,4,4,1
9969,8,5,5,1
9970,8,5,5,1
9971,9,5,5,1
9972,8,5,5,1
9973,9,6,6,1
9974,9,5,5,1
9975,10,6,6,1
9976,8,4,4,1
9977,9,5,5,1
9978,9,5,5,1
9979,10,5,5,1
9980,9,5,5,1
9981,10,6,6,1
9982,10,5,5,1
9983,11,6,6,1
9984,4,3,3,1
9985,5,4,4,1
9986,5,4,4,1
9987,6,4,4,1
9988,5,4,4,1
9989,6,5,5,1
9990,6,4,4,1
9991,7,5,5,1
9992,5,4,4,1
9993,6,5,5,1
9994,6,4,4,1
9995,7,5,5,1
9996,6,4,4,1
9997,7,5,5,1
9998,7,4,4,1
9999,8,5,5,1
10000,5,4,4,1
10001,6,5,5,1
10002,6,5,5,1
10003,7,5,5,1
10004,6,5,5,1
10005,7,6,6,1
10006,7,5,5,1
10007,8,6,6,1
10008,6,4,4,1
10009,7,5,5,1
10010,7,5,5,1
10011,8,5,5,1
10012,7,5,5,1
10013,8,6,6,1
10014,8,5,5,1
10015,9,6,6,1
10016,5,4,4,1
10017,6,5,5,1
10018,6,5,5,1
10019,7,5,5,1
10020,6,5,5,1
10021,7,6,6,1
10022,7,5,5,1
10023,8,6,6,1
10024,6,4,4,1
10025,7,5,5,1
10026,7,5,5,1
10027,8,5,5,1
10028,7,5,5,1
10029,8,6,6,1
10030,8,5,5,1
10031,9,6,6,1
10032,6,4,4,1
10033,7,5,5,1
10034,7,5,5,1
10035,8,5,5,1
10036,7,5,5,1
10037,8,6,6,1
10038,8,5,5,1
10039,9,6,6,1
10040,7,4,4,1
10041,8,5,5,1
10042,8,5,5,1
10043,9,5,5,1
10044,8,5,5,1
10045,9,6,6,1
10046,9,5,5,1
10047,10,6,6,1
10048,5,4,4,1
10049,6,5,5,1
10050,6,5,5,1
10051,7,5,5,1
10052,6,5,5,1
10053,7,6,6,1
10054,7,5,5,1
10055,8,6,6,1
10056,6,5,5,1
10057,7,6,6,1
10058,7,5,5,1
10059,8,6,6,1
10060,7,5,5,1
10061,8,6,6,1
10062,8,5,5,1
10063,9,6,6,1
10064,6,5,5,1
10065,7,6,6,1
10066,7,6,6,1
10067,8,6,6,1
10068,7,6,6,1
10069,8,7,7,1
10070,8,6,6,1
10071,9,7,7,1
10072,7,5,5,1
10073,8,6,6,1
10074,8,6,6,1
10075,9,6,6,1
10076,8,6,6,1
10077,9,7,7,1
10078,9,6,6,1
10079,10,7,7,1
10080,6,4,4,1
10081,7,5,5,1
10082,7,5,5,1
10083,8,5,5,1
10084,7,5,5,1
10085,8,6,6,1
10086,8,5,5,1
10087,9,6,6,1
10088,7,5,5,1
10089,8,6,6,1
10090,8,5,5,1
10091,9,6,6,1
10092,8,5,5,1
10093,9,6,6,1
10094,9,5,5,1
10095,10,6,6,1
10096,7,5,5,1
10097,8,6,6,1
10098,8,6,6,1
10099,9,6,6,1
10100,8,6,6,1
10101,9,7,7,1
10102,9,6,6,1
10103,10,7,7,1
10104,8,5,5,1
10105,9,6,6,1
10106,9,6,6,1
10107,10,6,6,1
10108,9,6,6,1
10109,10,7,7,1
10110,10,6,6,1
10111,11,7,7,1
10112,5,3,3,1
10113,6,4,4,1
10114,6,4,4,1
10115,7,4,4,1
10116,6,4,4,1
10117,7,5,5,1
10118,7,4,4,1
10119,8,5,5,1
10120,6,4,4,1
10121,7,5,5,1
10122,7,4,4,1
10123,8,5,5,1
10124,7,4,4,1
10125,8,5,5,1
10126,8,4,4,1
10127,9,5,5,1
10128,6,4,4,1
10129,7,5,5,1
10130,7,5,5,1
10131,8,5,5,1
10132,7,5,5,1
10133,8,6,6,1
10134,8,5,5,1
10135,9,6,6,1
10136,7,4,4,1
10137,8,5,5,1
10138,8,5,5,1
10139,9,5,5,1
10140,8,5,5,1
10141,9,6,6,1
10142,9,5,5,1
10143,10,6,6,1
10144,6,4,4,1
10145,7,5,5,1
10146,7,5,5,1
10147,8,5,5,1
10148,7,5,5,1
10149,8,6,6,1
10150,8,5,5,1
10151,9,6,6,1
10152,7,4,4,1
10153,8,5,5,1
10154,8,5,5,1
10155,9,5,5,1
10156,8,5,5,1
10157,9,6,6,1
10158,9,5,5,1
10159,10,6,6,1
10160,7,4,4,1
10161,8,5,5,1
10162,8,5,5,1
10163,9,5,5,1
10164,8,5,5,1
10165,9,6,6,1
10166,9,5,5,1
10167,10,6,6,1
10168,8,4,4,1
10169,9,5,5,1
10170,9,5,5,1
10171,10,5,5,1
10172,9,5,5,1
10173,10,6,6,1
10174,10,5,5,1
10175,11,6,6,1
10176,6,4,4,1
10177,7,5,5,1
10178,7,5,5,1
10179,8,5,5,1
10180,7,5,5,1
10181,8,6,6,1
10182,8,5,5,1
10183,9,6,6,1
10184,7,5,5,1
10185,8,6,6,1
10186,8,5,5,1
10187,9,6,6,1
10188,8,5,5,1
10189,9,6,6,1
10190,9,5,5,1
10191,10,6,6,1
10192,7,5,5,1
10193,8,6,6,1
10194,8,6,6,1
10195,9,6,6,1
10196,8,6,6,1
10197,9,7,7,1
10198,9,6,6,1
10199,10,7,7,1
10200,8,5,5,1
10201,9,6,6,1
10202,9,6,6,1
10203,10,6,6,1
10204,9,6,6,1
10205,10,7,7,1
10206,10,6,6,1
10207,11,7,7,1
10208,7,4,4,1
10209,8,5,5,1
10210,8,5,5,1
10211,9,5,5,1
10212,8,5,5,1
10213,9,6,6,1
10214,9,5,5,1
10215,10,6,6,1
10216,8,5,5,1
10217,9,6,6,1
10218,9,5,5,1
10219,10,6,6,1
10220,9,5,5,1
10221,10,6,6,1
10222,10,5,5,1
10223,11,6,6,1
10224,8,5,5,1
10225,9,6,6,1
10226,9,6,6,1
10227,10,6,6,1
10228,9,6,6,1
10229,10,7,7,1
10230,10,6,6,1
10231,11,7,7,1
10232,9,5,5,1
10233,10,6,6,1
10234,10,6,6,1
10235,11,6,6,1
10236,10,6,6,1
10237,11,7,7,1
10238,11,6,6,1
10239,12,7,7,1
10240,2,1,1,1
10241,3,2,2,1
10242,3,2,2,1
10243,4,2,2,1
10244,3,2,2,1
10245,4,3,3,1
10246,4,2,2,1
10247,5,3,3,1
10248,3,2,2,1
10249,4,3,3,1
10250,4,2,2,1
10251,5,3,3,1
10252,4,2,2,1
10253,5,3,3,1
10254,5,2,2,1
10255,6,3,3,1
10256,3,2,2,1
10257,4,3,3,1
10258,4,3,3,1
10259,5,3,3,1
10260,4,3,3,1
10261,5,4,4,1
10262,5,3,3,1
10263,6,4,4,1
10264,4,2,2,1
10265,5,3,3,1
10266,5,3,3,1
10267,6,3,3,1
10268,5,3,3,1
10269,6,4,4,1
10270,6,3,3,1
10271,7,4,4,1
10272,3,2,2,1
10273,4,3,3,1
10274,4,3,3,1
10275,5,3,3,1
10276,4,3,3,1
10277,5,4,4,1
10278,5,3,3,1
10279,6,4,4,1
10280,4,2,2,1
10281,5,3,3,1
10282,5,3,3,1
10283,6,3,3,1
10284,5,3,3,1
10285,6,4,4,1
10286,6,3,3,1
10287,7,4,4,1
10288,4,2,2,1
10289,5,3,3,1
10290,5,3,3,1
10291,6,3,3,1
10292,5,3,3,1
10293,6,4,4,1
10294,6,3,3,1
10295,7,4,4,1
10296,5,2,2,1
10297,6,3,3,1
10298,6,3,3,1
10299,7,3,3,1
10300,6,3,3,1
10301,7,4,4,1
10302,7,3,3,1
10303,8,4,4,1
10304,3,2,2,1
10305,4,3,3,1
10306,4,3,3,1
10307,5,3,3,1
10308,4,3,3,1
10309,5,4,4,1
10310,5,3,3,1
10311,6,4,4,1
10312,4,3,3,1
10313,5,4,4,1
10314,5,3,3,1
10315,6,4,4,1
10316,5,3,3,1
10317,6,4,4,1
10318,6,3,3,1
10319,7,4,4,1
10320,4,3,3,1
10321,5,4,4,1
10322,5,4,4,1
10323,6,4,4,1
10324,5,4,4,1
10325,6,5,5,1
10326,6,4,4,1
10327,7,5,5,1
10328,5,3,3,1
10329,6,4,4,1
10330,6,4,4,1
10331,7,4,4,1
10332,6,4,4,1
10333,7,5,5,1
10334,7,4,4,1
10335,8,5,5,1
10336,4,2,2,1
10337,5,3,3,1
10338,5,3,3,1
10339,6,3,3,1
10340,5,3,3,1
10341,6,4,4,1
10342,6,3,3,1
10343,7,4,4,1
10344,5,3,3,1
10345,6,4,4,1
10346,6,3,3,1
10347,7,4,4,1
10348,6,3,3,1
10349,7,4,4,1
10350,7,3,3,1
10351,8,4,4,1
10352,5,3,3,1
10353,6,4,4,1
10354,6,4,4,1
10355,7,4,4,1
10356,6,4,4,1
10357,7,5,5,1
10358,7,4,4,1
10359,8,5,5,1
10360,6,3,3,1
10361,7,4,4,1
10362,7,4,4,1
10363,8,4,4,1
10364,7,4,4,1
10365,8,5,5,1
10366,8,4,4,1
10367,9,5,5,1
10368,3,2,2,1
10369,4,3,3,1
10370,4,3,3,1
10371,5,3,3,1
10372,4,3,3,1
10373,5,4,4,1
10374,5,3,3,1
10375,6,4,4,1
10376,4,3,3,1
10377,5,4,4,1
10378,5,3,3,1
10379,6,4,4,1
10380,5,3,3,1
10381,6,4,4,1
10382,6,3,3,1
10383,7,4,4,1
10384,4,3,3,1
10385,5,4,4,1
10386,5,4,4,1
10387,6,4,4,1
10388,5,4,4,1
10389,6,5,5,1
10390,6,4,4,1
10391,7,5,5,1
10392,5,3,3,1
10393,6,4,4,1
10394,6,4,4,1
10395,7,4,4,1
10396,6,4,4,1
10397,7,5,5,1
10398,7,4,4,1
10399,8,5,5,1
10400,4,2,2,1
10401,5,3,3,1
10402,5,3,3,1
10403,6,3,3,1
10404,5,3,3,1
10405,6,4,4,1
10406,6,3,3,1
10407,7,4,4,1
10408,5,3,3,1
10409,6,4,4,1
10410,6,3,3,1
10411,7,4,4,1
10412,6,3,3,1
10413,7,4,4,1
10414,7,3,3,1
10415,8,4,4,1
10416,5,3,3,1
10417,6,4,4,1
10418,6,4,4,1
10419,7,4,4,1
10420,6,4,4,1
10421,7,5,5,1
10422,7,4,4,1
10423,8,5,5,1
10424,6,3,3,1
10425,7,4,4,1
10426,7,4,4,1
10427,8,4,4,1
10428,7,4,4,1
10429,8,5,5,1
10430,8,4,4,1
10431,9,5,5,1
10432,4,2,2,1
10433,5,3,3,1
10434,5,3,3,1
10435,6,3,3,1
10436,5,3,3,1
10437,6,4,4,1
10438,6,3,3,1
10439,7,4,4,1
10440,5,3,3,1
10441,6,4,4,1
10442,6,3,3,1
10443,7,4,4,1
10444,6,3,3,1
10445,7,4,4,1
10446,7,3,3,1
10447,8,4,4,1
10448,5,3,3,1
10449,6,4,4,1
10450,6,4,4,1
10451,7,4,4,1
10452,6,4,4,1
10453,7,5,5,1
10454,7,4,4,1
10455,8,5,5,1
10456,6,3,3,1
10457,7,4,4,1
10458,7,4,4,1
10459,8,4,4,1
10460,7,4,4,1
10461,8,5,5,1
10462,8,4,4,1
10463,9,5,5,1
10464,5,2,2,1
10465,6,3,3,1
10466,6,3,3,1
10467,7,3,3,1
10468,6,3,3,1
10469,7,4,4,1
10470,7,3,3,1
10471,8,4,4,1
10472,6,3,3,1
10473,7,4,4,1
10474,7,3,3,1
10475,8,4,4,1
10476,7,3,3,1
10477,8,4,4,1
10478,8,3,3,1
10479,9,4,4,1
10480,6,3,3,1
10481,7,4,4,1
10482,7,4,4,1
10483,8,4,4,1
10484,7,4,4,1
10485,8,5,5,1
10486,8,4,4,1
10487,9,5,5,1
10488,7,3,3,1
10489,8,4,4,1
10490,8,4,4,1
10491,9,4,4,1
10492,8,4,4,1
10493,9,5,5,1
10494,9,4,4,1
10495,10,5,5,1
10496,3,2,2,1
10497,4,3,3,1
10498,4,3,3,1
10499,5,3,3,1
10500,4,3,3,1
10501,5,4,4,1
10502,5,3,3,1
10503,6,4,4,1
10504,4,3,3,1
10505,5,4,4,1
10506,5,3,3,1
10507,6,4,4,1
10508,5,3,3,1
10509,6,4,4,1
10510,6,3,3,1
10511,7,4,4,1
10512,4,3,3,1
10513,5,4,4,1
10514,5,4,4,1
10515,6,4,4,1
10516,5,4,4,1
10517,6,5,5,1
10518,6,4,4,1
10519,7,5,5,1
10520,5,3,3,1
10521,6,4,4,1
10522,6,4,4,1
10523,7,4,4,1
10524,6,4,4,1
10525,7,5,5,1
10526,7,4,4,1
10527,8,5,5,1
10528,4,3,3,1
10529,5,4,4,1
10530,5,4,4,1
10531,6,4,4,1
10532,5,4,4,1
10533,6,5,5,1
10534,6,4,4,1
10535,7,5,5,1
10536,5,3,3,1
10537,6,4,4,1
10538,6,4,4,1
10539,7,4,4,1
10540,6,4,4,1
10541,7,5,5,1
10542,7,4,4,1
10543,8,5,5,1
10544,5,3,3,1
10545,6,4,4,1
10546,6,4,4,1
10547,7,4,4,1
10548,6,4,4,1
10549,7,5,5,1
10550,7,4,4,1
10551,8,5,5,1
10552,6,3,3,1
10553,7,4,4,1
10554,7,4,4,1
10555,8,4,4,1
10556,7,4,4,1
10557,8,5,5,1
10558,8,4,4,1
10559,9,5,5,1
10560,4,3,3,1
10561,5,4,4,1
10562,5,4,4,1
10563,6,4,4,1
10564,5,4,4,1
10565,6,5,5,1
10566,6,4,4,1
10567,7,5,5,1
10568,5,4,4,1
10569,6,5,5,1
10570,6,4,4,1
10571,7,5,5,1
10572,6,4,4,1
10573,7,5,5,1
10574,7,4,4,1
10575,8,5,5,1
10576,5,4,4,1
10577,6,5,5,1
10578,6,5,5,1
10579,7,5,5,1
10580,6,5,5,1
10581,7,6,6,1
10582,7,5,5,1
10583,8,6,6,1
10584,6,4,4,1
10585,7,5,5,1
10586,7,5,5,1
10587,8,5,5,1
10588,7,5,5,1
10589,8,6,6,1
10590,8,5,5,1
10591,9,6,6,1
10592,5,3,3,1
10593,6,4,4,1
10594,6,4,4,1
10595,7,4,4,1
10596,6,4,4,1
10597,7,5,5,1
10598,7,4,4,1
10599,8,5,5,1
10600,6,4,4,1
10601,7,5,5,1
10602,7,4,4,1
10603,8,5,5,1
10604,7,4,4,1
10605,8,5,5,1
10606,8,4,4,1
10607,9,5,5,1
10608,6,4,4,1
10609,7,5,5,1
10610,7,5,5,1
10611,8,5,5,1
10612,7,5,5,1
10613,8,6,6,1
10614,8,5,5,1
10615,9,6,6,1
10616,7,4,4,1
10617,8,5,5,1
10618,8,5,5,1
10619,9,5,5,1
10620,8,5,5,1
10621,9,6,6,1
10622,9,5,5,1
10623,10,6,6,1
10624,4,2,2,1
10625,5,3,3,1
10626,5,3,3,1
10627,6,3,3,1
10628,5,3,3,1
10629,6,4,4,1
10630,6,3,3,1
10631,7,4,4,1
10632,5,3,3,1
10633,6,4,4,1
10634,6,3,3,1
10635,7,4,4,1
10636,6,3,3,1
10637,7,4,4,1
10638,7,3,3,1
10639,8,4,4,1
10640,5,3,3,1
10641,6,4,4,1
10642,6,4,4,1
10643,7,4,4,1
10644,6,4,4,1
10645,7,5,5,1
10646,7,4,4,1
10647,8,5,5,1
10648,6,3,3,1
10649,7,4,4,1
10650,7,4,4,1
10651,8,4,4,1
10652,7,4,4,1
10653,8,5,5,1
10654,8,4,4,1
10655,9,5,5,1
10656,5,3,3,1
10657,6,4,4,1
10658,6,4,4,1
10659,7,4,4,1
10660,6,4,4,1
10661,7,5,5,1
10662,7,4,4,1
10663,8,5,5,1
10664,6,3,3,1
10665,7,4,4,1
10666,7,4,4,1
10667,8,4,4,1
10668,7,4,4,1
10669,8,5,5,1
10670,8,4,4,1
10671,9,5,5,1
10672,6,3,3,1
10673,7,4,4,1
10674,7,4,4,1
10675,8,4,4,1
10676,7,4,4,1
10677,8,5,5,1
10678,8,4,4,1
10679,9,5,5,1
10680,7,3,3,1
10681,8,4,4,1
10682,8,4,4,1
10683,9,4,4,1
10684,8,4,4,1
10685,9,5,5,1
10686,9,4,4,1
10687,10,5,5,1
10688,5,3,3,1
10689,6,4,4,1
10690,6,4,4,1
10691,7,4,4,1
10692,6,4,4,1
10693,7,5,5,1
10694,7,4,4,1
10695,8,5,5,1
10696,6,4,4,1
10697,7,5,5,1
10698,7,4,4,1
10699,8,5,5,1
10700,7,4,4,1
10701,8,5,5,1
10702,8,4,4,1
10703,9,5,5,1
10704,6,4,4,1
10705,7,5,5,1
10706,7,5,5,1
10707,8,5,5,1
10708,7,5,5,1
10709,8,6,6,1
10710,8,5,5,1
10711,9,6,6,1
10712,7,4,4,1
10713,8,5,5,1
10714,8,5,5,1
10715,9,5,5,1
10716,8,5,5,1
10717,9,6,6,1
10718,9,5,5,1
10719,10,6,6,1
10720,6,3,3,1
10721,7,4,4,1
10722,7,4,4,1
10723,8,4,4,1
10724,7,4,4,1
10725,8,5,5,1
10726,8,4,4,1
10727,9,5,5,1
10728,7,4,4,1
10729,8,5,5,1
10730,8,4,4,1
10731,9,5,5,1
10732,8,4,4,1
10733,9,5,5,1
10734,9,4,4,1
10735,10,5,5,1
10736,7,4,4,1
10737,8,5,5,1
10738,8,5,5,1
10739,9,5,5,1
10740,8,5,5,1
10741,9,6,6,1
10742,9,5,5,1
10743,10,6,6,1
10744,8,4,4,1
10745,9,5,5,1
10746,9,5,5,1
10747,10,5,5,1
10748,9,5,5,1
10749,10,6,6,1
10750,10,5,5,1
10751,11,6,6,1
10752,3,2,2,1
10753,4,3,3,1
10754,4,3,3,1
10755,5,3,3,1
10756,4,3,3,1
10757,5,4,4,1
10758,5,3,3,1
10759,6,4,4,1
10760,4,3,3,1
10761,5,4,4,1
10762,5,3,3,1
10763,6,4,4,1
10764,5,3,3,1
10765,6,4,4,1
10766,6,3,3,1
10767,7,4,4,1
10768,4,3,3,1
10769,5,4,4,1
10770,5,4,4,1
10771,6,4,4,1
10772,5,4,4,1
10773,6,5,5,1
10774,6,4,4,1
10775,7,5,5,1
10776,5,3,3,1
10777,6,4,4,1
10778,6,4,4,1
10779,7,4,4,1
10780,6,4,4,1
10781,7,5,5,1
10782,7,4,4,1
10783,8,5,5,1
10784,4,3,3,1
10785,5,4,4,1
10786,5,4,4,1
10787,6,4,4,1
10788,5,4,4,1
10789,6,5,5,1
10790,6,4,4,1
10791,7,5,5,1
10792,5,3,3,1
10793,6,4,4,1
10794,6,4,4,1
10795,7,4,4,1
10796,6,4,4,1
10797,7,5,5,1
10798,7,4,4,1
10799,8,5,5,1
10800,5,3,3,1
10801,6,4,4,1
10802,6,4,4,1
10803,7,4,4,1
10804,6,4,4,1
10805,7,5,5,1
10806,7,4,4,1
10807,8,5,5,1
10808,6,3,3,1
10809,7,4,4,1
10810,7,4,4,1
10811,8,4,4,1
10812,7,4,4,1
10813,8,5,5,1
10814,8,4,4,1
10815,9,5,5,1
10816,4,3,3,1
10817,5,4,4,1
10818,5,4,4,1
10819,6,4,4,1
10820,5,4,4,1
10821,6,5,5,1
10822,6,4,4,1
10823,7,5,5,1
10824,5,4,4,1
10825,6,5,5,1
10826,6,4,4,1
10827,7,5,5,1
10828,6,4,4,1
10829,7,5,5,1
10830,7,4,4,1
10831,8,5,5,1
10832,5,4,4,1
10833,6,5,5,1
10834,6,5,5,1
10835,7,5,5,1
10836,6,5,5,1
10837,7,6,6,1
10838,7,5,5,1
10839,8,6,6,1
10840,6,4,4,1
10841,7,5,5,1
10842,7,5,5,1
10843,8,5,5,1
10844,7,5,5,1
10845,8,6,6,1
10846,8,5,5,1
10847,9,6,6,1
10848,5,3,3,1
10849,6,4,4,1
10850,6,4,4,1
10851,7,4,4,1
10852,6,4,4,1
10853,7,5,5,1
10854,7,4,4,1
10855,8,5,5,1
10856,6,4,4,1
10857,7,5,5,1
10858,7,4,4,1
10859,8,5,5,1
10860,7,4,4,1
10861,8,5,5,1
10862,8,4,4,1
10863,9,5,5,1
10864,6,4,4,1
10865,7,5,5,1
10866,7,5,5,1
10867,8,5,5,1
10868,7,5,5,1
10869,8,6,6,1
10870,8,5,5,1
10871,9,6,6,1
10872,7,4,4,1
10873,8,5,5,1
10874,8,5,5,1
10875,9,5,5,1
10876,8,5,5,1
10877,9,6,6,1
10878,9,5,5,1
10879,10,6,6,1
10880,4,2,2,1
10881,5,3,3,1
10882,5,3,3,1
10883,6,3,3,1
10884,5,3,3,1
10885,6,4,4,1
10886,6,3,3,1
10887,7,4,4,1
10888,5,3,3,1
10889,6,4,4,1
10890,6,3,3,1
10891,7,4,4,1
10892,6,3,3,1
10893,7,4,4,1
10894,7,3,3,1
10895,8,4,4,1
10896,5,3,3,1
10897,6,4,4,1
10898,6,4,4,1
10899,7,4,4,1
10900,6,4,4,1
10901,7,5,5,1
10902,7,4,4,1
10903,8,5,5,1
10904,6,3,3,1
10905,7,4,4,1
10906,7,4,4,1
10907,8,4,4,1
10908,7,4,4,1
10909,8,5,5,1
10910,8,4,4,1
10911,9,5,5,1
10912,5,3,3,1
10913,6,4,4,1
10914,6,4,4,1
10915,7,4,4,1
10916,6,4,4,1
10917,7,5,5,1
10918,7,4,4,1
10919,8,5,5,1
10920,6,3,3,1
10921,7,4,4,1
10922,7,4,4,1
10923,8,4,4,1
10924,7,4,4,1
10925,8,5,5,1
10926,8,4,4,1
10927,9,5,5,1
10928,6,3,3,1
10929,7,4,4,1
10930,7,4,4,1
10931,8,4,4,1
10932,7,4,4,1
10933,8,5,5,1
10934,8,4,4,1
10935,9,5,5,1
10936,7,3,3,1
10937,8,4,4,1
10938,8,4,4,1
10939,9,4,4,1
10940,8,4,4,1
10941,9,5,5,1
10942,9,4,4,1
10943,10,5,5,1
10944,5,3,3,1
10945,6,4,4,1
10946,6,4,4,1
10947,7,4,4,1
10948,6,4,4,1
10949,7,5,5,1
10950,7,4,4,1
10951,8,5,5,1
10952,6,4,4,1
10953,7,5,5,1
10954,7,4,4,1
10955,8,5,5,1
10956,7,4,4,1
10957,8,5,5,1
10958,8,4,4,1
10959,9,5,5,1
10960,6,4,4,1
10961,7,5,5,1
10962,7,5,5,1
10963,8,5,5,1
10964,7,5,5,1
10965,8,6,6,1
10966,8,5,5,1
10967,9,6,6,1
10968,7,4,4,1
10969,8,5,5,1
10970,8,5,5,1
10971,9,5,5,1
10972,8,5,5,1
10973,9,6,6,1
10974,9,5,5,1
10975,10,6,6,1
10976,6,3,3,1
10977,7,4,4,1
10978,7,4,4,1
10979,8,4,4,1
10980,7,4,4,1
10981,8,5,5,1
10982,8,4,4,1
10983,9,5,5,1
10984,7,4,4,1
10985,8,5,5,1
10986,8,4,4,1
10987,9,5,5,1
10988,8,4,4,1
10989,9,5,5,1
10990,9,4,4,1
10991,10,5,5,1
10992,7,4,4,1
10993,8,5,5,1
10994,8,5,5,1
10995,9,5,5,1
10996,8,5,5,1
10997,9,6,6,1
10998,9,5,5,1
10999,10,6,6,1
11000,8,4,4,1
11001,9,5,5,1
11002,9,5,5,1
11003,10,5,5,1
11004,9,5,5,1
11005,10,6,6,1
11006,10,5,5,1
11007,11,6,6,1
11008,4,2,2,1
11009,5,3,3,1
11010,5,3,3,1
11011,6,3,3,1
11012,5,3,3,1
11013,6,4,4,1
11014,6,3,3,1
11015,7,4,4,1
11016,5,3,3,1
11017,6,4,4,1
11018,6,3,3,1
11019,7,4,4,1
11020,6,3,3,1
11021,7,4,4,1
11022,7,3,3,1
11023,8,4,4,1
11024,5,3,3,1
11025,6,4,4,1
11026,6,4,4,1
11027,7,4,4,1
11028,6,4,4,1
11029,7,5,5,1
11030,7,4,4,1
11031,8,5,5,1
11032,6,3,3,1
11033,7,4,4,1
11034,7,4,4,1
11035,8,4,4,1
11036,7,4,4,1
11037,8,5,5,1
11038,8,4,4,1
11039,9,5,5,1
11040,5,3,3,1
11041,6,4,4,1
11042,6,4,4,1
11043,7,4,4,1
11044,6,4,4,1
11045,7,5,5,1
11046,7,4,4,1
11047,8,5,5,1
11048,6,3,3,1
11049,7,4,4,1
11050,7,4,4,1
11051,8,4,4,1
11052,7,4,4,1
11053,8,5,5,1
11054,8,4,4,1
11055,9,5,5,1
11056,6,3,3,1
11057,7,4,4,1
11058,7,4,4,1
11059,8,4,4,1
11060,7,4,4,1
11061,8,5,5,1
11062,8,4,4,1
11063,9,5,5,1
11064,7,3,3,1
11065,8,4,4,1
11066,8,4,4,1
11067,9,4,4,1
11068,8,4,4,1
11069,9,5,5,1
11070,9,4,4,1
11071,10,5,5,1
11072,5,3,3,1
11073,6,4,4,1
11074,6,4,4,1
11075,7,4,4,1
11076,6,4,4,1
11077,7,5,5,1
11078,7,4,4,1
11079,8,5,5,1
11080,6,4,4,1
11081,7,5,5,1
11082,7,4,4,1
11083,8,5,5,1
11084,7,4,4,1
11085,8,5,5,1
11086,8,4,4,1
11087,9,5,5,1
11088,6,4,4,1
11089,7,5,5,1
11090,7,5,5,1
11091,8,5,5,1
11092,7,5,5,1
11093,8,6,6,1
11094,8,5,5,1
11095,9,6,6,1
11096,7,4,4,1
11097,8,5,5,1
11098,8,5,5,1
11099,9,5,5,1
11100,8,5,5,1
11101,9,6,6,1
11102,9,5,5,1
11103,10,6,6,1
11104,6,3,3,1
11105,7,4,4,1
11106,7,4,4,1
11107,8,4,4,1
11108,7,4,4,1
11109,8,5,5,1
11110,8,4,4,1
11111,9,5,5,1
11112,7,4,4,1
11113,8,5,5,1
11114,8,4,4,1
11115,9,5,5,1
11116,8,4,4,1
11117,9,5,5,1
11118,9,4,4,1
11119,10,5,5,1
11120,7,4,4,1
11121,8,5,5,1
11122,8,5,5,1
11123,9,5,5,1
11124,8,5,5,1
11125,9,6,6,1
11126,9,5,5,1
11127,10,6,6,1
11128,8,4,4,1
11129,9,5,5,1
11130,9,5,5,1
11131,10,5,5,1
11132,9,5,5,1
11133,10,6,6,1
11134,10,5,5,1
11135,11,6,6,1
11136,5,2,2,1
11137,6,3,3,1
11138,6,3,3,1
11139,7,3,3,1
11140,6,3,3,1
11141,7,4,4,1
11142,7,3,3,1
11143,8,4,4,1
11144,6,3,3,1
11145,7,4,4,1
11146,7,3,3,1
11147,8,4,4,1
11148,7,3,3,1
11149,8,4,4,1
11150,8,3,3,1
11151,9,4,4,1
11152,6,3,3,1
11153,7,4,4,1
11154,7,4,4,1
11155,8,4,4,1
11156,7,4,4,1
11157,8,5,5,1
11158,8,4,4,1
11159,9,5,5,1
11160,7,3,3,1
11161,8,4,4,1
11162,8,4,4,1
11163,9,4,4,1
11164,8,4,4,1
11165,9,5,5,1
11166,9,4,4,1
11167,10,5,5,1
11168,6,3,3,1
11169,7,4,4,1
11170,7,4,4,1
11171,8,4,4,1
11172,7,4,4,1
11173,8,5,5,1
11174,8,4,4,1
11175,9,5,5,1
11176,7,3,3,1
11177,8,4,4,1
11178,8,4,4,1
11179,9,4,4,1
11180,8,4,4,1
11181,9,5,5,1
11182,9,4,4,1
11183,10,5,5,1
11184,7,3,3,1
11185,8,4,4,1
11186,8,4,4,1
11187,9,4,4,1
11188,8,4,4,1
11189,9,5,5,1
11190,9,4,4,1
11191,10,5,5,1
11192,8,3,3,1
11193,9,4,4,1
11194,9,4,4,1
11195,10,4,4,1
11196,9,4,4,1
11197,10,5,5,1
11198,10,4,4,1
11199,11,5,5,1
11200,6,3,3,1
11201,7,4,4,1
11202,7,4,4,1
11203,8,4,4,1
11204,7,4,4,1
11205,8,5,5,1
11206,8,4,4,1
11207,9,5,5,1
11208,7,4,4,1
11209,8,5,5,1
11210,8,4,4,1
11211,9,5,5,1
11212,8,4,4,1
11213,9,5,5,1
11214,9,4,4,1
11215,10,5,5,1
11216,7,4,4,1
11217,8,5,5,1
11218,8,5,5,1
11219,9,5,5,1
11220,8,5,5,1
11221,9,6,6,1
11222,9,5,5,1
11223,10,6,6,1
11224,8,4,4,1
11225,9,5,5,1
11226,9,5,5,1
11227,10,5,5,1
11228,9,5,5,1
11229,10,6,6,1
11230,10,5,5,1
11231,11,6,6,1
11232,7,3,3,1
11233,8,4,4,1
11234,8,4,4,1
11235,9,4,4,1
11236,8,4,4,1
11237,9,5,5,1
11238,9,4,4,1
11239,10,5,5,1
11240,8,4,4,1
11241,9,5,5,1
11242,9,4,4,1
11243,10,5,5,1
11244,9,4,4,1
11245,10,5,5,1
11246,10,4,4,1
11247,11,5,5,1
11248,8,4,4,1
11249,9,5,5,1
11250,9,5,5,1
11251,10,5,5,1
11252,9,5,5,1
11253,10,6,6,1
11254,10,5,5,1
11255,11,6,6,1
11256,9,4,4,1
11257,10,5,5,1
11258,10,5,5,1
11259,11,5,5,1
11260,10,5,5,1
11261,11,6,6,1
11262,11,5,5,1
11263,12,6,6,1
11264,3,2,2,1
11265,4,3,3,1
11266,4,3,3,1
11267,5,3,3,1
11268,4,3,3,1
11269,5,4,4,1
11270,5,3,3,1
11271,6,4,4,1
11272,4,3,3,1
11273,5,4,4,1
11274,5,3,3,1
11275,6,4,4,1
11276,5,3,3,1
11277,6,4,4,1
11278,6,3,3,1
11279,7,4,4,1
11280,4,3,3,1
11281,5,4,4,1
11282,5,4,4,1
11283,6,4,4,1
11284,5,4,4,1
11285,6,5,5,1
11286,6,4,4,1
11287,7,5,5,1
11288,5,3,3,1
11289,6,4,4,1
11290,6,4,4,1
11291,7,4,4,1
11292,6,4,4,1
11293,7,5,5,1
11294,7,4,4,1
11295,8,5,5,1
11296,4,3,3,1
11297,5,4,4,1
11298,5,4,4,1
11299,6,4,4,1
11300,5,4,4,1
11301,6,5,5,1
11302,6,4,4,1
11303,7,5,5,1
11304,5,3,3,1
11305,6,4,4,1
11306,6,4,4,1
11307,7,4,4,1
11308,6,4,4,1
11309,7,5,5,1
11310,7,4,4,1
11311,8,5,5,1
11312,5,3,3,1
11313,6,4,4,1
11314,6,4,4,1
11315,7,4,4,1
11316,6,4,4,1
11317,7,5,5,1
11318,7,4,4,1
11319,8,5,5,1
11320,6,3,3,1
11321,7,4,4,1
11322,7,4,4,1
11323,8,4,4,1
11324,7,4,4,1
11325,8,5,5,1
11326,8,4,4,1
11327,9,5,5,1
11328,4,3,3,1
11329,5,4,4,1
11330,5,4,4,1
11331,6,4,4,1
11332,5,4,4,1
11333,6,5,5,1
11334,6,4,4,1
11335,7,5,5,1
11336,5,4,4,1
11337,6,5,5,1
11338,6,4,4,1
11339,7,5,5,1
11340,6,4,4,1
11341,7,5,5,1
11342,7,4,4,1
11343,8,5,5,1
11344,5,4,4,1
11345,6,5,5,1
11346,6,5,5,1
11347,7,5,5,1
11348,6,5,5,1
11349,7,6,6,1
11350,7,5,5,1
11351,8,6,6,1
11352,6,4,4,1
11353,7,5,5,1
11354,7,5,5,1
11355,8,5,5,1
11356,7,5,5,1
11357,8,6,6,1
11358,8,5,5,1
11359,9,6,6,1
11360,5,3,3,1
11361,6,4,4,1
11362,6,4,4,1
11363,7,4,4,1
11364,6,4,4,1
11365,7,5,5,1
11366,7,4,4,1
11367,8,5,5,1
11368,6,4,4,1
11369,7,5,5,1
11370,7,4,4,1
11371,8,5,5,1
11372,7,4,4,1
11373,8,5,5,1
11374,8,4,4,1
11375,9,5,5,1
11376,6,4,4,1
11377,7,5,5,1
11378,7,5,5,1
11379,8,5,5,1
11380,7,5,5,1
11381,8,6,6,1
11382,8,5,5,1
11383,9,6,6,1
11384,7,4,4,1
11385,8,5,5,1
11386,8,5,5,1
11387,9,5,5,1
11388,8,5,5,1
11389,9,6,6,1
11390,9,5,5,1
11391,10,6,6,1
11392,4,3,3,1
11393,5,4,4,1
11394,5,4,4,1
11395,6,4,4,1
11396,5,4,4,1
11397,6,5,5,1
11398,6,4,4,1
11399,7,5,5,1
11400,5,4,4,1
11401,6,5,5,1
11402,6,4,4,1
11403,7,5,5,1
11404,6,4,4,1
11405,7,5,5,1
11406,7,4,4,1
11407,8,5,5,1
11408,5,4,4,1
11409,6,5,5,1
11410,6,5,5,1
11411,7,5,5,1
11412,6,5,5,1
11413,7,6,6,1
11414,7,5,5,1
11415,8,6,6,1
11416,6,4,4,1
11417,7,5,5,1
11418,7,5,5,1
11419,8,5,5,1
11420,7,5,5,1
11421,8,6,6,1
11422,8,5,5,1
11423,9,6,6,1
11424,5,3,3,1
11425,6,4,4,1
11426,6,4,4,1
11427,7,4,4,1
11428,6,4,4,1
11429,7,5,5,1
11430,7,4,4,1
11431,8,5,5,1
11432,6,4,4,1
11433,7,5,5,1
11434,7,4,4,1
11435,8,5,5,1
11436,7,4,4,1
11437,8,5,5,1
11438,8,4,4,1
11439,9,5,5,1
11440,6,4,4,1
11441,7,5,5,1
11442,7,5,5,1
11443,8,5,5,1
11444,7,5,5,1
11445,8,6,6,1
11446,8,5,5,1
11447,9,6,6,1
11448,7,4,4,1
11449,8,5,5,1
11450,8,5,5,1
11451,9,5,5,1
11452,8,5,5,1
11453,9,6,6,1
11454,9,5,5,1
11455,10,6,6,1
11456,5,3,3,1
11457,6,4,4,1
11458,6,4,4,1
11459,7,4,4,1
11460,6,4,4,1
11461,7,5,5,1
11462,7,4,4,1
11463,8,5,5,1
11464,6,4,4,1
11465,7,5,5,1
11466,7,4,4,1
11467,8,5,5,1
11468,7,4,4,1
11469,8,5,5,1
11470,8,4,4,1
11471,9,5,5,1
11472,6,4,4,1
11473,7,5,5,1
11474,7,5,5,1
11475,8,5,5,1
11476,7,5,5,1
11477,8,6,6,1
11478,8,5,5,1
11479,9,6,6,1
11480,7,4,4,1
11481,8,5,5,1
11482,8,5,5,1
11483,9,5,5,1
11484,8,5,5,1
11485,9,6,6,1
11486,9,5,5,1
11487,10,6,6,1
11488,6,3,3,1
11489,7,4,4,1
11490,7,4,4,1
11491,8,4,4,1
11492,7,4,4,1
11493,8,5,5,1
11494,8,4,4,1
11495,9,5,5,1
11496,7,4,4,1
11497,8,5,5,1
11498,8,4,4,1
11499,9,5,5,1
11500,8,4,4,1
11501,9,5,5,1
11502,9,4,4,1
11503,10,5,5,1
11504,7,4,4,1
11505,8,5,5,1
11506,8,5,5,1
11507,9,5,5,1
11508,8,5,5,1
11509,9,6,6,1
11510,9,5,5,1
11511,10,6,6,1
11512,8,4,4,1
11513,9,5,5,1
11514,9,5,5,1
11515,10,5,5,1
11516,9,5,5,1
11517,10,6,6,1
11518,10,5,5,1
11519,11,6,6,1
11520,4,3,3,1
11521,5,4,4,1
11522,5,4,4,1
11523,6,4,4,1
11524,5,4,4,1
11525,6,5,5,1
11526,6,4,4,1
11527,7,5,5,1
11528,5,4,4,1
11529,6,5,5,1
11530,6,4,4,1
11531,7,5,5,1
11532,6,4,4,1
11533,7,5,5,1
11534,7,4,4,1
11535,8,5,5,1
11536,5,4,4,1
11537,6,5,5,1
11538,6,5,5,1
11539,7,5,5,1
11540,6,5,5,1
11541,7,6,6,1
11542,7,5,5,1
11543,8,6,6,1
11544,6,4,4,1
11545,7,5,5,1
11546,7,5,5,1
11547,8,5,5,1
11548,7,5,5,1
11549,8,6,6,1
11550,8,5,5,1
11551,9,6,6,1
11552,5,4,4,1
11553,6,5,5,1
11554,6,5,5,1
11555,7,5,5,1
11556,6,5,5,1
11557,7,6,6,1
11558,7,5,5,1
11559,8,6,6,1
11560,6,4,4,1
11561,7,5,5,1
11562,7,5,5,1
11563,8,5,5,1
11564,7,5,5,1
11565,8,6,6,1
11566,8,5,5,1
11567,9,6,6,1
11568,6,4,4,1
11569,7,5,5,1
11570,7,5,5,1
11571,8,5,5,1
11572,7,5,5,1
11573,8,6,6,1
11574,8,5,5,1
11575,9,6,6,1
11576,7,4,4,1
11577,8,5,5,1
11578,8,5,5,1
11579,9,5,5,1
11580,8,5,5,1
11581,9,6,6,1
11582,9,5,5,1
11583,10,6,6,1
11584,5,4,4,1
11585,6,5,5,1
11586,6,5,5,1
11587,7,5,5,1
11588,6,5,5,1
11589,7,6,6,1
11590,7,5,5,1
11591,8,6,6,1
11592,6,5,5,1
11593,7,6,6,1
11594,7,5,5,1
11595,8,6,6,1
11596,7,5,5,1
11597,8,6,6,1
11598,8,5,5,1
11599,9,6,6,1
11600,6,5,5,1
11601,7,6,6,1
11602,7,6,6,1
11603,8,6,6,1
11604,7,6,6,1
11605,8,7,7,1
11606,8,6,6,1
11607,9,7,7,1
11608,7,5,5,1
11609,8,6,6,1
11610,8,6,6,1
11611,9,6,6,1
11612,8,6,6,1
11613,9,7,7,1
11614,9,6,6,1
11615,10,7,7,1
11616,6,4,4,1
11617,7,5,5,1
11618,7,5,5,1
11619,8,5,5,1
11620,7,5,5,1
11621,8,6,6,1
11622,8,5,5,1
11623,9,6,6,1
11624,7,5,5,1
11625,8,6,6,1
11626,8,5,5,1
11627,9,6,6,1
11628,8,5,5,1
11629,9,6,6,1
11630,9,5,5,1
11631,10,6,6,1
11632,7,5,5,1
11633,8,6,6,1
11634,8,6,6,1
11635,9,6,6,1
11636,8,6,6,1
11637,9,7,7,1
11638,9,6,6,1
11639,10,7,7,1
11640,8,5,5,1
11641,9,6,6,1
11642,9,6,6,1
11643,10,6,6,1
11644,9,6,6,1
11645,10,7,7,1
11646,10,6,6,1
11647,11,7,7,1
11648,5,3,3,1
11649,6,4,4,1
11650,6,4,4,1
11651,7,4,4,1
11652,6,4,4,1
11653,7,5,5,1
11654,7,4,4,1
11655,8,5,5,1
11656,6,4,4,1
11657,7,5,5,1
11658,7,4,4,1
11659,8,5,5,1
11660,7,4,4,1
11661,8,5,5,1
11662,8,4,4,1
11663,9,5,5,1
11664,6,4,4,1
11665,7,5,5,1
11666,7,5,5,1
11667,8,5,5,1
11668,7,5,5,1
11669,8,6,6,1
11670,8,5,5,1
11671,9,6,6,1
11672,7,4,4,1
11673,8,5,5,1
11674,8,5,5,1
11675,9,5,5,1
11676,8,5,5,1
11677,9,6,6,1
11678,9,5,5,1
11679,10,6,6,1
11680,6,4,4,1
11681,7,5,5,1
11682,7,5,5,1
11683,8,5,5,1
11684,7,5,5,1
11685,8,6,6,1
11686,8,5,5,1
11687,9,6,6,1
11688,7,4,4,1
11689,8,5,5,1
11690,8,5,5,1
11691,9,5,5,1
11692,8,5,5,1
11693,9,6,6,1
11694,9,5,5,1
11695,10,6,6,1
11696,7,4,4,1
11697,8,5,5,1
11698,8,5,5,1
11699,9,5,5,1
11700,8,5,5,1
11701,9,6,6,1
11702,9,5,5,1
11703,10,6,6,1
11704,8,4,4,1
11705,9,5,5,1
11706,9,5,5,1
11707,10,5,5,1
11708,9,5,5,1
11709,10,6,6,1
11710,10,5,5,1
11711,11,6,6,1
11712,6,4,4,1
11713,7,5,5,1
11714,7,5,5,1
11715,8,5,5,1
11716,7,5,5,1
11717,8,6,6,1
11718,8,5,5,1
11719,9,6,6,1
11720,7,5,5,1
11721,8,6,6,1
11722,8,5,5,1
11723,9,6,6,1
11724,8,5,5,1
11725,9,6,6,1
11726,9,5,5,1
11727,10,6,6,1
11728,7,5,5,1
11729,8,6,6,1
11730,8,6,6,1
11731,9,6,6,1
11732,8,6,6,1
11733,9,7,7,1
11734,9,6,6,1
11735,10,7,7,1
11736,8,5,5,1
11737,9,6,6,1
11738,9,6,6,1
11739,10,6,6,1
11740,9,6,6,1
11741,10,7,7,1
11742,10,6,6,1
11743,11,7,7,1
11744,7,4,4,1
11745,8,5,5,1
11746,8,5,5,1
11747,9,5,5,1
11748,8,5,5,1
11749,9,6,6,1
11750,9,5,5,1
11751,10,6,6,1
11752,8,5,5,1
11753,9,6,6,1
11754,9,5,5,1
11755,10,6,6,1
11756,9,5,5,1
11757,10,6,6,1
11758,10,5,5,1
11759,11,6,6,1
11760,8,5,5,1
11761,9,6,6,1
11762,9,6,6,1
11763,10,6,6,1
11764,9,6,6,1
11765,10,7,7,1
11766,10,6,6,1
11767,11,7,7,1
11768,9,5,5,1
11769,10,6,6,1
11770,10,6,6,1
11771,11,6,6,1
11772,10,6,6,1
11773,11,7,7,1
11774,11,6,6,1
11775,12,7,7,1
11776,4,2,2,1
11777,5,3,3,1
11778,5,3,3,1
11779,6,3,3,1
11780,5,3,3,1
11781,6,4,4,1
11782,6,3,3,1
11783,7,4,4,1
11784,5,3,3,1
11785,6,4,4,1
11786,6,3,3,1
11787,7,4,4,1
11788,6,3,3,1
11789,7,4,4,1
11790,7,3,3,1
11791,8,4,4,1
11792,5,3,3,1
11793,6,4,4,1
11794,6,4,4,1
11795,7,4,4,1
11796,6,4,4,1
11797,7,5,5,1
11798,7,4,4,1
11799,8,5,5,1
11800,6,3,3,1
11801,7,4,4,1
11802,7,4,4,1
11803,8,4,4,1
11804,7,4,4,1
11805,8,5,5,1
11806,8,4,4,1
11807,9,5,5,1
11808,5,3,3,1
11809,6,4,4,1
11810,6,4,4,1
11811,7,4,4,1
11812,6,4,4,1
11813,7,5,5,1
11814,7,4,4,1
11815,8,5,5,1
11816,6,3,3,1
11817,7,4,4,1
11818,7,4,4,1
11819,8,4,4,1
11820,7,4,4,1
11821,8,5,5,1
11822,8,4,4,1
11823,9,5,5,1
11824,6,3,3,1
11825,7,4,4,1
11826,7,4,4,1
11827,8,4,4,1
11828,7,4,4,1
11829,8,5,5,1
11830,8,4,4,1
11831,9,5,5,1
11832,7,3,3,1
11833,8,4,4,1
11834,8,4,4,1
11835,9,4,4,1
11836,8,4,4,1
11837,9,5,5,1
11838,9,4,4,1
11839,10,5,5,1
11840,5,3,3,1
11841,6,4,4,1
11842,6,4,4,1
11843,7,4,4,1
11844,6,4,4,1
11845,7,5,5,1
11846,7,4,4,1
11847,8,5,5,1
11848,6,4,4,1
11849,7,5,5,1
11850,7,4,4,1
11851,8,5,5,1
11852,7,4,4,1
11853,8,5,5,1
11854,8,4,4,1
11855,9,5,5,1
11856,6,4,4,1
11857,7,5,5,1
11858,7,5,5,1
11859,8,5,5,1
11860,7,5,5,1
11861,8,6,6,1
11862,8,5,5,1
11863,9,6,6,1
11864,7,4,4,1
11865,8,5,5,1
11866,8,5,5,1
11867,9,5,5,1
11868,8,5,5,1
11869,9,6,6,1
11870,9,5,5,1
11871,10,6,6,1
11872,6,3,3,1
11873,7,4,4,1
11874,7,4,4,1
11875,8,4,4,1
11876,7,4,4,1
11877,8,5,5,1
11878,8,4,4,1
11879,9,5,5,1
11880,7,4,4,1
11881,8,5,5,1
11882,8,4,4,1
11883,9,5,5,1
11884,8,4,4,1
11885,9,5,5,1
11886,9,4,4,1
11887,10,5,5,1
11888,7,4,4,1
11889,8,5,5,1
11890,8,5,5,1
11891,9,5,5,1
11892,8,5,5,1
11893,9,6,6,1
11894,9,5,5,1
11895,10,6,6,1
11896,8,4,4,1
11897,9,5,5,1
11898,9,5,5,1
11899,10,5,5,1
11900,9,5,5,1
11901,10,6,6,1
11902,10,5,5,1
11903,11,6,6,1
11904,5,3,3,1
11905,6,4,4,1
11906,6,4,4,1
11907,7,4,4,1
11908,6,4,4,1
11909,7,5,5,1
11910,7,4,4,1
11911,8,5,5,1
11912,6,4,4,1
11913,7,5,5,1
11914,7,4,4,1
11915,8,5,5,1
11916,7,4,4,1
11917,8,5,5,1
11918,8,4,4,1
11919,9,5,5,1
11920,6,4,4,1
11921,7,5,5,1
11922,7,5,5,1
11923,8,5,5,1
11924,7,5,5,1
11925,8,6,6,1
11926,8,5,5,1
11927,9,6,6,1
11928,7,4,4,1
11929,8,5,5,1
11930,8,5,5,1
11931,9,5,5,1
11932,8,5,5,1
11933,9,6,6,1
11934,9,5,5,1
11935,10,6,6,1
11936,6,3,3,1
11937,7,4,4,1
11938,7,4,4,1
11939,8,4,4,1
11940,7,4,4,1
11941,8,5,5,1
11942,8,4,4,1
11943,9,5,5,1
11944,7,4,4,1
11945,8,5,5,1
11946,8,4,4,1
11947,9,5,5,1
11948,8,4,4,1
11949,9,5,5,1
11950,9,4,4,1
11951,10,5,5,1
11952,7,4,4,1
11953,8,5,5,1
11954,8,5,5,1
11955,9,5,5,1
11956,8,5,5,1
11957,9,6,6,1
11958,9,5,5,1
11959,10,6,6,1
11960,8,4,4,1
11961,9,5,5,1
11962,9,5,5,1
11963,10,5,5,1
11964,9,5,5,1
11965,10,6,6,1
11966,10,5,5,1
11967,11,6,6,1
11968,6,3,3,1
11969,7,4,4,1
11970,7,4,4,1
11971,8,4,4,1
11972,7,4,4,1
11973,8,5,5,1
11974,8,4,4,1
11975,9,5,5,1
11976,7,4,4,1
11977,8,5,5,1
11978,8,4,4,1
11979,9,5,5,1
11980,8,4,4,1
11981,9,5,5,1
11982,9,4,4,1
11983,10,5,5,1
11984,7,4,4,1
11985,8,5,5,1
11986,8,5,5,1
11987,9,5,5,1
11988,8,5,5,1
11989,9,6,6,1
11990,9,5,5,1
11991,10,6,6,1
11992,8,4,4,1
11993,9,5,5,1
11994,9,5,5,1
11995,10,5,5,1
11996,9,5,5,1
11997,10,6,6,1
11998,10,5,5,1
11999,11,6,6,1
12000,7,3,3,1
12001,8,4,4,1
12002,8,4,4,1
12003,9,4,4,1
12004,8,4,4,1
12005,9,5,5,1
12006,9,4,4,1
12007,10,5,5,1
12008,8,4,4,1
12009,9,5,5,1
12010,9,4,4,1
12011,10,5,5,1
12012,9,4,4,1
12013,10,5,5,1
12014,10,4,4,1
12015,11,5,5,1
12016,8,4,4,1
12017,9,5,5,1
12018,9,5,5,1
12019,10,5,5,1
12020,9,5,5,1
12021,10,6,6,1
12022,10,5,5,1
12023,11,6,6,1
12024,9,4,4,1
12025,10,5,5,1
12026,10,5,5,1
12027,11,5,5,1
12028,10,5,5,1
12029,11,6,6,1
12030,11,5,5,1
12031,12,6,6,1
12032,5,3,3,1
12033,6,4,4,1
12034,6,4,4,1
12035,7,4,4,1
12036,6,4,4,1
12037,7,5,5,1
12038,7,4,4,1
12039,8,5,5,1
12040,6,4,4,1
12041,7,5,5,1
12042,7,4,4,1
12043,8,5,5,1
12044,7,4,4,1
12045,8,5,5,1
12046,8,4,4,1
12047,9,5,5,1
12048,6,4,4,1
12049,7,5,5,1
12050,7,5,5,1
12051,8,5,5,1
12052,7,5,5,1
12053,8,6,6,1
12054,8,5,5,1
12055,9,6,6,1
12056,7,4,4,1
12057,8,5,5,1
12058,8,5,5,1
12059,9,5,5,1
12060,8,5,5,1
12061,9,6,6,1
12062,9,5,5,1
12063,10,6,6,1
12064,6,4,4,1
12065,7,5,5,1
12066,7,5,5,1
12067,8,5,5,1
12068,7,5,5,1
12069,8,6,6,1
12070,8,5,5,1
12071,9,6,6,1
12072,7,4,4,1
12073,8,5,5,1
12074,8,5,5,1
12075,9,5,5,1
12076,8,5,5,1
12077,9,6,6,1
12078,9,5,5,1
12079,10,6,6,1
12080,7,4,4,1
12081,8,5,5,1
12082,8,5,5,1
12083,9,5,5,1
12084,8,5,5,1
12085,9,6,6,1
12086,9,5,5,1
12087,10,6,6,1
12088,8,4,4,1
12089,9,5,5,1
12090,9,5,5,1
12091,10,5,5,1
12092,9,5,5,1
12093,10,6,6,1
12094,10,5,5,1
12095,11,6,6,1
12096,6,4,4,1
12097,7,5,5,1
12098,7,5,5,1
12099,8,5,5,1
12100,7,5,5,1
12101,8,6,6,1
12102,8,5,5,1
12103,9,6,6,1
12104,7,5,5,1
12105,8,6,6,1
12106,8,5,5,1
12107,9,6,6,1
12108,8,5,5,1
12109,9,6,6,1
12110,9,5,5,1
12111,10,6,6,1
12112,7,5,5,1
12113,8,6,6,1
12114,8,6,6,1
12115,9,6,6,1
12116,8,6,6,1
12117,9,7,7,1
12118,9,6,6,1
12119,10,7,7,1
12120,8,5,5,1
12121,9,6,6,1
12122,9,6,6,1
12123,10,6,6,1
12124,9,6,6,1
12125,10,7,7,1
12126,10,6,6,1
12127,11,7,7,1
12128,7,4,4,1
12129,8,5,5,1
12130,8,5,5,1
12131,9,5,5,1
12132,8,5,5,1
12133,9,6,6,1
12134,9,5,5,1
12135,10,6,6,1
12136,8,5,5,1
12137,9,6,6,1
12138,9,5,5,1
12139,10,6,6,1
12140,9,5,5,1
12141,10,6,6,1
12142,10,5,5,1
12143,11,6,6,1
12144,8,5,5,1
12145,9,6,6,1
12146,9,6,6,1
12147,10,6,6,1
12148,9,6,6,1
12149,10,7,7,1
12150,10,6,6,1
12151,11,7,7,1
12152,9,5,5,1
12153,10,6,6,1
12154,10,6,6,1
12155,11,6,6,1
12156,10,6,6,1
12157,11,7,7,1
12158,11,6,6,1
12159,12,7,7,1
12160,6,3,3,1
12161,7,4,4,1
12162,7,4,4,1
12163,8,4,4,1
12164,7,4,4,1
12165,8,5,5,1
12166,8,4,4,1
12167,9,5,5,1
12168,7,4,4,1
12169,8,5,5,1
12170,8,4,4,1
12171,9,5,5,1
12172,8,4,4,1
12173,9,5,5,1
12174,9,4,4,1
12175,10,5,5,1
12176,7,4,4,1
12177,8,5,5,1
12178,8,5,5,1
12179,9,5,5,1
12180,8,5,5,1
12181,9,6,6,1
12182,9,5,5,1
12183,10,6,6,1
12184,8,4,4,1
12185,9,5,5,1
12186,9,5,5,1
12187,10,5,5,1
12188,9,5,5,1
12189,10,6,6,1
12190,10,5,5,1
12191,11,6,6,1
12192,7,4,4,1
12193,8,5,5,1
12194,8,5,5,1
12195,9,5,5,1
12196,8,5,5,1
12197,9,6,6,1
12198,9,5,5,1
12199,10,6,6,1
12200,8,4,4,1
12201,9,5,5,1
12202,9,5,5,1
12203,10,5,5,1
12204,9,5,5,1
12205,10,6,6,1
12206,10,5,5,1
12207,11,6,6,1
12208,8,4,4,1
12209,9,5,5,1
12210,9,5,5,1
12211,10,5,5,1
12212,9,5,5,1
12213,10,6,6,1
12214,10,5,5,1
12215,11,6,6,1
12216,9,4,4,1
12217,10,5,5,1
12218,10,5,5,1
12219,11,5,5,1
12220,10,5,5,1
12221,11,6,6,1
12222,11,5,5,1
12223,12,6,6,1
12224,7,4,4,1
12225,8,5,5,1
12226,8,5,5,1
12227,9,5,5,1
12228,8,5,5,1
12229,9,6,6,1
12230,9,5,5,1
12231,10,6,6,1
12232,8,5,5,1
12233,9,6,6,1
12234,9,5,5,1
12235,10,6,6,1
12236,9,5,5,1
12237,10,6,6,1
12238,10,5,5,1
12239,11,6,6,1
12240,8,5,5,1
12241,9,6,6,1
12242,9,6,6,1
12243,10,6,6,1
12244,9,6,6,1
12245,10,7,7,1
12246,10,6,6,1
12247,11,7,7,1
12248,9,5,5,1
12249,10,6,6,1
12250,10,6,6,1
12251,11,6,6,1
12252,10,6,6,1
12253,11,7,7,1
12254,11,6,6,1
12255,12,7,7,1
12256,8,4,4,1
12257,9,5,5,1
12258,9,5,5,1
12259,10,5,5,1
12260,9,5,5,1
12261,10,6,6,1
12262,10,5,5,1
12263,11,6,6,1
12264,9,5,5,1
12265,10,6,6,1
12266,10,5,5,1
12267,11,6,6,1
12268,10,5,5,1
12269,11,6,6,1
12270,11,5,5,1
12271,12,6,6,1
12272,9,5,5,1
12273,10,6,6,1
12274,10,6,6,1
12275,11,6,6,1
12276,10,6,6,1
12277,11,7,7,1
12278,11,6,6,1
12279,12,7,7,1
12280,10,5,5,1
12281,11,6,6,1
12282,11,6,6,1
12283,12,6,6,1
12284,11,6,6,1
12285,12,7,7,1
12286,12,6,6,1
12287,13,7,7,1
12288,2,1,1,1
12289,3,2,2,1
12290,3,2,2,1
12291,4,2,2,1
12292,3,2,2,1
12293,4,3,3,1
12294,4,2,2,1
12295,5,3,3,1
12296,3,2,2,1
12297,4,3,3,1
12298,4,2,2,1
12299,5,3,3,1
12300,4,2,2,1
12301,5,3,3,1
12302,5,2,2,1
12303,6,3,3,1
12304,3,2,2,1
12305,4,3,3,1
12306,4,3,3,1
12307,5,3,3,1
12308,4,3,3,1
12309,5,4,4,1
12310,5,3,3,1
12311,6,4,4,1
12312,4,2,2,1
12313,5,3,3,1
12314,5,3,3,1
12315,6,3,3,1
12316,5,3,3,1
12317,6,4,4,1
12318,6,3,3,1
12319,7,4,4,1
12320,3,2,2,1
12321,4,3,3,1
12322,4,3,3,1
12323,5,3,3,1
12324,4,3,3,1
12325,5,4,4,1
12326,5,3,3,1
12327,6,4,4,1
12328,4,2,2,1
12329,5,3,3,1
12330,5,3,3,1
12331,6,3,3,1
12332,5,3,3,1
12333,6,4,4,1
12334,6,3,3,1
12335,7,4,4,1
12336,4,2,2,1
12337,5,3,3,1
12338,5,3,3,1
12339,6,3,3,1
12340,5,3,3,1
12341,6,4,4,1
12342,6,3,3,1
12343,7,4,4,1
12344,5,2,2,1
12345,6,3,3,1
12346,6,3,3,1
12347,7,3,3,1
12348,6,3,3,1
12349,7,4,4,1
12350,7,3,3,1
12351,8,4,4,1
12352,3,2,2,1
12353,4,3,3,1
12354,4,3,3,1
12355,5,3,3,1
12356,4,3,3,1
12357,5,4,4,1
12358,5,3,3,1
12359,6,4,4,1
12360,4,3,3,1
12361,5,4,4,1
12362,5,3,3,1
12363,6,4,4,1
12364,5,3,3,1
12365,6,4,4,1
12366,6,3,3,1
12367,7,4,4,1
12368,4,3,3,1
12369,5,4,4,1
12370,5,4,4,1
12371,6,4,4,1
12372,5,4,4,1
12373,6,5,5,1
12374,6,4,4,1
12375,7,5,5,1
12376,5,3,3,1
12377,6,4,4,1
12378,6,4,4,1
12379,7,4,4,1
12380,6,4,4,1
12381,7,5,5,1
12382,7,4,4,1
12383,8,5,5,1
12384,4,2,2,1
12385,5,3,3,1
12386,5,3,3,1
12387,6,3,3,1
12388,5,3,3,1
12389,6,4,4,1
12390,6,3,3,1
12391,7,4,4,1
12392,5,3,3,1
12393,6,4,4,1
12394,6,3,3,1
12395,7,4,4,1
12396,6,3,3,1
12397,7,4,4,1
12398,7,3,3,1
12399,8,4,4,1
12400,5,3,3,1
12401,6,4,4,1
12402,6,4,4,1
12403,7,4,4,1
12404,6,4,4,1
12405,7,5,5,1
12406,7,4,4,1
12407,8,5,5,1
12408,6,3,3,1
12409,7,4,4,1
12410,7,4,4,1
12411,8,4,4,1
12412,7,4,4,1
12413,8,5,5,1
12414,8,4,4,1
12415,9,5,5,1
12416,3,2,2,1
12417,4,3,3,1
12418,4,3,3,1
12419,5,3,3,1
12420,4,3,3,1
12421,5,4,4,1
12422,5,3,3,1
12423,6,4,4,1
12424,4,3,3,1
12425,5,4,4,1
12426,5,3,3,1
12427,6,4,4,1
12428,5,3,3,1
12429,6,4,4,1
12430,6,3,3,1
12431,7,4,4,1
12432,4,3,3,1
12433,5,4,4,1
12434,5,4,4,1
12435,6,4,4,1
12436,5,4,4,1
12437,6,5,5,1
12438,6,4,4,1
12439,7,5,5,1
12440,5,3,3,1
12441,6,4,4,1
12442,6,4,4,1
12443,7,4,4,1
12444,6,4,4,1
12445,7,5,5,1
12446,7,4,4,1
12447,8,5,5,1
12448,4,2,2,1
12449,5,3,3,1
12450,5,3,3,1
12451,6,3,3,1
12452,5,3,3,1
12453,6,4,4,1
12454,6,3,3,1
12455,7,4,4,1
12456,5,3,3,1
12457,6,4,4,1
12458,6,3,3,1
12459,7,4,4,1
12460,6,3,3,1
12461,7,4,4,1
12462,7,3,3,1
12463,8,4,4,1
12464,5,3,3,1
12465,6,4,4,1
12466,6,4,4,1
12467,7,4,4,1
12468,6,4,4,1
12469,7,5,5,1
12470,7,4,4,1
12471,8,5,5,1
12472,6,3,3,1
12473,7,4,4,1
12474,7,4,4,1
12475,8,4,4,1
12476,7,4,4,1
12477,8,5,5,1
12478,8,4,4,1
12479,9,5,5,1
12480,4,2,2,1
12481,5,3,3,1
12482,5,3,3,1
12483,6,3,3,1
12484,5,3,3,1
12485,6,4,4,1
12486,6,3,3,1
12487,7,4,4,1
12488,5,3,3,1
12489,6,4,4,1
12490,6,3,3,1
12491,7,4,4,1
12492,6,3,3,1
12493,7,4,4,1
12494,7,3,3,1
12495,8,4,4,1
12496,5,3,3,1
12497,6,4,4,1
12498,6,4,4,1
12499,7,4,4,1
12500,6,4,4,1
12501,7,5,5,1
12502,7,4,4,1
12503,8,5,5,1
12504,6,3,3,1
12505,7,4,4,1
12506,7,4,4,1
12507,8,4,4,1
12508,7,4,4,1
12509,8,5,5,1
12510,8,4,4,1
12511,9,5,5,1
12512,5,2,2,1
12513,6,3,3,1
12514,6,3,3,1
12515,7,3,3,1
12516,6,3,3,1
12517,7,4,4,1
12518,7,3,3,1
12519,8,4,4,1
12520,6,3,3,1
12521,7,4,4,1
12522,7,3,3,1
12523,8,4,4,1
12524,7,3,3,1
12525,8,4,4,1
12526,8,3,3,1
12527,9,4,4,1
12528,6,3,3,1
12529,7,4,4,1
12530,7,4,4,1
12531,8,4,4,1
12532,7,4,4,1
12533,8,5,5,1
12534,8,4,4,1
12535,9,5,5,1
12536,7,3,3,1
12537,8,4,4,1
12538,8,4,4,1
12539,9,4,4,1
12540,8,4,4,1
12541,9,5,5,1
12542,9,4,4,1
12543,10,5,5,1
12544,3,2,2,1
12545,4,3,3,1
12546,4,3,3,1
12547,5,3,3,1
12548,4,3,3,1
12549,5,4,4,1
12550,5,3,3,1
12551,6,4,4,1
12552,4,3,3,1
12553,5,4,4,1
12554,5,3,3,1
12555,6,4,4,1
12556,5,3,3,1
12557,6,4,4,1
12558,6,3,3,1
12559,7,4,4,1
12560,4,3,3,1
12561,5,4,4,1
12562,5,4,4,1
12563,6,4,4,1
12564,5,4,4,1
12565,6,5,5,1
12566,6,4,4,1
12567,7,5,5,1
12568,5,3,3,1
12569,6,4,4,1
12570,6,4,4,1
12571,7,4,4,1
12572,6,4,4,1
12573,7,5,5,1
12574,7,4,4,1
12575,8,5,5,1
12576,4,3,3,1
12577,5,4,4,1
12578,5,4,4,1
12579,6,4,4,1
12580,5,4,4,1
12581,6,5,5,1
12582,6,4,4,1
12583,7,5,5,1
12584,5,3,3,1
12585,6,4,4,1
12586,6,4,4,1
12587,7,4,4,1
12588,6,4,4,1
12589,7,5,5,1
12590,7,4,4,1
12591,8,5,5,1
12592,5,3,3,1
12593,6,4,4,1
12594,6,4,4,1
12595,7,4,4,1
12596,6,4,4,1
12597,7,5,5,1
12598,7,4,4,1
12599,8,5,5,1
12600,6,3,3,1
12601,7,4,4,1
12602,7,4,4,1
12603,8,4,4,1
12604,7,4,4,1
12605,8,5,5,1
12606,8,4,4,1
12607,9,5,5,1
12608,4,3,3,1
12609,5,4,4,1
12610,5,4,4,1
12611,6,4,4,1
12612,5,4,4,1
12613,6,5,5,1
12614,6,4,4,1
12615,7,5,5,1
12616,5,4,4,1
12617,6,5,5,1
12618,6,4,4,1
12619,7,5,5,1
12620,6,4,4,1
12621,7,5,5,1
12622,7,4,4,1
12623,8,5,5,1
12624,5,4,4,1
12625,6,5,5,1
12626,6,5,5,1
12627,7,5,5,1
12628,6,5,5,1
12629,7,6,6,1
12630,7,5,5,1
12631,8,6,6,1
12632,6,4,4,1
12633,7,5,5,1
12634,7,5,5,1
12635,8,5,5,1
12636,7,5,5,1
12637,8,6,6,1
12638,8,5,5,1
12639,9,6,6,1
12640,5,3,3,1
12641,6,4,4,1
12642,6,4,4,1
12643,7,4,4,1
12644,6,4,4,1
12645,7,5,5,1
12646,7,4,4,1
12647,8,5,5,1
12648,6,4,4,1
12649,7,5,5,1
12650,7,4,4,1
12651,8,5,5,1
12652,7,4,4,1
12653,8,5,5,1
12654,8,4,4,1
12655,9,5,5,1
12656,6,4,4,1
12657,7,5,5,1
12658,7,5,5,1
12659,8,5,5,1
12660,7,5,5,1
12661,8,6,6,1
12662,8,5,5,1
12663,9,6,6,1
12664,7,4,4,1
12665,8,5,5,1
12666,8,5,5,1
12667,9,5,5,1
12668,8,5,5,1
12669,9,6,6,1
12670,9,5,5,1
12671,10,6,6,1
12672,4,2,2,1
12673,5,3,3,1
12674,5,3,3,1
12675,6,3,3,1
12676,5,3,3,1
12677,6,4,4,1
12678,6,3,3,1
12679,7,4,4,1
12680,5,3,3,1
12681,6,4,4,1
12682,6,3,3,1
12683,7,4,4,1
12684,6,3,3,1
12685,7,4,4,1
12686,7,3,3,1
12687,8,4,4,1
12688,5,3,3,1
12689,6,4,4,1
12690,6,4,4,1
12691,7,4,4,1
12692,6,4,4,1
12693,7,5,5,1
12694,7,4,4,1
12695,8,5,5,1
12696,6,3,3,1
12697,7,4,4,1
12698,7,4,4,1
12699,8,4,4,1
12700,7,4,4,1
12701,8,5,5,1
12702,8,4,4,1
12703,9,5,5,1
12704,5,3,3,1
12705,6,4,4,1
12706,6,4,4,1
12707,7,4,4,1
12708,6,4,4,1
12709,7,5,5,1
12710,7,4,4,1
12711,8,5,5,1
12712,6,3,3,1
12713,7,4,4,1
12714,7,4,4,1
12715,8,4,4,1
12716,7,4,4,1
12717,8,5,5,1
12718,8,4,4,1
12719,9,5,5,1
12720,6,3,3,1
12721,7,4,4,1
12722,7,4,4,1
12723,8,4,4,1
12724,7,4,4,1
12725,8,5,5,1
12726,8,4,4,1
12727,9,5,5,1
12728,7,3,3,1
12729,8,4,4,1
12730,8,4,4,1
12731,9,4,4,1
12732,8,4,4,1
12733,9,5,5,1
12734,9,4,4,1
12735,10,5,5,1
12736,5,3,3,1
12737,6,4,4,1
12738,6,4,4,1
12739,7,4,4,1
12740,6,4,4,1
12741,7,5,5,1
12742,7,4,4,1
12743,8,5,5,1
12744,6,4,4,1
12745,7,5,5,1
12746,7,4,4,1
12747,8,5,5,1
12748,7,4,4,1
12749,8,5,5,1
12750,8,4,4,1
12751,9,5,5,1
12752,6,4,4,1
12753,7,5,5,1
12754,7,5,5,1
12755,8,5,5,1
12756,7,5,5,1
12757,8,6,6,1
12758,8,5,5,1
12759,9,6,6,1
12760,7,4,4,1
12761,8,5,5,1
12762,8,5,5,1
12763,9,5,5,1
12764,8,5,5,1
12765,9,6,6,1
12766,9,5,5,1
12767,10,6,6,1
12768,6,3,3,1
12769,7,4,4,1
12770,7,4,4,1
12771,8,4,4,1
12772,7,4,4,1
12773,8,5,5,1
12774,8,4,4,1
12775,9,5,5,1
12776,7,4,4,1
12777,8,5,5,1
12778,8,4,4,1
12779,9,5,5,1
12780,8,4,4,1
12781,9,5,5,1
12782,9,4,4,1
12783,10,5,5,1
12784,7,4,4,1
12785,8,5,5,1
12786,8,5,5,1
12787,9,5,5,1
12788,8,5,5,1
12789,9,6,6,1
12790,9,5,5,1
12791,10,6,6,1
12792,8,4,4,1
12793,9,5,5,1
12794,9,5,5,1
12795,10,5,5,1
12796,9,5,5,1
12797,10,6,6,1
12798,10,5,5,1
12799,11,6,6,1
12800,3,2,2,1
12801,4,3,3,1
12802,4,3,3,1
12803,5,3,3,1
12804,4,3,3,1
12805,5,4,4,1
12806,5,3,3,1
12807,6,4,4,1
12808,4,3,3,1
12809,5,4,4,1
12810,5,3,3,1
12811,6,4,4,1
12812,5,3,3,1
12813,6,4,4,1
12814,6,3,3,1
12815,7,4,4,1
12816,4,3,3,1
12817,5,4,4,1
12818,5,4,4,1
12819,6,4,4,1
12820,5,4,4,1
12821,6,5,5,1
12822,6,4,4,1
12823,7,5,5,1
12824,5,3,3,1
12825,6,4,4,1
12826,6,4,4,1
12827,7,4,4,1
12828,6,4,4,1
12829,7,5,5,1
12830,7,4,4,1
12831,8,5,5,1
12832,4,3,3,1
12833,5,4,4,1
12834,5,4,4,1
12835,6,4,4,1
12836,5,4,4,1
12837,6,5,5,1
12838,6,4,4,1
12839,7,5,5,1
12840,5,3,3,1
12841,6,4,4,1
12842,6,4,4,1
12843,7,4,4,1
12844,6,4,4,1
12845,7,5,5,1
12846,7,4,4,1
12847,8,5,5,1
12848,5,3,3,1
12849,6,4,4,1
12850,6,4,4,1
12851,7,4,4,1
12852,6,4,4,1
12853,7,5,5,1
12854,7,4,4,1
12855,8,5,5,1
12856,6,3,3,1
12857,7,4,4,1
12858,7,4,4,1
12859,8,4,4,1
12860,7,4,4,1
12861,8,5,5,1
12862,8,4,4,1
12863,9,5,5,1
12864,4,3,3,1
12865,5,4,4,1
12866,5,4,4,1
12867,6,4,4,1
12868,5,4,4,1
12869,6,5,5,1
12870,6,4,4,1
12871,7,5,5,1
12872,5,4,4,1
12873,6,5,5,1
12874,6,4,4,1
12875,7,5,5,1
12876,6,4,4,1
12877,7,5,5,1
12878,7,4,4,1
12879,8,5,5,1
12880,5,4,4,1
12881,6,5,5,1
12882,6,5,5,1
12883,7,5,5,1
12884,6,5,5,1
12885,7,6,6,1
12886,7,5,5,1
12887,8,6,6,1
12888,6,4,4,1
12889,7,5,5,1
12890,7,5,5,1
12891,8,5,5,1
12892,7,5,5,1
12893,8,6,6,1
12894,8,5,5,1
12895,9,6,6,1
12896,5,3,3,1
12897,6,4,4,1
12898,6,4,4,1
12899,7,4,4,1
12900,6,4,4,1
12901,7,5,5,1
12902,7,4,4,1
12903,8,5,5,1
12904,6,4,4,1
12905,7,5,5,1
12906,7,4,4,1
12907,8,5,5,1
12908,7,4,4,1
12909,8,5,5,1
12910,8,4,4,1
12911,9,5,5,1
12912,6,4,4,1
12913,7,5,5,1
12914,7,5,5,1
12915,8,5,5,1
12916,7,5,5,1
12917,8,6,6,1
12918,8,5,5,1
12919,9,6,6,1
12920,7,4,4,1
12921,8,5,5,1
12922,8,5,5,1
12923,9,5,5,1
12924,8,5,5,1
12925,9,6,6,1
12926,9,5,5,1
12927,10,6,6,1
12928,4,2,2,1
12929,5,3,3,1
12930,5,3,3,1
12931,6,3,3,1
12932,5,3,3,1
12933,6,4,4,1
12934,6,3,3,1
12935,7,4,4,1
12936,5,3,3,1
12937,6,4,4,1
12938,6,3,3,1
12939,7,4,4,1
12940,6,3,3,1
12941,7,4,4,1
12942,7,3,3,1
12943,8,4,4,1
12944,5,3,3,1
12945,6,4,4,1
12946,6,4,4,1
12947,7,4,4,1
12948,6,4,4,1
12949,7,5,5,1
12950,7,4,4,1
12951,8,5,5,1
12952,6,3,3,1
12953,7,4,4,1
12954,7,4,4,1
12955,8,4,4,1
12956,7,4,4,1
12957,8,5,5,1
12958,8,4,4,1
12959,9,5,5,1
12960,5,3,3,1
12961,6,4,4,1
12962,6,4,4,1
12963,7,4,4,1
12964,6,4,4,1
12965,7,5,5,1
12966,7,4,4,1
12967,8,5,5,1
12968,6,3,3,1
12969,7,4,4,1
12970,7,4,4,1
12971,8,4,4,1
12972,7,4,4,1
12973,8,5,5,1
12974,8,4,4,1
12975,9,5,5,1
12976,6,3,3,1
12977,7,4,4,1
12978,7,4,4,1
12979,8,4,4,1
12980,7,4,4,1
12981,8,5,5,1
12982,8,4,4,1
12983,9,5,5,1
12984,7,3,3,1
12985,8,4,4,1
12986,8,4,4,1
12987,9,4,4,1
12988,8,4,4,1
12989,9,5,5,1
12990,9,4,4,1
12991,10,5,5,1
12992,5,3,3,1
12993,6,4,4,1
12994,6,4,4,1
12995,7,4,4,1
12996,6,4,4,1
12997,7,5,5,1
12998,7,4,4,1
12999,8,5,5,1
13000,6,4,4,1
13001,7,5,5,1
13002,7,4,4,1
13003,8,5,5,1
13004,7,4,4,1
13005,8,5,5,1
13006,8,4,4,1
13007,9,5,5,1
13008,6,4,4,1
13009,7,5,5,1
13010,7,5,5,1
13011,8,5,5,1
13012,7,5,5,1
13013,8,6,6,1
13014,8,5,5,1
13015,9,6,6,1
13016,7,4,4,1
13017,8,5,5,1
13018,8,5,5,1
13019,9,5,5,1
13020,8,5,5,1
13021,9,6,6,1
13022,9,5,5,1
13023,10,6,6,1
13024,6,3,3,1
13025,7,4,4,1
13026,7,4,4,1
13027,8,4,4,1
13028,7,4,4,1
13029,8,5,5,1
13030,8,4,4,1
13031,9,5,5,1
13032,7,4,4,1
13033,8,5,5,1
13034,8,4,4,1
13035,9,5,5,1
13036,8,4,4,1
13037,9,5,5,1
13038,9,4,4,1
13039,10,5,5,1
13040,7,4,4,1
13041,8,5,5,1
13042,8,5,5,1
13043,9,5,5,1
13044,8,5,5,1
13045,9,6,6,1
13046,9,5,5,1
13047,10,6,6,1
13048,8,4,4,1
13049,9,5,5,1
13050,9,5,5,1
13051,10,5,5,1
13052,9,5,5,1
13053,10,6,6,1
13054,10,5,5,1
13055,11,6,6,1
13056,4,2,2,1
13057,5,3,3,1
13058,5,3,3,1
13059,6,3,3,1
13060,5,3,3,1
13061,6,4,4,1
13062,6,3,3,1
13063,7,4,4,1
13064,5,3,3,1
13065,6,4,4,1
13066,6,3,3,1
13067,7,4,4,1
13068,6,3,3,1
13069,7,4,4,1
13070,7,3,3,1
13071,8,4,4,1
13072,5,3,3,1
13073,6,4,4,1
13074,6,4,4,1
13075,7,4,4,1
13076,6,4,4,1
13077,7,5,5,1
13078,7,4,4,1
13079,8,5,5,1
13080,6,3,3,1
13081,7,4,4,1
13082,7,4,4,1
13083,8,4,4,1
13084,7,4,4,1
13085,8,5,5,1
13086,8,4,4,1
13087,9,5,5,1
13088,5,3,3,1
13089,6,4,4,1
13090,6,4,4,1
13091,7,4,4,1
13092,6,4,4,1
13093,7,5,5,1
13094,7,4,4,1
13095,8,5,5,1
13096,6,3,3,1
13097,7,4,4,1
13098,7,4,4,1
13099,8,4,4,1
13100,7,4,4,1
13101,8,5,5,1
13102,8,4,4,1
13103,9,5,5,1
13104,6,3,3,1
13105,7,4,4,1
13106,7,4,4,1
13107,8,4,4,1
13108,7,4,4,1
13109,8,5,5,1
13110,8,4,4,1
13111,9,5,5,1
13112,7,3,3,1
13113,8,4,4,1
13114,8,4,4,1
13115,9,4,4,1
13116,8,4,4,1
13117,9,5,5,1
13118,9,4,4,1
13119,10,5,5,1
13120,5,3,3,1
13121,6,4,4,1
13122,6,4,4,1
13123,7,4,4,1
13124,6,4,4,1
13125,7,5,5,1
13126,7,4,4,1
13127,8,5,5,1
13128,6,4,4,1
13129,7,5,5,1
13130,7,4,4,1
13131,8,5,5,1
13132,7,4,4,1
13133,8,5,5,1
13134,8,4,4,1
13135,9,5,5,1
13136,6,4,4,1
13137,7,5,5,1
13138,7,5,5,1
13139,8,5,5,1
13140,7,5,5,1
13141,8,6,6,1
13142,8,5,5,1
13143,9,6,6,1
13144,7,4,4,1
13145,8,5,5,1
13146,8,5,5,1
13147,9,5,5,1
13148,8,5,5,1
13149,9,6,6,1
13150,9,5,5,1
13151,10,6,6,1
13152,6,3,3,1
13153,7,4,4,1
13154,7,4,4,1
13155,8,4,4,1
13156,7,4,4,1
13157,8,5,5,1
13158,8,4,4,1
13159,9,5,5,1
13160,7,4,4,1
13161,8,5,5,1
13162,8,4,4,1
13163,9,5,5,1
13164,8,4,4,1
13165,9,5,5,1
13166,9,4,4,1
13167,10,5,5,1
13168,7,4,4,1
13169,8,5,5,1
13170,8,5,5,1
13171,9,5,5,1
13172,8,5,5,1
13173,9,6,6,1
13174,9,5,5,1
13175,10,6,6,1
13176,8,4,4,1
13177,9,5,5,1
13178,9,5,5,1
13179,10,5,5,1
13180,9,5,5,1
13181,10,6,6,1
13182,10,5,5,1
13183,11,6,6,1
13184,5,2,2,1
13185,6,3,3,1
13186,6,3,3,1
13187,7,3,3,1
13188,6,3,3,1
13189,7,4,4,1
13190,7,3,3,1
13191,8,4,4,1
13192,6,3,3,1
13193,7,4,4,1
13194,7,3,3,1
13195,8,4,4,1
13196,7,3,3,1
13197,8,4,4,1
13198,8,3,3,1
13199,9,4,4,1
13200,6,3,3,1
13201,7,4,4,1
13202,7,4,4,1
13203,8,4,4,1
13204,7,4,4,1
13205,8,5,5,1
13206,8,4,4,1
13207,9,5,5,1
13208,7,3,3,1
13209,8,4,4,1
13210,8,4,4,1
13211,9,4,4,1
13212,8,4,4,1
13213,9,5,5,1
13214,9,4,4,1
13215,10,5,5,1
13216,6,3,3,1
13217,7,4,4,1
13218,7,4,4,1
13219,8,4,4,1
13220,7,4,4,1
13221,8,5,5,1
13222,8,4,4,1
13223,9,5,5,1
13224,7,3,3,1
13225,8,4,4,1
13226,8,4,4,1
13227,9,4,4,1
13228,8,4,4,1
13229,9,5,5,1
13230,9,4,4,1
13231,10,5,5,1
13232,7,3,3,1
13233,8,4,4,1
13234,8,4,4,1
13235,9,4,4,1
13236,8,4,4,1
13237,9,5,5,1
13238,9,4,4,1
13239,10,5,5,1
13240,8,3,3,1
13241,9,4,4,1
13242,9,4,4,1
13243,10,4,4,1
13244,9,4,4,1
13245,10,5,5,1
13246,10,4,4,1
13247,11,5,5,1
13248,6,3,3,1
13249,7,4,4,1
13250,7,4,4,1
13251,8,4,4,1
13252,7,4,4,1
13253,8,5,5,1
13254,8,4,4,1
13255,9,5,5,1
13256,7,4,4,1
13257,8,5,5,1
13258,8,4,4,1
13259,9,5,5,1
13260,8,4,4,1
13261,9,5,5,1
13262,9,4,4,1
13263,10,5,5,1
13264,7,4,4,1
13265,8,5,5,1
13266,8,5,5,1
13267,9,5,5,1
13268,8,5,5,1
13269,9,6,6,1
13270,9,5,5,1
13271,10,6,6,1
13272,8,4,4,1
13273,9,5,5,1
13274,9,5,5,1
13275,10,5,5,1
13276,9,5,5,1
13277,10,6,6,1
13278,10,5,5,1
13279,11,6,6,1
13280,7,3,3,1
13281,8,4,4,1
13282,8,4,4,1
13283,9,4,4,1
13284,8,4,4,1
13285,9,5,5,1
13286,9,4,4,1
13287,10,5,5,1
13288,8,4,4,1
13289,9,5,5,1
13290,9,4,4,1
13291,10,5,5,1
13292,9,4,4,1
13293,10,5,5,1
13294,10,4,4,1
13295,11,5,5,1
13296,8,4,4,1
13297,9,5,5,1
13298,9,5,5,1
13299,10,5,5,1
13300,9,5,5,1
13301,10,6,6,1
13302,10,5,5,1
13303,11,6,6,1
13304,9,4,4,1
13305,10,5,5,1
13306,10,5,5,1
13307,11,5,5,1
13308,10,5,5,1
13309,11,6,6,1
13310,11,5,5,1
13311,12,6,6,1
13312,3,2,2,1
13313,4,3,3,1
13314,4,3,3,1
13315,5,3,3,1
13316,4,3,3,1
13317,5,4,4,1
13318,5,3,3,1
13319,6,4,4,1
13320,4,3,3,1
13321,5,4,4,1
13322,5,3,3,1
13323,6,4,4,1
13324,5,3,3,1
13325,6,4,4,1
13326,6,3,3,1
13327,7,4,4,1
13328,4,3,3,1
13329,5,4,4,1
13330,5,4,4,1
13331,6,4,4,1
13332,5,4,4,1
13333,6,5,5,1
13334,6,4,4,1
13335,7,5,5,1
13336,5,3,3,1
13337,6,4,4,1
13338,6,4,4,1
13339,7,4,4,1
13340,6,4,4,1
13341,7,5,5,1
13342,7,4,4,1
13343,8,5,5,1
13344,4,3,3,1
13345,5,4,4,1
13346,5,4,4,1
13347,6,4,4,1
13348,5,4,4,1
13349,6,5,5,1
13350,6,4,4,1
13351,7,5,5,1
13352,5,3,3,1
13353,6,4,4,1
13354,6,4,4,1
13355,7,4,4,1
13356,6,4,4,1
13357,7,5,5,1
13358,7,4,4,1
13359,8,5,5,1
13360,5,3,3,1
13361,6,4,4,1
13362,6,4,4,1
13363,7,4,4,1
13364,6,4,4,1
13365,7,5,5,1
13366,7,4,4,1
13367,8,5,5,1
13368,6,3,3,1
13369,7,4,4,1
13370,7,4,4,1
13371,8,4,4,1
13372,7,4,4,1
13373,8,5,5,1
13374,8,4,4,1
13375,9,5,5,1
13376,4,3,3,1
13377,5,4,4,1
13378,5,4,4,1
13379,6,4,4,1
13380,5,4,4,1
13381,6,5,5,1
13382,6,4,4,1
13383,7,5,5,1
13384,5,4,4,1
13385,6,5,5,1
13386,6,4,4,1
13387,7,5,5,1
13388,6,4,4,1
13389,7,5,5,1
13390,7,4,4,1
13391,8,5,5,1
13392,5,4,4,1
13393,6,5,5,1
13394,6,5,5,1
13395,7,5,5,1
13396,6,5,5,1
13397,7,6,6,1
13398,7,5,5,1
13399,8,6,6,1
13400,6,4,4,1
13401,7,5,5,1
13402,7,5,5,1
13403,8,5,5,1
13404,7,5,5,1
13405,8,6,6,1
13406,8,5,5,1
13407,9,6,6,1
13408,5,3,3,1
13409,6,4,4,1
13410,6,4,4,1
13411,7,4,4,1
13412,6,4,4,1
13413,7,5,5,1
13414,7,4,4,1
13415,8,5,5,1
13416,6,4,4,1
13417,7,5,5,1
13418,7,4,4,1
13419,8,5,5,1
13420,7,4,4,1
13421,8,5,5,1
13422,8,4,4,1
13423,9,5,5,1
13424,6,4,4,1
13425,7,5,5,1
13426,7,5,5,1
13427,8,5,5,1
13428,7,5,5,1
13429,8,6,6,1
13430,8,5,5,1
13431,9,6,6,1
13432,7,4,4,1
13433,8,5,5,1
13434,8,5,5,1
13435,9,5,5,1
13436,8,5,5,1
13437,9,6,6,1
13438,9,5,5,1
13439,10,6,6,1
13440,4,3,3,1
13441,5,4,4,1
13442,5,4,4,1
13443,6,4,4,1
13444,5,4,4,1
13445,6,5,5,1
13446,6,4,4,1
13447,7,5,5,1
13448,5,4,4,1
13449,6,5,5,1
13450,6,4,4,1
13451,7,5,5,1
13452,6,4,4,1
13453,7,5,5,1
13454,7,4,4,1
13455,8,5,5,1
13456,5,4,4,1
13457,6,5,5,1
13458,6,5,5,1
13459,7,5,5,1
13460,6,5,5,1
13461,7,6,6,1
13462,7,5,5,1
13463,8,6,6,1
13464,6,4,4,1
13465,7,5,5,1
13466,7,5,5,1
13467,8,5,5,1
13468,7,5,5,1
13469,8,6,6,1
13470,8,5,5,1
13471,9,6,6,1
13472,5,3,3,1
13473,6,4,4,1
13474,6,4,4,1
13475,7,4,4,1
13476,6,4,4,1
13477,7,5,5,1
13478,7,4,4,1
13479,8,5,5,1
13480,6,4,4,1
13481,7,5,5,1
13482,7,4,4,1
13483,8,5,5,1
13484,7,4,4,1
13485,8,5,5,1
13486,8,4,4,1
13487,9,5,5,1
13488,6,4,4,1
13489,7,5,5,1
13490,7,5,5,1
13491,8,5,5,1
13492,7,5,5,1
13493,8,6,6,1
13494,8,5,5,1
13495,9,6,6,1
13496,7,4,4,1
13497,8,5,5,1
13498,8,5,5,1
13499,9,5,5,1
13500,8,5,5,1
13501,9,6,6,1
13502,9,5,5,1
13503,10,6,6,1
13504,5,3,3,1
13505,6,4,4,1
13506,6,4,4,1
13507,7,4,4,1
13508,6,4,4,1
13509,7,5,5,1
13510,7,4,4,1
13511,8,5,5,1
13512,6,4,4,1
13513,7,5,5,1
13514,7,4,4,1
13515,8,5,5,1
13516,7,4,4,1
13517,8,5,5,1
13518,8,4,4,1
13519,9,5,5,1
13520,6,4,4,1
13521,7,5,5,1
13522,7,5,5,1
13523,8,5,5,1
13524,7,5,5,1
13525,8,6,6,1
13526,8,5,5,1
13527,9,6,6,1
13528,7,4,4,1
13529,8,5,5,1
13530,8,5,5,1
13531,9,5,5,1
13532,8,5,5,1
13533,9,6,6,1
13534,9,5,5,1
13535,10,6,6,1
13536,6,3,3,1
13537,7,4,4,1
13538,7,4,4,1
13539,8,4,4,1
13540,7,4,4,1
13541,8,5,5,1
13542,8,4,4,1
13543,9,5,5,1
13544,7,4,4,1
13545,8,5,5,1
13546,8,4,4,1
13547,9,5,5,1
13548,8,4,4,1
13549,9,5,5,1
13550,9,4,4,1
13551,10,5,5,1
13552,7,4,4,1
13553,8,5,5,1
13554,8,5,5,1
13555,9,5,5,1
13556,8,5,5,1
13557,9,6,6,1
13558,9,5,5,1
13559,10,6,6,1
13560,8,4,4,1
13561,9,5,5,1
13562,9,5,5,1
13563,10,5,5,1
13564,9,5,5,1
13565,10,6,6,1
13566,10,5,5,1
13567,11,6,6,1
13568,4,3,3,1
13569,5,4,4,1
13570,5,4,4,1
13571,6,4,4,1
13572,5,4,4,1
13573,6,5,5,1
13574,6,4,4,1
13575,7,5,5,1
13576,5,4,4,1
13577,6,5,5,1
13578,6,4,4,1
13579,7,5,5,1
13580,6,4,4,1
13581,7,5,5,1
13582,7,4,4,1
13583,8,5,5,1
13584,5,4,4,1
13585,6,5,5,1
13586,6,5,5,1
13587,7,5,5,1
13588,6,5,5,1
13589,7,6,6,1
13590,7,5,5,1
13591,8,6,6,1
13592,6,4,4,1
13593,7,5,5,1
13594,7,5,5,1
13595,8,5,5,1
13596,7,5,5,1
13597,8,6,6,1
13598,8,5,5,1
13599,9,6,6,1
13600,5,4,4,1
13601,6,5,5,1
13602,6,5,5,1
13603,7,5,5,1
13604,6,5,5,1
13605,7,6,6,1
13606,7,5,5,1
13607,8,6,6,1
13608,6,4,4,1
13609,7,5,5,1
13610,7,5,5,1
13611,8,5,5,1
13612,7,5,5,1
13613,8,6,6,1
13614,8,5,5,1
13615,9,6,6,1
13616,6,4,4,1
13617,7,5,5,1
13618,7,5,5,1
13619,8,5,5,1
13620,7,5,5,1
13621,8,6,6,1
13622,8,5,5,1
13623,9,6,6,1
13624,7,4,4,1
13625,8,5,5,1
13626,8,5,5,1
13627,9,5,5,1
13628,8,5,5,1
13629,9,6,6,1
13630,9,5,5,1
13631,10,6,6,1
13632,5,4,4,1
13633,6,5,5,1
13634,6,5,5,1
13635,7,5,5,1
13636,6,5,5,1
13637,7,6,6,1
13638,7,5,5,1
13639,8,6,6,1
13640,6,5,5,1
13641,7,6,6,1
13642,7,5,5,1
13643,8,6,6,1
13644,7,5,5,1
13645,8,6,6,1
13646,8,5,5,1
13647,9,6,6,1
13648,6,5,5,1
13649,7,6,6,1
13650,7,6,6,1
13651,8,6,6,1
13652,7,6,6,1
13653,8,7,7,1
13654,8,6,6,1
13655,9,7,7,1
13656,7,5,5,1
13657,8,6,6,1
13658,8,6,6,1
13659,9,6,6,1
13660,8,6,6,1
13661,9,7,7,1
13662,9,6,6,1
13663,10,7,7,1
13664,6,4,4,1
13665,7,5,5,1
13666,7,5,5,1
13667,8,5,5,1
13668,7,5,5,1
13669,8,6,6,1
13670,8,5,5,1
13671,9,6,6,1
13672,7,5,5,1
13673,8,6,6,1
13674,8,5,5,1
13675,9,6,6,1
13676,8,5,5,1
13677,9,6,6,1
13678,9,5,5,1
13679,10,6,6,1
13680,7,5,5,1
13681,8,6,6,1
13682,8,6,6,1
13683,9,6,6,1
13684,8,6,6,1
13685,9,7,7,1
13686,9,6,6,1
13687,10,7,7,1
13688,8,5,5,1
13689,9,6,6,1
13690,9,6,6,1
13691,10,6,6,1
13692,9,6,6,1
13693,10,7,7,1
13694,10,6,6,1
13695,11,7,7,1
13696,5,3,3,1
13697,6,4,4,1
13698,6,4,4,1
13699,7,4,4,1
13700,6,4,4,1
13701,7,5,5,1
13702,7,4,4,1
13703,8,5,5,1
13704,6,4,4,1
13705,7,5,5,1
13706,7,4,4,1
13707,8,5,5,1
13708,7,4,4,1
13709,8,5,5,1
13710,8,4,4,1
13711,9,5,5,1
13712,6,4,4,1
13713,7,5,5,1
13714,7,5,5,1
13715,8,5,5,1
13716,7,5,5,1
13717,8,6,6,1
13718,8,5,5,1
13719,9,6,6,1
13720,7,4,4,1
13721,8,5,5,1
13722,8,5,5,1
13723,9,5,5,1
13724,8,5,5,1
13725,9,6,6,1
13726,9,5,5,1
13727,10,6,6,1
13728,6,4,4,1
13729,7,5,5,1
13730,7,5,5,1
13731,8,5,5,1
13732,7,5,5,1
13733,8,6,6,1
13734,8,5,5,1
13735,9,6,6,1
13736,7,4,4,1
13737,8,5,5,1
13738,8,5,5,1
13739,9,5,5,1
13740,8,5,5,1
13741,9,6,6,1
13742,9,5,5,1
13743,10,6,6,1
13744,7,4,4,1
13745,8,5,5,1
13746,8,5,5,1
13747,9,5,5,1
13748,8,5,5,1
13749,9,6,6,1
13750,9,5,5,1
13751,10,6,6,1
13752,8,4,4,1
13753,9,5,5,1
13754,9,5,5,1
13755,10,5,5,1
13756,9,5,5,1
13757,10,6,6,1
13758,10,5,5,1
13759,11,6,6,1
13760,6,4,4,1
13761,7,5,5,1
13762,7,5,5,1
13763,8,5,5,1
13764,7,5,5,1
13765,8,6,6,1
13766,8,5,5,1
13767,9,6,6,1
13768,7,5,5,1
13769,8,6,6,1
13770,8,5,5,1
13771,9,6,6,1
13772,8,5,5,1
13773,9,6,6,1
13774,9,5,5,1
13775,10,6,6,1
13776,7,5,5,1
13777,8,6,6,1
13778,8,6,6,1
13779,9,6,6,1
13780,8,6,6,1
13781,9,7,7,1
13782,9,6,6,1
13783,10,7,7,1
13784,8,5,5,1
13785,9,6,6,1
13786,9,6,6,1
13787,10,6,6,1
13788,9,6,6,1
13789,10,7,7,1
13790,10,6,6,1
13791,11,7,7,1
13792,7,4,4,1
13793,8,5,5,1
13794,8,5,5,1
13795,9,5,5,1
13796,8,5,5,1
13797,9,6,6,1
13798,9,5,5,1
13799,10,6,6,1
13800,8,5,5,1
13801,9,6,6,1
13802,9,5,5,1
13803,10,6,6,1
13804,9,5,5,1
13805,10,6,6,1
13806,10,5,5,1
13807,11,6,6,1
13808,8,5,5,1
13809,9,6,6,1
13810,9,6,6,1
13811,10,6,6,1
13812,9,6,6,1
13813,10,7,7,1
13814,10,6,6,1
13815,11,7,7,1
13816,9,5,5,1
13817,10,6,6,1
13818,10,6,6,1
13819,11,6,6,1
13820,10,6,6,1
13821,11,7,7,1
13822,11,6,6,1
13823,12,7,7,1
13824,4,2,2,1
13825,5,3,3,1
13826,5,3,3,1
13827,6,3,3,1
13828,5,3,3,1
13829,6,4,4,1
13830,6,3,3,1
13831,7,4,4,1
13832,5,3,3,1
13833,6,4,4,1
13834,6,3,3,1
13835,7,4,4,1
13836,6,3,3,1
13837,7,4,4,1
13838,7,3,3,1
13839,8,4,4,1
13840,5,3,3,1
13841,6,4,4,1
13842,6,4,4,1
13843,7,4,4,1
13844,6,4,4,1
13845,7,5,5,1
13846,7,4,4,1
13847,8,5,5,1
13848,6,3,3,1
13849,7,4,4,1
13850,7,4,4,1
13851,8,4,4,1
13852,7,4,4,1
13853,8,5,5,1
13854,8,4,4,1
13855,9,5,5,1
13856,5,3,3,1
13857,6,4,4,1
13858,6,4,4,1
13859,7,4,4,1
13860,6,4,4,1
13861,7,5,5,1
13862,7,4,4,1
13863,8,5,5,1
13864,6,3,3,1
13865,7,4,4,1
13866,7,4,4,1
13867,8,4,4,1
13868,7,4,4,1
13869,8,5,5,1
13870,8,4,4,1
13871,9,5,5,1
13872,6,3,3,1
13873,7,4,4,1
13874,7,4,4,1
13875,8,4,4,1
13876,7,4,4,1
13877,8,5,5,1
13878,8,4,4,1
13879,9,5,5,1
13880,7,3,3,1
13881,8,4,4,1
13882,8,4,4,1
13883,9,4,4,1
13884,8,4,4,1
13885,9,5,5,1
13886,9,4,4,1
13887,10,5,5,1
13888,5,3,3,1
13889,6,4,4,1
13890,6,4,4,1
13891,7,4,4,1
13892,6,4,4,1
13893,7,5,5,1
13894,7,4,4,1
13895,8,5,5,1
13896,6,4,4,1
13897,7,5,5,1
13898,7,4,4,1
13899,8,5,5,1
13900,7,4,4,1
13901,8,5,5,1
13902,8,4,4,1
13903,9,5,5,1
13904,6,4,4,1
13905,7,5,5,1
13906,7,5,5,1
13907,8,5,5,1
13908,7,5,5,1
13909,8,6,6,1
13910,8,5,5,1
13911,9,6,6,1
13912,7,4,4,1
13913,8,5,5,1
13914,8,5,5,1
13915,9,5,5,1
13916,8,5,5,1
13917,9,6,6,1
13918,9,5,5,1
13919,10,6,6,1
13920,6,3,3,1
13921,7,4,4,1
13922,7,4,4,1
13923,8,4,4,1
13924,7,4,4,1
13925,8,5,5,1
13926,8,4,4,1
13927,9,5,5,1
13928,7,4,4,1
13929,8,5,5,1
13930,8,4,4,1
13931,9,5,5,1
13932,8,4,4,1
13933,9,5,5,1
13934,9,4,4,1
13935,10,5,5,1
13936,7,4,4,1
13937,8,5,5,1
13938,8,5,5,1
13939,9,5,5,1
13940,8,5,5,1
13941,9,6,6,1
13942,9,5,5,1
13943,10,6,6,1
13944,8,4,4,1
13945,9,5,5,1
13946,9,5,5,1
13947,10,5,5,1
13948,9,5,5,1
13949,10,6,6,1
13950,10,5,5,1
13951,11,6,6,1
13952,5,3,3,1
13953,6,4,4,1
13954,6,4,4,1
13955,7,4,4,1
13956,6,4,4,1
13957,7,5,5,1
13958,7,4,4,1
13959,8,5,5,1
13960,6,4,4,1
13961,7,5,5,1
13962,7,4,4,1
13963,8,5,5,1
13964,7,4,4,1
13965,8,5,5,1
13966,8,4,4,1
13967,9,5,5,1
13968,6,4,4,1
13969,7,5,5,1
13970,7,5,5,1
13971,8,5,5,1
13972,7,5,5,1
13973,8,6,6,1
13974,8,5,5,1
13975,9,6,6,1
13976,7,4,4,1
13977,8,5,5,1
13978,8,5,5,1
13979,9,5,5,1
13980,8,5,5,1
13981,9,6,6,1
13982,9,5,5,1
13983,10,6,6,1
13984,6,3,3,1
13985,7,4,4,1
13986,7,4,4,1
13987,8,4,4,1
13988,7,4,4,1
13989,8,5,5,1
13990,8,4,4,1
13991,9,5,5,1
13992,7,4,4,1
13993,8,5,5,1
13994,8,4,4,1
13995,9,5,5,1
13996,8,4,4,1
13997,9,5,5,1
13998,9,4,4,1
13999,10,5,5,1
14000,7,4,4,1
14001,8,5,5,1
14002,8,5,5,1
14003,9,5,5,1
14004,8,5,5,1
14005,9,6,6,1
14006,9,5,5,1
14007,10,6,6,1
14008,8,4,4,1
14009,9,5,5,1
14010,9,5,5,1
14011,10,5,5,1
14012,9,5,5,1
14013,10,6,6,1
14014,10,5,5,1
14015,11,6,6,1
14016,6,3,3,1
14017,7,4,4,1
14018,7,4,4,1
14019,8,4,4,1
14020,7,4,4,1
14021,8,5,5,1
14022,8,4,4,1
14023,9,5,5,1
14024,7,4,4,1
14025,8,5,5,1
14026,8,4,4,1
14027,9,5,5,1
14028,8,4,4,1
14029,9,5,5,1
14030,9,4,4,1
14031,10,5,5,1
14032,7,4,4,1
14033,8,5,5,1
14034,8,5,5,1
14035,9,5,5,1
14036,8,5,5,1
14037,9,6,6,1
14038,9,5,5,1
14039,10,6,6,1
14040,8,4,4,1
14041,9,5,5,1
14042,9,5,5,1
14043,10,5,5,1
14044,9,5,5,1
14045,10,6,6,1
14046,10,5,5,1
14047,11,6,6,1
14048,7,3,3,1
14049,8,4,4,1
14050,8,4,4,1
14051,9,4,4,1
14052,8,4,4,1
14053,9,5,5,1
14054,9,4,4,1
14055,10,5,5,1
14056,8,4,4,1
14057,9,5,5,1
14058,9,4,4,1
14059,10,5,5,1
14060,9,4,4,1
14061,10,5,5,1
14062,10,4,4,1
14063,11,5,5,1
14064,8,4,4,1
14065,9,5,5,1
14066,9,5,5,1
14067,10,5,5,1
14068,9,5,5,1
14069,10,6,6,1
14070,10,5,5,1
14071,11,6,6,1
14072,9,4,4,1
14073,10,5,5,1
14074,10,5,5,1
14075,11,5,5,1
14076,10,5,5,1
14077,11,6,6,1
14078,11,5,5,1
14079,12,6,6,1
14080,5,3,3,1
14081,6,4,4,1
14082,6,4,4,1
14083,7,4,4,1
14084,6,4,4,1
14085,7,5,5,1
14086,7,4,4,1
14087,8,5,5,1
14088,6,4,4,1
14089,7,5,5,1
14090,7,4,4,1
14091,8,5,5,1
14092,7,4,4,1
14093,8,5,5,1
14094,8,4,4,1
14095,9,5,5,1
14096,6,4,4,1
14097,7,5,5,1
14098,7,5,5,1
14099,8,5,5,1
14100,7,5,5,1
14101,8,6,6,1
14102,8,5,5,1
14103,9,6,6,1
14104,7,4,4,1
14105,8,5,5,1
14106,8,5,5,1
14107,9,5,5,1
14108,8,5,5,1
14109,9,6,6,1
14110,9,5,5,1
14111,10,6,6,1
14112,6,4,4,1
14113,7,5,5,1
14114,7,5,5,1
14115,8,5,5,1
14116,7,5,5,1
14117,8,6,6,1
14118,8,5,5,1
14119,9,6,6,1
14120,7,4,4,1
14121,8,5,5,1
14122,8,5,5,1
14123,9,5,5,1
14124,8,5,5,1
14125,9,6,6,1
14126,9,5,5,1
14127,10,6,6,1
14128,7,4,4,1
14129,8,5,5,1
14130,8,5,5,1
14131,9,5,5,1
14132,8,5,5,1
14133,9,6,6,1
14134,9,5,5,1
14135,10,6,6,1
14136,8,4,4,1
14137,9,5,5,1
14138,9,5,5,1
14139,10,5,5,1
14140,9,5,5,1
14141,10,6,6,1
14142,10,5,5,1
14143,11,6,6,1
14144,6,4,4,1
14145,7,5,5,1
14146,7,5,5,1
14147,8,5,5,1
14148,7,5,5,1
14149,8,6,6,1
14150,8,5,5,1
14151,9,6,6,1
14152,7,5,5,1
14153,8,6,6,1
14154,8,5,5,1
14155,9,6,6,1
14156,8,5,5,1
14157,9,6,6,1
14158,9,5,5,1
14159,10,6,6,1
14160,7,5,5,1
14161,8,6,6,1
14162,8,6,6,1
14163,9,6,6,1
14164,8,6,6,1
14165,9,7,7,1
14166,9,6,6,1
14167,10,7,7,1
14168,8,5,5,1
14169,9,6,6,1
14170,9,6,6,1
14171,10,6,6,1
14172,9,6,6,1
14173,10,7,7,1
14174,10,6,6,1
14175,11,7,7,1
14176,7,4,4,1
14177,8,5,5,1
14178,8,5,5,1
14179,9,5,5,1
14180,8,5,5,1
14181,9,6,6,1
14182,9,5,5,1
14183,10,6,6,1
14184,8,5,5,1
14185,9,6,6,1
14186,9,5,5,1
14187,10,6,6,1
14188,9,5,5,1
14189,10,6,6,1
14190,10,5,5,1
14191,11,6,6,1
14192,8,5,5,1
14193,9,6,6,1
14194,9,6,6,1
14195,10,6,6,1
14196,9,6,6,1
14197,10,7,7,1
14198,10,6,6,1
14199,11,7,7,1
14200,9,5,5,1
14201,10,6,6,1
14202,10,6,6,1
14203,11,6,6,1
14204,10,6,6,1
14205,11,7,7,1
14206,11,6,6,1
14207,12,7,7,1
14208,6,3,3,1
14209,7,4,4,1
14210,7,4,4,1
14211,8,4,4,1
14212,7,4,4,1
14213,8,5,5,1
14214,8,4,4,1
14215,9,5,5,1
14216,7,4,4,1
14217,8,5,5,1
14218,8,4,4,1
14219,9,5,5,1
14220,8,4,4,1
14221,9,5,5,1
14222,9,4,4,1
14223,10,5,5,1
14224,7,4,4,1
14225,8,5,5,1
14226,8,5,5,1
14227,9,5,5,1
14228,8,5,5,1
14229,9,6,6,1
14230,9,5,5,1
14231,10,6,6,1
14232,8,4,4,1
14233,9,5,5,1
14234,9,5,5,1
14235,10,5,5,1
14236,9,5,5,1
14237,10,6,6,1
14238,10,5,5,1
14239,11,6,6,1
14240,7,4,4,1
14241,8,5,5,1
14242,8,5,5,1
14243,9,5,5,1
14244,8,5,5,1
14245,9,6,6,1
14246,9,5,5,1
14247,10,6,6,1
14248,8,4,4,1
14249,9,5,5,1
14250,9,5,5,1
14251,10,5,5,1
14252,9,5,5,1
14253,10,6,6,1
14254,10,5,5,1
14255,11,6,6,1
14256,8,4,4,1
14257,9,5,5,1
14258,9,5,5,1
14259,10,5,5,1
14260,9,5,5,1
14261,10,6,6,1
14262,10,5,5,1
14263,11,6,6,1
14264,9,4,4,1
14265,10,5,5,1
14266,10,5,5,1
14267,11,5,5,1
14268,10,5,5,1
14269,11,6,6,1
14270,11,5,5,1
14271,12,6,6,1
14272,7,4,4,1
14273,8,5,5,1
14274,8,5,5,1
14275,9,5,5,1
14276,8,5,5,1
14277,9,6,6,1
14278,9,5,5,1
14279,10,6,6,1
14280,8,5,5,1
14281,9,6,6,1
14282,9,5,5,1
14283,10,6,6,1
14284,9,5,5,1
14285,10,6,6,1
14286,10,5,5,1
14287,11,6,6,1
14288,8,5,5,1
14289,9,6,6,1
14290,9,6,6,1
14291,10,6,6,1
14292,9,6,6,1
14293,10,7,7,1
14294,10,6,6,1
14295,11,7,7,1
14296,9,5,5,1
14297,10,6,6,1
14298,10,6,6,1
14299,11,6,6,1
14300,10,6,6,1
14301,11,7,7,1
14302,11,6,6,1
14303,12,7,7,1
14304,8,4,4,1
14305,9,5,5,1
14306,9,5,5,1
14307,10,5,5,1
14308,9,5,5,1
14309,10,6,6,1
14310,10,5,5,1
14311,11,6,6,1
14312,9,5,5,1
14313,10,6,6,1
14314,10,5,5,1
14315,11,6,6,1
14316,10,5,5,1
14317,11,6,6,1
14318,11,5,5,1
14319,12,6,6,1
14320,9,5,5,1
14321,10,6,6,1
14322,10,6,6,1
14323,11,6,6,1
14324,10,6,6,1
14325,11,7,7,1
14326,11,6,6,1
14327,12,7,7,1
14328,10,5,5,1
14329,11,6,6,1
14330,11,6,6,1
14331,12,6,6,1
14332,11,6,6,1
14333,12,7,7,1
14334,12,6,6,1
14335,13,7,7,1
14336,3,1,1,1
14337,4,2,2,1
14338,4,2,2,1
14339,5,2,2,1
14340,4,2,2,1
14341,5,3,3,1
14342,5,2,2,1
14343,6,3,3,1
14344,4,2,2,1
14345,5,3,3,1
14346,5,2,2,1
14347,6,3,3,1
14348,5,2,2,1
14349,6,3,3,1
14350,6,2,2,1
14351,7,3,3,1
14352,4,2,2,1
14353,5,3,3,1
14354,5,3,3,1
14355,6,3,3,1
14356,5,3,3,1
14357,6,4,4,1
14358,6,3,3,1
14359,7,4,4,1
14360,5,2,2,1
14361,6,3,3,1
14362,6,3,3,1
14363,7,3,3,1
14364,6,3,3,1
14365,7,4,4,1
14366,7,3,3,1
14367,8,4,4,1
14368,4,2,2,1
14369,5,3,3,1
14370,5,3,3,1
14371,6,3,3,1
14372,5,3,3,1
14373,6,4,4,1
14374,6,3,3,1
14375,7,4,4,1
14376,5,2,2,1
14377,6,3,3,1
14378,6,3,3,1
14379,7,3,3,1
14380,6,3,3,1
14381,7,4,4,1
14382,7,3,3,1
14383,8,4,4,1
14384,5,2,2,1
14385,6,3,3,1
14386,6,3,3,1
14387,7,3,3,1
14388,6,3,3,1
14389,7,4,4,1
14390,7,3,3,1
14391,8,4,4,1
14392,6,2,2,1
14393,7,3,3,1
14394,7,3,3,1
14395,8,3,3,1
14396,7,3,3,1
14397,8,4,4,1
14398,8,3,3,1
14399,9,4,4,1
14400,4,2,2,1
14401,5,3,3,1
14402,5,3,3,1
14403,6,3,3,1
14404,5,3,3,1
14405,6,4,4,1
14406,6,3,3,1
14407,7,4,4,1
14408,5,3,3,1
14409,6,4,4,1
14410,6,3,3,1
14411,7,4,4,1
14412,6,3,3,1
14413,7,4,4,1
14414,7,3,3,1
14415,8,4,4,1
14416,5,3,3,1
14417,6,4,4,1
14418,6,4,4,1
14419,7,4,4,1
14420,6,4,4,1
14421,7,5,5,1
14422,7,4,4,1
14423,8,5,5,1
14424,6,3,3,1
14425,7,4,4,1
14426,7,4,4,1
14427,8,4,4,1
14428,7,4,4,1
14429,8,5,5,1
14430,8,4,4,1
14431,9,5,5,1
14432,5,2,2,1
14433,6,3,3,1
14434,6,3,3,1
14435,7,3,3,1
14436,6,3,3,1
14437,7,4,4,1
14438,7,3,3,1
14439,8,4,4,1
14440,6,3,3,1
14441,7,4,4,1
14442,7,3,3,1
14443,8,4,4,1
14444,7,3,3,1
14445,8,4,4,1
14446,8,3,3,1
14447,9,4,4,1
14448,6,3,3,1
14449,7,4,4,1
14450,7,4,4,1
14451,8,4,4,1
14452,7,4,4,1
14453,8,5,5,1
14454,8,4,4,1
14455,9,5,5,1
14456,7,3,3,1
14457,8,4,4,1
14458,8,4,4,1
14459,9,4,4,1
14460,8,4,4,1
14461,9,5,5,1
14462,9,4,4,1
14463,10,5,5,1
14464,4,2,2,1
14465,5,3,3,1
14466,5,3,3,1
14467,6,3,3,1
14468,5,3,3,1
14469,6,4,4,1
14470,6,3,3,1
14471,7,4,4,1
14472,5,3,3,1
14473,6,4,4,1
14474,6,3,3,1
14475,7,4,4,1
14476,6,3,3,1
14477,7,4,4,1
14478,7,3,3,1
14479,8,4,4,1
14480,5,3,3,1
14481,6,4,4,1
14482,6,4,4,1
14483,7,4,4,1
14484,6,4,4,1
14485,7,5,5,1
14486,7,4,4,1
14487,8,5,5,1
14488,6,3,3,1
14489,7,4,4,1
14490,7,4,4,1
14491,8,4,4,1
14492,7,4,4,1
14493,8,5,5,1
14494,8,4,4,1
14495,9,5,5,1
14496,5,2,2,1
14497,6,3,3,1
14498,6,3,3,1
14499,7,3,3,1
14500,6,3,3,1
14501,7,4,4,1
14502,7,3,3,1
14503,8,4,4,1
14504,6,3,3,1
14505,7,4,4,1
14506,7,3,3,1
14507,8,4,4,1
14508,7,3,3,1
14509,8,4,4,1
14510,8,3,3,1
14511,9,4,4,1
14512,6,3,3,1
14513,7,4,4,1
14514,7,4,4,1
14515,8,4,4,1
14516,7,4,4,1
14517,8,5,5,1
14518,8,4,4,1
14519,9,5,5,1
14520,7,3,3,1
14521,8,4,4,1
14522,8,4,4,1
14523,9,4,4,1
14524,8,4,4,1
14525,9,5,5,1
14526,9,4,4,1
14527,10,5,5,1
14528,5,2,2,1
14529,6,3,3,1
14530,6,3,3,1
14531,7,3,3,1
14532,6,3,3,1
14533,7,4,4,1
14534,7,3,3,1
14535,8,4,4,1
14536,6,3,3,1
14537,7,4,4,1
14538,7,3,3,1
14539,8,4,4,1
14540,7,3,3,1
14541,8,4,4,1
14542,8,3,3,1
14543,9,4,4,1
14544,6,3,3,1
14545,7,4,4,1
14546,7,4,4,1
14547,8,4,4,1
14548,7,4,4,1
14549,8,5,5,1
14550,8,4,4,1
14551,9,5,5,1
14552,7,3,3,1
14553,8,4,4,1
14554,8,4,4,1
14555,9,4,4,1
14556,8,4,4,1
14557,9,5,5,1
14558,9,4,4,1
14559,10,5,5,1
14560,6,2,2,1
14561,7,3,3,1
14562,7,3,3,1
14563,8,3,3,1
14564,7,3,3,1
14565,8,4,4,1
14566,8,3,3,1
14567,9,4,4,1
14568,7,3,3,1
14569,8,4,4,1
14570,8,3,3,1
14571,9,4,4,1
14572,8,3,3,1
14573,9,4,4,1
14574,9,3,3,1
14575,10,4,4,1
14576,7,3,3,1
14577,8,4,4,1
14578,8,4,4,1
14579,9,4,4,1
14580,8,4,4,1
14581,9,5,5,1
14582,9,4,4,1
14583,10,5,5,1
14584,8,3,3,1
14585,9,4,4,1
14586,9,4,4,1
14587,10,4,4,1
14588,9,4,4,1
14589,10,5,5,1
14590,10,4,4,1
14591,11,5,5,1
14592,4,2,2,1
14593,5,3,3,1
14594,5,3,3,1
14595,6,3,3,1
14596,5,3,3,1
14597,6,4,4,1
14598,6,3,3,1
14599,7,4,4,1
14600,5,3,3,1
14601,6,4,4,1
14602,6,3,3,1
14603,7,4,4,1
14604,6,3,3,1
14605,7,4,4,1
14606,7,3,3,1
14607,8,4,4,1
14608,5,3,3,1
14609,6,4,4,1
14610,6,4,4,1
14611,7,4,4,1
14612,6,4,4,1
14613,7,5,5,1
14614,7,4,4,1
14615,8,5,5,1
14616,6,3,3,1
14617,7,4,4,1
14618,7,4,4,1
14619,8,4,4,1
14620,7,4,4,1
14621,8,5,5,1
14622,8,4,4,1
14623,9,5,5,1
14624,5,3,3,1
14625,6,4,4,1
14626,6,4,4,1
14627,7,4,4,1
14628,6,4,4,1
14629,7,5,5,1
14630,7,4,4,1
14631,8,5,5,1
14632,6,3,3,1
14633,7,4,4,1
14634,7,4,4,1
14635,8,4,4,1
14636,7,4,4,1
14637,8,5,5,1
14638,8,4,4,1
14639,9,5,5,1
14640,6,3,3,1
14641,7,4,4,1
14642,7,4,4,1
14643,8,4,4,1
14644,7,4,4,1
14645,8,5,5,1
14646,8,4,4,1
14647,9,5,5,1
14648,7,3,3,1
14649,8,4,4,1
14650,8,4,4,1
14651,9,4,4,1
14652,8,4,4,1
14653,9,5,5,1
14654,9,4,4,1
14655,10,5,5,1
14656,5,3,3,1
14657,6,4,4,1
14658,6,4,4,1
14659,7,4,4,1
14660,6,4,4,1
14661,7,5,5,1
14662,7,4,4,1
14663,8,5,5,1
14664,6,4,4,1
14665,7,5,5,1
14666,7,4,4,1
14667,8,5,5,1
14668,7,4,4,1
14669,8,5,5,1
14670,8,4,4,1
14671,9,5,5,1
14672,6,4,4,1
14673,7,5,5,1
14674,7,5,5,1
14675,8,5,5,1
14676,7,5,5,1
14677,8,6,6,1
14678,8,5,5,1
14679,9,6,6,1
14680,7,4,4,1
14681,8,5,5,1
14682,8,5,5,1
14683,9,5,5,1
14684,8,5,5,1
14685,9,6,6,1
14686,9,5,5,1
14687,10,6,6,1
14688,6,3,3,1
14689,7,4,4,1
14690,7,4,4,1
14691,8,4,4,1
14692,7,4,4,1
14693,8,5,5,1
14694,8,4,4,1
14695,9,5,5,1
14696,7,4,4,1
14697,8,5,5,1
14698,8,4,4,1
14699,9,5,5,1
14700,8,4,4,1
14701,9,5,5,1
14702,9,4,4,1
14703,10,5,5,1
14704,7,4,4,1
14705,8,5,5,1
14706,8,5,5,1
14707,9,5,5,1
14708,8,5,5,1
14709,9,6,6,1
14710,9,5,5,1
14711,10,6,6,1
14712,8,4,4,1
14713,9,5,5,1
14714,9,5,5,1
14715,10,5,5,1
14716,9,5,5,1
14717,10,6,6,1
14718,10,5,5,1
14719,11,6,6,1
14720,5,2,2,1
14721,6,3,3,1
14722,6,3,3,1
14723,7,3,3,1
14724,6,3,3,1
14725,7,4,4,1
14726,7,3,3,1
14727,8,4,4,1
14728,6,3,3,1
14729,7,4,4,1
14730,7,3,3,1
14731,8,4,4,1
14732,7,3,3,1
14733,8,4,4,1
14734,8,3,3,1
14735,9,4,4,1
14736,6,3,3,1
14737,7,4,4,1
14738,7,4,4,1
14739,8,4,4,1
14740,7,4,4,1
14741,8,5,5,1
14742,8,4,4,1
14743,9,5,5,1
14744,7,3,3,1
14745,8,4,4,1
14746,8,4,4,1
14747,9,4,4,1
14748,8,4,4,1
14749,9,5,5,1
14750,9,4,4,1
14751,10,5,5,1
14752,6,3,3,1
14753,7,4,4,1
14754,7,4,4,1
14755,8,4,4,1
14756,7,4,4,1
14757,8,5,5,1
14758,8,4,4,1
14759,9,5,5,1
14760,7,3,3,1
14761,8,4,4,1
14762,8,4,4,1
14763,9,4,4,1
14764,8,4,4,1
14765,9,5,5,1
14766,9,4,4,1
14767,10,5,5,1
14768,7,3,3,1
14769,8,4,4,1
14770,8,4,4,1
14771,9,4,4,1
14772,8,4,4,1
14773,9,5,5,1
14774,9,4,4,1
14775,10,5,5,1
14776,8,3,3,1
14777,9,4,4,1
14778,9,4,4,1
14779,10,4,4,1
14780,9,4,4,1
14781,10,5,5,1
14782,10,4,4,1
14783,11,5,5,1
14784,6,3,3,1
14785,7,4,4,1
14786,7,4,4,1
14787,8,4,4,1
14788,7,4,4,1
14789,8,5,5,1
14790,8,4,4,1
14791,9,5,5,1
14792,7,4,4,1
14793,8,5,5,1
14794,8,4,4,1
14795,9,5,5,1
14796,8,4,4,1
14797,9,5,5,1
14798,9,4,4,1
14799,10,5,5,1
14800,7,4,4,1
14801,8,5,5,1
14802,8,5,5,1
14803,9,5,5,1
14804,8,5,5,1
14805,9,6,6,1
14806,9,5,5,1
14807,10,6,6,1
14808,8,4,4,1
14809,9,5,5,1
14810,9,5,5,1
14811,10,5,5,1
14812,9,5,5,1
14813,10,6,6,1
14814,10,5,5,1
14815,11,6,6,1
14816,7,3,3,1
14817,8,4,4,1
14818,8,4,4,1
14819,9,4,4,1
14820,8,4,4,1
14821,9,5,5,1
14822,9,4,4,1
14823,10,5,5,1
14824,8,4,4,1
14825,9,5,5,1
14826,9,4,4,1
14827,10,5,5,1
14828,9,4,4,1
14829,10,5,5,1
14830,10,4,4,1
14831,11,5,5,1
14832,8,4,4,1
14833,9,5,5,1
14834,9,5,5,1
14835,10,5,5,1
14836,9,5,5,1
14837,10,6,6,1
14838,10,5,5,1
14839,11,6,6,1
14840,9,4,4,1
14841,10,5,5,1
14842,10,5,5,1
14843,11,5,5,1
14844,10,5,5,1
14845,11,6,6,1
14846,11,5,5,1
14847,12,6,6,1
14848,4,2,2,1
14849,5,3,3,1
14850,5,3,3,1
14851,6,3,3,1
14852,5,3,3,1
14853,6,4,4,1
14854,6,3,3,1
14855,7,4,4,1
14856,5,3,3,1
14857,6,4,4,1
14858,6,3,3,1
14859,7,4,4,1
14860,6,3,3,1
14861,7,4,4,1
14862,7,3,3,1
14863,8,4,4,1
14864,5,3,3,1
14865,6,4,4,1
14866,6,4,4,1
14867,7,4,4,1
14868,6,4,4,1
14869,7,5,5,1
14870,7,4,4,1
14871,8,5,5,1
14872,6,3,3,1
14873,7,4,4,1
14874,7,4,4,1
14875,8,4,4,1
14876,7,4,4,1
14877,8,5,5,1
14878,8,4,4,1
14879,9,5,5,1
14880,5,3,3,1
14881,6,4,4,1
14882,6,4,4,1
14883,7,4,4,1
14884,6,4,4,1
14885,7,5,5,1
14886,7,4,4,1
14887,8,5,5,1
14888,6,3,3,1
14889,7,4,4,1
14890,7,4,4,1
14891,8,4,4,1
14892,7,4,4,1
14893,8,5,5,1
14894,8,4,4,1
14895,9,5,5,1
14896,6,3,3,1
14897,7,4,4,1
14898,7,4,4,1
14899,8,4,4,1
14900,7,4,4,1
14901,8,5,5,1
14902,8,4,4,1
14903,9,5,5,1
14904,7,3,3,1
14905,8,4,4,1
14906,8,4,4,1
14907,9,4,4,1
14908,8,4,4,1
14909,9,5,5,1
14910,9,4,4,1
14911,10,5,5,1
14912,5,3,3,1
14913,6,4,4,1
14914,6,4,4,1
14915,7,4,4,1
14916,6,4,4,1
14917,7,5,5,1
14918,7,4,4,1
14919,8,5,5,1
14920,6,4,4,1
14921,7,5,5,1
14922,7,4,4,1
14923,8,5,5,1
14924,7,4,4,1
14925,8,5,5,1
14926,8,4,4,1
14927,9,5,5,1
14928,6,4,4,1
14929,7,5,5,1
14930,7,5,5,1
14931,8,5,5,1
14932,7,5,5,1
14933,8,6,6,1
14934,8,5,5,1
14935,9,6,6,1
14936,7,4,4,1
14937,8,5,5,1
14938,8,5,5,1
14939,9,5,5,1
14940,8,5,5,1
14941,9,6,6,1
14942,9,5,5,1
14943,10,6,6,1
14944,6,3,3,1
14945,7,4,4,1
14946,7,4,4,1
14947,8,4,4,1
14948,7,4,4,1
14949,8,5,5,1
14950,8,4,4,1
14951,9,5,5,1
14952,7,4,4,1
14953,8,5,5,1
14954,8,4,4,1
14955,9,5,5,1
14956,8,4,4,1
14957,9,5,5,1
14958,9,4,4,1
14959,10,5,5,1
14960,7,4,4,1
14961,8,5,5,1
14962,8,5,5,1
14963,9,5,5,1
14964,8,5,5,1
14965,9,6,6,1
14966,9,5,5,1
14967,10,6,6,1
14968,8,4,4,1
14969,9,5,5,1
14970,9,5,5,1
14971,10,5,5,1
14972,9,5,5,1
14973,10,6,6,1
14974,10,5,5,1
14975,11,6,6,1
14976,5,2,2,1
14977,6,3,3,1
14978,6,3,3,1
14979,7,3,3,1
14980,6,3,3,1
14981,7,4,4,1
14982,7,3,3,1
14983,8,4,4,1
14984,6,3,3,1
14985,7,4,4,1
14986,7,3,3,1
14987,8,4,4,1
14988,7,3,3,1
14989,8,4,4,1
14990,8,3,3,1
14991,9,4,4,1
14992,6,3,3,1
14993,7,4,4,1
14994,7,4,4,1
14995,8,4,4,1
14996,7,4,4,1
14997,8,5,5,1
14998,8,4,4,1
14999,9,5,5,1
15000,7,3,3,1
15001,8,4,4,1
15002,8,4,4,1
15003,9,4,4,1
15004,8,4,4,1
15005,9,5,5,1
15006,9,4,4,1
15007,10,5,5,1
15008,6,3,3,1
15009,7,4,4,1
15010,7,4,4,1
15011,8,4,4,1
15012,7,4,4,1
15013,8,5,5,1
15014,8,4,4,1
15015,9,5,5,1
15016,7,3,3,1
15017,8,4,4,1
15018,8,4,4,1
15019,9,4,4,1
15020,8,4,4,1
15021,9,5,5,1
15022,9,4,4,1
15023,10,5,5,1
15024,7,3,3,1
15025,8,4,4,1
15026,8,4,4,1
15027,9,4,4,1
15028,8,4,4,1
15029,9,5,5,1
15030,9,4,4,1
15031,10,5,5,1
15032,8,3,3,1
15033,9,4,4,1
15034,9,4,4,1
15035,10,4,4,1
15036,9,4,4,1
15037,10,5,5,1
15038,10,4,4,1
15039,11,5,5,1
15040,6,3,3,1
15041,7,4,4,1
15042,7,4,4,1
15043,8,4,4,1
15044,7,4,4,1
15045,8,5,5,1
15046,8,4,4,1
15047,9,5,5,1
15048,7,4,4,1
15049,8,5,5,1
15050,8,4,4,1
15051,9,5,5,1
15052,8,4,4,1
15053,9,5,5,1
15054,9,4,4,1
15055,10,5,5,1
15056,7,4,4,1
15057,8,5,5,1
15058,8,5,5,1
15059,9,5,5,1
15060,8,5,5,1
15061,9,6,6,1
15062,9,5,5,1
15063,10,6,6,1
15064,8,4,4,1
15065,9,5,5,1
15066,9,5,5,1
15067,10,5,5,1
15068,9,5,5,1
15069,10,6,6,1
15070,10,5,5,1
15071,11,6,6,1
15072,7,3,3,1
15073,8,4,4,1
15074,8,4,4,1
15075,9,4,4,1
15076,8,4,4,1
15077,9,5,5,1
15078,9,4,4,1
15079,10,5,5,1
15080,8,4,4,1
15081,9,5,5,1
15082,9,4,4,1
15083,10,5,5,1
15084,9,4,4,1
15085,10,5,5,1
15086,10,4,4,1
15087,11,5,5,1
15088,8,4,4,1
15089,9,5,5,1
15090,9,5,5,1
15091,10,5,5,1
15092,9,5,5,1
15093,10,6,6,1
15094,10,5,5,1
15095,11,6,6,1
15096,9,4,4,1
15097,10,5,5,1
15098,10,5,5,1
15099,11,5,5,1
15100,10,5,5,1
15101,11,6,6,1
15102,11,5,5,1
15103,12,6,6,1
15104,5,2,2,1
15105,6,3,3,1
15106,6,3,3,1
15107,7,3,3,1
15108,6,3,3,1
15109,7,4,4,1
15110,7,3,3,1
15111,8,4,4,1
15112,6,3,3,1
15113,7,4,4,1
15114,7,3,3,1
15115,8,4,4,1
15116,7,3,3,1
15117,8,4,4,1
15118,8,3,3,1
15119,9,4,4,1
15120,6,3,3,1
15121,7,4,4,1
15122,7,4,4,1
15123,8,4,4,1
15124,7,4,4,1
15125,8,5,5,1
15126,8,4,4,1
15127,9,5,5,1
15128,7,3,3,1
15129,8,4,4,1
15130,8,4,4,1
15131,9,4,4,1
15132,8,4,4,1
15133,9,5,5,1
15134,9,4,4,1
15135,10,5,5,1
15136,6,3,3,1
15137,7,4,4,1
15138,7,4,4,1
15139,8,4,4,1
15140,7,4,4,1
15141,8,5,5,1
15142,8,4,4,1
15143,9,5,5,1
15144,7,3,3,1
15145,8,4,4,1
15146,8,4,4,1
15147,9,4,4,1
15148,8,4,4,1
15149,9,5,5,1
15150,9,4,4,1
15151,10,5,5,1
15152,7,3,3,1
15153,8,4,4,1
15154,8,4,4,1
15155,9,4,4,1
15156,8,4,4,1
15157,9,5,5,1
15158,9,4,4,1
15159,10,5,5,1
15160,8,3,3,1
15161,9,4,4,1
15162,9,4,4,1
15163,10,4,4,1
15164,9,4,4,1
15165,10,5,5,1
15166,10,4,4,1
15167,11,5,5,1
15168,6,3,3,1
15169,7,4,4,1
15170,7,4,4,1
15171,8,4,4,1
15172,7,4,4,1
15173,8,5,5,1
15174,8,4,4,1
15175,9,5,5,1
15176,7,4,4,1
15177,8,5,5,1
15178,8,4,4,1
15179,9,5,5,1
15180,8,4,4,1
15181,9,5,5,1
15182,9,4,4,1
15183,10,5,5,1
15184,7,4,4,1
15185,8,5,5,1
15186,8,5,5,1
15187,9,5,5,1
15188,8,5,5,1
15189,9,6,6,1
15190,9,5,5,1
15191,10,6,6,1
15192,8,4,4,1
15193,9,5,5,1
15194,9,5,5,1
15195,10,5,5,1
15196,9,5,5,1
15197,10,6,6,1
15198,10,5,5,1
15199,11,6,6,1
15200,7,3,3,1
15201,8,4,4,1
15202,8,4,4,1
15203,9,4,4,1
15204,8,4,4,1
15205,9,5,5,1
15206,9,4,4,1
15207,10,5,5,1
15208,8,4,4,1
15209,9,5,5,1
15210,9,4,4,1
15211,10,5,5,1
15212,9,4,4,1
15213,10,5,5,1
15214,10,4,4,1
15215,11,5,5,1
15216,8,4,4,1
15217,9,5,5,1
15218,9,5,5,1
15219,10,5,5,1
15220,9,5,5,1
15221,10,6,6,1
15222,10,5,5,1
15223,11,6,6,1
15224,9,4,4,1
15225,10,5,5,1
15226,10,5,5,1
15227,11,5,5,1
15228,10,5,5,1
15229,11,6,6,1
15230,11,5,5,1
15231,12,6,6,1
15232,6,2,2,1
15233,7,3,3,1
15234,7,3,3,1
15235,8,3,3,1
15236,7,3,3,1
15237,8,4,4,1
15238,8,3,3,1
15239,9,4,4,1
15240,7,3,3,1
15241,8,4,4,1
15242,8,3,3,1
15243,9,4,4,1
15244,8,3,3,1
15245,9,4,4,1
15246,9,3,3,1
15247,10,4,4,1
15248,7,3,3,1
15249,8,4,4,1
15250,8,4,4,1
15251,9,4,4,1
15252,8,4,4,1
15253,9,5,5,1
15254,9,4,4,1
15255,10,5,5,1
15256,8,3,3,1
15257,9,4,4,1
15258,9,4,4,1
15259,10,4,4,1
15260,9,4,4,1
15261,10,5,5,1
15262,10,4,4,1
15263,11,5,5,1
15264,7,3,3,1
15265,8,4,4,1
15266,8,4,4,1
15267,9,4,4,1
15268,8,4,4,1
15269,9,5,5,1
15270,9,4,4,1
15271,10,5,5,1
15272,8,3,3,1
15273,9,4,4,1
15274,9,4,4,1
15275,10,4,4,1
15276,9,4,4,1
15277,10,5,5,1
15278,10,4,4,1
15279,11,5,5,1
15280,8,3,3,1
15281,9,4,4,1
15282,9,4,4,1
15283,10,4,4,1
15284,9,4,4,1
15285,10,5,5,1
15286,10,4,4,1
15287,11,5,5,1
15288,9,3,3,1
15289,10,4,4,1
15290,10,4,4,1
15291,11,4,4,1
15292,10,4,4,1
15293,11,5,5,1
15294,11,4,4,1
15295,12,5,5,1
15296,7,3,3,1
15297,8,4,4,1
15298,8,4,4,1
15299,9,4,4,1
15300,8,4,4,1
15301,9,5,5,1
15302,9,4,4,1
15303,10,5,5,1
15304,8,4,4,1
15305,9,5,5,1
15306,9,4,4,1
15307,10,5,5,1
15308,9,4,4,1
15309,10,5,5,1
15310,10,4,4,1
15311,11,5,5,1
15312,8,4,4,1
15313,9,5,5,1
15314,9,5,5,1
15315,10,5,5,1
15316,9,5,5,1
15317,10,6,6,1
15318,10,5,5,1
15319,11,6,6,1
15320,9,4,4,1
15321,10,5,5,1
15322,10,5,5,1
15323,11,5,5,1
15324,10,5,5,1
15325,11,6,6,1
15326,11,5,5,1
15327,12,6,6,1
15328,8,3,3,1
15329,9,4,4,1
15330,9,4,4,1
15331,10,4,4,1
15332,9,4,4,1
15333,10,5,5,1
15334,10,4,4,1
15335,11,5,5,1
15336,9,4,4,1
15337,10,5,5,1
15338,10,4,4,1
15339,11,5,5,1
15340,10,4,4,1
15341,11,5,5,1
15342,11,4,4,1
15343,12,5,5,1
15344,9,4,4,1
15345,10,5,5,1
15346,10,5,5,1
15347,11,5,5,1
15348,10,5,5,1
15349,11,6,6,1
15350,11,5,5,1
15351,12,6,6,1
15352,10,4,4,1
15353,11,5,5,1
15354,11,5,5,1
15355,12,5,5,1
15356,11,5,5,1
15357,12,6,6,1
15358,12,5,5,1
15359,13,6,6,1
15360,4,2,2,1
15361,5,3,3,1
15362,5,3,3,1
15363,6,3,3,1
15364,5,3,3,1
15365,6,4,4,1
15366,6,3,3,1
15367,7,4,4,1
15368,5,3,3,1
15369,6,4,4,1
15370,6,3,3,1
15371,7,4,4,1
15372,6,3,3,1
15373,7,4,4,1
15374,7,3,3,1
15375,8,4,4,1
15376,5,3,3,1
15377,6,4,4,1
15378,6,4,4,1
15379,7,4,4,1
15380,6,4,4,1
15381,7,5,5,1
15382,7,4,4,1
15383,8,5,5,1
15384,6,3,3,1
15385,7,4,4,1
15386,7,4,4,1
15387,8,4,4,1
15388,7,4,4,1
15389,8,5,5,1
15390,8,4,4,1
15391,9,5,5,1
15392,5,3,3,1
15393,6,4,4,1
15394,6,4,4,1
15395,7,4,4,1
15396,6,4,4,1
15397,7,5,5,1
15398,7,4,4,1
15399,8,5,5,1
15400,6,3,3,1
15401,7,4,4,1
15402,7,4,4,1
15403,8,4,4,1
15404,7,4,4,1
15405,8,5,5,1
15406,8,4,4,1
15407,9,5,5,1
15408,6,3,3,1
15409,7,4,4,1
15410,7,4,4,1
15411,8,4,4,1
15412,7,4,4,1
15413,8,5,5,1
15414,8,4,4,1
15415,9,5,5,1
15416,7,3,3,1
15417,8,4,4,1
15418,8,4,4,1
15419,9,4,4,1
15420,8,4,4,1
15421,9,5,5,1
15422,9,4,4,1
15423,10,5,5,1
15424,5,3,3,1
15425,6,4,4,1
15426,6,4,4,1
15427,7,4,4,1
15428,6,4,4,1
15429,7,5,5,1
15430,7,4,4,1
15431,8,5,5,1
15432,6,4,4,1
15433,7,5,5,1
15434,7,4,4,1
15435,8,5,5,1
15436,7,4,4,1
15437,8,5,5,1
15438,8,4,4,1
15439,9,5,5,1
15440,6,4,4,1
15441,7,5,5,1
15442,7,5,5,1
15443,8,5,5,1
15444,7,5,5,1
15445,8,6,6,1
15446,8,5,5,1
15447,9,6,6,1
15448,7,4,4,1
15449,8,5,5,1
15450,8,5,5,1
15451,9,5,5,1
15452,8,5,5,1
15453,9,6,6,1
15454,9,5,5,1
15455,10,6,6,1
15456,6,3,3,1
15457,7,4,4,1
15458,7,4,4,1
15459,8,4,4,1
15460,7,4,4,1
15461,8,5,5,1
15462,8,4,4,1
15463,9,5,5,1
15464,7,4,4,1
15465,8,5,5,1
15466,8,4,4,1
15467,9,5,5,1
15468,8,4,4,1
15469,9,5,5,1
15470,9,4,4,1
15471,10,5,5,1
15472,7,4,4,1
15473,8,5,5,1
15474,8,5,5,1
15475,9,5,5,1
15476,8,5,5,1
15477,9,6,6,1
15478,9,5,5,1
15479,10,6,6,1
15480,8,4,4,1
15481,9,5,5,1
15482,9,5,5,1
15483,10,5,5,1
15484,9,5,5,1
15485,10,6,6,1
15486,10,5,5,1
15487,11,6,6,1
15488,5,3,3,1
15489,6,4,4,1
15490,6,4,4,1
15491,7,4,4,1
15492,6,4,4,1
15493,7,5,5,1
15494,7,4,4,1
15495,8,5,5,1
15496,6,4,4,1
15497,7,5,5,1
15498,7,4,4,1
15499,8,5,5,1
15500,7,4,4,1
15501,8,5,5,1
15502,8,4,4,1
15503,9,5,5,1
15504,6,4,4,1
15505,7,5,5,1
15506,7,5,5,1
15507,8,5,5,1
15508,7,5,5,1
15509,8,6,6,1
15510,8,5,5,1
15511,9,6,6,1
15512,7,4,4,1
15513,8,5,5,1
15514,8,5,5,1
15515,9,5,5,1
15516,8,5,5,1
15517,9,6,6,1
15518,9,5,5,1
15519,10,6,6,1
15520,6,3,3,1
15521,7,4,4,1
15522,7,4,4,1
15523,8,4,4,1
15524,7,4,4,1
15525,8,5,5,1
15526,8,4,4,1
15527,9,5,5,1
15528,7,4,4,1
15529,8,5,5,1
15530,8,4,4,1
15531,9,5,5,1
15532,8,4,4,1
15533,9,5,5,1
15534,9,4,4,1
15535,10,5,5,1
15536,7,4,4,1
15537,8,5,5,1
15538,8,5,5,1
15539,9,5,5,1
15540,8,5,5,1
15541,9,6,6,1
15542,9,5,5,1
15543,10,6,6,1
15544,8,4,4,1
15545,9,5,5,1
15546,9,5,5,1
15547,10,5,5,1
15548,9,5,5,1
15549,10,6,6,1
15550,10,5,5,1
15551,11,6,6,1
15552,6,3,3,1
15553,7,4,4,1
15554,7,4,4,1
15555,8,4,4,1
15556,7,4,4,1
15557,8,5,5,1
15558,8,4,4,1
15559,9,5,5,1
15560,7,4,4,1
15561,8,5,5,1
15562,8,4,4,1
15563,9,5,5,1
15564,8,4,4,1
15565,9,5,5,1
15566,9,4,4,1
15567,10,5,5,1
15568,7,4,4,1
15569,8,5,5,1
15570,8,5,5,1
15571,9,5,5,1
15572,8,5,5,1
15573,9,6,6,1
15574,9,5,5,1
15575,10,6,6,1
15576,8,4,4,1
15577,9,5,5,1
15578,9,5,5,1
15579,10,5,5,1
15580,9,5,5,1
15581,10,6,6,1
15582,10,5,5,1
15583,11,6,6,1
15584,7,3,3,1
15585,8,4,4,1
15586,8,4,4,1
15587,9,4,4,1
15588,8,4,4,1
15589,9,5,5,1
15590,9,4,4,1
15591,10,5,5,1
15592,8,4,4,1
15593,9,5,5,1
15594,9,4,4,1
15595,10,5,5,1
15596,9,4,4,1
15597,10,5,5,1
15598,10,4,4,1
15599,11,5,5,1
15600,8,4,4,1
15601,9,5,5,1
15602,9,5,5,1
15603,10,5,5,1
15604,9,5,5,1
15605,10,6,6,1
15606,10,5,5,1
15607,11,6,6,1
15608,9,4,4,1
15609,10,5,5,1
15610,10,5,5,1
15611,11,5,5,1
15612,10,5,5,1
15613,11,6,6,1
15614,11,5,5,1
15615,12,6,6,1
15616,5,3,3,1
15617,6,4,4,1
15618,6,4,4,1
15619,7,4,4,1
15620,6,4,4,1
15621,7,5,5,1
15622,7,4,4,1
15623,8,5,5,1
15624,6,4,4,1
15625,7,5,5,1
15626,7,4,4,1
15627,8,5,5,1
15628,7,4,4,1
15629,8,5,5,1
15630,8,4,4,1
15631,9,5,5,1
15632,6,4,4,1
15633,7,5,5,1
15634,7,5,5,1
15635,8,5,5,1
15636,7,5,5,1
15637,8,6,6,1
15638,8,5,5,1
15639,9,6,6,1
15640,7,4,4,1
15641,8,5,5,1
15642,8,5,5,1
15643,9,5,5,1
15644,8,5,5,1
15645,9,6,6,1
15646,9,5,5,1
15647,10,6,6,1
15648,6,4,4,1
15649,7,5,5,1
15650,7,5,5,1
15651,8,5,5,1
15652,7,5,5,1
15653,8,6,6,1
15654,8,5,5,1
15655,9,6,6,1
15656,7,4,4,1
15657,8,5,5,1
15658,8,5,5,1
15659,9,5,5,1
15660,8,5,5,1
15661,9,6,6,1
15662,9,5,5,1
15663,10,6,6,1
15664,7,4,4,1
15665,8,5,5,1
15666,8,5,5,1
15667,9,5,5,1
15668,8,5,5,1
15669,9,6,6,1
15670,9,5,5,1
15671,10,6,6,1
15672,8,4,4,1
15673,9,5,5,1
15674,9,5,5,1
15675,10,5,5,1
15676,9,5,5,1
15677,10,6,6,1
15678,10,5,5,1
15679,11,6,6,1
15680,6,4,4,1
15681,7,5,5,1
15682,7,5,5,1
15683,8,5,5,1
15684,7,5,5,1
15685,8,6,6,1
15686,8,5,5,1
15687,9,6,6,1
15688,7,5,5,1
15689,8,6,6,1
15690,8,5,5,1
15691,9,6,6,1
15692,8,5,5,1
15693,9,6,6,1
15694,9,5,5,1
15695,10,6,6,1
15696,7,5,5,1
15697,8,6,6,1
15698,8,6,6,1
15699,9,6,6,1
15700,8,6,6,1
15701,9,7,7,1
15702,9,6,6,1
15703,10,7,7,1
15704,8,5,5,1
15705,9,6,6,1
15706,9,6,6,1
15707,10,6,6,1
15708,9,6,6,1
15709,10,7,7,1
15710,10,6,6,1
15711,11,7,7,1
15712,7,4,4,1
15713,8,5,5,1
15714,8,5,5,1
15715,9,5,5,1
15716,8,5,5,1
15717,9,6,6,1
15718,9,5,5,1
15719,10,6,6,1
15720,8,5,5,1
15721,9,6,6,1
15722,9,5,5,1
15723,10,6,6,1
15724,9,5,5,1
15725,10,6,6,1
15726,10,5,5,1
15727,11,6,6,1
15728,8,5,5,1
15729,9,6,6,1
15730,9,6,6,1
15731,10,6,6,1
15732,9,6,6,1
15733,10,7,7,1
15734,10,6,6,1
15735,11,7,7,1
15736,9,5,5,1
15737,10,6,6,1
15738,10,6,6,1
15739,11,6,6,1
15740,10,6,6,1
15741,11,7,7,1
15742,11,6,6,1
15743,12,7,7,1
15744,6,3,3,1
15745,7,4,4,1
15746,7,4,4,1
15747,8,4,4,1
15748,7,4,4,1
15749,8,5,5,1
15750,8,4,4,1
15751,9,5,5,1
15752,7,4,4,1
15753,8,5,5,1
15754,8,4,4,1
15755,9,5,5,1
15756,8,4,4,1
15757,9,5,5,1
15758,9,4,4,1
15759,10,5,5,1
15760,7,4,4,1
15761,8,5,5,1
15762,8,5,5,1
15763,9,5,5,1
15764,8,5,5,1
15765,9,6,6,1
15766,9,5,5,1
15767,10,6,6,1
15768,8,4,4,1
15769,9,5,5,1
15770,9,5,5,1
15771,10,5,5,1
15772,9,5,5,1
15773,10,6,6,1
15774,10,5,5,1
15775,11,6,6,1
15776,7,4,4,1
15777,8,5,5,1
15778,8,5,5,1
15779,9,5,5,1
15780,8,5,5,1
15781,9,6,6,1
15782,9,5,5,1
15783,10,6,6,1
15784,8,4,4,1
15785,9,5,5,1
15786,9,5,5,1
15787,10,5,5,1
15788,9,5,5,1
15789,10,6,6,1
15790,10,5,5,1
15791,11,6,6,1
15792,8,4,4,1
15793,9,5,5,1
15794,9,5,5,1
15795,10,5,5,1
15796,9,5,5,1
15797,10,6,6,1
15798,10,5,5,1
15799,11,6,6,1
15800,9,4,4,1
15801,10,5,5,1
15802,10,5,5,1
15803,11,5,5,1
15804,10,5,5,1
15805,11,6,6,1
15806,11,5,5,1
15807,12,6,6,1
15808,7,4,4,1
15809,8,5,5,1
15810,8,5,5,1
15811,9,5,5,1
15812,8,5,5,1
15813,9,6,6,1
15814,9,5,5,1
15815,10,6,6,1
15816,8,5,5,1
15817,9,6,6,1
15818,9,5,5,1
15819,10,6,6,1
15820,9,5,5,1
15821,10,6,6,1
15822,10,5,5,1
15823,11,6,6,1
15824,8,5,5,1
15825,9,6,6,1
15826,9,6,6,1
15827,10,6,6,1
15828,9,6,6,1
15829,10,7,7,1
15830,10,6,6,1
15831,11,7,7,1
15832,9,5,5,1
15833,10,6,6,1
15834,10,6,6,1
15835,11,6,6,1
15836,10,6,6,1
15837,11,7,7,1
15838,11,6,6,1
15839,12,7,7,1
15840,8,4,4,1
15841,9,5,5,1
15842,9,5,5,1
15843,10,5,5,1
15844,9,5,5,1
15845,10,6,6,1
15846,10,5,5,1
15847,11,6,6,1
15848,9,5,5,1
15849,10,6,6,1
15850,10,5,5,1
15851,11,6,6,1
15852,10,5,5,1
15853,11,6,6,1
15854,11,5,5,1
15855,12,6,6,1
15856,9,5,5,1
15857,10,6,6,1
15858,10,6,6,1
15859,11,6,6,1
15860,10,6,6,1
15861,11,7,7,1
15862,11,6,6,1
15863,12,7,7,1
15864,10,5,5,1
15865,11,6,6,1
15866,11,6,6,1
15867,12,6,6,1
15868,11,6,6,1
15869,12,7,7,1
15870,12,6,6,1
15871,13,7,7,1
15872,5,2,2,1
15873,6,3,3,1
15874,6,3,3,1
15875,7,3,3,1
15876,6,3,3,1
15877,7,4,4,1
15878,7,3,3,1
15879,8,4,4,1
15880,6,3,3,1
15881,7,4,4,1
15882,7,3,3,1
15883,8,4,4,1
15884,7,3,3,1
15885,8,4,4,1
15886,8,3,3,1
15887,9,4,4,1
15888,6,3,3,1
15889,7,4,4,1
15890,7,4,4,1
15891,8,4,4,1
15892,7,4,4,1
15893,8,5,5,1
15894,8,4,4,1
15895,9,5,5,1
15896,7,3,3,1
15897,8,4,4,1
15898,8,4,4,1
15899,9,4,4,1
15900,8,4,4,1
15901,9,5,5,1
15902,9,4,4,1
15903,10,5,5,1
15904,6,3,3,1
15905,7,4,4,1
15906,7,4,4,1
15907,8,4,4,1
15908,7,4,4,1
15909,8,5,5,1
15910,8,4,4,1
15911,9,5,5,1
15912,7,3,3,1
15913,8,4,4,1
15914,8,4,4,1
15915,9,4,4,1
15916,8,4,4,1
15917,9,5,5,1
15918,9,4,4,1
15919,10,5,5,1
15920,7,3,3,1
15921,8,4,4,1
15922,8,4,4,1
15923,9,4,4,1
15924,8,4,4,1
15925,9,5,5,1
15926,9,4,4,1
15927,10,5,5,1
15928,8,3,3,1
15929,9,4,4,1
15930,9,4,4,1
15931,10,4,4,1
15932,9,4,4,1
15933,10,5,5,1
15934,10,4,4,1
15935,11,5,5,1
15936,6,3,3,1
15937,7,4,4,1
15938,7,4,4,1
15939,8,4,4,1
15940,7,4,4,1
15941,8,5,5,1
15942,8,4,4,1
15943,9,5,5,1
15944,7,4,4,1
15945,8,5,5,1
15946,8,4,4,1
15947,9,5,5,1
15948,8,4,4,1
15949,9,5,5,1
15950,9,4,4,1
15951,10,5,5,1
15952,7,4,4,1
15953,8,5,5,1
15954,8,5,5,1
15955,9,5,5,1
15956,8,5,5,1
15957,9,6,6,1
15958,9,5,5,1
15959,10,6,6,1
15960,8,4,4,1
15961,9,5,5,1
15962,9,5,5,1
15963,10,5,5,1
15964,9,5,5,1
15965,10,6,6,1
15966,10,5,5,1
15967,11,6,6,1
15968,7,3,3,1
15969,8,4,4,1
15970,8,4,4,1
15971,9,4,4,1
15972,8,4,4,1
15973,9,5,5,1
15974,9,4,4,1
15975,10,5,5,1
15976,8,4,4,1
15977,9,5,5,1
15978,9,4,4,1
15979,10,5,5,1
15980,9,4,4,1
15981,10,5,5,1
15982,10,4,4,1
15983,11,5,5,1
15984,8,4,4,1
15985,9,5,5,1
15986,9,5,5,1
15987,10,5,5,1
15988,9,5,5,1
15989,10,6,6,1
15990,10,5,5,1
15991,11,6,6,1
15992,9,4,4,1
15993,10,5,5,1
15994,10,5,5,1
15995,11,5,5,1
15996,10,5,5,1
15997,11,6,6,1
15998,11,5,5,1
15999,12,6,6,1
16000,6,3,3,1
16001,7,4,4,1
16002,7,4,4,1
16003,8,4,4,1
16004,7,4,4,1
16005,8,5,5,1
16006,8,4,4,1
16007,9,5,5,1
16008,7,4,4,1
16009,8,5,5,1
16010,8,4,4,1
16011,9,5,5,1
16012,8,4,4,1
16013,9,5,5,1
16014,9,4,4,1
16015,10,5,5,1
16016,7,4,4,1
16017,8,5,5,1
16018,8,5,5,1
16019,9,5,5,1
16020,8,5,5,1
16021,9,6,6,1
16022,9,5,5,1
16023,10,6,6,1
16024,8,4,4,1
16025,9,5,5,1
16026,9,5,5,1
16027,10,5,5,1
16028,9,5,5,1
16029,10,6,6,1
16030,10,5,5,1
16031,11,6,6,1
16032,7,3,3,1
16033,8,4,4,1
16034,8,4,4,1
16035,9,4,4,1
16036,8,4,4,1
16037,9,5,5,1
16038,9,4,4,1
16039,10,5,5,1
16040,8,4,4,1
16041,9,5,5,1
16042,9,4,4,1
16043,10,5,5,1
16044,9,4,4,1
16045,10,5,5,1
16046,10,4,4,1
16047,11,5,5,1
16048,8,4,4,1
16049,9,5,5,1
16050,9,5,5,1
16051,10,5,5,1
16052,9,5,5,1
16053,10,6,6,1
16054,10,5,5,1
16055,11,6,6,1
16056,9,4,4,1
16057,10,5,5,1
16058,10,5,5,1
16059,11,5,5,1
16060,10,5,5,1
16061,11,6,6,1
16062,11,5,5,1
16063,12,6,6,1
16064,7,3,3,1
16065,8,4,4,1
16066,8,4,4,1
16067,9,4,4,1
16068,8,4,4,1
16069,9,5,5,1
16070,9,4,4,1
16071,10,5,5,1
16072,8,4,4,1
16073,9,5,5,1
16074,9,4,4,1
16075,10,5,5,1
16076,9,4,4,1
16077,10,5,5,1
16078,10,4,4,1
16079,11,5,5,1
16080,8,4,4,1
16081,9,5,5,1
16082,9,5,5,1
16083,10,5,5,1
16084,9,5,5,1
16085,10,6,6,1
16086,10,5,5,1
16087,11,6,6,1
16088,9,4,4,1
16089,10,5,5,1
16090,10,5,5,1
16091,11,5,5,1
16092,10,5,5,1
16093,11,6,6,1
16094,11,5,5,1
16095,12,6,6,1
16096,8,3,3,1
16097,9,4,4,1
16098,9,4,4,1
16099,10,4,4,1
16100,9,4,4,1
16101,10,5,5,1
16102,10,4,4,1
16103,11,5,5,1
16104,9,4,4,1
16105,10,5,5,1
16106,10,4,4,1
16107,11,5,5,1
16108,10,4,4,1
16109,11,5,5,1
16110,11,4,4,1
16111,12,5,5,1
16112,9,4,4,1
16113,10,5,5,1
16114,10,5,5,1
16115,11,5,5,1
16116,10,5,5,1
16117,11,6,6,1
16118,11,5,5,1
16119,12,6,6,1
16120,10,4,4,1
16121,11,5,5,1
16122,11,5,5,1
16123,12,5,5,1
16124,11,5,5,1
16125,12,6,6,1
16126,12,5,5,1
16127,13,6,6,1
16128,6,3,3,1
16129,7,4,4,1
16130,7,4,4,1
16131,8,4,4,1
16132,7,4,4,1
16133,8,5,5,1
16134,8,4,4,1
16135,9,5,5,1
16136,7,4,4,1
16137,8,5,5,1
16138,8,4,4,1
16139,9,5,5,1
16140,8,4,4,1
16141,9,5,5,1
16142,9,4,4,1
16143,10,5,5,1
16144,7,4,4,1
16145,8,5,5,1
16146,8,5,5,1
16147,9,5,5,1
16148,8,5,5,1
16149,9,6,6,1
16150,9,5,5,1
16151,10,6,6,1
16152,8,4,4,1
16153,9,5,5,1
16154,9,5,5,1
16155,10,5,5,1
16156,9,5,5,1
16157,10,6,6,1
16158,10,5,5,1
16159,11,6,6,1
16160,7,4,4,1
16161,8,5,5,1
16162,8,5,5,1
16163,9,5,5,1
16164,8,5,5,1
16165,9,6,6,1
16166,9,5,5,1
16167,10,6,6,1
16168,8,4,4,1
16169,9,5,5,1
16170,9,5,5,1
16171,10,5,5,1
16172,9,5,5,1
16173,10,6,6,1
16174,10,5,5,1
16175,11,6,6,1
16176,8,4,4,1
16177,9,5,5,1
16178,9,5,5,1
16179,10,5,5,1
16180,9,5,5,1
16181,10,6,6,1
16182,10,5,5,1
16183,11,6,6,1
16184,9,4,4,1
16185,10,5,5,1
16186,10,5,5,1
16187,11,5,5,1
16188,10,5,5,1
16189,11,6,6,1
16190,11,5,5,1
16191,12,6,6,1
16192,7,4,4,1
16193,8,5,5,1
16194,8,5,5,1
16195,9,5,5,1
16196,8,5,5,1
16197,9,6,6,1
16198,9,5,5,1
16199,10,6,6,1
16200,8,5,5,1
16201,9,6,6,1
16202,9,5,5,1
16203,10,6,6,1
16204,9,5,5,1
16205,10,6,6,1
16206,10,5,5,1
16207,11,6,6,1
16208,8,5,5,1
16209,9,6,6,1
16210,9,6,6,1
16211,10,6,6,1
16212,9,6,6,1
16213,10,7,7,1
16214,10,6,6,1
16215,11,7,7,1
16216,9,5,5,1
16217,10,6,6,1
16218,10,6,6,1
16219,11,6,6,1
16220,10,6,6,1
16221,11,7,7,1
16222,11,6,6,1
16223,12,7,7,1
16224,8,4,4,1
16225,9,5,5,1
16226,9,5,5,1
16227,10,5,5,1
16228,9,5,5,1
16229,10,6,6,1
16230,10,5,5,1
16231,11,6,6,1
16232,9,5,5,1
16233,10,6,6,1
16234,10,5,5,1
16235,11,6,6,1
16236,10,5,5,1
16237,11,6,6,1
16238,11,5,5,1
16239,12,6,6,1
16240,9,5,5,1
16241,10,6,6,1
16242,10,6,6,1
16243,11,6,6,1
16244,10,6,6,1
16245,11,7,7,1
16246,11,6,6,1
16247,12,7,7,1
16248,10,5,5,1
16249,11,6,6,1
16250,11,6,6,1
16251,12,6,6,1
16252,11,6,6,1
16253,12,7,7,1
16254,12,6,6,1
16255,13,7,7,1
16256,7,3,3,1
16257,8,4,4,1
16258,8,4,4,1
16259,9,4,4,1
16260,8,4,4,1
16261,9,5,5,1
16262,9,4,4,1
16263,10,5,5,1
16264,8,4,4,1
16265,9,5,5,1
16266,9,4,4,1
16267,10,5,5,1
16268,9,4,4,1
16269,10,5,5,1
16270,10,4,4,1
16271,11,5,5,1
16272,8,4,4,1
16273,9,5,5,1
16274,9,5,5,1
16275,10,5,5,1
16276,9,5,5,1
16277,10,6,6,1
16278,10,5,5,1
16279,11,6,6,1
16280,9,4,4,1
16281,10,5,5,1
16282,10,5,5,1
16283,11,5,5,1
16284,10,5,5,1
16285,11,6,6,1
16286,11,5,5,1
16287,12,6,6,1
16288,8,4,4,1
16289,9,5,5,1
16290,9,5,5,1
16291,10,5,5,1
16292,9,5,5,1
16293,10,6,6,1
16294,10,5,5,1
16295,11,6,6,1
16296,9,4,4,1
16297,10,5,5,1
16298,10,5,5,1
16299,11,5,5,1
16300,10,5,5,1
16301,11,6,6,1
16302,11,5,5,1
16303,12,6,6,1
16304,9,4,4,1
16305,10,5,5,1
16306,10,5,5,1
16307,11,5,5,1
16308,10,5,5,1
16309,11,6,6,1
16310,11,5,5,1
16311,12,6,6,1
16312,10,4,4,1
16313,11,5,5,1
16314,11,5,5,1
16315,12,5,5,1
16316,11,5,5,1
16317,12,6,6,1
16318,12,5,5,1
16319,13,6,6,1
16320,8,4,4,1
16321,9,5,5,1
16322,9,5,5,1
16323,10,5,5,1
16324,9,5,5,1
16325,10,6,6,1
16326,10,5,5,1
16327,11,6,6,1
16328,9,5,5,1
16329,10,6,6,1
16330,10,5,5,1
16331,11,6,6,1
16332,10,5,5,1
16333,11,6,6,1
16334,11,5,5,1
16335,12,6,6,1
16336,9,5,5,1
16337,10,6,6,1
16338,10,6,6,1
16339,11,6,6,1
16340,10,6,6,1
16341,11,7,7,1
16342,11,6,6,1
16343,12,7,7,1
16344,10,5,5,1
16345,11,6,6,1
16346,11,6,6,1
16347,12,6,6,1
16348,11,6,6,1
16349,12,7,7,1
16350,12,6,6,1
16351,13,7,7,1
16352,9,4,4,1
16353,10,5,5,1
16354,10,5,5,1
16355,11,5,5,1
16356,10,5,5,1
16357,11,6,6,1
16358,11,5,5,1
16359,12,6,6,1
16360,10,5,5,1
16361,11,6,6,1
16362,11,5,5,1
16363,12,6,6,1
16364,11,5,5,1
16365,12,6,6,1
16366,12,5,5,1
16367,13,6,6,1
16368,10,5,5,1
16369,11,6,6,1
16370,11,6,6,1
16371,12,6,6,1
16372,11,6,6,1
16373,12,7,7,1
16374,12,6,6,1
16375,13,7,7,1
16376,11,5,5,1
16377,12,6,6,1
16378,12,6,6,1
16379,13,6,6,1
16380,12,6,6,1
16381,13,7,7,1
16382,13,6,6,1
16383,14,7,7,1
16384,1,1,1,1
16385,2,2,2,1
16386,2,2,2,1
16387,3,2,2,1
16388,2,2,2,1
16389,3,3,3,1
16390,3,2,2,1
16391,4,3,3,1
16392,2,2,2,1
16393,3,3,3,1
16394,3,2,2,1
16395,4,3,3,1
16396,3,2,2,1
16397,4,3,3,1
16398,4,2,2,1
16399,5,3,3,1
16400,2,2,2,1
16401,3,3,3,1
16402,3,3,3,1
16403,4,3,3,1
16404,3,3,3,1
16405,4,4,4,1
16406,4,3,3,1
16407,5,4,4,1
16408,3,2,2,1
16409,4,3,3,1
16410,4,3,3,1
16411,5,3,3,1
16412,4,3,3,1
16413,5,4,4,1
16414,5,3,3,1
16415,6,4,4,1
16416,2,2,2,1
16417,3,3,3,1
16418,3,3,3,1
16419,4,3,3,1
16420,3,3,3,1
16421,4,4,4,1
16422,4,3,3,1
16423,5,4,4,1
16424,3,2,2,1
16425,4,3,3,1
16426,4,3,3,1
16427,5,3,3,1
16428,4,3,3,1
16429,5,4,4,1
16430,5,3,3,1
16431,6,4,4,1
16432,3,2,2,1
16433,4,3,3,1
16434,4,3,3,1
16435,5,3,3,1
16436,4,3,3,1
16437,5,4,4,1
16438,5,3,3,1
16439,6,4,4,1
16440,4,2,2,1
16441,5,3,3,1
16442,5,3,3,1
16443,6,3,3,1
16444,5,3,3,1
16445,6,4,4,1
16446,6,3,3,1
16447,7,4,4,1
16448,2,2,2,1
16449,3,3,3,1
16450,3,3,3,1
16451,4,3,3,1
16452,3,3,3,1
16453,4,4,4,1
16454,4,3,3,1
16455,5,4,4,1
16456,3,3,3,1
16457,4,4,4,1
16458,4,3,3,1
16459,5,4,4,1
16460,4,3,3,1
16461,5,4,4,1
16462,5,3,3,1
16463,6,4,4,1
16464,3,3,3,1
16465,4,4,4,1
16466,4,4,4,1
16467,5,4,4,1
16468,4,4,4,1
16469,5,5,5,1
16470,5,4,4,1
16471,6,5,5,1
16472,4,3,3,1
16473,5,4,4,1
16474,5,4,4,1
16475,6,4,4,1
16476,5,4,4,1
16477,6,5,5,1
16478,6,4,4,1
16479,7,5,5,1
16480,3,2,2,1
16481,4,3,3,1
16482,4,3,3,1
16483,5,3,3,1
16484,4,3,3,1
16485,5,4,4,1
16486,5,3,3,1
16487,6,4,4,1
16488,4,3,3,1
16489,5,4,4,1
16490,5,3,3,1
16491,6,4,4,1
16492,5,3,3,1
16493,6,4,4,1
16494,6,3,3,1
16495,7,4,4,1
16496,4,3,3,1
16497,5,4,4,1
16498,5,4,4,1
16499,6,4,4,1
16500,5,4,4,1
16501,6,5,5,1
16502,6,4,4,1
16503,7,5,5,1
16504,5,3,3,1
16505,6,4,4,1
16506,6,4,4,1
16507,7,4,4,1
16508,6,4,4,1
16509,7,5,5,1
16510,7,4,4,1
16511,8,5,5,1
16512,2,2,2,1
16513,3,3,3,1
16514,3,3,3,1
16515,4,3,3,1
16516,3,3,3,1
16517,4,4,4,1
16518,4,3,3,1
16519,5,4,4,1
16520,3,3,3,1
16521,4,4,4,1
16522,4,3,3,1
16523,5,4,4,1
16524,4,3,3,1
16525,5,4,4,1
16526,5,3,3,1
16527,6,4,4,1
16528,3,3,3,1
16529,4,4,4,1
16530,4,4,4,1
16531,5,4,4,1
16532,4,4,4,1
16533,5,5,5,1
16534,5,4,4,1
16535,6,5,5,1
16536,4,3,3,1
16537,5,4,4,1
16538,5,4,4,1
16539,6,4,4,1
16540,5,4,4,1
16541,6,5,5,1
16542,6,4,4,1
16543,7,5,5,1
16544,3,2,2,1
16545,4,3,3,1
16546,4,3,3,1
16547,5,3,3,1
16548,4,3,3,1
16549,5,4,4,1
16550,5,3,3,1
16551,6,4,4,1
16552,4,3,3,1
16553,5,4,4,1
16554,5,3,3,1
16555,6,4,4,1
16556,5,3,3,1
16557,6,4,4,1
16558,6,3,3,1
16559,7,4,4,1
16560,4,3,3,1
16561,5,4,4,1
16562,5,4,4,1
16563,6,4,4,1
16564,5,4,4,1
16565,6,5,5,1
16566,6,4,4,1
16567,7,5,5,1
16568,5,3,3,1
16569,6,4,4,1
16570,6,4,4,1
16571,7,4,4,1
16572,6,4,4,1
16573,7,5,5,1
16574,7,4,4,1
16575,8,5,5,1
16576,3,2,2,1
16577,4,3,3,1
16578,4,3,3,1
16579,5,3,3,1
16580,4,3,3,1
16581,5,4,4,1
16582,5,3,3,1
16583,6,4,4,1
16584,4,3,3,1
16585,5,4,4,1
16586,5,3,3,1
16587,6,4,4,1
16588,5,3,3,1
16589,6,4,4,1
16590,6,3,3,1
16591,7,4,4,1
16592,4,3,3,1
16593,5,4,4,1
16594,5,4,4,1
16595,6,4,4,1
16596,5,4,4,1
16597,6,5,5,1
16598,6,4,4,1
16599,7,5,5,1
16600,5,3,3,1
16601,6,4,4,1
16602,6,4,4,1
16603,7,4,4,1
16604,6,4,4,1
16605,7,5,5,1
16606,7,4,4,1
16607,8,5,5,1
16608,4,2,2,1
16609,5,3,3,1
16610,5,3,3,1
16611,6,3,3,1
16612,5,3,3,1
16613,6,4,4,1
16614,6,3,3,1
16615,7,4,4,1
16616,5,3,3,1
16617,6,4,4,1
16618,6,3,3,1
16619,7,4,4,1
16620,6,3,3,1
16621,7,4,4,1
16622,7,3,3,1
16623,8,4,4,1
16624,5,3,3,1
16625,6,4,4,1
16626,6,4,4,1
16627,7,4,4,1
16628,6,4,4,1
16629,7,5,5,1
16630,7,4,4,1
16631,8,5,5,1
16632,6,3,3,1
16633,7,4,4,1
16634,7,4,4,1
16635,8,4,4,1
16636,7,4,4,1
16637,8,5,5,1
16638,8,4,4,1
16639,9,5,5,1
16640,2,2,2,1
16641,3,3,3,1
16642,3,3,3,1
16643,4,3,3,1
16644,3,3,3,1
16645,4,4,4,1
16646,4,3,3,1
16647,5,4,4,1
16648,3,3,3,1
16649,4,4,4,1
16650,4,3,3,1
16651,5,4,4,1
16652,4,3,3,1
16653,5,4,4,1
16654,5,3,3,1
16655,6,4,4,1
16656,3,3,3,1
16657,4,4,4,1
16658,4,4,4,1
16659,5,4,4,1
16660,4,4,4,1
16661,5,5,5,1
16662,5,4,4,1
16663,6,5,5,1
16664,4,3,3,1
16665,5,4,4,1
16666,5,4,4,1
16667,6,4,4,1
16668,5,4,4,1
16669,6,5,5,1
16670,6,4,4,1
16671,7,5,5,1
16672,3,3,3,1
16673,4,4,4,1
16674,4,4,4,1
16675,5,4,4,1
16676,4,4,4,1
16677,5,5,5,1
16678,5,4,4,1
16679,6,5,5,1
16680,4,3,3,1
16681,5,4,4,1
16682,5,4,4,1
16683,6,4,4,1
16684,5,4,4,1
16685,6,5,5,1
16686,6,4,4,1
16687,7,5,5,1
16688,4,3,3,1
16689,5,4,4,1
16690,5,4,4,1
16691,6,4,4,1
16692,5,4,4,1
16693,6,5,5,1
16694,6,4,4,1
16695,7,5,5,1
16696,5,3,3,1
16697,6,4,4,1
16698,6,4,4,1
16699,7,4,4,1
16700,6,4,4,1
16701,7,5,5,1
16702,7,4,4,1
16703,8,5,5,1
16704,3,3,3,1
16705,4,4,4,1
16706,4,4,4,1
16707,5,4,4,1
16708,4,4,4,1
16709,5,5,5,1
16710,5,4,4,1
16711,6,5,5,1
16712,4,4,4,1
16713,5,5,5,1
16714,5,4,4,1
16715,6,5,5,1
16716,5,4,4,1
16717,6,5,5,1
16718,6,4,4,1
16719,7,5,5,1
16720,4,4,4,1
16721,5,5,5,1
16722,5,5,5,1
16723,6,5,5,1
16724,5,5,5,1
16725,6,6,6,1
16726,6,5,5,1
16727,7,6,6,1
16728,5,4,4,1
16729,6,5,5,1
16730,6,5,5,1
16731,7,5,5,1
16732,6,5,5,1
16733,7,6,6,1
16734,7,5,5,1
16735,8,6,6,1
16736,4,3,3,1
16737,5,4,4,1
16738,5,4,4,1
16739,6,4,4,1
16740,5,4,4,1
16741,6,5,5,1
16742,6,4,4,1
16743,7,5,5,1
16744,5,4,4,1
16745,6,5,5,1
16746,6,4,4,1
16747,7,5,5,1
16748,6,4,4,1
16749,7,5,5,1
16750,7,4,4,1
16751,8,5,5,1
16752,5,4,4,1
16753,6,5,5,1
16754,6,5,5,1
16755,7,5,5,1
16756,6,5,5,1
16757,7,6,6,1
16758,7,5,5,1
16759,8,6,6,1
16760,6,4,4,1
16761,7,5,5,1
16762,7,5,5,1
16763,8,5,5,1
16764,7,5,5,1
16765,8,6,6,1
16766,8,5,5,1
16767,9,6,6,1
16768,3,2,2,1
16769,4,3,3,1
16770,4,3,3,1
16771,5,3,3,1
16772,4,3,3,1
16773,5,4,4,1
16774,5,3,3,1
16775,6,4,4,1
16776,4,3,3,1
16777,5,4,4,1
16778,5,3,3,1
16779,6,4,4,1
16780,5,3,3,1
16781,6,4,4,1
16782,6,3,3,1
16783,7,4,4,1
16784,4,3,3,1
16785,5,4,4,1
16786,5,4,4,1
16787,6,4,4,1
16788,5,4,4,1
16789,6,5,5,1
16790,6,4,4,1
16791,7,5,5,1
16792,5,3,3,1
16793,6,4,4,1
16794,6,4,4,1
16795,7,4,4,1
16796,6,4,4,1
16797,7,5,5,1
16798,7,4,4,1
16799,8,5,5,1
16800,4,3,3,1
16801,5,4,4,1
16802,5,4,4,1
16803,6,4,4,1
16804,5,4,4,1
16805,6,5,5,1
16806,6,4,4,1
16807,7,5,5,1
16808,5,3,3,1
16809,6,4,4,1
16810,6,4,4,1
16811,7,4,4,1
16812,6,4,4,1
16813,7,5,5,1
16814,7,4,4,1
16815,8,5,5,1
16816,5,3,3,1
16817,6,4,4,1
16818,6,4,4,1
16819,7,4,4,1
16820,6,4,4,1
16821,7,5,5,1
16822,7,4,4,1
16823,8,5,5,1
16824,6,3,3,1
16825,7,4,4,1
16826,7,4,4,1
16827,8,4,4,1
16828,7,4,4,1
16829,8,5,5,1
16830,8,4,4,1
16831,9,5,5,1
16832,4,3,3,1
16833,5,4,4,1
16834,5,4,4,1
16835,6,4,4,1
16836,5,4,4,1
16837,6,5,5,1
16838,6,4,4,1
16839,7,5,5,1
16840,5,4,4,1
16841,6,5,5,1
16842,6,4,4,1
16843,7,5,5,1
16844,6,4,4,1
16845,7,5,5,1
16846,7,4,4,1
16847,8,5,5,1
16848,5,4,4,1
16849,6,5,5,1
16850,6,5,5,1
16851,7,5,5,1
16852,6,5,5,1
16853,7,6,6,1
16854,7,5,5,1
16855,8,6,6,1
16856,6,4,4,1
16857,7,5,5,1
16858,7,5,5,1
16859,8,5,5,1
16860,7,5,5,1
16861,8,6,6,1
16862,8,5,5,1
16863,9,6,6,1
16864,5,3,3,1
16865,6,4,4,1
16866,6,4,4,1
16867,7,4,4,1
16868,6,4,4,1
16869,7,5,5,1
16870,7,4,4,1
16871,8,5,5,1
16872,6,4,4,1
16873,7,5,5,1
16874,7,4,4,1
16875,8,5,5,1
16876,7,4,4,1
16877,8,5,5,1
16878,8,4,4,1
16879,9,5,5,1
16880,6,4,4,1
16881,7,5,5,1
16882,7,5,5,1
16883,8,5,5,1
16884,7,5,5,1
16885,8,6,6,1
16886,8,5,5,1
16887,9,6,6,1
16888,7,4,4,1
16889,8,5,5,1
16890,8,5,5,1
16891,9,5,5,1
16892,8,5,5,1
16893,9,6,6,1
16894,9,5,5,1
16895,10,6,6,1
16896,2,2,2,1
16897,3,3,3,1
16898,3,3,3,1
16899,4,3,3,1
16900,3,3,3,1
16901,4,4,4,1
16902,4,3,3,1
16903,5,4,4,1
16904,3,3,3,1
16905,4,4,4,1
16906,4,3,3,1
16907,5,4,4,1
16908,4,3,3,1
16909,5,4,4,1
16910,5,3,3,1
16911,6,4,4,1
16912,3,3,3,1
16913,4,4,4,1
16914,4,4,4,1
16915,5,4,4,1
16916,4,4,4,1
16917,5,5,5,1
16918,5,4,4,1
16919,6,5,5,1
16920,4,3,3,1
16921,5,4,4,1
16922,5,4,4,1
16923,6,4,4,1
16924,5,4,4,1
16925,6,5,5,1
16926,6,4,4,1
16927,7,5,5,1
16928,3,3,3,1
16929,4,4,4,1
16930,4,4,4,1
16931,5,4,4,1
16932,4,4,4,1
16933,5,5,5,1
16934,5,4,4,1
16935,6,5,5,1
16936,4,3,3,1
16937,5,4,4,1
16938,5,4,4,1
16939,6,4,4,1
16940,5,4,4,1
16941,6,5,5,1
16942,6,4,4,1
16943,7,5,5,1
16944,4,3,3,1
16945,5,4,4,1
16946,5,4,4,1
16947,6,4,4,1
16948,5,4,4,1
16949,6,5,5,1
16950,6,4,4,1
16951,7,5,5,1
16952,5,3,3,1
16953,6,4,4,1
16954,6,4,4,1
16955,7,4,4,1
16956,6,4,4,1
16957,7,5,5,1
16958,7,4,4,1
16959,8,5,5,1
16960,3,3,3,1
16961,4,4,4,1
16962,4,4,4,1
16963,5,4,4,1
16964,4,4,4,1
16965,5,5,5,1
16966,5,4,4,1
16967,6,5,5,1
16968,4,4,4,1
16969,5,5,5,1
16970,5,4,4,1
16971,6,5,5,1
16972,5,4,4,1
16973,6,5,5,1
16974,6,4,4,1
16975,7,5,5,1
16976,4,4,4,1
16977,5,5,5,1
16978,5,5,5,1
16979,6,5,5,1
16980,5,5,5,1
16981,6,6,6,1
16982,6,5,5,1
16983,7,6,6,1
16984,5,4,4,1
16985,6,5,5,1
16986,6,5,5,1
16987,7,5,5,1
16988,6,5,5,1
16989,7,6,6,1
16990,7,5,5,1
16991,8,6,6,1
16992,4,3,3,1
16993,5,4,4,1
16994,5,4,4,1
16995,6,4,4,1
16996,5,4,4,1
16997,6,5,5,1
16998,6,4,4,1
16999,7,5,5,1
17000,5,4,4,1
17001,6,5,5,1
17002,6,4,4,1
17003,7,5,5,1
17004,6,4,4,1
17005,7,5,5,1
17006,7,4,4,1
17007,8,5,5,1
17008,5,4,4,1
17009,6,5,5,1
17010,6,5,5,1
17011,7,5,5,1
17012,6,5,5,1
17013,7,6,6,1
17014,7,5,5,1
17015,8,6,6,1
17016,6,4,4,1
17017,7,5,5,1
17018,7,5,5,1
17019,8,5,5,1
17020,7,5,5,1
17021,8,6,6,1
17022,8,5,5,1
17023,9,6,6,1
17024,3,2,2,1
17025,4,3,3,1
17026,4,3,3,1
17027,5,3,3,1
17028,4,3,3,1
17029,5,4,4,1
17030,5,3,3,1
17031,6,4,4,1
17032,4,3,3,1
17033,5,4,4,1
17034,5,3,3,1
17035,6,4,4,1
17036,5,3,3,1
17037,6,4,4,1
17038,6,3,3,1
17039,7,4,4,1
17040,4,3,3,1
17041,5,4,4,1
17042,5,4,4,1
17043,6,4,4,1
17044,5,4,4,1
17045,6,5,5,1
17046,6,4,4,1
17047,7,5,5,1
17048,5,3,3,1
17049,6,4,4,1
17050,6,4,4,1
17051,7,4,4,1
17052,6,4,4,1
17053,7,5,5,1
17054,7,4,4,1
17055,8,5,5,1
17056,4,3,3,1
17057,5,4,4,1
17058,5,4,4,1
17059,6,4,4,1
17060,5,4,4,1
17061,6,5,5,1
17062,6,4,4,1
17063,7,5,5,1
17064,5,3,3,1
17065,6,4,4,1
17066,6,4,4,1
17067,7,4,4,1
17068,6,4,4,1
17069,7,5,5,1
17070,7,4,4,1
17071,8,5,5,1
17072,5,3,3,1
17073,6,4,4,1
17074,6,4,4,1
17075,7,4,4,1
17076,6,4,4,1
17077,7,5,5,1
17078,7,4,4,1
17079,8,5,5,1
17080,6,3,3,1
17081,7,4,4,1
17082,7,4,4,1
17083,8,4,4,1
17084,7,4,4,1
17085,8,5,5,1
17086,8,4,4,1
17087,9,5,5,1
17088,4,3,3,1
17089,5,4,4,1
17090,5,4,4,1
17091,6,4,4,1
17092,5,4,4,1
17093,6,5,5,1
17094,6,4,4,1
17095,7,5,5,1
17096,5,4,4,1
17097,6,5,5,1
17098,6,4,4,1
17099,7,5,5,1
17100,6,4,4,1
17101,7,5,5,1
17102,7,4,4,1
17103,8,5,5,1
17104,5,4,4,1
17105,6,5,5,1
17106,6,5,5,1
17107,7,5,5,1
17108,6,5,5,1
17109,7,6,6,1
17110,7,5,5,1
17111,8,6,6,1
17112,6,4,4,1
17113,7,5,5,1
17114,7,5,5,1
17115,8,5,5,1
17116,7,5,5,1
17117,8,6,6,1
17118,8,5,5,1
17119,9,6,6,1
17120,5,3,3,1
17121,6,4,4,1
17122,6,4,4,1
17123,7,4,4,1
17124,6,4,4,1
17125,7,5,5,1
17126,7,4,4,1
17127,8,5,5,1
17128,6,4,4,1
17129,7,5,5,1
17130,7,4,4,1
17131,8,5,5,1
17132,7,4,4,1
17133,8,5,5,1
17134,8,4,4,1
17135,9,5,5,1
17136,6,4,4,1
17137,7,5,5,1
17138,7,5,5,1
17139,8,5,5,1
17140,7,5,5,1
17141,8,6,6,1
17142,8,5,5,1
17143,9,6,6,1
17144,7,4,4,1
17145,8,5,5,1
17146,8,5,5,1
17147,9,5,5,1
17148,8,5,5,1
17149,9,6,6,1
17150,9,5,5,1
17151,10,6,6,1
17152,3,2,2,1
17153,4,3,3,1
17154,4,3,3,1
17155,5,3,3,1
17156,4,3,3,1
17157,5,4,4,1
17158,5,3,3,1
17159,6,4,4,1
17160,4,3,3,1
17161,5,4,4,1
17162,5,3,3,1
17163,6,4,4,1
17164,5,3,3,1
17165,6,4,4,1
17166,6,3,3,1
17167,7,4,4,1
17168,4,3,3,1
17169,5,4,4,1
17170,5,4,4,1
17171,6,4,4,1
17172,5,4,4,1
17173,6,5,5,1
17174,6,4,4,1
17175,7,5,5,1
17176,5,3,3,1
17177,6,4,4,1
17178,6,4,4,1
17179,7,4,4,1
17180,6,4,4,1
17181,7,5,5,1
17182,7,4,4,1
17183,8,5,5,1
17184,4,3,3,1
17185,5,4,4,1
17186,5,4,4,1
17187,6,4,4,1
17188,5,4,4,1
17189,6,5,5,1
17190,6,4,4,1
17191,7,5,5,1
17192,5,3,3,1
17193,6,4,4,1
17194,6,4,4,1
17195,7,4,4,1
17196,6,4,4,1
17197,7,5,5,1
17198,7,4,4,1
17199,8,5,5,1
17200,5,3,3,1
17201,6,4,4,1
17202,6,4,4,1
17203,7,4,4,1
17204,6,4,4,1
17205,7,5,5,1
17206,7,4,4,1
17207,8,5,5,1
17208,6,3,3,1
17209,7,4,4,1
17210,7,4,4,1
17211,8,4,4,1
17212,7,4,4,1
17213,8,5,5,1
17214,8,4,4,1
17215,9,5,5,1
17216,4,3,3,1
17217,5,4,4,1
17218,5,4,4,1
17219,6,4,4,1
17220,5,4,4,1
17221,6,5,5,1
17222,6,4,4,1
17223,7,5,5,1
17224,5,4,4,1
17225,6,5,5,1
17226,6,4,4,1
17227,7,5,5,1
17228,6,4,4,1
17229,7,5,5,1
17230,7,4,4,1
17231,8,5,5,1
17232,5,4,4,1
17233,6,5,5,1
17234,6,5,5,1
17235,7,5,5,1
17236,6,5,5,1
17237,7,6,6,1
17238,7,5,5,1
17239,8,6,6,1
17240,6,4,4,1
17241,7,5,5,1
17242,7,5,5,1
17243,8,5,5,1
17244,7,5,5,1
17245,8,6,6,1
17246,8,5,5,1
17247,9,6,6,1
17248,5,3,3,1
17249,6,4,4,1
17250,6,4,4,1
17251,7,4,4,1
17252,6,4,4,1
17253,7,5,5,1
17254,7,4,4,1
17255,8,5,5,1
17256,6,4,4,1
17257,7,5,5,1
17258,7,4,4,1
17259,8,5,5,1
17260,7,4,4,1
17261,8,5,5,1
17262,8,4,4,1
17263,9,5,5,1
17264,6,4,4,1
17265,7,5,5,1
17266,7,5,5,1
17267,8,5,5,1
17268,7,5,5,1
17269,8,6,6,1
17270,8,5,5,1
17271,9,6,6,1
17272,7,4,4,1
17273,8,5,5,1
17274,8,5,5,1
17275,9,5,5,1
17276,8,5,5,1
17277,9,6,6,1
17278,9,5,5,1
17279,10,6,6,1
17280,4,2,2,1
17281,5,3,3,1
17282,5,3,3,1
17283,6,3,3,1
17284,5,3,3,1
17285,6,4,4,1
17286,6,3,3,1
17287,7,4,4,1
17288,5,3,3,1
17289,6,4,4,1
17290,6,3,3,1
17291,7,4,4,1
17292,6,3,3,1
17293,7,4,4,1
17294,7,3,3,1
17295,8,4,4,1
17296,5,3,3,1
17297,6,4,4,1
17298,6,4,4,1
17299,7,4,4,1
17300,6,4,4,1
17301,7,5,5,1
17302,7,4,4,1
17303,8,5,5,1
17304,6,3,3,1
17305,7,4,4,1
17306,7,4,4,1
17307,8,4,4,1
17308,7,4,4,1
17309,8,5,5,1
17310,8,4,4,1
17311,9,5,5,1
17312,5,3,3,1
17313,6,4,4,1
17314,6,4,4,1
17315,7,4,4,1
17316,6,4,4,1
17317,7,5,5,1
17318,7,4,4,1
17319,8,5,5,1
17320,6,3,3,1
17321,7,4,4,1
17322,7,4,4,1
17323,8,4,4,1
17324,7,4,4,1
17325,8,5,5,1
17326,8,4,4,1
17327,9,5,5,1
17328,6,3,3,1
17329,7,4,4,1
17330,7,4,4,1
17331,8,4,4,1
17332,7,4,4,1
17333,8,5,5,1
17334,8,4,4,1
17335,9,5,5,1
17336,7,3,3,1
17337,8,4,4,1
17338,8,4,4,1
17339,9,4,4,1
17340,8,4,4,1
17341,9,5,5,1
17342,9,4,4,1
17343,10,5,5,1
17344,5,3,3,1
17345,6,4,4,1
17346,6,4,4,1
17347,7,4,4,1
17348,6,4,4,1
17349,7,5,5,1
17350,7,4,4,1
17351,8,5,5,1
17352,6,4,4,1
17353,7,5,5,1
17354,7,4,4,1
17355,8,5,5,1
17356,7,4,4,1
17357,8,5,5,1
17358,8,4,4,1
17359,9,5,5,1
17360,6,4,4,1
17361,7,5,5,1
17362,7,5,5,1
17363,8,5,5,1
17364,7,5,5,1
17365,8,6,6,1
17366,8,5,5,1
17367,9,6,6,1
17368,7,4,4,1
17369,8,5,5,1
17370,8,5,5,1
17371,9,5,5,1
17372,8,5,5,1
17373,9,6,6,1
17374,9,5,5,1
17375,10,6,6,1
17376,6,3,3,1
17377,7,4,4,1
17378,7,4,4,1
17379,8,4,4,1
17380,7,4,4,1
17381,8,5,5,1
17382,8,4,4,1
17383,9,5,5,1
17384,7,4,4,1
17385,8,5,5,1
17386,8,4,4,1
17387,9,5,5,1
17388,8,4,4,1
17389,9,5,5,1
17390,9,4,4,1
17391,10,5,5,1
17392,7,4,4,1
17393,8,5,5,1
17394,8,5,5,1
17395,9,5,5,1
17396,8,5,5,1
17397,9,6,6,1
17398,9,5,5,1
17399,10,6,6,1
17400,8,4,4,1
17401,9,5,5,1
17402,9,5,5,1
17403,10,5,5,1
17404,9,5,5,1
17405,10,6,6,1
17406,10,5,5,1
17407,11,6,6,1
17408,2,2,2,1
17409,3,3,3,1
17410,3,3,3,1
17411,4,3,3,1
17412,3,3,3,1
17413,4,4,4,1
17414,4,3,3,1
17415,5,4,4,1
17416,3,3,3,1
17417,4,4,4,1
17418,4,3,3,1
17419,5,4,4,1
17420,4,3,3,1
17421,5,4,4,1
17422,5,3,3,1
17423,6,4,4,1
17424,3,3,3,1
17425,4,4,4,1
17426,4,4,4,1
17427,5,4,4,1
17428,4,4,4,1
17429,5,5,5,1
17430,5,4,4,1
17431,6,5,5,1
17432,4,3,3,1
17433,5,4,4,1
17434,5,4,4,1
17435,6,4,4,1
17436,5,4,4,1
17437,6,5,5,1
17438,6,4,4,1
17439,7,5,5,1
17440,3,3,3,1
17441,4,4,4,1
17442,4,4,4,1
17443,5,4,4,1
17444,4,4,4,1
17445,5,5,5,1
17446,5,4,4,1
17447,6,5,5,1
17448,4,3,3,1
17449,5,4,4,1
17450,5,4,4,1
17451,6,4,4,1
17452,5,4,4,1
17453,6,5,5,1
17454,6,4,4,1
17455,7,5,5,1
17456,4,3,3,1
17457,5,4,4,1
17458,5,4,4,1
17459,6,4,4,1
17460,5,4,4,1
17461,6,5,5,1
17462,6,4,4,1
17463,7,5,5,1
17464,5,3,3,1
17465,6,4,4,1
17466,6,4,4,1
17467,7,4,4,1
17468,6,4,4,1
17469,7,5,5,1
17470,7,4,4,1
17471,8,5,5,1
17472,3,3,3,1
17473,4,4,4,1
17474,4,4,4,1
17475,5,4,4,1
17476,4,4,4,1
17477,5,5,5,1
17478,5,4,4,1
17479,6,5,5,1
17480,4,4,4,1
17481,5,5,5,1
17482,5,4,4,1
17483,6,5,5,1
17484,5,4,4,1
17485,6,5,5,1
17486,6,4,4,1
17487,7,5,5,1
17488,4,4,4,1
17489,5,5,5,1
17490,5,5,5,1
17491,6,5,5,1
17492,5,5,5,1
17493,6,6,6,1
17494,6,5,5,1
17495,7,6,6,1
17496,5,4,4,1
17497,6,5,5,1
17498,6,5,5,1
17499,7,5,5,1
17500,6,5,5,1
17501,7,6,6,1
17502,7,5,5,1
17503,8,6,6,1
17504,4,3,3,1
17505,5,4,4,1
17506,5,4,4,1
17507,6,4,4,1
17508,5,4,4,1
17509,6,5,5,1
17510,6,4,4,1
17511,7,5,5,1
17512,5,4,4,1
17513,6,5,5,1
17514,6,4,4,1
17515,7,5,5,1
17516,6,4,4,1
17517,7,5,5,1
17518,7,4,4,1
17519,8,5,5,1
17520,5,4,4,1
17521,6,5,5,1
17522,6,5,5,1
17523,7,5,5,1
17524,6,5,5,1
17525,7,6,6,1
17526,7,5,5,1
17527,8,6,6,1
17528,6,4,4,1
17529,7,5,5,1
17530,7,5,5,1
17531,8,5,5,1
17532,7,5,5,1
17533,8,6,6,1
17534,8,5,5,1
17535,9,6,6,1
17536,3,3,3,1
17537,4,4,4,1
17538,4,4,4,1
17539,5,4,4,1
17540,4,4,4,1
17541,5,5,5,1
17542,5,4,4,1
17543,6,5,5,1
17544,4,4,4,1
17545,5,5,5,1
17546,5,4,4,1
17547,6,5,5,1
17548,5,4,4,1
17549,6,5,5,1
17550,6,4,4,1
17551,7,5,5,1
17552,4,4,4,1
17553,5,5,5,1
17554,5,5,5,1
17555,6,5,5,1
17556,5,5,5,1
17557,6,6,6,1
17558,6,5,5,1
17559,7,6,6,1
17560,5,4,4,1
17561,6,5,5,1
17562,6,5,5,1
17563,7,5,5,1
17564,6,5,5,1
17565,7,6,6,1
17566,7,5,5,1
17567,8,6,6,1
17568,4,3,3,1
17569,5,4,4,1
17570,5,4,4,1
17571,6,4,4,1
17572,5,4,4,1
17573,6,5,5,1
17574,6,4,4,1
17575,7,5,5,1
17576,5,4,4,1
17577,6,5,5,1
17578,6,4,4,1
17579,7,5,5,1
17580,6,4,4,1
17581,7,5,5,1
17582,7,4,4,1
17583,8,5,5,1
17584,5,4,4,1
17585,6,5,5,1
17586,6,5,5,1
17587,7,5,5,1
17588,6,5,5,1
17589,7,6,6,1
17590,7,5,5,1
17591,8,6,6,1
17592,6,4,4,1
17593,7,5,5,1
17594,7,5,5,1
17595,8,5,5,1
17596,7,5,5,1
17597,8,6,6,1
17598,8,5,5,1
17599,9,6,6,1
17600,4,3,3,1
17601,5,4,4,1
17602,5,4,4,1
17603,6,4,4,1
17604,5,4,4,1
17605,6,5,5,1
17606,6,4,4,1
17607,7,5,5,1
17608,5,4,4,1
17609,6,5,5,1
17610,6,4,4,1
17611,7,5,5,1
17612,6,4,4,1
17613,7,5,5,1
17614,7,4,4,1
17615,8,5,5,1
17616,5,4,4,1
17617,6,5,5,1
17618,6,5,5,1
17619,7,5,5,1
17620,6,5,5,1
17621,7,6,6,1
17622,7,5,5,1
17623,8,6,6,1
17624,6,4,4,1
17625,7,5,5,1
17626,7,5,5,1
17627,8,5,5,1
17628,7,5,5,1
17629,8,6,6,1
17630,8,5,5,1
17631,9,6,6,1
17632,5,3,3,1
17633,6,4,4,1
17634,6,4,4,1
17635,7,4,4,1
17636,6,4,4,1
17637,7,5,5,1
17638,7,4,4,1
17639,8,5,5,1
17640,6,4,4,1
17641,7,5,5,1
17642,7,4,4,1
17643,8,5,5,1
17644,7,4,4,1
17645,8,5,5,1
17646,8,4,4,1
17647,9,5,5,1
17648,6,4,4,1
17649,7,5,5,1
17650,7,5,5,1
17651,8,5,5,1
17652,7,5,5,1
17653,8,6,6,1
17654,8,5,5,1
17655,9,6,6,1
17656,7,4,4,1
17657,8,5,5,1
17658,8,5,5,1
17659,9,5,5,1
17660,8,5,5,1
17661,9,6,6,1
17662,9,5,5,1
17663,10,6,6,1
17664,3,3,3,1
17665,4,4,4,1
17666,4,4,4,1
17667,5,4,4,1
17668,4,4,4,1
17669,5,5,5,1
17670,5,4,4,1
17671,6,5,5,1
17672,4,4,4,1
17673,5,5,5,1
17674,5,4,4,1
17675,6,5,5,1
17676,5,4,4,1
17677,6,5,5,1
17678,6,4,4,1
17679,7,5,5,1
17680,4,4,4,1
17681,5,5,5,1
17682,5,5,5,1
17683,6,5,5,1
17684,5,5,5,1
17685,6,6,6,1
17686,6,5,5,1
17687,7,6,6,1
17688,5,4,4,1
17689,6,5,5,1
17690,6,5,5,1
17691,7,5,5,1
17692,6,5,5,1
17693,7,6,6,1
17694,7,5,5,1
17695,8,6,6,1
17696,4,4,4,1
17697,5,5,5,1
17698,5,5,5,1
17699,6,5,5,1
17700,5,5,5,1
17701,6,6,6,1
17702,6,5,5,1
17703,7,6,6,1
17704,5,4,4,1
17705,6,5,5,1
17706,6,5,5,1
17707,7,5,5,1
17708,6,5,5,1
17709,7,6,6,1
17710,7,5,5,1
17711,8,6,6,1
17712,5,4,4,1
17713,6,5,5,1
17714,6,5,5,1
17715,7,5,5,1
17716,6,5,5,1
17717,7,6,6,1
17718,7,5,5,1
17719,8,6,6,1
17720,6,4,4,1
17721,7,5,5,1
17722,7,5,5,1
17723,8,5,5,1
17724,7,5,5,1
17725,8,6,6,1
17726,8,5,5,1
17727,9,6,6,1
17728,4,4,4,1
17729,5,5,5,1
17730,5,5,5,1
17731,6,5,5,1
17732,5,5,5,1
17733,6,6,6,1
17734,6,5,5,1
17735,7,6,6,1
17736,5,5,5,1
17737,6,6,6,1
17738,6,5,5,1
17739,7,6,6,1
17740,6,5,5,1
17741,7,6,6,1
17742,7,5,5,1
17743,8,6,6,1
17744,5,5,5,1
17745,6,6,6,1
17746,6,6,6,1
17747,7,6,6,1
17748,6,6,6,1
17749,7,7,7,1
17750,7,6,6,1
17751,8,7,7,1
17752,6,5,5,1
17753,7,6,6,1
17754,7,6,6,1
17755,8,6,6,1
17756,7,6,6,1
17757,8,7,7,1
17758,8,6,6,1
17759,9,7,7,1
17760,5,4,4,1
17761,6,5,5,1
17762,6,5,5,1
17763,7,5,5,1
17764,6,5,5,1
17765,7,6,6,1
17766,7,5,5,1
17767,8,6,6,1
17768,6,5,5,1
17769,7,6,6,1
17770,7,5,5,1
17771,8,6,6,1
17772,7,5,5,1
17773,8,6,6,1
17774,8,5,5,1
17775,9,6,6,1
17776,6,5,5,1
17777,7,6,6,1
17778,7,6,6,1
17779,8,6,6,1
17780,7,6,6,1
17781,8,7,7,1
17782,8,6,6,1
17783,9,7,7,1
17784,7,5,5,1
17785,8,6,6,1
17786,8,6,6,1
17787,9,6,6,1
17788,8,6,6,1
17789,9,7,7,1
17790,9,6,6,1
17791,10,7,7,1
17792,4,3,3,1
17793,5,4,4,1
17794,5,4,4,1
17795,6,4,4,1
17796,5,4,4,1
17797,6,5,5,1
17798,6,4,4,1
17799,7,5,5,1
17800,5,4,4,1
17801,6,5,5,1
17802,6,4,4,1
17803,7,5,5,1
17804,6,4,4,1
17805,7,5,5,1
17806,7,4,4,1
17807,8,5,5,1
17808,5,4,4,1
17809,6,5,5,1
17810,6,5,5,1
17811,7,5,5,1
17812,6,5,5,1
17813,7,6,6,1
17814,7,5,5,1
17815,8,6,6,1
17816,6,4,4,1
17817,7,5,5,1
17818,7,5,5,1
17819,8,5,5,1
17820,7,5,5,1
17821,8,6,6,1
17822,8,5,5,1
17823,9,6,6,1
17824,5,4,4,1
17825,6,5,5,1
17826,6,5,5,1
17827,7,5,5,1
17828,6,5,5,1
17829,7,6,6,1
17830,7,5,5,1
17831,8,6,6,1
17832,6,4,4,1
17833,7,5,5,1
17834,7,5,5,1
17835,8,5,5,1
17836,7,5,5,1
17837,8,6,6,1
17838,8,5,5,1
17839,9,6,6,1
17840,6,4,4,1
17841,7,5,5,1
17842,7,5,5,1
17843,8,5,5,1
17844,7,5,5,1
17845,8,6,6,1
17846,8,5,5,1
17847,9,6,6,1
17848,7,4,4,1
17849,8,5,5,1
17850,8,5,5,1
17851,9,5,5,1
17852,8,5,5,1
17853,9,6,6,1
17854,9,5,5,1
17855,10,6,6,1
17856,5,4,4,1
17857,6,5,5,1
17858,6,5,5,1
17859,7,5,5,1
17860,6,5,5,1
17861,7,6,6,1
17862,7,5,5,1
17863,8,6,6,1
17864,6,5,5,1
17865,7,6,6,1
17866,7,5,5,1
17867,8,6,6,1
17868,7,5,5,1
17869,8,6,6,1
17870,8,5,5,1
17871,9,6,6,1
17872,6,5,5,1
17873,7,6,6,1
17874,7,6,6,1
17875,8,6,6,1
17876,7,6,6,1
17877,8,7,7,1
17878,8,6,6,1
17879,9,7,7,1
17880,7,5,5,1
17881,8,6,6,1
17882,8,6,6,1
17883,9,6,6,1
17884,8,6,6,1
17885,9,7,7,1
17886,9,6,6,1
17887,10,7,7,1
17888,6,4,4,1
17889,7,5,5,1
17890,7,5,5,1
17891,8,5,5,1
17892,7,5,5,1
17893,8,6,6,1
17894,8,5,5,1
17895,9,6,6,1
17896,7,5,5,1
17897,8,6,6,1
17898,8,5,5,1
17899,9,6,6,1
17900,8,5,5,1
17901,9,6,6,1
17902,9,5,5,1
17903,10,6,6,1
17904,7,5,5,1
17905,8,6,6,1
17906,8,6,6,1
17907,9,6,6,1
17908,8,6,6,1
17909,9,7,7,1
17910,9,6,6,1
17911,10,7,7,1
17912,8,5,5,1
17913,9,6,6,1
17914,9,6,6,1
17915,10,6,6,1
17916,9,6,6,1
17917,10,7,7,1
17918,10,6,6,1
17919,11,7,7,1
17920,3,2,2,1
17921,4,3,3,1
17922,4,3,3,1
17923,5,3,3,1
17924,4,3,3,1
17925,5,4,4,1
17926,5,3,3,1
17927,6,4,4,1
17928,4,3,3,1
17929,5,4,4,1
17930,5,3,3,1
17931,6,4,4,1
17932,5,3,3,1
17933,6,4,4,1
17934,6,3,3,1
17935,7,4,4,1
17936,4,3,3,1
17937,5,4,4,1
17938,5,4,4,1
17939,6,4,4,1
17940,5,4,4,1
17941,6,5,5,1
17942,6,4,4,1
17943,7,5,5,1
17944,5,3,3,1
17945,6,4,4,1
17946,6,4,4,1
17947,7,4,4,1
17948,6,4,4,1
17949,7,5,5,1
17950,7,4,4,1
17951,8,5,5,1
17952,4,3,3,1
17953,5,4,4,1
17954,5,4,4,1
17955,6,4,4,1
17956,5,4,4,1
17957,6,5,5,1
17958,6,4,4,1
17959,7,5,5,1
17960,5,3,3,1
17961,6,4,4,1
17962,6,4,4,1
17963,7,4,4,1
17964,6,4,4,1
17965,7,5,5,1
17966,7,4,4,1
17967,8,5,5,1
17968,5,3,3,1
17969,6,4,4,1
17970,6,4,4,1
17971,7,4,4,1
17972,6,4,4,1
17973,7,5,5,1
17974,7,4,4,1
17975,8,5,5,1
17976,6,3,3,1
17977,7,4,4,1
17978,7,4,4,1
17979,8,4,4,1
17980,7,4,4,1
17981,8,5,5,1
17982,8,4,4,1
17983,9,5,5,1
17984,4,3,3,1
17985,5,4,4,1
17986,5,4,4,1
17987,6,4,4,1
17988,5,4,4,1
17989,6,5,5,1
17990,6,4,4,1
17991,7,5,5,1
17992,5,4,4,1
17993,6,5,5,1
17994,6,4,4,1
17995,7,5,5,1
17996,6,4,4,1
17997,7,5,5,1
17998,7,4,4,1
17999,8,5,5,1
18000,5,4,4,1
18001,6,5,5,1
18002,6,5,5,1
18003,7,5,5,1
18004,6,5,5,1
18005,7,6,6,1
18006,7,5,5,1
18007,8,6,6,1
18008,6,4,4,1
18009,7,5,5,1
18010,7,5,5,1
18011,8,5,5,1
18012,7,5,5,1
18013,8,6,6,1
18014,8,5,5,1
18015,9,6,6,1
18016,5,3,3,1
18017,6,4,4,1
18018,6,4,4,1
18019,7,4,4,1
18020,6,4,4,1
18021,7,5,5,1
18022,7,4,4,1
18023,8,5,5,1
18024,6,4,4,1
18025,7,5,5,1
18026,7,4,4,1
18027,8,5,5,1
18028,7,4,4,1
18029,8,5,5,1
18030,8,4,4,1
18031,9,5,5,1
18032,6,4,4,1
18033,7,5,5,1
18034,7,5,5,1
18035,8,5,5,1
18036,7,5,5,1
18037,8,6,6,1
18038,8,5,5,1
18039,9,6,6,1
18040,7,4,4,1
18041,8,5,5,1
18042,8,5,5,1
18043,9,5,5,1
18044,8,5,5,1
18045,9,6,6,1
18046,9,5,5,1
18047,10,6,6,1
18048,4,3,3,1
18049,5,4,4,1
18050,5,4,4,1
18051,6,4,4,1
18052,5,4,4,1
18053,6,5,5,1
18054,6,4,4,1
18055,7,5,5,1
18056,5,4,4,1
18057,6,5,5,1
18058,6,4,4,1
18059,7,5,5,1
18060,6,4,4,1
18061,7,5,5,1
18062,7,4,4,1
18063,8,5,5,1
18064,5,4,4,1
18065,6,5,5,1
18066,6,5,5,1
18067,7,5,5,1
18068,6,5,5,1
18069,7,6,6,1
18070,7,5,5,1
18071,8,6,6,1
18072,6,4,4,1
18073,7,5,5,1
18074,7,5,5,1
18075,8,5,5,1
18076,7,5,5,1
18077,8,6,6,1
18078,8,5,5,1
18079,9,6,6,1
18080,5,3,3,1
18081,6,4,4,1
18082,6,4,4,1
18083,7,4,4,1
18084,6,4,4,1
18085,7,5,5,1
18086,7,4,4,1
18087,8,5,5,1
18088,6,4,4,1
18089,7,5,5,1
18090,7,4,4,1
18091,8,5,5,1
18092,7,4,4,1
18093,8,5,5,1
18094,8,4,4,1
18095,9,5,5,1
18096,6,4,4,1
18097,7,5,5,1
18098,7,5,5,1
18099,8,5,5,1
18100,7,5,5,1
18101,8,6,6,1
18102,8,5,5,1
18103,9,6,6,1
18104,7,4,4,1
18105,8,5,5,1
18106,8,5,5,1
18107,9,5,5,1
18108,8,5,5,1
18109,9,6,6,1
18110,9,5,5,1
18111,10,6,6,1
18112,5,3,3,1
18113,6,4,4,1
18114,6,4,4,1
18115,7,4,4,1
18116,6,4,4,1
18117,7,5,5,1
18118,7,4,4,1
18119,8,5,5,1
18120,6,4,4,1
18121,7,5,5,1
18122,7,4,4,1
18123,8,5,5,1
18124,7,4,4,1
18125,8,5,5,1
18126,8,4,4,1
18127,9,5,5,1
18128,6,4,4,1
18129,7,5,5,1
18130,7,5,5,1
18131,8,5,5,1
18132,7,5,5,1
18133,8,6,6,1
18134,8,5,5,1
18135,9,6,6,1
18136,7,4,4,1
18137,8,5,5,1
18138,8,5,5,1
18139,9,5,5,1
18140,8,5,5,1
18141,9,6,6,1
18142,9,5,5,1
18143,10,6,6,1
18144,6,3,3,1
18145,7,4,4,1
18146,7,4,4,1
18147,8,4,4,1
18148,7,4,4,1
18149,8,5,5,1
18150,8,4,4,1
18151,9,5,5,1
18152,7,4,4,1
18153,8,5,5,1
18154,8,4,4,1
18155,9,5,5,1
18156,8,4,4,1
18157,9,5,5,1
18158,9,4,4,1
18159,10,5,5,1
18160,7,4,4,1
18161,8,5,5,1
18162,8,5,5,1
18163,9,5,5,1
18164,8,5,5,1
18165,9,6,6,1
18166,9,5,5,1
18167,10,6,6,1
18168,8,4,4,1
18169,9,5,5,1
18170,9,5,5,1
18171,10,5,5,1
18172,9,5,5,1
18173,10,6,6,1
18174,10,5,5,1
18175,11,6,6,1
18176,4,3,3,1
18177,5,4,4,1
18178,5,4,4,1
18179,6,4,4,1
18180,5,4,4,1
18181,6,5,5,1
18182,6,4,4,1
18183,7,5,5,1
18184,5,4,4,1
18185,6,5,5,1
18186,6,4,4,1
18187,7,5,5,1
18188,6,4,4,1
18189,7,5,5,1
18190,7,4,4,1
18191,8,5,5,1
18192,5,4,4,1
18193,6,5,5,1
18194,6,5,5,1
18195,7,5,5,1
18196,6,5,5,1
18197,7,6,6,1
18198,7,5,5,1
18199,8,6,6,1
18200,6,4,4,1
18201,7,5,5,1
18202,7,5,5,1
18203,8,5,5,1
18204,7,5,5,1
18205,8,6,6,1
18206,8,5,5,1
18207,9,6,6,1
18208,5,4,4,1
18209,6,5,5,1
18210,6,5,5,1
18211,7,5,5,1
18212,6,5,5,1
18213,7,6,6,1
18214,7,5,5,1
18215,8,6,6,1
18216,6,4,4,1
18217,7,5,5,1
18218,7,5,5,1
18219,8,5,5,1
18220,7,5,5,1
18221,8,6,6,1
18222,8,5,5,1
18223,9,6,6,1
18224,6,4,4,1
18225,7,5,5,1
18226,7,5,5,1
18227,8,5,5,1
18228,7,5,5,1
18229,8,6,6,1
18230,8,5,5,1
18231,9,6,6,1
18232,7,4,4,1
18233,8,5,5,1
18234,8,5,5,1
18235,9,5,5,1
18236,8,5,5,1
18237,9,6,6,1
18238,9,5,5,1
18239,10,6,6,1
18240,5,4,4,1
18241,6,5,5,1
18242,6,5,5,1
18243,7,5,5,1
18244,6,5,5,1
18245,7,6,6,1
18246,7,5,5,1
18247,8,6,6,1
18248,6,5,5,1
18249,7,6,6,1
18250,7,5,5,1
18251,8,6,6,1
18252,7,5,5,1
18253,8,6,6,1
18254,8,5,5,1
18255,9,6,6,1
18256,6,5,5,1
18257,7,6,6,1
18258,7,6,6,1
18259,8,6,6,1
18260,7,6,6,1
18261,8,7,7,1
18262,8,6,6,1
18263,9,7,7,1
18264,7,5,5,1
18265,8,6,6,1
18266,8,6,6,1
18267,9,6,6,1
18268,8,6,6,1
18269,9,7,7,1
18270,9,6,6,1
18271,10,7,7,1
18272,6,4,4,1
18273,7,5,5,1
18274,7,5,5,1
18275,8,5,5,1
18276,7,5,5,1
18277,8,6,6,1
18278,8,5,5,1
18279,9,6,6,1
18280,7,5,5,1
18281,8,6,6,1
18282,8,5,5,1
18283,9,6,6,1
18284,8,5,5,1
18285,9,6,6,1
18286,9,5,5,1
18287,10,6,6,1
18288,7,5,5,1
18289,8,6,6,1
18290,8,6,6,1
18291,9,6,6,1
18292,8,6,6,1
18293,9,7,7,1
18294,9,6,6,1
18295,10,7,7,1
18296,8,5,5,1
18297,9,6,6,1
18298,9,6,6,1
18299,10,6,6,1
18300,9,6,6,1
18301,10,7,7,1
18302,10,6,6,1
18303,11,7,7,1
18304,5,3,3,1
18305,6,4,4,1
18306,6,4,4,1
18307,7,4,4,1
18308,6,4,4,1
18309,7,5,5,1
18310,7,4,4,1
18311,8,5,5,1
18312,6,4,4,1
18313,7,5,5,1
18314,7,4,4,1
18315,8,5,5,1
18316,7,4,4,1
18317,8,5,5,1
18318,8,4,4,1
18319,9,5,5,1
18320,6,4,4,1
18321,7,5,5,1
18322,7,5,5,1
18323,8,5,5,1
18324,7,5,5,1
18325,8,6,6,1
18326,8,5,5,1
18327,9,6,6,1
18328,7,4,4,1
18329,8,5,5,1
18330,8,5,5,1
18331,9,5,5,1
18332,8,5,5,1
18333,9,6,6,1
18334,9,5,5,1
18335,10,6,6,1
18336,6,4,4,1
18337,7,5,5,1
18338,7,5,5,1
18339,8,5,5,1
18340,7,5,5,1
18341,8,6,6,1
18342,8,5,5,1
18343,9,6,6,1
18344,7,4,4,1
18345,8,5,5,1
18346,8,5,5,1
18347,9,5,5,1
18348,8,5,5,1
18349,9,6,6,1
18350,9,5,5,1
18351,10,6,6,1
18352,7,4,4,1
18353,8,5,5,1
18354,8,5,5,1
18355,9,5,5,1
18356,8,5,5,1
18357,9,6,6,1
18358,9,5,5,1
18359,10,6,6,1
18360,8,4,4,1
18361,9,5,5,1
18362,9,5,5,1
18363,10,5,5,1
18364,9,5,5,1
18365,10,6,6,1
18366,10,5,5,1
18367,11,6,6,1
18368,6,4,4,1
18369,7,5,5,1
18370,7,5,5,1
18371,8,5,5,1
18372,7,5,5,1
18373,8,6,6,1
18374,8,5,5,1
18375,9,6,6,1
18376,7,5,5,1
18377,8,6,6,1
18378,8,5,5,1
18379,9,6,6,1
18380,8,5,5,1
18381,9,6,6,1
18382,9,5,5,1
18383,10,6,6,1
18384,7,5,5,1
18385,8,6,6,1
18386,8,6,6,1
18387,9,6,6,1
18388,8,6,6,1
18389,9,7,7,1
18390,9,6,6,1
18391,10,7,7,1
18392,8,5,5,1
18393,9,6,6,1
18394,9,6,6,1
18395,10,6,6,1
18396,9,6,6,1
18397,10,7,7,1
18398,10,6,6,1
18399,11,7,7,1
18400,7,4,4,1
18401,8,5,5,1
18402,8,5,5,1
18403,9,5,5,1
18404,8,5,5,1
18405,9,6,6,1
18406,9,5,5,1
18407,10,6,6,1
18408,8,5,5,1
18409,9,6,6,1
18410,9,5,5,1
18411,10,6,6,1
18412,9,5,5,1
18413,10,6,6,1
18414,10,5,5,1
18415,11,6,6,1
18416,8,5,5,1
18417,9,6,6,1
18418,9,6,6,1
18419,10,6,6,1
18420,9,6,6,1
18421,10,7,7,1
18422,10,6,6,1
18423,11,7,7,1
18424,9,5,5,1
18425,10,6,6,1
18426,10,6,6,1
18427,11,6,6,1
18428,10,6,6,1
18429,11,7,7,1
18430,11,6,6,1
18431,12,7,7,1
18432,2,2,2,1
18433,3,3,3,1
18434,3,3,3,1
18435,4,3,3,1
18436,3,3,3,1
18437,4,4,4,1
18438,4,3,3,1
18439,5,4,4,1
18440,3,3,3,1
18441,4,4,4,1
18442,4,3,3,1
18443,5,4,4,1
18444,4,3,3,1
18445,5,4,4,1
18446,5,3,3,1
18447,6,4,4,1
18448,3,3,3,1
18449,4,4,4,1
18450,4,4,4,1
18451,5,4,4,1
18452,4,4,4,1
18453,5,5,5,1
18454,5,4,4,1
18455,6,5,5,1
18456,4,3,3,1
18457,5,4,4,1
18458,5,4,4,1
18459,6,4,4,1
18460,5,4,4,1
18461,6,5,5,1
18462,6,4,4,1
18463,7,5,5,1
18464,3,3,3,1
18465,4,4,4,1
18466,4,4,4,1
18467,5,4,4,1
18468,4,4,4,1
18469,5,5,5,1
18470,5,4,4,1
18471,6,5,5,1
18472,4,3,3,1
18473,5,4,4,1
18474,5,4,4,1
18475,6,4,4,1
18476,5,4,4,1
18477,6,5,5,1
18478,6,4,4,1
18479,7,5,5,1
18480,4,3,3,1
18481,5,4,4,1
18482,5,4,4,1
18483,6,4,4,1
18484,5,4,4,1
18485,6,5,5,1
18486,6,4,4,1
18487,7,5,5,1
18488,5,3,3,1
18489,6,4,4,1
18490,6,4,4,1
18491,7,4,4,1
18492,6,4,4,1
18493,7,5,5,1
18494,7,4,4,1
18495,8,5,5,1
18496,3,3,3,1
18497,4,4,4,1
18498,4,4,4,1
18499,5,4,4,1
18500,4,4,4,1
18501,5,5,5,1
18502,5,4,4,1
18503,6,5,5,1
18504,4,4,4,1
18505,5,5,5,1
18506,5,4,4,1
18507,6,5,5,1
18508,5,4,4,1
18509,6,5,5,1
18510,6,4,4,1
18511,7,5,5,1
18512,4,4,4,1
18513,5,5,5,1
18514,5,5,5,1
18515,6,5,5,1
18516,5,5,5,1
18517,6,6,6,1
18518,6,5,5,1
18519,7,6,6,1
18520,5,4,4,1
18521,6,5,5,1
18522,6,5,5,1
18523,7,5,5,1
18524,6,5,5,1
18525,7,6,6,1
18526,7,5,5,1
18527,8,6,6,1
18528,4,3,3,1
18529,5,4,4,1
18530,5,4,4,1
18531,6,4,4,1
18532,5,4,4,1
18533,6,5,5,1
18534,6,4,4,1
18535,7,5,5,1
18536,5,4,4,1
18537,6,5,5,1
18538,6,4,4,1
18539,7,5,5,1
18540,6,4,4,1
18541,7,5,5,1
18542,7,4,4,1
18543,8,5,5,1
18544,5,4,4,1
18545,6,5,5,1
18546,6,5,5,1
18547,7,5,5,1
18548,6,5,5,1
18549,7,6,6,1
18550,7,5,5,1
18551,8,6,6,1
18552,6,4,4,1
18553,7,5,5,1
18554,7,5,5,1
18555,8,5,5,1
18556,7,5,5,1
18557,8,6,6,1
18558,8,5,5,1
18559,9,6,6,1
18560,3,3,3,1
18561,4,4,4,1
18562,4,4,4,1
18563,5,4,4,1
18564,4,4,4,1
18565,5,5,5,1
18566,5,4,4,1
18567,6,5,5,1
18568,4,4,4,1
18569,5,5,5,1
18570,5,4,4,1
18571,6,5,5,1
18572,5,4,4,1
18573,6,5,5,1
18574,6,4,4,1
18575,7,5,5,1
18576,4,4,4,1
18577,5,5,5,1
18578,5,5,5,1
18579,6,5,5,1
18580,5,5,5,1
18581,6,6,6,1
18582,6,5,5,1
18583,7,6,6,1
18584,5,4,4,1
18585,6,5,5,1
18586,6,5,5,1
18587,7,5,5,1
18588,6,5,5,1
18589,7,6,6,1
18590,7,5,5,1
18591,8,6,6,1
18592,4,3,3,1
18593,5,4,4,1
18594,5,4,4,1
18595,6,4,4,1
18596,5,4,4,1
18597,6,5,5,1
18598,6,4,4,1
18599,7,5,5,1
18600,5,4,4,1
18601,6,5,5,1
18602,6,4,4,1
18603,7,5,5,1
18604,6,4,4,1
18605,7,5,5,1
18606,7,4,4,1
18607,8,5,5,1
18608,5,4,4,1
18609,6,5,5,1
18610,6,5,5,1
18611,7,5,5,1
18612,6,5,5,1
18613,7,6,6,1
18614,7,5,5,1
18615,8,6,6,1
18616,6,4,4,1
18617,7,5,5,1
18618,7,5,5,1
18619,8,5,5,1
18620,7,5,5,1
18621,8,6,6,1
18622,8,5,5,1
18623,9,6,6,1
18624,4,3,3,1
18625,5,4,4,1
18626,5,4,4,1
18627,6,4,4,1
18628,5,4,4,1
18629,6,5,5,1
18630,6,4,4,1
18631,7,5,5,1
18632,5,4,4,1
18633,6,5,5,1
18634,6,4,4,1
18635,7,5,5,1
18636,6,4,4,1
18637,7,5,5,1
18638,7,4,4,1
18639,8,5,5,1
18640,5,4,4,1
18641,6,5,5,1
18642,6,5,5,1
18643,7,5,5,1
18644,6,5,5,1
18645,7,6,6,1
18646,7,5,5,1
18647,8,6,6,1
18648,6,4,4,1
18649,7,5,5,1
18650,7,5,5,1
18651,8,5,5,1
18652,7,5,5,1
18653,8,6,6,1
18654,8,5,5,1
18655,9,6,6,1
18656,5,3,3,1
18657,6,4,4,1
18658,6,4,4,1
18659,7,4,4,1
18660,6,4,4,1
18661,7,5,5,1
18662,7,4,4,1
18663,8,5,5,1
18664,6,4,4,1
18665,7,5,5,1
18666,7,4,4,1
18667,8,5,5,1
18668,7,4,4,1
18669,8,5,5,1
18670,8,4,4,1
18671,9,5,5,1
18672,6,4,4,1
18673,7,5,5,1
18674,7,5,5,1
18675,8,5,5,1
18676,7,5,5,1
18677,8,6,6,1
18678,8,5,5,1
18679,9,6,6,1
18680,7,4,4,1
18681,8,5,5,1
18682,8,5,5,1
18683,9,5,5,1
18684,8,5,5,1
18685,9,6,6,1
18686,9,5,5,1
18687,10,6,6,1
18688,3,3,3,1
18689,4,4,4,1
18690,4,4,4,1
18691,5,4,4,1
18692,4,4,4,1
18693,5,5,5,1
18694,5,4,4,1
18695,6,5,5,1
18696,4,4,4,1
18697,5,5,5,1
18698,5,4,4,1
18699,6,5,5,1
18700,5,4,4,1
18701,6,5,5,1
18702,6,4,4,1
18703,7,5,5,1
18704,4,4,4,1
18705,5,5,5,1
18706,5,5,5,1
18707,6,5,5,1
18708,5,5,5,1
18709,6,6,6,1
18710,6,5,5,1
18711,7,6,6,1
18712,5,4,4,1
18713,6,5,5,1
18714,6,5,5,1
18715,7,5,5,1
18716,6,5,5,1
18717,7,6,6,1
18718,7,5,5,1
18719,8,6,6,1
18720,4,4,4,1
18721,5,5,5,1
18722,5,5,5,1
18723,6,5,5,1
18724,5,5,5,1
18725,6,6,6,1
18726,6,5,5,1
18727,7,6,6,1
18728,5,4,4,1
18729,6,5,5,1
18730,6,5,5,1
18731,7,5,5,1
18732,6,5,5,1
18733,7,6,6,1
18734,7,5,5,1
18735,8,6,6,1
18736,5,4,4,1
18737,6,5,5,1
18738,6,5,5,1
18739,7,5,5,1
18740,6,5,5,1
18741,7,6,6,1
18742,7,5,5,1
18743,8,6,6,1
18744,6,4,4,1
18745,7,5,5,1
18746,7,5,5,1
18747,8,5,5,1
18748,7,5,5,1
18749,8,6,6,1
18750,8,5,5,1
18751,9,6,6,1
18752,4,4,4,1
18753,5,5,5,1
18754,5,5,5,1
18755,6,5,5,1
18756,5,5,5,1
18757,6,6,6,1
18758,6,5,5,1
18759,7,6,6,1
18760,5,5,5,1
18761,6,6,6,1
18762,6,5,5,1
18763,7,6,6,1
18764,6,5,5,1
18765,7,6,6,1
18766,7,5,5,1
18767,8,6,6,1
18768,5,5,5,1
18769,6,6,6,1
18770,6,6,6,1
18771,7,6,6,1
18772,6,6,6,1
18773,7,7,7,1
18774,7,6,6,1
18775,8,7,7,1
18776,6,5,5,1
18777,7,6,6,1
18778,7,6,6,1
18779,8,6,6,1
18780,7,6,6,1
18781,8,7,7,1
18782,8,6,6,1
18783,9,7,7,1
18784,5,4,4,1
18785,6,5,5,1
18786,6,5,5,1
18787,7,5,5,1
18788,6,5,5,1
18789,7,6,6,1
18790,7,5,5,1
18791,8,6,6,1
18792,6,5,5,1
18793,7,6,6,1
18794,7,5,5,1
18795,8,6,6,1
18796,7,5,5,1
18797,8,6,6,1
18798,8,5,5,1
18799,9,6,6,1
18800,6,5,5,1
18801,7,6,6,1
18802,7,6,6,1
18803,8,6,6,1
18804,7,6,6,1
18805,8,7,7,1
18806,8,6,6,1
18807,9,7,7,1
18808,7,5,5,1
18809,8,6,6,1
18810,8,6,6,1
18811,9,6,6,1
18812,8,6,6,1
18813,9,7,7,1
18814,9,6,6,1
18815,10,7,7,1
18816,4,3,3,1
18817,5,4,4,1
18818,5,4,4,1
18819,6,4,4,1
18820,5,4,4,1
18821,6,5,5,1
18822,6,4,4,1
18823,7,5,5,1
18824,5,4,4,1
18825,6,5,5,1
18826,6,4,4,1
18827,7,5,5,1
18828,6,4,4,1
18829,7,5,5,1
18830,7,4,4,1
18831,8,5,5,1
18832,5,4,4,1
18833,6,5,5,1
18834,6,5,5,1
18835,7,5,5,1
18836,6,5,5,1
18837,7,6,6,1
18838,7,5,5,1
18839,8,6,6,1
18840,6,4,4,1
18841,7,5,5,1
18842,7,5,5,1
18843,8,5,5,1
18844,7,5,5,1
18845,8,6,6,1
18846,8,5,5,1
18847,9,6,6,1
18848,5,4,4,1
18849,6,5,5,1
18850,6,5,5,1
18851,7,5,5,1
18852,6,5,5,1
18853,7,6,6,1
18854,7,5,5,1
18855,8,6,6,1
18856,6,4,4,1
18857,7,5,5,1
18858,7,5,5,1
18859,8,5,5,1
18860,7,5,5,1
18861,8,6,6,1
18862,8,5,5,1
18863,9,6,6,1
18864,6,4,4,1
18865,7,5,5,1
18866,7,5,5,1
18867,8,5,5,1
18868,7,5,5,1
18869,8,6,6,1
18870,8,5,5,1
18871,9,6,6,1
18872,7,4,4,1
18873,8,5,5,1
18874,8,5,5,1
18875,9,5,5,1
18876,8,5,5,1
18877,9,6,6,1
18878,9,5,5,1
18879,10,6,6,1
18880,5,4,4,1
18881,6,5,5,1
18882,6,5,5,1
18883,7,5,5,1
18884,6,5,5,1
18885,7,6,6,1
18886,7,5,5,1
18887,8,6,6,1
18888,6,5,5,1
18889,7,6,6,1
18890,7,5,5,1
18891,8,6,6,1
18892,7,5,5,1
18893,8,6,6,1
18894,8,5,5,1
18895,9,6,6,1
18896,6,5,5,1
18897,7,6,6,1
18898,7,6,6,1
18899,8,6,6,1
18900,7,6,6,1
18901,8,7,7,1
18902,8,6,6,1
18903,9,7,7,1
18904,7,5,5,1
18905,8,6,6,1
18906,8,6,6,1
18907,9,6,6,1
18908,8,6,6,1
18909,9,7,7,1
18910,9,6,6,1
18911,10,7,7,1
18912,6,4,4,1
18913,7,5,5,1
18914,7,5,5,1
18915,8,5,5,1
18916,7,5,5,1
18917,8,6,6,1
18918,8,5,5,1
18919,9,6,6,1
18920,7,5,5,1
18921,8,6,6,1
18922,8,5,5,1
18923,9,6,6,1
18924,8,5,5,1
18925,9,6,6,1
18926,9,5,5,1
18927,10,6,6,1
18928,7,5,5,1
18929,8,6,6,1
18930,8,6,6,1
18931,9,6,6,1
18932,8,6,6,1
18933,9,7,7,1
18934,9,6,6,1
18935,10,7,7,1
18936,8,5,5,1
18937,9,6,6,1
18938,9,6,6,1
18939,10,6,6,1
18940,9,6,6,1
18941,10,7,7,1
18942,10,6,6,1
18943,11,7,7,1
18944,3,2,2,1
18945,4,3,3,1
18946,4,3,3,1
18947,5,3,3,1
18948,4,3,3,1
18949,5,4,4,1
18950,5,3,3,1
18951,6,4,4,1
18952,4,3,3,1
18953,5,4,4,1
18954,5,3,3,1
18955,6,4,4,1
18956,5,3,3,1
18957,6,4,4,1
18958,6,3,3,1
18959,7,4,4,1
18960,4,3,3,1
18961,5,4,4,1
18962,5,4,4,1
18963,6,4,4,1
18964,5,4,4,1
18965,6,5,5,1
18966,6,4,4,1
18967,7,5,5,1
18968,5,3,3,1
18969,6,4,4,1
18970,6,4,4,1
18971,7,4,4,1
18972,6,4,4,1
18973,7,5,5,1
18974,7,4,4,1
18975,8,5,5,1
18976,4,3,3,1
18977,5,4,4,1
18978,5,4,4,1
18979,6,4,4,1
18980,5,4,4,1
18981,6,5,5,1
18982,6,4,4,1
18983,7,5,5,1
18984,5,3,3,1
18985,6,4,4,1
18986,6,4,4,1
18987,7,4,4,1
18988,6,4,4,1
18989,7,5,5,1
18990,7,4,4,1
18991,8,5,5,1
18992,5,3,3,1
18993,6,4,4,1
18994,6,4,4,1
18995,7,4,4,1
18996,6,4,4,1
18997,7,5,5,1
18998,7,4,4,1
18999,8,5,5,1
19000,6,3,3,1
19001,7,4,4,1
19002,7,4,4,1
19003,8,4,4,1
19004,7,4,4,1
19005,8,5,5,1
19006,8,4,4,1
19007,9,5,5,1
19008,4,3,3,1
19009,5,4,4,1
19010,5,4,4,1
19011,6,4,4,1
19012,5,4,4,1
19013,6,5,5,1
19014,6,4,4,1
19015,7,5,5,1
19016,5,4,4,1
19017,6,5,5,1
19018,6,4,4,1
19019,7,5,5,1
19020,6,4,4,1
19021,7,5,5,1
19022,7,4,4,1
19023,8,5,5,1
19024,5,4,4,1
19025,6,5,5,1
19026,6,5,5,1
19027,7,5,5,1
19028,6,5,5,1
19029,7,6,6,1
19030,7,5,5,1
19031,8,6,6,1
19032,6,4,4,1
19033,7,5,5,1
19034,7,5,5,1
19035,8,5,5,1
19036,7,5,5,1
19037,8,6,6,1
19038,8,5,5,1
19039,9,6,6,1
19040,5,3,3,1
19041,6,4,4,1
19042,6,4,4,1
19043,7,4,4,1
19044,6,4,4,1
19045,7,5,5,1
19046,7,4,4,1
19047,8,5,5,1
19048,6,4,4,1
19049,7,5,5,1
19050,7,4,4,1
19051,8,5,5,1
19052,7,4,4,1
19053,8,5,5,1
19054,8,4,4,1
19055,9,5,5,1
19056,6,4,4,1
19057,7,5,5,1
19058,7,5,5,1
19059,8,5,5,1
19060,7,5,5,1
19061,8,6,6,1
19062,8,5,5,1
19063,9,6,6,1
19064,7,4,4,1
19065,8,5,5,1
19066,8,5,5,1
19067,9,5,5,1
19068,8,5,5,1
19069,9,6,6,1
19070,9,5,5,1
19071,10,6,6,1
19072,4,3,3,1
19073,5,4,4,1
19074,5,4,4,1
19075,6,4,4,1
19076,5,4,4,1
19077,6,5,5,1
19078,6,4,4,1
19079,7,5,5,1
19080,5,4,4,1
19081,6,5,5,1
19082,6,4,4,1
19083,7,5,5,1
19084,6,4,4,1
19085,7,5,5,1
19086,7,4,4,1
19087,8,5,5,1
19088,5,4,4,1
19089,6,5,5,1
19090,6,5,5,1
19091,7,5,5,1
19092,6,5,5,1
19093,7,6,6,1
19094,7,5,5,1
19095,8,6,6,1
19096,6,4,4,1
19097,7,5,5,1
19098,7,5,5,1
19099,8,5,5,1
19100,7,5,5,1
19101,8,6,6,1
19102,8,5,5,1
19103,9,6,6,1
19104,5,3,3,1
19105,6,4,4,1
19106,6,4,4,1
19107,7,4,4,1
19108,6,4,4,1
19109,7,5,5,1
19110,7,4,4,1
19111,8,5,5,1
19112,6,4,4,1
19113,7,5,5,1
19114,7,4,4,1
19115,8,5,5,1
19116,7,4,4,1
19117,8,5,5,1
19118,8,4,4,1
19119,9,5,5,1
19120,6,4,4,1
19121,7,5,5,1
19122,7,5,5,1
19123,8,5,5,1
19124,7,5,5,1
19125,8,6,6,1
19126,8,5,5,1
19127,9,6,6,1
19128,7,4,4,1
19129,8,5,5,1
19130,8,5,5,1
19131,9,5,5,1
19132,8,5,5,1
19133,9,6,6,1
19134,9,5,5,1
19135,10,6,6,1
19136,5,3,3,1
19137,6,4,4,1
19138,6,4,4,1
19139,7,4,4,1
19140,6,4,4,1
19141,7,5,5,1
19142,7,4,4,1
19143,8,5,5,1
19144,6,4,4,1
19145,7,5,5,1
19146,7,4,4,1
19147,8,5,5,1
19148,7,4,4,1
19149,8,5,5,1
19150,8,4,4,1
19151,9,5,5,1
19152,6,4,4,1
19153,7,5,5,1
19154,7,5,5,1
19155,8,5,5,1
19156,7,5,5,1
19157,8,6,6,1
19158,8,5,5,1
19159,9,6,6,1
19160,7,4,4,1
19161,8,5,5,1
19162,8,5,5,1
19163,9,5,5,1
19164,8,5,5,1
19165,9,6,6,1
19166,9,5,5,1
19167,10,6,6,1
19168,6,3,3,1
19169,7,4,4,1
19170,7,4,4,1
19171,8,4,4,1
19172,7,4,4,1
19173,8,5,5,1
19174,8,4,4,1
19175,9,5,5,1
19176,7,4,4,1
19177,8,5,5,1
19178,8,4,4,1
19179,9,5,5,1
19180,8,4,4,1
19181,9,5,5,1
19182,9,4,4,1
19183,10,5,5,1
19184,7,4,4,1
19185,8,5,5,1
19186,8,5,5,1
19187,9,5,5,1
19188,8,5,5,1
19189,9,6,6,1
19190,9,5,5,1
19191,10,6,6,1
19192,8,4,4,1
19193,9,5,5,1
19194,9,5,5,1
19195,10,5,5,1
19196,9,5,5,1
19197,10,6,6,1
19198,10,5,5,1
19199,11,6,6,1
19200,4,3,3,1
19201,5,4,4,1
19202,5,4,4,1
19203,6,4,4,1
19204,5,4,4,1
19205,6,5,5,1
19206,6,4,4,1
19207,7,5,5,1
19208,5,4,4,1
19209,6,5,5,1
19210,6,4,4,1
19211,7,5,5,1
19212,6,4,4,1
19213,7,5,5,1
19214,7,4,4,1
19215,8,5,5,1
19216,5,4,4,1
19217,6,5,5,1
19218,6,5,5,1
19219,7,5,5,1
19220,6,5,5,1
19221,7,6,6,1
19222,7,5,5,1
19223,8,6,6,1
19224,6,4,4,1
19225,7,5,5,1
19226,7,5,5,1
19227,8,5,5,1
19228,7,5,5,1
19229,8,6,6,1
19230,8,5,5,1
19231,9,6,6,1
19232,5,4,4,1
19233,6,5,5,1
19234,6,5,5,1
19235,7,5,5,1
19236,6,5,5,1
19237,7,6,6,1
19238,7,5,5,1
19239,8,6,6,1
19240,6,4,4,1
19241,7,5,5,1
19242,7,5,5,1
19243,8,5,5,1
19244,7,5,5,1
19245,8,6,6,1
19246,8,5,5,1
19247,9,6,6,1
19248,6,4,4,1
19249,7,5,5,1
19250,7,5,5,1
19251,8,5,5,1
19252,7,5,5,1
19253,8,6,6,1
19254,8,5,5,1
19255,9,6,6,1
19256,7,4,4,1
19257,8,5,5,1
19258,8,5,5,1
19259,9,5,5,1
19260,8,5,5,1
19261,9,6,6,1
19262,9,5,5,1
19263,10,6,6,1
19264,5,4,4,1
19265,6,5,5,1
19266,6,5,5,1
19267,7,5,5,1
19268,6,5,5,1
19269,7,6,6,1
19270,7,5,5,1
19271,8,6,6,1
19272,6,5,5,1
19273,7,6,6,1
19274,7,5,5,1
19275,8,6,6,1
19276,7,5,5,1
19277,8,6,6,1
19278,8,5,5,1
19279,9,6,6,1
19280,6,5,5,1
19281,7,6,6,1
19282,7,6,6,1
19283,8,6,6,1
19284,7,6,6,1
19285,8,7,7,1
19286,8,6,6,1
19287,9,7,7,1
19288,7,5,5,1
19289,8,6,6,1
19290,8,6,6,1
19291,9,6,6,1
19292,8,6,6,1
19293,9,7,7,1
19294,9,6,6,1
19295,10,7,7,1
19296,6,4,4,1
19297,7,5,5,1
19298,7,5,5,1
19299,8,5,5,1
19300,7,5,5,1
19301,8,6,6,1
19302,8,5,5,1
19303,9,6,6,1
19304,7,5,5,1
19305,8,6,6,1
19306,8,5,5,1
19307,9,6,6,1
19308,8,5,5,1
19309,9,6,6,1
19310,9,5,5,1
19311,10,6,6,1
19312,7,5,5,1
19313,8,6,6,1
19314,8,6,6,1
19315,9,6,6,1
19316,8,6,6,1
19317,9,7,7,1
19318,9,6,6,1
19319,10,7,7,1
19320,8,5,5,1
19321,9,6,6,1
19322,9,6,6,1
19323,10,6,6,1
19324,9,6,6,1
19325,10,7,7,1
19326,10,6,6,1
19327,11,7,7,1
19328,5,3,3,1
19329,6,4,4,1
19330,6,4,4,1
19331,7,4,4,1
19332,6,4,4,1
19333,7,5,5,1
19334,7,4,4,1
19335,8,5,5,1
19336,6,4,4,1
19337,7,5,5,1
19338,7,4,4,1
19339,8,5,5,1
19340,7,4,4,1
19341,8,5,5,1
19342,8,4,4,1
19343,9,5,5,1
19344,6,4,4,1
19345,7,5,5,1
19346,7,5,5,1
19347,8,5,5,1
19348,7,5,5,1
19349,8,6,6,1
19350,8,5,5,1
19351,9,6,6,1
19352,7,4,4,1
19353,8,5,5,1
19354,8,5,5,1
19355,9,5,5,1
19356,8,5,5,1
19357,9,6,6,1
19358,9,5,5,1
19359,10,6,6,1
19360,6,4,4,1
19361,7,5,5,1
19362,7,5,5,1
19363,8,5,5,1
19364,7,5,5,1
19365,8,6,6,1
19366,8,5,5,1
19367,9,6,6,1
19368,7,4,4,1
19369,8,5,5,1
19370,8,5,5,1
19371,9,5,5,1
19372,8,5,5,1
19373,9,6,6,1
19374,9,5,5,1
19375,10,6,6,1
19376,7,4,4,1
19377,8,5,5,1
19378,8,5,5,1
19379,9,5,5,1
19380,8,5,5,1
19381,9,6,6,1
19382,9,5,5,1
19383,10,6,6,1
19384,8,4,4,1
19385,9,5,5,1
19386,9,5,5,1
19387,10,5,5,1
19388,9,5,5,1
19389,10,6,6,1
19390,10,5,5,1
19391,11,6,6,1
19392,6,4,4,1
19393,7,5,5,1
19394,7,5,5,1
19395,8,5,5,1
19396,7,5,5,1
19397,8,6,6,1
19398,8,5,5,1
19399,9,6,6,1
19400,7,5,5,1
19401,8,6,6,1
19402,8,5,5,1
19403,9,6,6,1
19404,8,5,5,1
19405,9,6,6,1
19406,9,5,5,1
19407,10,6,6,1
19408,7,5,5,1
19409,8,6,6,1
19410,8,6,6,1
19411,9,6,6,1
19412,8,6,6,1
19413,9,7,7,1
19414,9,6,6,1
19415,10,7,7,1
19416,8,5,5,1
19417,9,6,6,1
19418,9,6,6,1
19419,10,6,6,1
19420,9,6,6,1
19421,10,7,7,1
19422,10,6,6,1
19423,11,7,7,1
19424,7,4,4,1
19425,8,5,5,1
19426,8,5,5,1
19427,9,5,5,1
19428,8,5,5,1
19429,9,6,6,1
19430,9,5,5,1
19431,10,6,6,1
19432,8,5,5,1
19433,9,6,6,1
19434,9,5,5,1
19435,10,6,6,1
19436,9,5,5,1
19437,10,6,6,1
19438,10,5,5,1
19439,11,6,6,1
19440,8,5,5,1
19441,9,6,6,1
19442,9,6,6,1
19443,10,6,6,1
19444,9,6,6,1
19445,10,7,7,1
19446,10,6,6,1
19447,11,7,7,1
19448,9,5,5,1
19449,10,6,6,1
19450,10,6,6,1
19451,11,6,6,1
19452,10,6,6,1
19453,11,7,7,1
19454,11,6,6,1
19455,12,7,7,1
19456,3,2,2,1
19457,4,3,3,1
19458,4,3,3,1
19459,5,3,3,1
19460,4,3,3,1
19461,5,4,4,1
19462,5,3,3,1
19463,6,4,4,1
19464,4,3,3,1
19465,5,4,4,1
19466,5,3,3,1
19467,6,4,4,1
19468,5,3,3,1
19469,6,4,4,1
19470,6,3,3,1
19471,7,4,4,1
19472,4,3,3,1
19473,5,4,4,1
19474,5,4,4,1
19475,6,4,4,1
19476,5,4,4,1
19477,6,5,5,1
19478,6,4,4,1
19479,7,5,5,1
19480,5,3,3,1
19481,6,4,4,1
19482,6,4,4,1
19483,7,4,4,1
19484,6,4,4,1
19485,7,5,5,1
19486,7,4,4,1
19487,8,5,5,1
19488,4,3,3,1
19489,5,4,4,1
19490,5,4,4,1
19491,6,4,4,1
19492,5,4,4,1
19493,6,5,5,1
19494,6,4,4,1
19495,7,5,5,1
19496,5,3,3,1
19497,6,4,4,1
19498,6,4,4,1
19499,7,4,4,1
19500,6,4,4,1
19501,7,5,5,1
19502,7,4,4,1
19503,8,5,5,1
19504,5,3,3,1
19505,6,4,4,1
19506,6,4,4,1
19507,7,4,4,1
19508,6,4,4,1
19509,7,5,5,1
19510,7,4,4,1
19511,8,5,5,1
19512,6,3,3,1
19513,7,4,4,1
19514,7,4,4,1
19515,8,4,4,1
19516,7,4,4,1
19517,8,5,5,1
19518,8,4,4,1
19519,9,5,5,1
19520,4,3,3,1
19521,5,4,4,1
19522,5,4,4,1
19523,6,4,4,1
19524,5,4,4,1
19525,6,5,5,1
19526,6,4,4,1
19527,7,5,5,1
19528,5,4,4,1
19529,6,5,5,1
19530,6,4,4,1
19531,7,5,5,1
19532,6,4,4,1
19533,7,5,5,1
19534,7,4,4,1
19535,8,5,5,1
19536,5,4,4,1
19537,6,5,5,1
19538,6,5,5,1
19539,7,5,5,1
19540,6,5,5,1
19541,7,6,6,1
19542,7,5,5,1
19543,8,6,6,1
19544,6,4,4,1
19545,7,5,5,1
19546,7,5,5,1
19547,8,5,5,1
19548,7,5,5,1
19549,8,6,6,1
19550,8,5,5,1
19551,9,6,6,1
19552,5,3,3,1
19553,6,4,4,1
19554,6,4,4,1
19555,7,4,4,1
19556,6,4,4,1
19557,7,5,5,1
19558,7,4,4,1
19559,8,5,5,1
19560,6,4,4,1
19561,7,5,5,1
19562,7,4,4,1
19563,8,5,5,1
19564,7,4,4,1
19565,8,5,5,1
19566,8,4,4,1
19567,9,5,5,1
19568,6,4,4,1
19569,7,5,5,1
19570,7,5,5,1
19571,8,5,5,1
19572,7,5,5,1
19573,8,6,6,1
19574,8,5,5,1
19575,9,6,6,1
19576,7,4,4,1
19577,8,5,5,1
19578,8,5,5,1
19579,9,5,5,1
19580,8,5,5,1
19581,9,6,6,1
19582,9,5,5,1
19583,10,6,6,1
19584,4,3,3,1
19585,5,4,4,1
19586,5,4,4,1
19587,6,4,4,1
19588,5,4,4,1
19589,6,5,5,1
19590,6,4,4,1
19591,7,5,5,1
19592,5,4,4,1
19593,6,5,5,1
19594,6,4,4,1
19595,7,5,5,1
19596,6,4,4,1
19597,7,5,5,1
19598,7,4,4,1
19599,8,5,5,1
19600,5,4,4,1
19601,6,5,5,1
19602,6,5,5,1
19603,7,5,5,1
19604,6,5,5,1
19605,7,6,6,1
19606,7,5,5,1
19607,8,6,6,1
19608,6,4,4,1
19609,7,5,5,1
19610,7,5,5,1
19611,8,5,5,1
19612,7,5,5,1
19613,8,6,6,1
19614,8,5,5,1
19615,9,6,6,1
19616,5,3,3,1
19617,6,4,4,1
19618,6,4,4,1
19619,7,4,4,1
19620,6,4,4,1
19621,7,5,5,1
19622,7,4,4,1
19623,8,5,5,1
19624,6,4,4,1
19625,7,5,5,1
19626,7,4,4,1
19627,8,5,5,1
19628,7,4,4,1
19629,8,5,5,1
19630,8,4,4,1
19631,9,5,5,1
19632,6,4,4,1
19633,7,5,5,1
19634,7,5,5,1
19635,8,5,5,1
19636,7,5,5,1
19637,8,6,6,1
19638,8,5,5,1
19639,9,6,6,1
19640,7,4,4,1
19641,8,5,5,1
19642,8,5,5,1
19643,9,5,5,1
19644,8,5,5,1
19645,9,6,6,1
19646,9,5,5,1
19647,10,6,6,1
19648,5,3,3,1
19649,6,4,4,1
19650,6,4,4,1
19651,7,4,4,1
19652,6,4,4,1
19653,7,5,5,1
19654,7,4,4,1
19655,8,5,5,1
19656,6,4,4,1
19657,7,5,5,1
19658,7,4,4,1
19659,8,5,5,1
19660,7,4,4,1
19661,8,5,5,1
19662,8,4,4,1
19663,9,5,5,1
19664,6,4,4,1
19665,7,5,5,1
19666,7,5,5,1
19667,8,5,5,1
19668,7,5,5,1
19669,8,6,6,1
19670,8,5,5,1
19671,9,6,6,1
19672,7,4,4,1
19673,8,5,5,1
19674,8,5,5,1
19675,9,5,5,1
19676,8,5,5,1
19677,9,6,6,1
19678,9,5,5,1
19679,10,6,6,1
19680,6,3,3,1
19681,7,4,4,1
19682,7,4,4,1
19683,8,4,4,1
19684,7,4,4,1
19685,8,5,5,1
19686,8,4,4,1
19687,9,5,5,1
19688,7,4,4,1
19689,8,5,5,1
19690,8,4,4,1
19691,9,5,5,1
19692,8,4,4,1
19693,9,5,5,1
19694,9,4,4,1
19695,10,5,5,1
19696,7,4,4,1
19697,8,5,5,1
19698,8,5,5,1
19699,9,5,5,1
19700,8,5,5,1
19701,9,6,6,1
19702,9,5,5,1
19703,10,6,6,1
19704,8,4,4,1
19705,9,5,5,1
19706,9,5,5,1
19707,10,5,5,1
19708,9,5,5,1
19709,10,6,6,1
19710,10,5,5,1
19711,11,6,6,1
19712,4,3,3,1
19713,5,4,4,1
19714,5,4,4,1
19715,6,4,4,1
19716,5,4,4,1
19717,6,5,5,1
19718,6,4,4,1
19719,7,5,5,1
19720,5,4,4,1
19721,6,5,5,1
19722,6,4,4,1
19723,7,5,5,1
19724,6,4,4,1
19725,7,5,5,1
19726,7,4,4,1
19727,8,5,5,1
19728,5,4,4,1
19729,6,5,5,1
19730,6,5,5,1
19731,7,5,5,1
19732,6,5,5,1
19733,7,6,6,1
19734,7,5,5,1
19735,8,6,6,1
19736,6,4,4,1
19737,7,5,5,1
19738,7,5,5,1
19739,8,5,5,1
19740,7,5,5,1
19741,8,6,6,1
19742,8,5,5,1
19743,9,6,6,1
19744,5,4,4,1
19745,6,5,5,1
19746,6,5,5,1
19747,7,5,5,1
19748,6,5,5,1
19749,7,6,6,1
19750,7,5,5,1
19751,8,6,6,1
19752,6,4,4,1
19753,7,5,5,1
19754,7,5,5,1
19755,8,5,5,1
19756,7,5,5,1
19757,8,6,6,1
19758,8,5,5,1
19759,9,6,6,1
19760,6,4,4,1
19761,7,5,5,1
19762,7,5,5,1
19763,8,5,5,1
19764,7,5,5,1
19765,8,6,6,1
19766,8,5,5,1
19767,9,6,6,1
19768,7,4,4,1
19769,8,5,5,1
19770,8,5,5,1
19771,9,5,5,1
19772,8,5,5,1
19773,9,6,6,1
19774,9,5,5,1
19775,10,6,6,1
19776,5,4,4,1
19777,6,5,5,1
19778,6,5,5,1
19779,7,5,5,1
19780,6,5,5,1
19781,7,6,6,1
19782,7,5,5,1
19783,8,6,6,1
19784,6,5,5,1
19785,7,6,6,1
19786,7,5,5,1
19787,8,6,6,1
19788,7,5,5,1
19789,8,6,6,1
19790,8,5,5,1
19791,9,6,6,1
19792,6,5,5,1
19793,7,6,6,1
19794,7,6,6,1
19795,8,6,6,1
19796,7,6,6,1
19797,8,7,7,1
19798,8,6,6,1
19799,9,7,7,1
19800,7,5,5,1
19801,8,6,6,1
19802,8,6,6,1
19803,9,6,6,1
19804,8,6,6,1
19805,9,7,7,1
19806,9,6,6,1
19807,10,7,7,1
19808,6,4,4,1
19809,7,5,5,1
19810,7,5,5,1
19811,8,5,5,1
19812,7,5,5,1
19813,8,6,6,1
19814,8,5,5,1
19815,9,6,6,1
19816,7,5,5,1
19817,8,6,6,1
19818,8,5,5,1
19819,9,6,6,1
19820,8,5,5,1
19821,9,6,6,1
19822,9,5,5,1
19823,10,6,6,1
19824,7,5,5,1
19825,8,6,6,1
19826,8,6,6,1
19827,9,6,6,1
19828,8,6,6,1
19829,9,7,7,1
19830,9,6,6,1
19831,10,7,7,1
19832,8,5,5,1
19833,9,6,6,1
19834,9,6,6,1
19835,10,6,6,1
19836,9,6,6,1
19837,10,7,7,1
19838,10,6,6,1
19839,11,7,7,1
19840,5,3,3,1
19841,6,4,4,1
19842,6,4,4,1
19843,7,4,4,1
19844,6,4,4,1
19845,7,5,5,1
19846,7,4,4,1
19847,8,5,5,1
19848,6,4,4,1
19849,7,5,5,1
19850,7,4,4,1
19851,8,5,5,1
19852,7,4,4,1
19853,8,5,5,1
19854,8,4,4,1
19855,9,5,5,1
19856,6,4,4,1
19857,7,5,5,1
19858,7,5,5,1
19859,8,5,5,1
19860,7,5,5,1
19861,8,6,6,1
19862,8,5,5,1
19863,9,6,6,1
19864,7,4,4,1
19865,8,5,5,1
19866,8,5,5,1
19867,9,5,5,1
19868,8,5,5,1
19869,9,6,6,1
19870,9,5,5,1
19871,10,6,6,1
19872,6,4,4,1
19873,7,5,5,1
19874,7,5,5,1
19875,8,5,5,1
19876,7,5,5,1
19877,8,6,6,1
19878,8,5,5,1
19879,9,6,6,1
19880,7,4,4,1
19881,8,5,5,1
19882,8,5,5,1
19883,9,5,5,1
19884,8,5,5,1
19885,9,6,6,1
19886,9,5,5,1
19887,10,6,6,1
19888,7,4,4,1
19889,8,5,5,1
19890,8,5,5,1
19891,9,5,5,1
19892,8,5,5,1
19893,9,6,6,1
19894,9,5,5,1
19895,10,6,6,1
19896,8,4,4,1
19897,9,5,5,1
19898,9,5,5,1
19899,10,5,5,1
19900,9,5,5,1
19901,10,6,6,1
19902,10,5,5,1
19903,11,6,6,1
19904,6,4,4,1
19905,7,5,5,1
19906,7,5,5,1
19907,8,5,5,1
19908,7,5,5,1
19909,8,6,6,1
19910,8,5,5,1
19911,9,6,6,1
19912,7,5,5,1
19913,8,6,6,1
19914,8,5,5,1
19915,9,6,6,1
19916,8,5,5,1
19917,9,6,6,1
19918,9,5,5,1
19919,10,6,6,1
19920,7,5,5,1
19921,8,6,6,1
19922,8,6,6,1
19923,9,6,6,1
19924,8,6,6,1
19925,9,7,7,1
19926,9,6,6,1
19927,10,7,7,1
19928,8,5,5,1
19929,9,6,6,1
19930,9,6,6,1
19931,10,6,6,1
19932,9,6,6,1
19933,10,7,7,1
19934,10,6,6,1
19935,11,7,7,1
19936,7,4,4,1
19937,8,5,5,1
19938,8,5,5,1
19939,9,5,5,1
19940,8,5,5,1
19941,9,6,6,1
19942,9,5,5,1
19943,10,6,6,1
19944,8,5,5,1
19945,9,6,6,1
19946,9,5,5,1
19947,10,6,6,1
19948,9,5,5,1
19949,10,6,6,1
19950,10,5,5,1
19951,11,6,6,1
19952,8,5,5,1
19953,9,6,6,1
19954,9,6,6,1
19955,10,6,6,1
19956,9,6,6,1
19957,10,7,7,1
19958,10,6,6,1
19959,11,7,7,1
19960,9,5,5,1
19961,10,6,6,1
19962,10,6,6,1
19963,11,6,6,1
19964,10,6,6,1
19965,11,7,7,1
19966,11,6,6,1
19967,12,7,7,1
19968,4,2,2,1
19969,5,3,3,1
19970,5,3,3,1
19971,6,3,3,1
19972,5,3,3,1
19973,6,4,4,1
19974,6,3,3,1
19975,7,4,4,1
19976,5,3,3,1
19977,6,4,4,1
19978,6,3,3,1
19979,7,4,4,1
19980,6,3,3,1
19981,7,4,4,1
19982,7,3,3,1
19983,8,4,4,1
19984,5,3,3,1
19985,6,4,4,1
19986,6,4,4,1
19987,7,4,4,1
19988,6,4,4,1
19989,7,5,5,1
19990,7,4,4,1
19991,8,5,5,1
19992,6,3,3,1
19993,7,4,4,1
19994,7,4,4,1
19995,8,4,4,1
19996,7,4,4,1
19997,8,5,5,1
19998,8,4,4,1
19999,9,5,5,1
20000,5,3,3,1
20001,6,4,4,1
20002,6,4,4,1
20003,7,4,4,1
20004,6,4,4,1
20005,7,5,5,1
20006,7,4,4,1
20007,8,5,5,1
20008,6,3,3,1
20009,7,4,4,1
20010,7,4,4,1
20011,8,4,4,1
20012,7,4,4,1
20013,8,5,5,1
20014,8,4,4,1
20015,9,5,5,1
20016,6,3,3,1
20017,7,4,4,1
20018,7,4,4,1
20019,8,4,4,1
20020,7,4,4,1
20021,8,5,5,1
20022,8,4,4,1
20023,9,5,5,1
20024,7,3,3,1
20025,8,4,4,1
20026,8,4,4,1
20027,9,4,4,1
20028,8,4,4,1
20029,9,5,5,1
20030,9,4,4,1
20031,10,5,5,1
20032,5,3,3,1
20033,6,4,4,1
20034,6,4,4,1
20035,7,4,4,1
20036,6,4,4,1
20037,7,5,5,1
20038,7,4,4,1
20039,8,5,5,1
20040,6,4,4,1
20041,7,5,5,1
20042,7,4,4,1
20043,8,5,5,1
20044,7,4,4,1
20045,8,5,5,1
20046,8,4,4,1
20047,9,5,5,1
20048,6,4,4,1
20049,7,5,5,1
20050,7,5,5,1
20051,8,5,5,1
20052,7,5,5,1
20053,8,6,6,1
20054,8,5,5,1
20055,9,6,6,1
20056,7,4,4,1
20057,8,5,5,1
20058,8,5,5,1
20059,9,5,5,1
20060,8,5,5,1
20061,9,6,6,1
20062,9,5,5,1
20063,10,6,6,1
20064,6,3,3,1
20065,7,4,4,1
20066,7,4,4,1
20067,8,4,4,1
20068,7,4,4,1
20069,8,5,5,1
20070,8,4,4,1
20071,9,5,5,1
20072,7,4,4,1
20073,8,5,5,1
20074,8,4,4,1
20075,9,5,5,1
20076,8,4,4,1
20077,9,5,5,1
20078,9,4,4,1
20079,10,5,5,1
20080,7,4,4,1
20081,8,5,5,1
20082,8,5,5,1
20083,9,5,5,1
20084,8,5,5,1
20085,9,6,6,1
20086,9,5,5,1
20087,10,6,6,1
20088,8,4,4,1
20089,9,5,5,1
20090,9,5,5,1
20091,10,5,5,1
20092,9,5,5,1
20093,10,6,6,1
20094,10,5,5,1
20095,11,6,6,1
20096,5,3,3,1
20097,6,4,4,1
20098,6,4,4,1
20099,7,4,4,1
20100,6,4,4,1
20101,7,5,5,1
20102,7,4,4,1
20103,8,5,5,1
20104,6,4,4,1
20105,7,5,5,1
20106,7,4,4,1
20107,8,5,5,1
20108,7,4,4,1
20109,8,5,5,1
20110,8,4,4,1
20111,9,5,5,1
20112,6,4,4,1
20113,7,5,5,1
20114,7,5,5,1
20115,8,5,5,1
20116,7,5,5,1
20117,8,6,6,1
20118,8,5,5,1
20119,9,6,6,1
20120,7,4,4,1
20121,8,5,5,1
20122,8,5,5,1
20123,9,5,5,1
20124,8,5,5,1
20125,9,6,6,1
20126,9,5,5,1
20127,10,6,6,1
20128,6,3,3,1
20129,7,4,4,1
20130,7,4,4,1
20131,8,4,4,1
20132,7,4,4,1
20133,8,5,5,1
20134,8,4,4,1
20135,9,5,5,1
20136,7,4,4,1
20137,8,5,5,1
20138,8,4,4,1
20139,9,5,5,1
20140,8,4,4,1
20141,9,5,5,1
20142,9,4,4,1
20143,10,5,5,1
20144,7,4,4,1
20145,8,5,5,1
20146,8,5,5,1
20147,9,5,5,1
20148,8,5,5,1
20149,9,6,6,1
20150,9,5,5,1
20151,10,6,6,1
20152,8,4,4,1
20153,9,5,5,1
20154,9,5,5,1
20155,10,5,5,1
20156,9,5,5,1
20157,10,6,6,1
20158,10,5,5,1
20159,11,6,6,1
20160,6,3,3,1
20161,7,4,4,1
20162,7,4,4,1
20163,8,4,4,1
20164,7,4,4,1
20165,8,5,5,1
20166,8,4,4,1
20167,9,5,5,1
20168,7,4,4,1
20169,8,5,5,1
20170,8,4,4,1
20171,9,5,5,1
20172,8,4,4,1
20173,9,5,5,1
20174,9,4,4,1
20175,10,5,5,1
20176,7,4,4,1
20177,8,5,5,1
20178,8,5,5,1
20179,9,5,5,1
20180,8,5,5,1
20181,9,6,6,1
20182,9,5,5,1
20183,10,6,6,1
20184,8,4,4,1
20185,9,5,5,1
20186,9,5,5,1
20187,10,5,5,1
20188,9,5,5,1
20189,10,6,6,1
20190,10,5,5,1
20191,11,6,6,1
20192,7,3,3,1
20193,8,4,4,1
20194,8,4,4,1
20195,9,4,4,1
20196,8,4,4,1
20197,9,5,5,1
20198,9,4,4,1
20199,10,5,5,1
20200,8,4,4,1
20201,9,5,5,1
20202,9,4,4,1
20203,10,5,5,1
20204,9,4,4,1
20205,10,5,5,1
20206,10,4,4,1
20207,11,5,5,1
20208,8,4,4,1
20209,9,5,5,1
20210,9,5,5,1
20211,10,5,5,1
20212,9,5,5,1
20213,10,6,6,1
20214,10,5,5,1
20215,11,6,6,1
20216,9,4,4,1
20217,10,5,5,1
20218,10,5,5,1
20219,11,5,5,1
20220,10,5,5,1
20221,11,6,6,1
20222,11,5,5,1
20223,12,6,6,1
20224,5,3,3,1
20225,6,4,4,1
20226,6,4,4,1
20227,7,4,4,1
20228,6,4,4,1
20229,7,5,5,1
20230,7,4,4,1
20231,8,5,5,1
20232,6,4,4,1
20233,7,5,5,1
20234,7,4,4,1
20235,8,5,5,1
20236,7,4,4,1
20237,8,5,5,1
20238,8,4,4,1
20239,9,5,5,1
20240,6,4,4,1
20241,7,5,5,1
20242,7,5,5,1
20243,8,5,5,1
20244,7,5,5,1
20245,8,6,6,1
20246,8,5,5,1
20247,9,6,6,1
20248,7,4,4,1
20249,8,5,5,1
20250,8,5,5,1
20251,9,5,5,1
20252,8,5,5,1
20253,9,6,6,1
20254,9,5,5,1
20255,10,6,6,1
20256,6,4,4,1
20257,7,5,5,1
20258,7,5,5,1
20259,8,5,5,1
20260,7,5,5,1
20261,8,6,6,1
20262,8,5,5,1
20263,9,6,6,1
20264,7,4,4,1
20265,8,5,5,1
20266,8,5,5,1
20267,9,5,5,1
20268,8,5,5,1
20269,9,6,6,1
20270,9,5,5,1
20271,10,6,6,1
20272,7,4,4,1
20273,8,5,5,1
20274,8,5,5,1
20275,9,5,5,1
20276,8,5,5,1
20277,9,6,6,1
20278,9,5,5,1
20279,10,6,6,1
20280,8,4,4,1
20281,9,5,5,1
20282,9,5,5,1
20283,10,5,5,1
20284,9,5,5,1
20285,10,6,6,1
20286,10,5,5,1
20287,11,6,6,1
20288,6,4,4,1
20289,7,5,5,1
20290,7,5,5,1
20291,8,5,5,1
20292,7,5,5,1
20293,8,6,6,1
20294,8,5,5,1
20295,9,6,6,1
20296,7,5,5,1
20297,8,6,6,1
20298,8,5,5,1
20299,9,6,6,1
20300,8,5,5,1
20301,9,6,6,1
20302,9,5,5,1
20303,10,6,6,1
20304,7,5,5,1
20305,8,6,6,1
20306,8,6,6,1
20307,9,6,6,1
20308,8,6,6,1
20309,9,7,7,1
20310,9,6,6,1
20311,10,7,7,1
20312,8,5,5,1
20313,9,6,6,1
20314,9,6,6,1
20315,10,6,6,1
20316,9,6,6,1
20317,10,7,7,1
20318,10,6,6,1
20319,11,7,7,1
20320,7,4,4,1
20321,8,5,5,1
20322,8,5,5,1
20323,9,5,5,1
20324,8,5,5,1
20325,9,6,6,1
20326,9,5,5,1
20327,10,6,6,1
20328,8,5,5,1
20329,9,6,6,1
20330,9,5,5,1
20331,10,6,6,1
20332,9,5,5,1
20333,10,6,6,1
20334,10,5,5,1
20335,11,6,6,1
20336,8,5,5,1
20337,9,6,6,1
20338,9,6,6,1
20339,10,6,6,1
20340,9,6,6,1
20341,10,7,7,1
20342,10,6,6,1
20343,11,7,7,1
20344,9,5,5,1
20345,10,6,6,1
20346,10,6,6,1
20347,11,6,6,1
20348,10,6,6,1
20349,11,7,7,1
20350,11,6,6,1
20351,12,7,7,1
20352,6,3,3,1
20353,7,4,4,1
20354,7,4,4,1
20355,8,4,4,1
20356,7,4,4,1
20357,8,5,5,1
20358,8,4,4,1
20359,9,5,5,1
20360,7,4,4,1
20361,8,5,5,1
20362,8,4,4,1
20363,9,5,5,1
20364,8,4,4,1
20365,9,5,5,1
20366,9,4,4,1
20367,10,5,5,1
20368,7,4,4,1
20369,8,5,5,1
20370,8,5,5,1
20371,9,5,5,1
20372,8,5,5,1
20373,9,6,6,1
20374,9,5,5,1
20375,10,6,6,1
20376,8,4,4,1
20377,9,5,5,1
20378,9,5,5,1
20379,10,5,5,1
20380,9,5,5,1
20381,10,6,6,1
20382,10,5,5,1
20383,11,6,6,1
20384,7,4,4,1
20385,8,5,5,1
20386,8,5,5,1
20387,9,5,5,1
20388,8,5,5,1
20389,9,6,6,1
20390,9,5,5,1
20391,10,6,6,1
20392,8,4,4,1
20393,9,5,5,1
20394,9,5,5,1
20395,10,5,5,1
20396,9,5,5,1
20397,10,6,6,1
20398,10,5,5,1
20399,11,6,6,1
20400,8,4,4,1
20401,9,5,5,1
20402,9,5,5,1
20403,10,5,5,1
20404,9,5,5,1
20405,10,6,6,1
20406,10,5,5,1
20407,11,6,6,1
20408,9,4,4,1
20409,10,5,5,1
20410,10,5,5,1
20411,11,5,5,1
20412,10,5,5,1
20413,11,6,6,1
20414,11,5,5,1
20415,12,6,6,1
20416,7,4,4,1
20417,8,5,5,1
20418,8,5,5,1
20419,9,5,5,1
20420,8,5,5,1
20421,9,6,6,1
20422,9,5,5,1
20423,10,6,6,1
20424,8,5,5,1
20425,9,6,6,1
20426,9,5,5,1
20427,10,6,6,1
20428,9,5,5,1
20429,10,6,6,1
20430,10,5,5,1
20431,11,6,6,1
20432,8,5,5,1
20433,9,6,6,1
20434,9,6,6,1
20435,10,6,6,1
20436,9,6,6,1
20437,10,7,7,1
20438,10,6,6,1
20439,11,7,7,1
20440,9,5,5,1
20441,10,6,6,1
20442,10,6,6,1
20443,11,6,6,1
20444,10,6,6,1
20445,11,7,7,1
20446,11,6,6,1
20447,12,7,7,1
20448,8,4,4,1
20449,9,5,5,1
20450,9,5,5,1
20451,10,5,5,1
20452,9,5,5,1
20453,10,6,6,1
20454,10,5,5,1
20455,11,6,6,1
20456,9,5,5,1
20457,10,6,6,1
20458,10,5,5,1
20459,11,6,6,1
20460,10,5,5,1
20461,11,6,6,1
20462,11,5,5,1
20463,12,6,6,1
20464,9,5,5,1
20465,10,6,6,1
20466,10,6,6,1
20467,11,6,6,1
20468,10,6,6,1
20469,11,7,7,1
20470,11,6,6,1
20471,12,7,7,1
20472,10,5,5,1
20473,11,6,6,1
20474,11,6,6,1
20475,12,6,6,1
20476,11,6,6,1
20477,12,7,7,1
20478,12,6,6,1
20479,13,7,7,1
20480,2,2,2,1
20481,3,3,3,1
20482,3,3,3,1
20483,4,3,3,1
20484,3,3,3,1
20485,4,4,4,1
20486,4,3,3,1
20487,5,4,4,1
20488,3,3,3,1
20489,4,4,4,1
20490,4,3,3,1
20491,5,4,4,1
20492,4,3,3,1
20493,5,4,4,1
20494,5,3,3,1
20495,6,4,4,1
20496,3,3,3,1
20497,4,4,4,1
20498,4,4,4,1
20499,5,4,4,1
20500,4,4,4,1
20501,5,5,5,1
20502,5,4,4,1
20503,6,5,5,1
20504,4,3,3,1
20505,5,4,4,1
20506,5,4,4,1
20507,6,4,4,1
20508,5,4,4,1
20509,6,5,5,1
20510,6,4,4,1
20511,7,5,5,1
20512,3,3,3,1
20513,4,4,4,1
20514,4,4,4,1
20515,5,4,4,1
20516,4,4,4,1
20517,5,5,5,1
20518,5,4,4,1
20519,6,5,5,1
20520,4,3,3,1
20521,5,4,4,1
20522,5,4,4,1
20523,6,4,4,1
20524,5,4,4,1
20525,6,5,5,1
20526,6,4,4,1
20527,7,5,5,1
20528,4,3,3,1
20529,5,4,4,1
20530,5,4,4,1
20531,6,4,4,1
20532,5,4,4,1
20533,6,5,5,1
20534,6,4,4,1
20535,7,5,5,1
20536,5,3,3,1
20537,6,4,4,1
20538,6,4,4,1
20539,7,4,4,1
20540,6,4,4,1
20541,7,5,5,1
20542,7,4,4,1
20543,8,5,5,1
20544,3,3,3,1
20545,4,4,4,1
20546,4,4,4,1
20547,5,4,4,1
20548,4,4,4,1
20549,5,5,5,1
20550,5,4,4,1
20551,6,5,5,1
20552,4,4,4,1
20553,5,5,5,1
20554,5,4,4,1
20555,6,5,5,1
20556,5,4,4,1
20557,6,5,5,1
20558,6,4,4,1
20559,7,5,5,1
20560,4,4,4,1
20561,5,5,5,1
20562,5,5,5,1
20563,6,5,5,1
20564,5,5,5,1
20565,6,6,6,1
20566,6,5,5,1
20567,7,6,6,1
20568,5,4,4,1
20569,6,5,5,1
20570,6,5,5,1
20571,7,5,5,1
20572,6,5,5,1
20573,7,6,6,1
20574,7,5,5,1
20575,8,6,6,1
20576,4,3,3,1
20577,5,4,4,1
20578,5,4,4,1
20579,6,4,4,1
20580,5,4,4,1
20581,6,5,5,1
20582,6,4,4,1
20583,7,5,5,1
20584,5,4,4,1
20585,6,5,5,1
20586,6,4,4,1
20587,7,5,5,1
20588,6,4,4,1
20589,7,5,5,1
20590,7,4,4,1
20591,8,5,5,1
20592,5,4,4,1
20593,6,5,5,1
20594,6,5,5,1
20595,7,5,5,1
20596,6,5,5,1
20597,7,6,6,1
20598,7,5,5,1
20599,8,6,6,1
20600,6,4,4,1
20601,7,5,5,1
20602,7,5,5,1
20603,8,5,5,1
20604,7,5,5,1
20605,8,6,6,1
20606,8,5,5,1
20607,9,6,6,1
20608,3,3,3,1
20609,4,4,4,1
20610,4,4,4,1
20611,5,4,4,1
20612,4,4,4,1
20613,5,5,5,1
20614,5,4,4,1
20615,6,5,5,1
20616,4,4,4,1
20617,5,5,5,1
20618,5,4,4,1
20619,6,5,5,1
20620,5,4,4,1
20621,6,5,5,1
20622,6,4,4,1
20623,7,5,5,1
20624,4,4,4,1
20625,5,5,5,1
20626,5,5,5,1
20627,6,5,5,1
20628,5,5,5,1
20629,6,6,6,1
20630,6,5,5,1
20631,7,6,6,1
20632,5,4,4,1
20633,6,5,5,1
20634,6,5,5,1
20635,7,5,5,1
20636,6,5,5,1
20637,7,6,6,1
20638,7,5,5,1
20639,8,6,6,1
20640,4,3,3,1
20641,5,4,4,1
20642,5,4,4,1
20643,6,4,4,1
20644,5,4,4,1
20645,6,5,5,1
20646,6,4,4,1
20647,7,5,5,1
20648,5,4,4,1
20649,6,5,5,1
20650,6,4,4,1
20651,7,5,5,1
20652,6,4,4,1
20653,7,5,5,1
20654,7,4,4,1
20655,8,5,5,1
20656,5,4,4,1
20657,6,5,5,1
20658,6,5,5,1
20659,7,5,5,1
20660,6,5,5,1
20661,7,6,6,1
20662,7,5,5,1
20663,8,6,6,1
20664,6,4,4,1
20665,7,5,5,1
20666,7,5,5,1
20667,8,5,5,1
20668,7,5,5,1
20669,8,6,6,1
20670,8,5,5,1
20671,9,6,6,1
20672,4,3,3,1
20673,5,4,4,1
20674,5,4,4,1
20675,6,4,4,1
20676,5,4,4,1
20677,6,5,5,1
20678,6,4,4,1
20679,7,5,5,1
20680,5,4,4,1
20681,6,5,5,1
20682,6,4,4,1
20683,7,5,5,1
20684,6,4,4,1
20685,7,5,5,1
20686,7,4,4,1
20687,8,5,5,1
20688,5,4,4,1
20689,6,5,5,1
20690,6,5,5,1
20691,7,5,5,1
20692,6,5,5,1
20693,7,6,6,1
20694,7,5,5,1
20695,8,6,6,1
20696,6,4,4,1
20697,7,5,5,1
20698,7,5,5,1
20699,8,5,5,1
20700,7,5,5,1
20701,8,6,6,1
20702,8,5,5,1
20703,9,6,6,1
20704,5,3,3,1
20705,6,4,4,1
20706,6,4,4,1
20707,7,4,4,1
20708,6,4,4,1
20709,7,5,5,1
20710,7,4,4,1
20711,8,5,5,1
20712,6,4,4,1
20713,7,5,5,1
20714,7,4,4,1
20715,8,5,5,1
20716,7,4,4,1
20717,8,5,5,1
20718,8,4,4,1
20719,9,5,5,1
20720,6,4,4,1
20721,7,5,5,1
20722,7,5,5,1
20723,8,5,5,1
20724,7,5,5,1
20725,8,6,6,1
20726,8,5,5,1
20727,9,6,6,1
20728,7,4,4,1
20729,8,5,5,1
20730,8,5,5,1
20731,9,5,5,1
20732,8,5,5,1
20733,9,6,6,1
20734,9,5,5,1
20735,10,6,6,1
20736,3,3,3,1
20737,4,4,4,1
20738,4,4,4,1
20739,5,4,4,1
20740,4,4,4,1
20741,5,5,5,1
20742,5,4,4,1
20743,6,5,5,1
20744,4,4,4,1
20745,5,5,5,1
20746,5,4,4,1
20747,6,5,5,1
20748,5,4,4,1
20749,6,5,5,1
20750,6,4,4,1
20751,7,5,5,1
20752,4,4,4,1
20753,5,5,5,1
20754,5,5,5,1
20755,6,5,5,1
20756,5,5,5,1
20757,6,6,6,1
20758,6,5,5,1
20759,7,6,6,1
20760,5,4,4,1
20761,6,5,5,1
20762,6,5,5,1
20763,7,5,5,1
20764,6,5,5,1
20765,7,6,6,1
20766,7,5,5,1
20767,8,6,6,1
20768,4,4,4,1
20769,5,5,5,1
20770,5,5,5,1
20771,6,5,5,1
20772,5,5,5,1
20773,6,6,6,1
20774,6,5,5,1
20775,7,6,6,1
20776,5,4,4,1
20777,6,5,5,1
20778,6,5,5,1
20779,7,5,5,1
20780,6,5,5,1
20781,7,6,6,1
20782,7,5,5,1
20783,8,6,6,1
20784,5,4,4,1
20785,6,5,5,1
20786,6,5,5,1
20787,7,5,5,1
20788,6,5,5,1
20789,7,6,6,1
20790,7,5,5,1
20791,8,6,6,1
20792,6,4,4,1
20793,7,5,5,1
20794,7,5,5,1
20795,8,5,5,1
20796,7,5,5,1
20797,8,6,6,1
20798,8,5,5,1
20799,9,6,6,1
20800,4,4,4,1
20801,5,5,5,1
20802,5,5,5,1
20803,6,5,5,1
20804,5,5,5,1
20805,6,6,6,1
20806,6,5,5,1
20807,7,6,6,1
20808,5,5,5,1
20809,6,6,6,1
20810,6,5,5,1
20811,7,6,6,1
20812,6,5,5,1
20813,7,6,6,1
20814,7,5,5,1
20815,8,6,6,1
20816,5,5,5,1
20817,6,6,6,1
20818,6,6,6,1
20819,7,6,6,1
20820,6,6,6,1
20821,7,7,7,1
20822,7,6,6,1
20823,8,7,7,1
20824,6,5,5,1
20825,7,6,6,1
20826,7,6,6,1
20827,8,6,6,1
20828,7,6,6,1
20829,8,7,7,1
20830,8,6,6,1
20831,9,7,7,1
20832,5,4,4,1
20833,6,5,5,1
20834,6,5,5,1
20835,7,5,5,1
20836,6,5,5,1
20837,7,6,6,1
20838,7,5,5,1
20839,8,6,6,1
20840,6,5,5,1
20841,7,6,6,1
20842,7,5,5,1
20843,8,6,6,1
20844,7,5,5,1
20845,8,6,6,1
20846,8,5,5,1
20847,9,6,6,1
20848,6,5,5,1
20849,7,6,6,1
20850,7,6,6,1
20851,8,6,6,1
20852,7,6,6,1
20853,8,7,7,1
20854,8,6,6,1
20855,9,7,7,1
20856,7,5,5,1
20857,8,6,6,1
20858,8,6,6,1
20859,9,6,6,1
20860,8,6,6,1
20861,9,7,7,1
20862,9,6,6,1
20863,10,7,7,1
20864,4,3,3,1
20865,5,4,4,1
20866,5,4,4,1
20867,6,4,4,1
20868,5,4,4,1
20869,6,5,5,1
20870,6,4,4,1
20871,7,5,5,1
20872,5,4,4,1
20873,6,5,5,1
20874,6,4,4,1
20875,7,5,5,1
20876,6,4,4,1
20877,7,5,5,1
20878,7,4,4,1
20879,8,5,5,1
20880,5,4,4,1
20881,6,5,5,1
20882,6,5,5,1
20883,7,5,5,1
20884,6,5,5,1
20885,7,6,6,1
20886,7,5,5,1
20887,8,6,6,1
20888,6,4,4,1
20889,7,5,5,1
20890,7,5,5,1
20891,8,5,5,1
20892,7,5,5,1
20893,8,6,6,1
20894,8,5,5,1
20895,9,6,6,1
20896,5,4,4,1
20897,6,5,5,1
20898,6,5,5,1
20899,7,5,5,1
20900,6,5,5,1
20901,7,6,6,1
20902,7,5,5,1
20903,8,6,6,1
20904,6,4,4,1
20905,7,5,5,1
20906,7,5,5,1
20907,8,5,5,1
20908,7,5,5,1
20909,8,6,6,1
20910,8,5,5,1
20911,9,6,6,1
20912,6,4,4,1
20913,7,5,5,1
20914,7,5,5,1
20915,8,5,5,1
20916,7,5,5,1
20917,8,6,6,1
20918,8,5,5,1
20919,9,6,6,1
20920,7,4,4,1
20921,8,5,5,1
20922,8,5,5,1
20923,9,5,5,1
20924,8,5,5,1
20925,9,6,6,1
20926,9,5,5,1
20927,10,6,6,1
20928,5,4,4,1
20929,6,5,5,1
20930,6,5,5,1
20931,7,5,5,1
20932,6,5,5,1
20933,7,6,6,1
20934,7,5,5,1
20935,8,6,6,1
20936,6,5,5,1
20937,7,6,6,1
20938,7,5,5,1
20939,8,6,6,1
20940,7,5,5,1
20941,8,6,6,1
20942,8,5,5,1
20943,9,6,6,1
20944,6,5,5,1
20945,7,6,6,1
20946,7,6,6,1
20947,8,6,6,1
20948,7,6,6,1
20949,8,7,7,1
20950,8,6,6,1
20951,9,7,7,1
20952,7,5,5,1
20953,8,6,6,1
20954,8,6,6,1
20955,9,6,6,1
20956,8,6,6,1
20957,9,7,7,1
20958,9,6,6,1
20959,10,7,7,1
20960,6,4,4,1
20961,7,5,5,1
20962,7,5,5,1
20963,8,5,5,1
20964,7,5,5,1
20965,8,6,6,1
20966,8,5,5,1
20967,9,6,6,1
20968,7,5,5,1
20969,8,6,6,1
20970,8,5,5,1
20971,9,6,6,1
20972,8,5,5,1
20973,9,6,6,1
20974,9,5,5,1
20975,10,6,6,1
20976,7,5,5,1
20977,8,6,6,1
20978,8,6,6,1
20979,9,6,6,1
20980,8,6,6,1
20981,9,7,7,1
20982,9,6,6,1
20983,10,7,7,1
20984,8,5,5,1
20985,9,6,6,1
20986,9,6,6,1
20987,10,6,6,1
20988,9,6,6,1
20989,10,7,7,1
20990,10,6,6,1
20991,11,7,7,1
20992,3,3,3,1
20993,4,4,4,1
20994,4,4,4,1
20995,5,4,4,1
20996,4,4,4,1
20997,5,5,5,1
20998,5,4,4,1
20999,6,5,5,1
21000,4,4,4,1
21001,5,5,5,1
21002,5,4,4,1
21003,6,5,5,1
21004,5,4,4,1
21005,6,5,5,1
21006,6,4,4,1
21007,7,5,5,1
21008,4,4,4,1
21009,5,5,5,1
21010,5,5,5,1
21011,6,5,5,1
21012,5,5,5,1
21013,6,6,6,1
21014,6,5,5,1
21015,7,6,6,1
21016,5,4,4,1
21017,6,5,5,1
21018,6,5,5,1
21019,7,5,5,1
21020,6,5,5,1
21021,7,6,6,1
21022,7,5,5,1
21023,8,6,6,1
21024,4,4,4,1
21025,5,5,5,1
21026,5,5,5,1
21027,6,5,5,1
21028,5,5,5,1
21029,6,6,6,1
21030,6,5,5,1
21031,7,6,6,1
21032,5,4,4,1
21033,6,5,5,1
21034,6,5,5,1
21035,7,5,5,1
21036,6,5,5,1
21037,7,6,6,1
21038,7,5,5,1
21039,8,6,6,1
21040,5,4,4,1
21041,6,5,5,1
21042,6,5,5,1
21043,7,5,5,1
21044,6,5,5,1
21045,7,6,6,1
21046,7,5,5,1
21047,8,6,6,1
21048,6,4,4,1
21049,7,5,5,1
21050,7,5,5,1
21051,8,5,5,1
21052,7,5,5,1
21053,8,6,6,1
21054,8,5,5,1
21055,9,6,6,1
21056,4,4,4,1
21057,5,5,5,1
21058,5,5,5,1
21059,6,5,5,1
21060,5,5,5,1
21061,6,6,6,1
21062,6,5,5,1
21063,7,6,6,1
21064,5,5,5,1
21065,6,6,6,1
21066,6,5,5,1
21067,7,6,6,1
21068,6,5,5,1
21069,7,6,6,1
21070,7,5,5,1
21071,8,6,6,1
21072,5,5,5,1
21073,6,6,6,1
21074,6,6,6,1
21075,7,6,6,1
21076,6,6,6,1
21077,7,7,7,1
21078,7,6,6,1
21079,8,7,7,1
21080,6,5,5,1
21081,7,6,6,1
21082,7,6,6,1
21083,8,6,6,1
21084,7,6,6,1
21085,8,7,7,1
21086,8,6,6,1
21087,9,7,7,1
21088,5,4,4,1
21089,6,5,5,1
21090,6,5,5,1
21091,7,5,5,1
21092,6,5,5,1
21093,7,6,6,1
21094,7,5,5,1
21095,8,6,6,1
21096,6,5,5,1
21097,7,6,6,1
21098,7,5,5,1
21099,8,6,6,1
21100,7,5,5,1
21101,8,6,6,1
21102,8,5,5,1
21103,9,6,6,1
21104,6,5,5,1
21105,7,6,6,1
21106,7,6,6,1
21107,8,6,6,1
21108,7,6,6,1
21109,8,7,7,1
21110,8,6,6,1
21111,9,7,7,1
21112,7,5,5,1
21113,8,6,6,1
21114,8,6,6,1
21115,9,6,6,1
21116,8,6,6,1
21117,9,7,7,1
21118,9,6,6,1
21119,10,7,7,1
21120,4,3,3,1
21121,5,4,4,1
21122,5,4,4,1
21123,6,4,4,1
21124,5,4,4,1
21125,6,5,5,1
21126,6,4,4,1
21127,7,5,5,1
21128,5,4,4,1
21129,6,5,5,1
21130,6,4,4,1
21131,7,5,5,1
21132,6,4,4,1
21133,7,5,5,1
21134,7,4,4,1
21135,8,5,5,1
21136,5,4,4,1
21137,6,5,5,1
21138,6,5,5,1
21139,7,5,5,1
21140,6,5,5,1
21141,7,6,6,1
21142,7,5,5,1
21143,8,6,6,1
21144,6,4,4,1
21145,7,5,5,1
21146,7,5,5,1
21147,8,5,5,1
21148,7,5,5,1
21149,8,6,6,1
21150,8,5,5,1
21151,9,6,6,1
21152,5,4,4,1
21153,6,5,5,1
21154,6,5,5,1
21155,7,5,5,1
21156,6,5,5,1
21157,7,6,6,1
21158,7,5,5,1
21159,8,6,6,1
21160,6,4,4,1
21161,7,5,5,1
21162,7,5,5,1
21163,8,5,5,1
21164,7,5,5,1
21165,8,6,6,1
21166,8,5,5,1
21167,9,6,6,1
21168,6,4,4,1
21169,7,5,5,1
21170,7,5,5,1
21171,8,5,5,1
21172,7,5,5,1
21173,8,6,6,1
21174,8,5,5,1
21175,9,6,6,1
21176,7,4,4,1
21177,8,5,5,1
21178,8,5,5,1
21179,9,5,5,1
21180,8,5,5,1
21181,9,6,6,1
21182,9,5,5,1
21183,10,6,6,1
21184,5,4,4,1
21185,6,5,5,1
21186,6,5,5,1
21187,7,5,5,1
21188,6,5,5,1
21189,7,6,6,1
21190,7,5,5,1
21191,8,6,6,1
21192,6,5,5,1
21193,7,6,6,1
21194,7,5,5,1
21195,8,6,6,1
21196,7,5,5,1
21197,8,6,6,1
21198,8,5,5,1
21199,9,6,6,1
21200,6,5,5,1
21201,7,6,6,1
21202,7,6,6,1
21203,8,6,6,1
21204,7,6,6,1
21205,8,7,7,1
21206,8,6,6,1
21207,9,7,7,1
21208,7,5,5,1
21209,8,6,6,1
21210,8,6,6,1
21211,9,6,6,1
21212,8,6,6,1
21213,9,7,7,1
21214,9,6,6,1
21215,10,7,7,1
21216,6,4,4,1
21217,7,5,5,1
21218,7,5,5,1
21219,8,5,5,1
21220,7,5,5,1
21221,8,6,6,1
21222,8,5,5,1
21223,9,6,6,1
21224,7,5,5,1
21225,8,6,6,1
21226,8,5,5,1
21227,9,6,6,1
21228,8,5,5,1
21229,9,6,6,1
21230,9,5,5,1
21231,10,6,6,1
21232,7,5,5,1
21233,8,6,6,1
21234,8,6,6,1
21235,9,6,6,1
21236,8,6,6,1
21237,9,7,7,1
21238,9,6,6,1
21239,10,7,7,1
21240,8,5,5,1
21241,9,6,6,1
21242,9,6,6,1
21243,10,6,6,1
21244,9,6,6,1
21245,10,7,7,1
21246,10,6,6,1
21247,11,7,7,1
21248,4,3,3,1
21249,5,4,4,1
21250,5,4,4,1
21251,6,4,4,1
21252,5,4,4,1
21253,6,5,5,1
21254,6,4,4,1
21255,7,5,5,1
21256,5,4,4,1
21257,6,5,5,1
21258,6,4,4,1
21259,7,5,5,1
21260,6,4,4,1
21261,7,5,5,1
21262,7,4,4,1
21263,8,5,5,1
21264,5,4,4,1
21265,6,5,5,1
21266,6,5,5,1
21267,7,5,5,1
21268,6,5,5,1
21269,7,6,6,1
21270,7,5,5,1
21271,8,6,6,1
21272,6,4,4,1
21273,7,5,5,1
21274,7,5,5,1
21275,8,5,5,1
21276,7,5,5,1
21277,8,6,6,1
21278,8,5,5,1
21279,9,6,6,1
21280,5,4,4,1
21281,6,5,5,1
21282,6,5,5,1
21283,7,5,5,1
21284,6,5,5,1
21285,7,6,6,1
21286,7,5,5,1
21287,8,6,6,1
21288,6,4,4,1
21289,7,5,5,1
21290,7,5,5,1
21291,8,5,5,1
21292,7,5,5,1
21293,8,6,6,1
21294,8,5,5,1
21295,9,6,6,1
21296,6,4,4,1
21297,7,5,5,1
21298,7,5,5,1
21299,8,5,5,1
21300,7,5,5,1
21301,8,6,6,1
21302,8,5,5,1
21303,9,6,6,1
21304,7,4,4,1
21305,8,5,5,1
21306,8,5,5,1
21307,9,5,5,1
21308,8,5,5,1
21309,9,6,6,1
21310,9,5,5,1
21311,10,6,6,1
21312,5,4,4,1
21313,6,5,5,1
21314,6,5,5,1
21315,7,5,5,1
21316,6,5,5,1
21317,7,6,6,1
21318,7,5,5,1
21319,8,6,6,1
21320,6,5,5,1
21321,7,6,6,1
21322,7,5,5,1
21323,8,6,6,1
21324,7,5,5,1
21325,8,6,6,1
21326,8,5,5,1
21327,9,6,6,1
21328,6,5,5,1
21329,7,6,6,1
21330,7,6,6,1
21331,8,6,6,1
21332,7,6,6,1
21333,8,7,7,1
21334,8,6,6,1
21335,9,7,7,1
21336,7,5,5,1
21337,8,6,6,1
21338,8,6,6,1
21339,9,6,6,1
21340,8,6,6,1
21341,9,7,7,1
21342,9,6,6,1
21343,10,7,7,1
21344,6,4,4,1
21345,7,5,5,1
21346,7,5,5,1
21347,8,5,5,1
21348,7,5,5,1
21349,8,6,6,1
21350,8,5,5,1
21351,9,6,6,1
21352,7,5,5,1
21353,8,6,6,1
21354,8,5,5,1
21355,9,6,6,1
21356,8,5,5,1
21357,9,6,6,1
21358,9,5,5,1
21359,10,6,6,1
21360,7,5,5,1
21361,8,6,6,1
21362,8,6,6,1
21363,9,6,6,1
21364,8,6,6,1
21365,9,7,7,1
21366,9,6,6,1
21367,10,7,7,1
21368,8,5,5,1
21369,9,6,6,1
21370,9,6,6,1
21371,10,6,6,1
21372,9,6,6,1
21373,10,7,7,1
21374,10,6,6,1
21375,11,7,7,1
21376,5,3,3,1
21377,6,4,4,1
21378,6,4,4,1
21379,7,4,4,1
21380,6,4,4,1
21381,7,5,5,1
21382,7,4,4,1
21383,8,5,5,1
21384,6,4,4,1
21385,7,5,5,1
21386,7,4,4,1
21387,8,5,5,1
21388,7,4,4,1
21389,8,5,5,1
21390,8,4,4,1
21391,9,5,5,1
21392,6,4,4,1
21393,7,5,5,1
21394,7,5,5,1
21395,8,5,5,1
21396,7,5,5,1
21397,8,6,6,1
21398,8,5,5,1
21399,9,6,6,1
21400,7,4,4,1
21401,8,5,5,1
21402,8,5,5,1
21403,9,5,5,1
21404,8,5,5,1
21405,9,6,6,1
21406,9,5,5,1
21407,10,6,6,1
21408,6,4,4,1
21409,7,5,5,1
21410,7,5,5,1
21411,8,5,5,1
21412,7,5,5,1
21413,8,6,6,1
21414,8,5,5,1
21415,9,6,6,1
21416,7,4,4,1
21417,8,5,5,1
21418,8,5,5,1
21419,9,5,5,1
21420,8,5,5,1
21421,9,6,6,1
21422,9,5,5,1
21423,10,6,6,1
21424,7,4,4,1
21425,8,5,5,1
21426,8,5,5,1
21427,9,5,5,1
21428,8,5,5,1
21429,9,6,6,1
21430,9,5,5,1
21431,10,6,6,1
21432,8,4,4,1
21433,9,5,5,1
21434,9,5,5,1
21435,10,5,5,1
21436,9,5,5,1
21437,10,6,6,1
21438,10,5,5,1
21439,11,6,6,1
21440,6,4,4,1
21441,7,5,5,1
21442,7,5,5,1
21443,8,5,5,1
21444,7,5,5,1
21445,8,6,6,1
21446,8,5,5,1
21447,9,6,6,1
21448,7,5,5,1
21449,8,6,6,1
21450,8,5,5,1
21451,9,6,6,1
21452,8,5,5,1
21453,9,6,6,1
21454,9,5,5,1
21455,10,6,6,1
21456,7,5,5,1
21457,8,6,6,1
21458,8,6,6,1
21459,9,6,6,1
21460,8,6,6,1
21461,9,7,7,1
21462,9,6,6,1
21463,10,7,7,1
21464,8,5,5,1
21465,9,6,6,1
21466,9,6,6,1
21467,10,6,6,1
21468,9,6,6,1
21469,10,7,7,1
21470,10,6,6,1
21471,11,7,7,1
21472,7,4,4,1
21473,8,5,5,1
21474,8,5,5,1
21475,9,5,5,1
21476,8,5,5,1
21477,9,6,6,1
21478,9,5,5,1
21479,10,6,6,1
21480,8,5,5,1
21481,9,6,6,1
21482,9,5,5,1
21483,10,6,6,1
21484,9,5,5,1
21485,10,6,6,1
21486,10,5,5,1
21487,11,6,6,1
21488,8,5,5,1
21489,9,6,6,1
21490,9,6,6,1
21491,10,6,6,1
21492,9,6,6,1
21493,10,7,7,1
21494,10,6,6,1
21495,11,7,7,1
21496,9,5,5,1
21497,10,6,6,1
21498,10,6,6,1
21499,11,6,6,1
21500,10,6,6,1
21501,11,7,7,1
21502,11,6,6,1
21503,12,7,7,1
21504,3,3,3,1
21505,4,4,4,1
21506,4,4,4,1
21507,5,4,4,1
21508,4,4,4,1
21509,5,5,5,1
21510,5,4,4,1
21511,6,5,5,1
21512,4,4,4,1
21513,5,5,5,1
21514,5,4,4,1
21515,6,5,5,1
21516,5,4,4,1
21517,6,5,5,1
21518,6,4,4,1
21519,7,5,5,1
21520,4,4,4,1
21521,5,5,5,1
21522,5,5,5,1
21523,6,5,5,1
21524,5,5,5,1
21525,6,6,6,1
21526,6,5,5,1
21527,7,6,6,1
21528,5,4,4,1
21529,6,5,5,1
21530,6,5,5,1
21531,7,5,5,1
21532,6,5,5,1
21533,7,6,6,1
21534,7,5,5,1
21535,8,6,6,1
21536,4,4,4,1
21537,5,5,5,1
21538,5,5,5,1
21539,6,5,5,1
21540,5,5,5,1
21541,6,6,6,1
21542,6,5,5,1
21543,7,6,6,1
21544,5,4,4,1
21545,6,5,5,1
21546,6,5,5,1
21547,7,5,5,1
21548,6,5,5,1
21549,7,6,6,1
21550,7,5,5,1
21551,8,6,6,1
21552,5,4,4,1
21553,6,5,5,1
21554,6,5,5,1
21555,7,5,5,1
21556,6,5,5,1
21557,7,6,6,1
21558,7,5,5,1
21559,8,6,6,1
21560,6,4,4,1
21561,7,5,5,1
21562,7,5,5,1
21563,8,5,5,1
21564,7,5,5,1
21565,8,6,6,1
21566,8,5,5,1
21567,9,6,6,1
21568,4,4,4,1
21569,5,5,5,1
21570,5,5,5,1
21571,6,5,5,1
21572,5,5,5,1
21573,6,6,6,1
21574,6,5,5,1
21575,7,6,6,1
21576,5,5,5,1
21577,6,6,6,1
21578,6,5,5,1
21579,7,6,6,1
21580,6,5,5,1
21581,7,6,6,1
21582,7,5,5,1
21583,8,6,6,1
21584,5,5,5,1
21585,6,6,6,1
21586,6,6,6,1
21587,7,6,6,1
21588,6,6,6,1
21589,7,7,7,1
21590,7,6,6,1
21591,8,7,7,1
21592,6,5,5,1
21593,7,6,6,1
21594,7,6,6,1
21595,8,6,6,1
21596,7,6,6,1
21597,8,7,7,1
21598,8,6,6,1
21599,9,7,7,1
21600,5,4,4,1
21601,6,5,5,1
21602,6,5,5,1
21603,7,5,5,1
21604,6,5,5,1
21605,7,6,6,1
21606,7,5,5,1
21607,8,6,6,1
21608,6,5,5,1
21609,7,6,6,1
21610,7,5,5,1
21611,8,6,6,1
21612,7,5,5,1
21613,8,6,6,1
21614,8,5,5,1
21615,9,6,6,1
21616,6,5,5,1
21617,7,6,6,1
21618,7,6,6,1
21619,8,6,6,1
21620,7,6,6,1
21621,8,7,7,1
21622,8,6,6,1
21623,9,7,7,1
21624,7,5,5,1
21625,8,6,6,1
21626,8,6,6,1
21627,9,6,6,1
21628,8,6,6,1
21629,9,7,7,1
21630,9,6,6,1
21631,10,7,7,1
21632,4,4,4,1
21633,5,5,5,1
21634,5,5,5,1
21635,6,5,5,1
21636,5,5,5,1
21637,6,6,6,1
21638,6,5,5,1
21639,7,6,6,1
21640,5,5,5,1
21641,6,6,6,1
21642,6,5,5,1
21643,7,6,6,1
21644,6,5,5,1
21645,7,6,6,1
21646,7,5,5,1
21647,8,6,6,1
21648,5,5,5,1
21649,6,6,6,1
21650,6,6,6,1
21651,7,6,6,1
21652,6,6,6,1
21653,7,7,7,1
21654,7,6,6,1
21655,8,7,7,1
21656,6,5,5,1
21657,7,6,6,1
21658,7,6,6,1
21659,8,6,6,1
21660,7,6,6,1
21661,8,7,7,1
21662,8,6,6,1
21663,9,7,7,1
21664,5,4,4,1
21665,6,5,5,1
21666,6,5,5,1
21667,7,5,5,1
21668,6,5,5,1
21669,7,6,6,1
21670,7,5,5,1
21671,8,6,6,1
21672,6,5,5,1
21673,7,6,6,1
21674,7,5,5,1
21675,8,6,6,1
21676,7,5,5,1
21677,8,6,6,1
21678,8,5,5,1
21679,9,6,6,1
21680,6,5,5,1
21681,7,6,6,1
21682,7,6,6,1
21683,8,6,6,1
21684,7,6,6,1
21685,8,7,7,1
21686,8,6,6,1
21687,9,7,7,1
21688,7,5,5,1
21689,8,6,6,1
21690,8,6,6,1
21691,9,6,6,1
21692,8,6,6,1
21693,9,7,7,1
21694,9,6,6,1
21695,10,7,7,1
21696,5,4,4,1
21697,6,5,5,1
21698,6,5,5,1
21699,7,5,5,1
21700,6,5,5,1
21701,7,6,6,1
21702,7,5,5,1
21703,8,6,6,1
21704,6,5,5,1
21705,7,6,6,1
21706,7,5,5,1
21707,8,6,6,1
21708,7,5,5,1
21709,8,6,6,1
21710,8,5,5,1
21711,9,6,6,1
21712,6,5,5,1
21713,7,6,6,1
21714,7,6,6,1
21715,8,6,6,1
21716,7,6,6,1
21717,8,7,7,1
21718,8,6,6,1
21719,9,7,7,1
21720,7,5,5,1
21721,8,6,6,1
21722,8,6,6,1
21723,9,6,6,1
21724,8,6,6,1
21725,9,7,7,1
21726,9,6,6,1
21727,10,7,7,1
21728,6,4,4,1
21729,7,5,5,1
21730,7,5,5,1
21731,8,5,5,1
21732,7,5,5,1
21733,8,6,6,1
21734,8,5,5,1
21735,9,6,6,1
21736,7,5,5,1
21737,8,6,6,1
21738,8,5,5,1
21739,9,6,6,1
21740,8,5,5,1
21741,9,6,6,1
21742,9,5,5,1
21743,10,6,6,1
21744,7,5,5,1
21745,8,6,6,1
21746,8,6,6,1
21747,9,6,6,1
21748,8,6,6,1
21749,9,7,7,1
21750,9,6,6,1
21751,10,7,7,1
21752,8,5,5,1
21753,9,6,6,1
21754,9,6,6,1
21755,10,6,6,1
21756,9,6,6,1
21757,10,7,7,1
21758,10,6,6,1
21759,11,7,7,1
21760,4,4,4,1
21761,5,5,5,1
21762,5,5,5,1
21763,6,5,5,1
21764,5,5,5,1
21765,6,6,6,1
21766,6,5,5,1
21767,7,6,6,1
21768,5,5,5,1
21769,6,6,6,1
21770,6,5,5,1
21771,7,6,6,1
21772,6,5,5,1
21773,7,6,6,1
21774,7,5,5,1
21775,8,6,6,1
21776,5,5,5,1
21777,6,6,6,1
21778,6,6,6,1
21779,7,6,6,1
21780,6,6,6,1
21781,7,7,7,1
21782,7,6,6,1
21783,8,7,7,1
21784,6,5,5,1
21785,7,6,6,1
21786,7,6,6,1
21787,8,6,6,1
21788,7,6,6,1
21789,8,7,7,1
21790,8,6,6,1
21791,9,7,7,1
21792,5,5,5,1
21793,6,6,6,1
21794,6,6,6,1
21795,7,6,6,1
21796,6,6,6,1
21797,7,7,7,1
21798,7,6,6,1
21799,8,7,7,1
21800,6,5,5,1
21801,7,6,6,1
21802,7,6,6,1
21803,8,6,6,1
21804,7,6,6,1
21805,8,7,7,1
21806,8,6,6,1
21807,9,7,7,1
21808,6,5,5,1
21809,7,6,6,1
21810,7,6,6,1
21811,8,6,6,1
21812,7,6,6,1
21813,8,7,7,1
21814,8,6,6,1
21815,9,7,7,1
21816,7,5,5,1
21817,8,6,6,1
21818,8,6,6,1
21819,9,6,6,1
21820,8,6,6,1
21821,9,7,7,1
21822,9,6,6,1
21823,10,7,7,1
21824,5,5,5,1
21825,6,6,6,1
21826,6,6,6,1
21827,7,6,6,1
21828,6,6,6,1
21829,7,7,7,1
21830,7,6,6,1
21831,8,7,7,1
21832,6,6,6,1
21833,7,7,7,1
21834,7,6,6,1
21835,8,7,7,1
21836,7,6,6,1
21837,8,7,7,1
21838,8,6,6,1
21839,9,7,7,1
21840,6,6,6,1
21841,7,7,7,1
21842,7,7,7,1
21843,8,7,7,1
21844,7,7,7,1
21845,8,8,8,1
21846,8,7,7,1
21847,9,8,8,1
21848,7,6,6,1
21849,8,7,7,1
21850,8,7,7,1
21851,9,7,7,1
21852,8,7,7,1
21853,9,8,8,1
21854,9,7,7,1
21855,10,8,8,1
21856,6,5,5,1
21857,7,6,6,1
21858,7,6,6,1
21859,8,6,6,1
21860,7,6,6,1
21861,8,7,7,1
21862,8,6,6,1
21863,9,7,7,1
21864,7,6,6,1
21865,8,7,7,1
21866,8,6,6,1
21867,9,7,7,1
21868,8,6,6,1
21869,9,7,7,1
21870,9,6,6,1
21871,10,7,7,1
21872,7,6,6,1
21873,8,7,7,1
21874,8,7,7,1
21875,9,7,7,1
21876,8,7,7,1
21877,9,8,8,1
21878,9,7,7,1
21879,10,8,8,1
21880,8,6,6,1
21881,9,7,7,1
21882,9,7,7,1
21883,10,7,7,1
21884,9,7,7,1
21885,10,8,8,1
21886,10,7,7,1
21887,11,8,8,1
21888,5,4,4,1
21889,6,5,5,1
21890,6,5,5,1
21891,7,5,5,1
21892,6,5,5,1
21893,7,6,6,1
21894,7,5,5,1
21895,8,6,6,1
21896,6,5,5,1
21897,7,6,6,1
21898,7,5,5,1
21899,8,6,6,1
21900,7,5,5,1
21901,8,6,6,1
21902,8,5,5,1
21903,9,6,6,1
21904,6,5,5,1
21905,7,6,6,1
21906,7,6,6,1
21907,8,6,6,1
21908,7,6,6,1
21909,8,7,7,1
21910,8,6,6,1
21911,9,7,7,1
21912,7,5,5,1
21913,8,6,6,1
21914,8,6,6,1
21915,9,6,6,1
21916,8,6,6,1
21917,9,7,7,1
21918,9,6,6,1
21919,10,7,7,1
21920,6,5,5,1
21921,7,6,6,1
21922,7,6,6,1
21923,8,6,6,1
21924,7,6,6,1
21925,8,7,7,1
21926,8,6,6,1
21927,9,7,7,1
21928,7,5,5,1
21929,8,6,6,1
21930,8,6,6,1
21931,9,6,6,1
21932,8,6,6,1
21933,9,7,7,1
21934,9,6,6,1
21935,10,7,7,1
21936,7,5,5,1
21937,8,6,6,1
21938,8,6,6,1
21939,9,6,6,1
21940,8,6,6,1
21941,9,7,7,1
21942,9,6,6,1
21943,10,7,7,1
21944,8,5,5,1
21945,9,6,6,1
21946,9,6,6,1
21947,10,6,6,1
21948,9,6,6,1
21949,10,7,7,1
21950,10,6,6,1
21951,11,7,7,1
21952,6,5,5,1
21953,7,6,6,1
21954,7,6,6,1
21955,8,6,6,1
21956,7,6,6,1
21957,8,7,7,1
21958,8,6,6,1
21959,9,7,7,1
21960,7,6,6,1
21961,8,7,7,1
21962,8,6,6,1
21963,9,7,7,1
21964,8,6,6,1
21965,9,7,7,1
21966,9,6,6,1
21967,10,7,7,1
21968,7,6,6,1
21969,8,7,7,1
21970,8,7,7,1
21971,9,7,7,1
21972,8,7,7,1
21973,9,8,8,1
21974,9,7,7,1
21975,10,8,8,1
21976,8,6,6,1
21977,9,7,7,1
21978,9,7,7,1
21979,10,7,7,1
21980,9,7,7,1
21981,10,8,8,1
21982,10,7,7,1
21983,11,8,8,1
21984,7,5,5,1
21985,8,6,6,1
21986,8,6,6,1
21987,9,6,6,1
21988,8,6,6,1
21989,9,7,7,1
21990,9,6,6,1
21991,10,7,7,1
21992,8,6,6,1
21993,9,7,7,1
21994,9,6,6,1
21995,10,7,7,1
21996,9,6,6,1
21997,10,7,7,1
21998,10,6,6,1
21999,11,7,7,1
22000,8,6,6,1
22001,9,7,7,1
22002,9,7,7,1
22003,10,7,7,1
22004,9,7,7,1
22005,10,8,8,1
22006,10,7,7,1
22007,11,8,8,1
22008,9,6,6,1
22009,10,7,7,1
22010,10,7,7,1
22011,11,7,7,1
22012,10,7,7,1
22013,11,8,8,1
22014,11,7,7,1
22015,12,8,8,1
22016,4,3,3,1
22017,5,4,4,1
22018,5,4,4,1
22019,6,4,4,1
22020,5,4,4,1
22021,6,5,5,1
22022,6,4,4,1
22023,7,5,5,1
22024,5,4,4,1
22025,6,5,5,1
22026,6,4,4,1
22027,7,5,5,1
22028,6,4,4,1
22029,7,5,5,1
22030,7,4,4,1
22031,8,5,5,1
22032,5,4,4,1
22033,6,5,5,1
22034,6,5,5,1
22035,7,5,5,1
22036,6,5,5,1
22037,7,6,6,1
22038,7,5,5,1
22039,8,6,6,1
22040,6,4,4,1
22041,7,5,5,1
22042,7,5,5,1
22043,8,5,5,1
22044,7,5,5,1
22045,8,6,6,1
22046,8,5,5,1
22047,9,6,6,1
22048,5,4,4,1
22049,6,5,5,1
22050,6,5,5,1
22051,7,5,5,1
22052,6,5,5,1
22053,7,6,6,1
22054,7,5,5,1
22055,8,6,6,1
22056,6,4,4,1
22057,7,5,5,1
22058,7,5,5,1
22059,8,5,5,1
22060,7,5,5,1
22061,8,6,6,1
22062,8,5,5,1
22063,9,6,6,1
22064,6,4,4,1
22065,7,5,5,1
22066,7,5,5,1
22067,8,5,5,1
22068,7,5,5,1
22069,8,6,6,1
22070,8,5,5,1
22071,9,6,6,1
22072,7,4,4,1
22073,8,5,5,1
22074,8,5,5,1
22075,9,5,5,1
22076,8,5,5,1
22077,9,6,6,1
22078,9,5,5,1
22079,10,6,6,1
22080,5,4,4,1
22081,6,5,5,1
22082,6,5,5,1
22083,7,5,5,1
22084,6,5,5,1
22085,7,6,6,1
22086,7,5,5,1
22087,8,6,6,1
22088,6,5,5,1
22089,7,6,6,1
22090,7,5,5,1
22091,8,6,6,1
22092,7,5,5,1
22093,8,6,6,1
22094,8,5,5,1
22095,9,6,6,1
22096,6,5,5,1
22097,7,6,6,1
22098,7,6,6,1
22099,8,6,6,1
22100,7,6,6,1
22101,8,7,7,1
22102,8,6,6,1
22103,9,7,7,1
22104,7,5,5,1
22105,8,6,6,1
22106,8,6,6,1
22107,9,6,6,1
22108,8,6,6,1
22109,9,7,7,1
22110,9,6,6,1
22111,10,7,7,1
22112,6,4,4,1
22113,7,5,5,1
22114,7,5,5,1
22115,8,5,5,1
22116,7,5,5,1
22117,8,6,6,1
22118,8,5,5,1
22119,9,6,6,1
22120,7,5,5,1
22121,8,6,6,1
22122,8,5,5,1
22123,9,6,6,1
22124,8,5,5,1
22125,9,6,6,1
22126,9,5,5,1
22127,10,6,6,1
22128,7,5,5,1
22129,8,6,6,1
22130,8,6,6,1
22131,9,6,6,1
22132,8,6,6,1
22133,9,7,7,1
22134,9,6,6,1
22135,10,7,7,1
22136,8,5,5,1
22137,9,6,6,1
22138,9,6,6,1
22139,10,6,6,1
22140,9,6,6,1
22141,10,7,7,1
22142,10,6,6,1
22143,11,7,7,1
22144,5,4,4,1
22145,6,5,5,1
22146,6,5,5,1
22147,7,5,5,1
22148,6,5,5,1
22149,7,6,6,1
22150,7,5,5,1
22151,8,6,6,1
22152,6,5,5,1
22153,7,6,6,1
22154,7,5,5,1
22155,8,6,6,1
22156,7,5,5,1
22157,8,6,6,1
22158,8,5,5,1
22159,9,6,6,1
22160,6,5,5,1
22161,7,6,6,1
22162,7,6,6,1
22163,8,6,6,1
22164,7,6,6,1
22165,8,7,7,1
22166,8,6,6,1
22167,9,7,7,1
22168,7,5,5,1
22169,8,6,6,1
22170,8,6,6,1
22171,9,6,6,1
22172,8,6,6,1
22173,9,7,7,1
22174,9,6,6,1
22175,10,7,7,1
22176,6,4,4,1
22177,7,5,5,1
22178,7,5,5,1
22179,8,5,5,1
22180,7,5,5,1
22181,8,6,6,1
22182,8,5,5,1
22183,9,6,6,1
22184,7,5,5,1
22185,8,6,6,1
22186,8,5,5,1
22187,9,6,6,1
22188,8,5,5,1
22189,9,6,6,1
22190,9,5,5,1
22191,10,6,6,1
22192,7,5,5,1
22193,8,6,6,1
22194,8,6,6,1
22195,9,6,6,1
22196,8,6,6,1
22197,9,7,7,1
22198,9,6,6,1
22199,10,7,7,1
22200,8,5,5,1
22201,9,6,6,1
22202,9,6,6,1
22203,10,6,6,1
22204,9,6,6,1
22205,10,7,7,1
22206,10,6,6,1
22207,11,7,7,1
22208,6,4,4,1
22209,7,5,5,1
22210,7,5,5,1
22211,8,5,5,1
22212,7,5,5,1
22213,8,6,6,1
22214,8,5,5,1
22215,9,6,6,1
22216,7,5,5,1
22217,8,6,6,1
22218,8,5,5,1
22219,9,6,6,1
22220,8,5,5,1
22221,9,6,6,1
22222,9,5,5,1
22223,10,6,6,1
22224,7,5,5,1
22225,8,6,6,1
22226,8,6,6,1
22227,9,6,6,1
22228,8,6,6,1
22229,9,7,7,1
22230,9,6,6,1
22231,10,7,7,1
22232,8,5,5,1
22233,9,6,6,1
22234,9,6,6,1
22235,10,6,6,1
22236,9,6,6,1
22237,10,7,7,1
22238,10,6,6,1
22239,11,7,7,1
22240,7,4,4,1
22241,8,5,5,1
22242,8,5,5,1
22243,9,5,5,1
22244,8,5,5,1
22245,9,6,6,1
22246,9,5,5,1
22247,10,6,6,1
22248,8,5,5,1
22249,9,6,6,1
22250,9,5,5,1
22251,10,6,6,1
22252,9,5,5,1
22253,10,6,6,1
22254,10,5,5,1
22255,11,6,6,1
22256,8,5,5,1
22257,9,6,6,1
22258,9,6,6,1
22259,10,6,6,1
22260,9,6,6,1
22261,10,7,7,1
22262,10,6,6,1
22263,11,7,7,1
22264,9,5,5,1
22265,10,6,6,1
22266,10,6,6,1
22267,11,6,6,1
22268,10,6,6,1
22269,11,7,7,1
22270,11,6,6,1
22271,12,7,7,1
22272,5,4,4,1
22273,6,5,5,1
22274,6,5,5,1
22275,7,5,5,1
22276,6,5,5,1
22277,7,6,6,1
22278,7,5,5,1
22279,8,6,6,1
22280,6,5,5,1
22281,7,6,6,1
22282,7,5,5,1
22283,8,6,6,1
22284,7,5,5,1
22285,8,6,6,1
22286,8,5,5,1
22287,9,6,6,1
22288,6,5,5,1
22289,7,6,6,1
22290,7,6,6,1
22291,8,6,6,1
22292,7,6,6,1
22293,8,7,7,1
22294,8,6,6,1
22295,9,7,7,1
22296,7,5,5,1
22297,8,6,6,1
22298,8,6,6,1
22299,9,6,6,1
22300,8,6,6,1
22301,9,7,7,1
22302,9,6,6,1
22303,10,7,7,1
22304,6,5,5,1
22305,7,6,6,1
22306,7,6,6,1
22307,8,6,6,1
22308,7,6,6,1
22309,8,7,7,1
22310,8,6,6,1
22311,9,7,7,1
22312,7,5,5,1
22313,8,6,6,1
22314,8,6,6,1
22315,9,6,6,1
22316,8,6,6,1
22317,9,7,7,1
22318,9,6,6,1
22319,10,7,7,1
22320,7,5,5,1
22321,8,6,6,1
22322,8,6,6,1
22323,9,6,6,1
22324,8,6,6,1
22325,9,7,7,1
22326,9,6,6,1
22327,10,7,7,1
22328,8,5,5,1
22329,9,6,6,1
22330,9,6,6,1
22331,10,6,6,1
22332,9,6,6,1
22333,10,7,7,1
22334,10,6,6,1
22335,11,7,7,1
22336,6,5,5,1
22337,7,6,6,1
22338,7,6,6,1
22339,8,6,6,1
22340,7,6,6,1
22341,8,7,7,1
22342,8,6,6,1
22343,9,7,7,1
22344,7,6,6,1
22345,8,7,7,1
22346,8,6,6,1
22347,9,7,7,1
22348,8,6,6,1
22349,9,7,7,1
22350,9,6,6,1
22351,10,7,7,1
22352,7,6,6,1
22353,8,7,7,1
22354,8,7,7,1
22355,9,7,7,1
22356,8,7,7,1
22357,9,8,8,1
22358,9,7,7,1
22359,10,8,8,1
22360,8,6,6,1
22361,9,7,7,1
22362,9,7,7,1
22363,10,7,7,1
22364,9,7,7,1
22365,10,8,8,1
22366,10,7,7,1
22367,11,8,8,1
22368,7,5,5,1
22369,8,6,6,1
22370,8,6,6,1
22371,9,6,6,1
22372,8,6,6,1
22373,9,7,7,1
22374,9,6,6,1
22375,10,7,7,1
22376,8,6,6,1
22377,9,7,7,1
22378,9,6,6,1
22379,10,7,7,1
22380,9,6,6,1
22381,10,7,7,1
22382,10,6,6,1
22383,11,7,7,1
22384,8,6,6,1
22385,9,7,7,1
22386,9,7,7,1
22387,10,7,7,1
22388,9,7,7,1
22389,10,8,8,1
22390,10,7,7,1
22391,11,8,8,1
22392,9,6,6,1
22393,10,7,7,1
22394,10,7,7,1
22395,11,7,7,1
22396,10,7,7,1
22397,11,8,8,1
22398,11,7,7,1
22399,12,8,8,1
22400,6,4,4,1
22401,7,5,5,1
22402,7,5,5,1
22403,8,5,5,1
22404,7,5,5,1
22405,8,6,6,1
22406,8,5,5,1
22407,9,6,6,1
22408,7,5,5,1
22409,8,6,6,1
22410,8,5,5,1
22411,9,6,6,1
22412,8,5,5,1
22413,9,6,6,1
22414,9,5,5,1
22415,10,6,6,1
22416,7,5,5,1
22417,8,6,6,1
22418,8,6,6,1
22419,9,6,6,1
22420,8,6,6,1
22421,9,7,7,1
22422,9,6,6,1
22423,10,7,7,1
22424,8,5,5,1
22425,9,6,6,1
22426,9,6,6,1
22427,10,6,6,1
22428,9,6,6,1
22429,10,7,7,1
22430,10,6,6,1
22431,11,7,7,1
22432,7,5,5,1
22433,8,6,6,1
22434,8,6,6,1
22435,9,6,6,1
22436,8,6,6,1
22437,9,7,7,1
22438,9,6,6,1
22439,10,7,7,1
22440,8,5,5,1
22441,9,6,6,1
22442,9,6,6,1
22443,10,6,6,1
22444,9,6,6,1
22445,10,7,7,1
22446,10,6,6,1
22447,11,7,7,1
22448,8,5,5,1
22449,9,6,6,1
22450,9,6,6,1
22451,10,6,6,1
22452,9,6,6,1
22453,10,7,7,1
22454,10,6,6,1
22455,11,7,7,1
22456,9,5,5,1
22457,10,6,6,1
22458,10,6,6,1
22459,11,6,6,1
22460,10,6,6,1
22461,11,7,7,1
22462,11,6,6,1
22463,12,7,7,1
22464,7,5,5,1
22465,8,6,6,1
22466,8,6,6,1
22467,9,6,6,1
22468,8,6,6,1
22469,9,7,7,1
22470,9,6,6,1
22471,10,7,7,1
22472,8,6,6,1
22473,9,7,7,1
22474,9,6,6,1
22475,10,7,7,1
22476,9,6,6,1
22477,10,7,7,1
22478,10,6,6,1
22479,11,7,7,1
22480,8,6,6,1
22481,9,7,7,1
22482,9,7,7,1
22483,10,7,7,1
22484,9,7,7,1
22485,10,8,8,1
22486,10,7,7,1
22487,11,8,8,1
22488,9,6,6,1
22489,10,7,7,1
22490,10,7,7,1
22491,11,7,7,1
22492,10,7,7,1
22493,11,8,8,1
22494,11,7,7,1
22495,12,8,8,1
22496,8,5,5,1
22497,9,6,6,1
22498,9,6,6,1
22499,10,6,6,1
22500,9,6,6,1
22501,10,7,7,1
22502,10,6,6,1
22503,11,7,7,1
22504,9,6,6,1
22505,10,7,7,1
22506,10,6,6,1
22507,11,7,7,1
22508,10,6,6,1
22509,11,7,7,1
22510,11,6,6,1
22511,12,7,7,1
22512,9,6,6,1
22513,10,7,7,1
22514,10,7,7,1
22515,11,7,7,1
22516,10,7,7,1
22517,11,8,8,1
22518,11,7,7,1
22519,12,8,8,1
22520,10,6,6,1
22521,11,7,7,1
22522,11,7,7,1
22523,12,7,7,1
22524,11,7,7,1
22525,12,8,8,1
22526,12,7,7,1
22527,13,8,8,1
22528,3,2,2,1
22529,4,3,3,1
22530,4,3,3,1
22531,5,3,3,1
22532,4,3,3,1
22533,5,4,4,1
22534,5,3,3,1
22535,6,4,4,1
22536,4,3,3,1
22537,5,4,4,1
22538,5,3,3,1
22539,6,4,4,1
22540,5,3,3,1
22541,6,4,4,1
22542,6,3,3,1
22543,7,4,4,1
22544,4,3,3,1
22545,5,4,4,1
22546,5,4,4,1
22547,6,4,4,1
22548,5,4,4,1
22549,6,5,5,1
22550,6,4,4,1
22551,7,5,5,1
22552,5,3,3,1
22553,6,4,4,1
22554,6,4,4,1
22555,7,4,4,1
22556,6,4,4,1
22557,7,5,5,1
22558,7,4,4,1
22559,8,5,5,1
22560,4,3,3,1
22561,5,4,4,1
22562,5,4,4,1
22563,6,4,4,1
22564,5,4,4,1
22565,6,5,5,1
22566,6,4,4,1
22567,7,5,5,1
22568,5,3,3,1
22569,6,4,4,1
22570,6,4,4,1
22571,7,4,4,1
22572,6,4,4,1
22573,7,5,5,1
22574,7,4,4,1
22575,8,5,5,1
22576,5,3,3,1
22577,6,4,4,1
22578,6,4,4,1
22579,7,4,4,1
22580,6,4,4,1
22581,7,5,5,1
22582,7,4,4,1
22583,8,5,5,1
22584,6,3,3,1
22585,7,4,4,1
22586,7,4,4,1
22587,8,4,4,1
22588,7,4,4,1
22589,8,5,5,1
22590,8,4,4,1
22591,9,5,5,1
22592,4,3,3,1
22593,5,4,4,1
22594,5,4,4,1
22595,6,4,4,1
22596,5,4,4,1
22597,6,5,5,1
22598,6,4,4,1
22599,7,5,5,1
22600,5,4,4,1
22601,6,5,5,1
22602,6,4,4,1
22603,7,5,5,1
22604,6,4,4,1
22605,7,5,5,1
22606,7,4,4,1
22607,8,5,5,1
22608,5,4,4,1
22609,6,5,5,1
22610,6,5,5,1
22611,7,5,5,1
22612,6,5,5,1
22613,7,6,6,1
22614,7,5,5,1
22615,8,6,6,1
22616,6,4,4,1
22617,7,5,5,1
22618,7,5,5,1
22619,8,5,5,1
22620,7,5,5,1
22621,8,6,6,1
22622,8,5,5,1
22623,9,6,6,1
22624,5,3,3,1
22625,6,4,4,1
22626,6,4,4,1
22627,7,4,4,1
22628,6,4,4,1
22629,7,5,5,1
22630,7,4,4,1
22631,8,5,5,1
22632,6,4,4,1
22633,7,5,5,1
22634,7,4,4,1
22635,8,5,5,1
22636,7,4,4,1
22637,8,5,5,1
22638,8,4,4,1
22639,9,5,5,1
22640,6,4,4,1
22641,7,5,5,1
22642,7,5,5,1
22643,8,5,5,1
22644,7,5,5,1
22645,8,6,6,1
22646,8,5,5,1
22647,9,6,6,1
22648,7,4,4,1
22649,8,5,5,1
22650,8,5,5,1
22651,9,5,5,1
22652,8,5,5,1
22653,9,6,6,1
22654,9,5,5,1
22655,10,6,6,1
22656,4,3,3,1
22657,5,4,4,1
22658,5,4,4,1
22659,6,4,4,1
22660,5,4,4,1
22661,6,5,5,1
22662,6,4,4,1
22663,7,5,5,1
22664,5,4,4,1
22665,6,5,5,1
22666,6,4,4,1
22667,7,5,5,1
22668,6,4,4,1
22669,7,5,5,1
22670,7,4,4,1
22671,8,5,5,1
22672,5,4,4,1
22673,6,5,5,1
22674,6,5,5,1
22675,7,5,5,1
22676,6,5,5,1
22677,7,6,6,1
22678,7,5,5,1
22679,8,6,6,1
22680,6,4,4,1
22681,7,5,5,1
22682,7,5,5,1
22683,8,5,5,1
22684,7,5,5,1
22685,8,6,6,1
22686,8,5,5,1
22687,9,6,6,1
22688,5,3,3,1
22689,6,4,4,1
22690,6,4,4,1
22691,7,4,4,1
22692,6,4,4,1
22693,7,5,5,1
22694,7,4,4,1
22695,8,5,5,1
22696,6,4,4,1
22697,7,5,5,1
22698,7,4,4,1
22699,8,5,5,1
22700,7,4,4,1
22701,8,5,5,1
22702,8,4,4,1
22703,9,5,5,1
22704,6,4,4,1
22705,7,5,5,1
22706,7,5,5,1
22707,8,5,5,1
22708,7,5,5,1
22709,8,6,6,1
22710,8,5,5,1
22711,9,6,6,1
22712,7,4,4,1
22713,8,5,5,1
22714,8,5,5,1
22715,9,5,5,1
22716,8,5,5,1
22717,9,6,6,1
22718,9,5,5,1
22719,10,6,6,1
22720,5,3,3,1
22721,6,4,4,1
22722,6,4,4,1
22723,7,4,4,1
22724,6,4,4,1
22725,7,5,5,1
22726,7,4,4,1
22727,8,5,5,1
22728,6,4,4,1
22729,7,5,5,1
22730,7,4,4,1
22731,8,5,5,1
22732,7,4,4,1
22733,8,5,5,1
22734,8,4,4,1
22735,9,5,5,1
22736,6,4,4,1
22737,7,5,5,1
22738,7,5,5,1
22739,8,5,5,1
22740,7,5,5,1
22741,8,6,6,1
22742,8,5,5,1
22743,9,6,6,1
22744,7,4,4,1
22745,8,5,5,1
22746,8,5,5,1
22747,9,5,5,1
22748,8,5,5,1
22749,9,6,6,1
22750,9,5,5,1
22751,10,6,6,1
22752,6,3,3,1
22753,7,4,4,1
22754,7,4,4,1
22755,8,4,4,1
22756,7,4,4,1
22757,8,5,5,1
22758,8,4,4,1
22759,9,5,5,1
22760,7,4,4,1
22761,8,5,5,1
22762,8,4,4,1
22763,9,5,5,1
22764,8,4,4,1
22765,9,5,5,1
22766,9,4,4,1
22767,10,5,5,1
22768,7,4,4,1
22769,8,5,5,1
22770,8,5,5,1
22771,9,5,5,1
22772,8,5,5,1
22773,9,6,6,1
22774,9,5,5,1
22775,10,6,6,1
22776,8,4,4,1
22777,9,5,5,1
22778,9,5,5,1
22779,10,5,5,1
22780,9,5,5,1
22781,10,6,6,1
22782,10,5,5,1
22783,11,6,6,1
22784,4,3,3,1
22785,5,4,4,1
22786,5,4,4,1
22787,6,4,4,1
22788,5,4,4,1
22789,6,5,5,1
22790,6,4,4,1
22791,7,5,5,1
22792,5,4,4,1
22793,6,5,5,1
22794,6,4,4,1
22795,7,5,5,1
22796,6,4,4,1
22797,7,5,5,1
22798,7,4,4,1
22799,8,5,5,1
22800,5,4,4,1
22801,6,5,5,1
22802,6,5,5,1
22803,7,5,5,1
22804,6,5,5,1
22805,7,6,6,1
22806,7,5,5,1
22807,8,6,6,1
22808,6,4,4,1
22809,7,5,5,1
22810,7,5,5,1
22811,8,5,5,1
22812,7,5,5,1
22813,8,6,6,1
22814,8,5,5,1
22815,9,6,6,1
22816,5,4,4,1
22817,6,5,5,1
22818,6,5,5,1
22819,7,5,5,1
22820,6,5,5,1
22821,7,6,6,1
22822,7,5,5,1
22823,8,6,6,1
22824,6,4,4,1
22825,7,5,5,1
22826,7,5,5,1
22827,8,5,5,1
22828,7,5,5,1
22829,8,6,6,1
22830,8,5,5,1
22831,9,6,6,1
22832,6,4,4,1
22833,7,5,5,1
22834,7,5,5,1
22835,8,5,5,1
22836,7,5,5,1
22837,8,6,6,1
22838,8,5,5,1
22839,9,6,6,1
22840,7,4,4,1
22841,8,5,5,1
22842,8,5,5,1
22843,9,5,5,1
22844,8,5,5,1
22845,9,6,6,1
22846,9,5,5,1
22847,10,6,6,1
22848,5,4,4,1
22849,6,5,5,1
22850,6,5,5,1
22851,7,5,5,1
22852,6,5,5,1
22853,7,6,6,1
22854,7,5,5,1
22855,8,6,6,1
22856,6,5,5,1
22857,7,6,6,1
22858,7,5,5,1
22859,8,6,6,1
22860,7,5,5,1
22861,8,6,6,1
22862,8,5,5,1
22863,9,6,6,1
22864,6,5,5,1
22865,7,6,6,1
22866,7,6,6,1
22867,8,6,6,1
22868,7,6,6,1
22869,8,7,7,1
22870,8,6,6,1
22871,9,7,7,1
22872,7,5,5,1
22873,8,6,6,1
22874,8,6,6,1
22875,9,6,6,1
22876,8,6,6,1
22877,9,7,7,1
22878,9,6,6,1
22879,10,7,7,1
22880,6,4,4,1
22881,7,5,5,1
22882,7,5,5,1
22883,8,5,5,1
22884,7,5,5,1
22885,8,6,6,1
22886,8,5,5,1
22887,9,6,6,1
22888,7,5,5,1
22889,8,6,6,1
22890,8,5,5,1
22891,9,6,6,1
22892,8,5,5,1
22893,9,6,6,1
22894,9,5,5,1
22895,10,6,6,1
22896,7,5,5,1
22897,8,6,6,1
22898,8,6,6,1
22899,9,6,6,1
22900,8,6,6,1
22901,9,7,7,1
22902,9,6,6,1
22903,10,7,7,1
22904,8,5,5,1
22905,9,6,6,1
22906,9,6,6,1
22907,10,6,6,1
22908,9,6,6,1
22909,10,7,7,1
22910,10,6,6,1
22911,11,7,7,1
22912,5,3,3,1
22913,6,4,4,1
22914,6,4,4,1
22915,7,4,4,1
22916,6,4,4,1
22917,7,5,5,1
22918,7,4,4,1
22919,8,5,5,1
22920,6,4,4,1
22921,7,5,5,1
22922,7,4,4,1
22923,8,5,5,1
22924,7,4,4,1
22925,8,5,5,1
22926,8,4,4,1
22927,9,5,5,1
22928,6,4,4,1
22929,7,5,5,1
22930,7,5,5,1
22931,8,5,5,1
22932,7,5,5,1
22933,8,6,6,1
22934,8,5,5,1
22935,9,6,6,1
22936,7,4,4,1
22937,8,5,5,1
22938,8,5,5,1
22939,9,5,5,1
22940,8,5,5,1
22941,9,6,6,1
22942,9,5,5,1
22943,10,6,6,1
22944,6,4,4,1
22945,7,5,5,1
22946,7,5,5,1
22947,8,5,5,1
22948,7,5,5,1
22949,8,6,6,1
22950,8,5,5,1
22951,9,6,6,1
22952,7,4,4,1
22953,8,5,5,1
22954,8,5,5,1
22955,9,5,5,1
22956,8,5,5,1
22957,9,6,6,1
22958,9,5,5,1
22959,10,6,6,1
22960,7,4,4,1
22961,8,5,5,1
22962,8,5,5,1
22963,9,5,5,1
22964,8,5,5,1
22965,9,6,6,1
22966,9,5,5,1
22967,10,6,6,1
22968,8,4,4,1
22969,9,5,5,1
22970,9,5,5,1
22971,10,5,5,1
22972,9,5,5,1
22973,10,6,6,1
22974,10,5,5,1
22975,11,6,6,1
22976,6,4,4,1
22977,7,5,5,1
22978,7,5,5,1
22979,8,5,5,1
22980,7,5,5,1
22981,8,6,6,1
22982,8,5,5,1
22983,9,6,6,1
22984,7,5,5,1
22985,8,6,6,1
22986,8,5,5,1
22987,9,6,6,1
22988,8,5,5,1
22989,9,6,6,1
22990,9,5,5,1
22991,10,6,6,1
22992,7,5,5,1
22993,8,6,6,1
22994,8,6,6,1
22995,9,6,6,1
22996,8,6,6,1
22997,9,7,7,1
22998,9,6,6,1
22999,10,7,7,1
23000,8,5,5,1
23001,9,6,6,1
23002,9,6,6,1
23003,10,6,6,1
23004,9,6,6,1
23005,10,7,7,1
23006,10,6,6,1
23007,11,7,7,1
23008,7,4,4,1
23009,8,5,5,1
23010,8,5,5,1
23011,9,5,5,1
23012,8,5,5,1
23013,9,6,6,1
23014,9,5,5,1
23015,10,6,6,1
23016,8,5,5,1
23017,9,6,6,1
23018,9,5,5,1
23019,10,6,6,1
23020,9,5,5,1
23021,10,6,6,1
23022,10,5,5,1
23023,11,6,6,1
23024,8,5,5,1
23025,9,6,6,1
23026,9,6,6,1
23027,10,6,6,1
23028,9,6,6,1
23029,10,7,7,1
23030,10,6,6,1
23031,11,7,7,1
23032,9,5,5,1
23033,10,6,6,1
23034,10,6,6,1
23035,11,6,6,1
23036,10,6,6,1
23037,11,7,7,1
23038,11,6,6,1
23039,12,7,7,1
23040,4,3,3,1
23041,5,4,4,1
23042,5,4,4,1
23043,6,4,4,1
23044,5,4,4,1
23045,6,5,5,1
23046,6,4,4,1
23047,7,5,5,1
23048,5,4,4,1
23049,6,5,5,1
23050,6,4,4,1
23051,7,5,5,1
23052,6,4,4,1
23053,7,5,5,1
23054,7,4,4,1
23055,8,5,5,1
23056,5,4,4,1
23057,6,5,5,1
23058,6,5,5,1
23059,7,5,5,1
23060,6,5,5,1
23061,7,6,6,1
23062,7,5,5,1
23063,8,6,6,1
23064,6,4,4,1
23065,7,5,5,1
23066,7,5,5,1
23067,8,5,5,1
23068,7,5,5,1
23069,8,6,6,1
23070,8,5,5,1
23071,9,6,6,1
23072,5,4,4,1
23073,6,5,5,1
23074,6,5,5,1
23075,7,5,5,1
23076,6,5,5,1
23077,7,6,6,1
23078,7,5,5,1
23079,8,6,6,1
23080,6,4,4,1
23081,7,5,5,1
23082,7,5,5,1
23083,8,5,5,1
23084,7,5,5,1
23085,8,6,6,1
23086,8,5,5,1
23087,9,6,6,1
23088,6,4,4,1
23089,7,5,5,1
23090,7,5,5,1
23091,8,5,5,1
23092,7,5,5,1
23093,8,6,6,1
23094,8,5,5,1
23095,9,6,6,1
23096,7,4,4,1
23097,8,5,5,1
23098,8,5,5,1
23099,9,5,5,1
23100,8,5,5,1
23101,9,6,6,1
23102,9,5,5,1
23103,10,6,6,1
23104,5,4,4,1
23105,6,5,5,1
23106,6,5,5,1
23107,7,5,5,1
23108,6,5,5,1
23109,7,6,6,1
23110,7,5,5,1
23111,8,6,6,1
23112,6,5,5,1
23113,7,6,6,1
23114,7,5,5,1
23115,8,6,6,1
23116,7,5,5,1
23117,8,6,6,1
23118,8,5,5,1
23119,9,6,6,1
23120,6,5,5,1
23121,7,6,6,1
23122,7,6,6,1
23123,8,6,6,1
23124,7,6,6,1
23125,8,7,7,1
23126,8,6,6,1
23127,9,7,7,1
23128,7,5,5,1
23129,8,6,6,1
23130,8,6,6,1
23131,9,6,6,1
23132,8,6,6,1
23133,9,7,7,1
23134,9,6,6,1
23135,10,7,7,1
23136,6,4,4,1
23137,7,5,5,1
23138,7,5,5,1
23139,8,5,5,1
23140,7,5,5,1
23141,8,6,6,1
23142,8,5,5,1
23143,9,6,6,1
23144,7,5,5,1
23145,8,6,6,1
23146,8,5,5,1
23147,9,6,6,1
23148,8,5,5,1
23149,9,6,6,1
23150,9,5,5,1
23151,10,6,6,1
23152,7,5,5,1
23153,8,6,6,1
23154,8,6,6,1
23155,9,6,6,1
23156,8,6,6,1
23157,9,7,7,1
23158,9,6,6,1
23159,10,7,7,1
23160,8,5,5,1
23161,9,6,6,1
23162,9,6,6,1
23163,10,6,6,1
23164,9,6,6,1
23165,10,7,7,1
23166,10,6,6,1
23167,11,7,7,1
23168,5,3,3,1
23169,6,4,4,1
23170,6,4,4,1
23171,7,4,4,1
23172,6,4,4,1
23173,7,5,5,1
23174,7,4,4,1
23175,8,5,5,1
23176,6,4,4,1
23177,7,5,5,1
23178,7,4,4,1
23179,8,5,5,1
23180,7,4,4,1
23181,8,5,5,1
23182,8,4,4,1
23183,9,5,5,1
23184,6,4,4,1
23185,7,5,5,1
23186,7,5,5,1
23187,8,5,5,1
23188,7,5,5,1
23189,8,6,6,1
23190,8,5,5,1
23191,9,6,6,1
23192,7,4,4,1
23193,8,5,5,1
23194,8,5,5,1
23195,9,5,5,1
23196,8,5,5,1
23197,9,6,6,1
23198,9,5,5,1
23199,10,6,6,1
23200,6,4,4,1
23201,7,5,5,1
23202,7,5,5,1
23203,8,5,5,1
23204,7,5,5,1
23205,8,6,6,1
23206,8,5,5,1
23207,9,6,6,1
23208,7,4,4,1
23209,8,5,5,1
23210,8,5,5,1
23211,9,5,5,1
23212,8,5,5,1
23213,9,6,6,1
23214,9,5,5,1
23215,10,6,6,1
23216,7,4,4,1
23217,8,5,5,1
23218,8,5,5,1
23219,9,5,5,1
23220,8,5,5,1
23221,9,6,6,1
23222,9,5,5,1
23223,10,6,6,1
23224,8,4,4,1
23225,9,5,5,1
23226,9,5,5,1
23227,10,5,5,1
23228,9,5,5,1
23229,10,6,6,1
23230,10,5,5,1
23231,11,6,6,1
23232,6,4,4,1
23233,7,5,5,1
23234,7,5,5,1
23235,8,5,5,1
23236,7,5,5,1
23237,8,6,6,1
23238,8,5,5,1
23239,9,6,6,1
23240,7,5,5,1
23241,8,6,6,1
23242,8,5,5,1
23243,9,6,6,1
23244,8,5,5,1
23245,9,6,6,1
23246,9,5,5,1
23247,10,6,6,1
23248,7,5,5,1
23249,8,6,6,1
23250,8,6,6,1
23251,9,6,6,1
23252,8,6,6,1
23253,9,7,7,1
23254,9,6,6,1
23255,10,7,7,1
23256,8,5,5,1
23257,9,6,6,1
23258,9,6,6,1
23259,10,6,6,1
23260,9,6,6,1
23261,10,7,7,1
23262,10,6,6,1
23263,11,7,7,1
23264,7,4,4,1
23265,8,5,5,1
23266,8,5,5,1
23267,9,5,5,1
23268,8,5,5,1
23269,9,6,6,1
23270,9,5,5,1
23271,10,6,6,1
23272,8,5,5,1
23273,9,6,6,1
23274,9,5,5,1
23275,10,6,6,1
23276,9,5,5,1
23277,10,6,6,1
23278,10,5,5,1
23279,11,6,6,1
23280,8,5,5,1
23281,9,6,6,1
23282,9,6,6,1
23283,10,6,6,1
23284,9,6,6,1
23285,10,7,7,1
23286,10,6,6,1
23287,11,7,7,1
23288,9,5,5,1
23289,10,6,6,1
23290,10,6,6,1
23291,11,6,6,1
23292,10,6,6,1
23293,11,7,7,1
23294,11,6,6,1
23295,12,7,7,1
23296,5,3,3,1
23297,6,4,4,1
23298,6,4,4,1
23299,7,4,4,1
23300,6,4,4,1
23301,7,5,5,1
23302,7,4,4,1
23303,8,5,5,1
23304,6,4,4,1
23305,7,5,5,1
23306,7,4,4,1
23307,8,5,5,1
23308,7,4,4,1
23309,8,5,5,1
23310,8,4,4,1
23311,9,5,5,1
23312,6,4,4,1
23313,7,5,5,1
23314,7,5,5,1
23315,8,5,5,1
23316,7,5,5,1
23317,8,6,6,1
23318,8,5,5,1
23319,9,6,6,1
23320,7,4,4,1
23321,8,5,5,1
23322,8,5,5,1
23323,9,5,5,1
23324,8,5,5,1
23325,9,6,6,1
23326,9,5,5,1
23327,10,6,6,1
23328,6,4,4,1
23329,7,5,5,1
23330,7,5,5,1
23331,8,5,5,1
23332,7,5,5,1
23333,8,6,6,1
23334,8,5,5,1
23335,9,6,6,1
23336,7,4,4,1
23337,8,5,5,1
23338,8,5,5,1
23339,9,5,5,1
23340,8,5,5,1
23341,9,6,6,1
23342,9,5,5,1
23343,10,6,6,1
23344,7,4,4,1
23345,8,5,5,1
23346,8,5,5,1
23347,9,5,5,1
23348,8,5,5,1
23349,9,6,6,1
23350,9,5,5,1
23351,10,6,6,1
23352,8,4,4,1
23353,9,5,5,1
23354,9,5,5,1
23355,10,5,5,1
23356,9,5,5,1
23357,10,6,6,1
23358,10,5,5,1
23359,11,6,6,1
23360,6,4,4,1
23361,7,5,5,1
23362,7,5,5,1
23363,8,5,5,1
23364,7,5,5,1
23365,8,6,6,1
23366,8,5,5,1
23367,9,6,6,1
23368,7,5,5,1
23369,8,6,6,1
23370,8,5,5,1
23371,9,6,6,1
23372,8,5,5,1
23373,9,6,6,1
23374,9,5,5,1
23375,10,6,6,1
23376,7,5,5,1
23377,8,6,6,1
23378,8,6,6,1
23379,9,6,6,1
23380,8,6,6,1
23381,9,7,7,1
23382,9,6,6,1
23383,10,7,7,1
23384,8,5,5,1
23385,9,6,6,1
23386,9,6,6,1
23387,10,6,6,1
23388,9,6,6,1
23389,10,7,7,1
23390,10,6,6,1
23391,11,7,7,1
23392,7,4,4,1
23393,8,5,5,1
23394,8,5,5,1
23395,9,5,5,1
23396,8,5,5,1
23397,9,6,6,1
23398,9,5,5,1
23399,10,6,6,1
23400,8,5,5,1
23401,9,6,6,1
23402,9,5,5,1
23403,10,6,6,1
23404,9,5,5,1
23405,10,6,6,1
23406,10,5,5,1
23407,11,6,6,1
23408,8,5,5,1
23409,9,6,6,1
23410,9,6,6,1
23411,10,6,6,1
23412,9,6,6,1
23413,10,7,7,1
23414,10,6,6,1
23415,11,7,7,1
23416,9,5,5,1
23417,10,6,6,1
23418,10,6,6,1
23419,11,6,6,1
23420,10,6,6,1
23421,11,7,7,1
23422,11,6,6,1
23423,12,7,7,1
23424,6,3,3,1
23425,7,4,4,1
23426,7,4,4,1
23427,8,4,4,1
23428,7,4,4,1
23429,8,5,5,1
23430,8,4,4,1
23431,9,5,5,1
23432,7,4,4,1
23433,8,5,5,1
23434,8,4,4,1
23435,9,5,5,1
23436,8,4,4,1
23437,9,5,5,1
23438,9,4,4,1
23439,10,5,5,1
23440,7,4,4,1
23441,8,5,5,1
23442,8,5,5,1
23443,9,5,5,1
23444,8,5,5,1
23445,9,6,6,1
23446,9,5,5,1
23447,10,6,6,1
23448,8,4,4,1
23449,9,5,5,1
23450,9,5,5,1
23451,10,5,5,1
23452,9,5,5,1
23453,10,6,6,1
23454,10,5,5,1
23455,11,6,6,1
23456,7,4,4,1
23457,8,5,5,1
23458,8,5,5,1
23459,9,5,5,1
23460,8,5,5,1
23461,9,6,6,1
23462,9,5,5,1
23463,10,6,6,1
23464,8,4,4,1
23465,9,5,5,1
23466,9,5,5,1
23467,10,5,5,1
23468,9,5,5,1
23469,10,6,6,1
23470,10,5,5,1
23471,11,6,6,1
23472,8,4,4,1
23473,9,5,5,1
23474,9,5,5,1
23475,10,5,5,1
23476,9,5,5,1
23477,10,6,6,1
23478,10,5,5,1
23479,11,6,6,1
23480,9,4,4,1
23481,10,5,5,1
23482,10,5,5,1
23483,11,5,5,1
23484,10,5,5,1
23485,11,6,6,1
23486,11,5,5,1
23487,12,6,6,1
23488,7,4,4,1
23489,8,5,5,1
23490,8,5,5,1
23491,9,5,5,1
23492,8,5,5,1
23493,9,6,6,1
23494,9,5,5,1
23495,10,6,6,1
23496,8,5,5,1
23497,9,6,6,1
23498,9,5,5,1
23499,10,6,6,1
23500,9,5,5,1
23501,10,6,6,1
23502,10,5,5,1
23503,11,6,6,1
23504,8,5,5,1
23505,9,6,6,1
23506,9,6,6,1
23507,10,6,6,1
23508,9,6,6,1
23509,10,7,7,1
23510,10,6,6,1
23511,11,7,7,1
23512,9,5,5,1
23513,10,6,6,1
23514,10,6,6,1
23515,11,6,6,1
23516,10,6,6,1
23517,11,7,7,1
23518,11,6,6,1
23519,12,7,7,1
23520,8,4,4,1
23521,9,5,5,1
23522,9,5,5,1
23523,10,5,5,1
23524,9,5,5,1
23525,10,6,6,1
23526,10,5,5,1
23527,11,6,6,1
23528,9,5,5,1
23529,10,6,6,1
23530,10,5,5,1
23531,11,6,6,1
23532,10,5,5,1
23533,11,6,6,1
23534,11,5,5,1
23535,12,6,6,1
23536,9,5,5,1
23537,10,6,6,1
23538,10,6,6,1
23539,11,6,6,1
23540,10,6,6,1
23541,11,7,7,1
23542,11,6,6,1
23543,12,7,7,1
23544,10,5,5,1
23545,11,6,6,1
23546,11,6,6,1
23547,12,6,6,1
23548,11,6,6,1
23549,12,7,7,1
23550,12,6,6,1
23551,13,7,7,1
23552,4,3,3,1
23553,5,4,4,1
23554,5,4,4,1
23555,6,4,4,1
23556,5,4,4,1
23557,6,5,5,1
23558,6,4,4,1
23559,7,5,5,1
23560,5,4,4,1
23561,6,5,5,1
23562,6,4,4,1
23563,7,5,5,1
23564,6,4,4,1
23565,7,5,5,1
23566,7,4,4,1
23567,8,5,5,1
23568,5,4,4,1
23569,6,5,5,1
23570,6,5,5,1
23571,7,5,5,1
23572,6,5,5,1
23573,7,6,6,1
23574,7,5,5,1
23575,8,6,6,1
23576,6,4,4,1
23577,7,5,5,1
23578,7,5,5,1
23579,8,5,5,1
23580,7,5,5,1
23581,8,6,6,1
23582,8,5,5,1
23583,9,6,6,1
23584,5,4,4,1
23585,6,5,5,1
23586,6,5,5,1
23587,7,5,5,1
23588,6,5,5,1
23589,7,6,6,1
23590,7,5,5,1
23591,8,6,6,1
23592,6,4,4,1
23593,7,5,5,1
23594,7,5,5,1
23595,8,5,5,1
23596,7,5,5,1
23597,8,6,6,1
23598,8,5,5,1
23599,9,6,6,1
23600,6,4,4,1
23601,7,5,5,1
23602,7,5,5,1
23603,8,5,5,1
23604,7,5,5,1
23605,8,6,6,1
23606,8,5,5,1
23607,9,6,6,1
23608,7,4,4,1
23609,8,5,5,1
23610,8,5,5,1
23611,9,5,5,1
23612,8,5,5,1
23613,9,6,6,1
23614,9,5,5,1
23615,10,6,6,1
23616,5,4,4,1
23617,6,5,5,1
23618,6,5,5,1
23619,7,5,5,1
23620,6,5,5,1
23621,7,6,6,1
23622,7,5,5,1
23623,8,6,6,1
23624,6,5,5,1
23625,7,6,6,1
23626,7,5,5,1
23627,8,6,6,1
23628,7,5,5,1
23629,8,6,6,1
23630,8,5,5,1
23631,9,6,6,1
23632,6,5,5,1
23633,7,6,6,1
23634,7,6,6,1
23635,8,6,6,1
23636,7,6,6,1
23637,8,7,7,1
23638,8,6,6,1
23639,9,7,7,1
23640,7,5,5,1
23641,8,6,6,1
23642,8,6,6,1
23643,9,6,6,1
23644,8,6,6,1
23645,9,7,7,1
23646,9,6,6,1
23647,10,7,7,1
23648,6,4,4,1
23649,7,5,5,1
23650,7,5,5,1
23651,8,5,5,1
23652,7,5,5,1
23653,8,6,6,1
23654,8,5,5,1
23655,9,6,6,1
23656,7,5,5,1
23657,8,6,6,1
23658,8,5,5,1
23659,9,6,6,1
23660,8,5,5,1
23661,9,6,6,1
23662,9,5,5,1
23663,10,6,6,1
23664,7,5,5,1
23665,8,6,6,1
23666,8,6,6,1
23667,9,6,6,1
23668,8,6,6,1
23669,9,7,7,1
23670,9,6,6,1
23671,10,7,7,1
23672,8,5,5,1
23673,9,6,6,1
23674,9,6,6,1
23675,10,6,6,1
23676,9,6,6,1
23677,10,7,7,1
23678,10,6,6,1
23679,11,7,7,1
23680,5,4,4,1
23681,6,5,5,1
23682,6,5,5,1
23683,7,5,5,1
23684,6,5,5,1
23685,7,6,6,1
23686,7,5,5,1
23687,8,6,6,1
23688,6,5,5,1
23689,7,6,6,1
23690,7,5,5,1
23691,8,6,6,1
23692,7,5,5,1
23693,8,6,6,1
23694,8,5,5,1
23695,9,6,6,1
23696,6,5,5,1
23697,7,6,6,1
23698,7,6,6,1
23699,8,6,6,1
23700,7,6,6,1
23701,8,7,7,1
23702,8,6,6,1
23703,9,7,7,1
23704,7,5,5,1
23705,8,6,6,1
23706,8,6,6,1
23707,9,6,6,1
23708,8,6,6,1
23709,9,7,7,1
23710,9,6,6,1
23711,10,7,7,1
23712,6,4,4,1
23713,7,5,5,1
23714,7,5,5,1
23715,8,5,5,1
23716,7,5,5,1
23717,8,6,6,1
23718,8,5,5,1
23719,9,6,6,1
23720,7,5,5,1
23721,8,6,6,1
23722,8,5,5,1
23723,9,6,6,1
23724,8,5,5,1
23725,9,6,6,1
23726,9,5,5,1
23727,10,6,6,1
23728,7,5,5,1
23729,8,6,6,1
23730,8,6,6,1
23731,9,6,6,1
23732,8,6,6,1
23733,9,7,7,1
23734,9,6,6,1
23735,10,7,7,1
23736,8,5,5,1
23737,9,6,6,1
23738,9,6,6,1
23739,10,6,6,1
23740,9,6,6,1
23741,10,7,7,1
23742,10,6,6,1
23743,11,7,7,1
23744,6,4,4,1
23745,7,5,5,1
23746,7,5,5,1
23747,8,5,5,1
23748,7,5,5,1
23749,8,6,6,1
23750,8,5,5,1
23751,9,6,6,1
23752,7,5,5,1
23753,8,6,6,1
23754,8,5,5,1
23755,9,6,6,1
23756,8,5,5,1
23757,9,6,6,1
23758,9,5,5,1
23759,10,6,6,1
23760,7,5,5,1
23761,8,6,6,1
23762,8,6,6,1
23763,9,6,6,1
23764,8,6,6,1
23765,9,7,7,1
23766,9,6,6,1
23767,10,7,7,1
23768,8,5,5,1
23769,9,6,6,1
23770,9,6,6,1
23771,10,6,6,1
23772,9,6,6,1
23773,10,7,7,1
23774,10,6,6,1
23775,11,7,7,1
23776,7,4,4,1
23777,8,5,5,1
23778,8,5,5,1
23779,9,5,5,1
23780,8,5,5,1
23781,9,6,6,1
23782,9,5,5,1
23783,10,6,6,1
23784,8,5,5,1
23785,9,6,6,1
23786,9,5,5,1
23787,10,6,6,1
23788,9,5,5,1
23789,10,6,6,1
23790,10,5,5,1
23791,11,6,6,1
23792,8,5,5,1
23793,9,6,6,1
23794,9,6,6,1
23795,10,6,6,1
23796,9,6,6,1
23797,10,7,7,1
23798,10,6,6,1
23799,11,7,7,1
23800,9,5,5,1
23801,10,6,6,1
23802,10,6,6,1
23803,11,6,6,1
23804,10,6,6,1
23805,11,7,7,1
23806,11,6,6,1
23807,12,7,7,1
23808,5,4,4,1
23809,6,5,5,1
23810,6,5,5,1
23811,7,5,5,1
23812,6,5,5,1
23813,7,6,6,1
23814,7,5,5,1
23815,8,6,6,1
23816,6,5,5,1
23817,7,6,6,1
23818,7,5,5,1
23819,8,6,6,1
23820,7,5,5,1
23821,8,6,6,1
23822,8,5,5,1
23823,9,6,6,1
23824,6,5,5,1
23825,7,6,6,1
23826,7,6,6,1
23827,8,6,6,1
23828,7,6,6,1
23829,8,7,7,1
23830,8,6,6,1
23831,9,7,7,1
23832,7,5,5,1
23833,8,6,6,1
23834,8,6,6,1
23835,9,6,6,1
23836,8,6,6,1
23837,9,7,7,1
23838,9,6,6,1
23839,10,7,7,1
23840,6,5,5,1
23841,7,6,6,1
23842,7,6,6,1
23843,8,6,6,1
23844,7,6,6,1
23845,8,7,7,1
23846,8,6,6,1
23847,9,7,7,1
23848,7,5,5,1
23849,8,6,6,1
23850,8,6,6,1
23851,9,6,6,1
23852,8,6,6,1
23853,9,7,7,1
23854,9,6,6,1
23855,10,7,7,1
23856,7,5,5,1
23857,8,6,6,1
23858,8,6,6,1
23859,9,6,6,1
23860,8,6,6,1
23861,9,7,7,1
23862,9,6,6,1
23863,10,7,7,1
23864,8,5,5,1
23865,9,6,6,1
23866,9,6,6,1
23867,10,6,6,1
23868,9,6,6,1
23869,10,7,7,1
23870,10,6,6,1
23871,11,7,7,1
23872,6,5,5,1
23873,7,6,6,1
23874,7,6,6,1
23875,8,6,6,1
23876,7,6,6,1
23877,8,7,7,1
23878,8,6,6,1
23879,9,7,7,1
23880,7,6,6,1
23881,8,7,7,1
23882,8,6,6,1
23883,9,7,7,1
23884,8,6,6,1
23885,9,7,7,1
23886,9,6,6,1
23887,10,7,7,1
23888,7,6,6,1
23889,8,7,7,1
23890,8,7,7,1
23891,9,7,7,1
23892,8,7,7,1
23893,9,8,8,1
23894,9,7,7,1
23895,10,8,8,1
23896,8,6,6,1
23897,9,7,7,1
23898,9,7,7,1
23899,10,7,7,1
23900,9,7,7,1
23901,10,8,8,1
23902,10,7,7,1
23903,11,8,8,1
23904,7,5,5,1
23905,8,6,6,1
23906,8,6,6,1
23907,9,6,6,1
23908,8,6,6,1
23909,9,7,7,1
23910,9,6,6,1
23911,10,7,7,1
23912,8,6,6,1
23913,9,7,7,1
23914,9,6,6,1
23915,10,7,7,1
23916,9,6,6,1
23917,10,7,7,1
23918,10,6,6,1
23919,11,7,7,1
23920,8,6,6,1
23921,9,7,7,1
23922,9,7,7,1
23923,10,7,7,1
23924,9,7,7,1
23925,10,8,8,1
23926,10,7,7,1
23927,11,8,8,1
23928,9,6,6,1
23929,10,7,7,1
23930,10,7,7,1
23931,11,7,7,1
23932,10,7,7,1
23933,11,8,8,1
23934,11,7,7,1
23935,12,8,8,1
23936,6,4,4,1
23937,7,5,5,1
23938,7,5,5,1
23939,8,5,5,1
23940,7,5,5,1
23941,8,6,6,1
23942,8,5,5,1
23943,9,6,6,1
23944,7,5,5,1
23945,8,6,6,1
23946,8,5,5,1
23947,9,6,6,1
23948,8,5,5,1
23949,9,6,6,1
23950,9,5,5,1
23951,10,6,6,1
23952,7,5,5,1
23953,8,6,6,1
23954,8,6,6,1
23955,9,6,6,1
23956,8,6,6,1
23957,9,7,7,1
23958,9,6,6,1
23959,10,7,7,1
23960,8,5,5,1
23961,9,6,6,1
23962,9,6,6,1
23963,10,6,6,1
23964,9,6,6,1
23965,10,7,7,1
23966,10,6,6,1
23967,11,7,7,1
23968,7,5,5,1
23969,8,6,6,1
23970,8,6,6,1
23971,9,6,6,1
23972,8,6,6,1
23973,9,7,7,1
23974,9,6,6,1
23975,10,7,7,1
23976,8,5,5,1
23977,9,6,6,1
23978,9,6,6,1
23979,10,6,6,1
23980,9,6,6,1
23981,10,7,7,1
23982,10,6,6,1
23983,11,7,7,1
23984,8,5,5,1
23985,9,6,6,1
23986,9,6,6,1
23987,10,6,6,1
23988,9,6,6,1
23989,10,7,7,1
23990,10,6,6,1
23991,11,7,7,1
23992,9,5,5,1
23993,10,6,6,1
23994,10,6,6,1
23995,11,6,6,1
23996,10,6,6,1
23997,11,7,7,1
23998,11,6,6,1
23999,12,7,7,1
24000,7,5,5,1
24001,8,6,6,1
24002,8,6,6,1
24003,9,6,6,1
24004,8,6,6,1
24005,9,7,7,1
24006,9,6,6,1
24007,10,7,7,1
24008,8,6,6,1
24009,9,7,7,1
24010,9,6,6,1
24011,10,7,7,1
24012,9,6,6,1
24013,10,7,7,1
24014,10,6,6,1
24015,11,7,7,1
24016,8,6,6,1
24017,9,7,7,1
24018,9,7,7,1
24019,10,7,7,1
24020,9,7,7,1
24021,10,8,8,1
24022,10,7,7,1
24023,11,8,8,1
24024,9,6,6,1
24025,10,7,7,1
24026,10,7,7,1
24027,11,7,7,1
24028,10,7,7,1
24029,11,8,8,1
24030,11,7,7,1
24031,12,8,8,1
24032,8,5,5,1
24033,9,6,6,1
24034,9,6,6,1
24035,10,6,6,1
24036,9,6,6,1
24037,10,7,7,1
24038,10,6,6,1
24039,11,7,7,1
24040,9,6,6,1
24041,10,7,7,1
24042,10,6,6,1
24043,11,7,7,1
24044,10,6,6,1
24045,11,7,7,1
24046,11,6,6,1
24047,12,7,7,1
24048,9,6,6,1
24049,10,7,7,1
24050,10,7,7,1
24051,11,7,7,1
24052,10,7,7,1
24053,11,8,8,1
24054,11,7,7,1
24055,12,8,8,1
24056,10,6,6,1
24057,11,7,7,1
24058,11,7,7,1
24059,12,7,7,1
24060,11,7,7,1
24061,12,8,8,1
24062,12,7,7,1
24063,13,8,8,1
24064,5,3,3,1
24065,6,4,4,1
24066,6,4,4,1
24067,7,4,4,1
24068,6,4,4,1
24069,7,5,5,1
24070,7,4,4,1
24071,8,5,5,1
24072,6,4,4,1
24073,7,5,5,1
24074,7,4,4,1
24075,8,5,5,1
24076,7,4,4,1
24077,8,5,5,1
24078,8,4,4,1
24079,9,5,5,1
24080,6,4,4,1
24081,7,5,5,1
24082,7,5,5,1
24083,8,5,5,1
24084,7,5,5,1
24085,8,6,6,1
24086,8,5,5,1
24087,9,6,6,1
24088,7,4,4,1
24089,8,5,5,1
24090,8,5,5,1
24091,9,5,5,1
24092,8,5,5,1
24093,9,6,6,1
24094,9,5,5,1
24095,10,6,6,1
24096,6,4,4,1
24097,7,5,5,1
24098,7,5,5,1
24099,8,5,5,1
24100,7,5,5,1
24101,8,6,6,1
24102,8,5,5,1
24103,9,6,6,1
24104,7,4,4,1
24105,8,5,5,1
24106,8,5,5,1
24107,9,5,5,1
24108,8,5,5,1
24109,9,6,6,1
24110,9,5,5,1
24111,10,6,6,1
24112,7,4,4,1
24113,8,5,5,1
24114,8,5,5,1
24115,9,5,5,1
24116,8,5,5,1
24117,9,6,6,1
24118,9,5,5,1
24119,10,6,6,1
24120,8,4,4,1
24121,9,5,5,1
24122,9,5,5,1
24123,10,5,5,1
24124,9,5,5,1
24125,10,6,6,1
24126,10,5,5,1
24127,11,6,6,1
24128,6,4,4,1
24129,7,5,5,1
24130,7,5,5,1
24131,8,5,5,1
24132,7,5,5,1
24133,8,6,6,1
24134,8,5,5,1
24135,9,6,6,1
24136,7,5,5,1
24137,8,6,6,1
24138,8,5,5,1
24139,9,6,6,1
24140,8,5,5,1
24141,9,6,6,1
24142,9,5,5,1
24143,10,6,6,1
24144,7,5,5,1
24145,8,6,6,1
24146,8,6,6,1
24147,9,6,6,1
24148,8,6,6,1
24149,9,7,7,1
24150,9,6,6,1
24151,10,7,7,1
24152,8,5,5,1
24153,9,6,6,1
24154,9,6,6,1
24155,10,6,6,1
24156,9,6,6,1
24157,10,7,7,1
24158,10,6,6,1
24159,11,7,7,1
24160,7,4,4,1
24161,8,5,5,1
24162,8,5,5,1
24163,9,5,5,1
24164,8,5,5,1
24165,9,6,6,1
24166,9,5,5,1
24167,10,6,6,1
24168,8,5,5,1
24169,9,6,6,1
24170,9,5,5,1
24171,10,6,6,1
24172,9,5,5,1
24173,10,6,6,1
24174,10,5,5,1
24175,11,6,6,1
24176,8,5,5,1
24177,9,6,6,1
24178,9,6,6,1
24179,10,6,6,1
24180,9,6,6,1
24181,10,7,7,1
24182,10,6,6,1
24183,11,7,7,1
24184,9,5,5,1
24185,10,6,6,1
24186,10,6,6,1
24187,11,6,6,1
24188,10,6,6,1
24189,11,7,7,1
24190,11,6,6,1
24191,12,7,7,1
24192,6,4,4,1
24193,7,5,5,1
24194,7,5,5,1
24195,8,5,5,1
24196,7,5,5,1
24197,8,6,6,1
24198,8,5,5,1
24199,9,6,6,1
24200,7,5,5,1
24201,8,6,6,1
24202,8,5,5,1
24203,9,6,6,1
24204,8,5,5,1
24205,9,6,6,1
24206,9,5,5,1
24207,10,6,6,1
24208,7,5,5,1
24209,8,6,6,1
24210,8,6,6,1
24211,9,6,6,1
24212,8,6,6,1
24213,9,7,7,1
24214,9,6,6,1
24215,10,7,7,1
24216,8,5,5,1
24217,9,6,6,1
24218,9,6,6,1
24219,10,6,6,1
24220,9,6,6,1
24221,10,7,7,1
24222,10,6,6,1
24223,11,7,7,1
24224,7,4,4,1
24225,8,5,5,1
24226,8,5,5,1
24227,9,5,5,1
24228,8,5,5,1
24229,9,6,6,1
24230,9,5,5,1
24231,10,6,6,1
24232,8,5,5,1
24233,9,6,6,1
24234,9,5,5,1
24235,10,6,6,1
24236,9,5,5,1
24237,10,6,6,1
24238,10,5,5,1
24239,11,6,6,1
24240,8,5,5,1
24241,9,6,6,1
24242,9,6,6,1
24243,10,6,6,1
24244,9,6,6,1
24245,10,7,7,1
24246,10,6,6,1
24247,11,7,7,1
24248,9,5,5,1
24249,10,6,6,1
24250,10,6,6,1
24251,11,6,6,1
24252,10,6,6,1
24253,11,7,7,1
24254,11,6,6,1
24255,12,7,7,1
24256,7,4,4,1
24257,8,5,5,1
24258,8,5,5,1
24259,9,5,5,1
24260,8,5,5,1
24261,9,6,6,1
24262,9,5,5,1
24263,10,6,6,1
24264,8,5,5,1
24265,9,6,6,1
24266,9,5,5,1
24267,10,6,6,1
24268,9,5,5,1
24269,10,6,6,1
24270,10,5,5,1
24271,11,6,6,1
24272,8,5,5,1
24273,9,6,6,1
24274,9,6,6,1
24275,10,6,6,1
24276,9,6,6,1
24277,10,7,7,1
24278,10,6,6,1
24279,11,7,7,1
24280,9,5,5,1
24281,10,6,6,1
24282,10,6,6,1
24283,11,6,6,1
24284,10,6,6,1
24285,11,7,7,1
24286,11,6,6,1
24287,12,7,7,1
24288,8,4,4,1
24289,9,5,5,1
24290,9,5,5,1
24291,10,5,5,1
24292,9,5,5,1
24293,10,6,6,1
24294,10,5,5,1
24295,11,6,6,1
24296,9,5,5,1
24297,10,6,6,1
24298,10,5,5,1
24299,11,6,6,1
24300,10,5,5,1
24301,11,6,6,1
24302,11,5,5,1
24303,12,6,6,1
24304,9,5,5,1
24305,10,6,6,1
24306,10,6,6,1
24307,11,6,6,1
24308,10,6,6,1
24309,11,7,7,1
24310,11,6,6,1
24311,12,7,7,1
24312,10,5,5,1
24313,11,6,6,1
24314,11,6,6,1
24315,12,6,6,1
24316,11,6,6,1
24317,12,7,7,1
24318,12,6,6,1
24319,13,7,7,1
24320,6,4,4,1
24321,7,5,5,1
24322,7,5,5,1
24323,8,5,5,1
24324,7,5,5,1
24325,8,6,6,1
24326,8,5,5,1
24327,9,6,6,1
24328,7,5,5,1
24329,8,6,6,1
24330,8,5,5,1
24331,9,6,6,1
24332,8,5,5,1
24333,9,6,6,1
24334,9,5,5,1
24335,10,6,6,1
24336,7,5,5,1
24337,8,6,6,1
24338,8,6,6,1
24339,9,6,6,1
24340,8,6,6,1
24341,9,7,7,1
24342,9,6,6,1
24343,10,7,7,1
24344,8,5,5,1
24345,9,6,6,1
24346,9,6,6,1
24347,10,6,6,1
24348,9,6,6,1
24349,10,7,7,1
24350,10,6,6,1
24351,11,7,7,1
24352,7,5,5,1
24353,8,6,6,1
24354,8,6,6,1
24355,9,6,6,1
24356,8,6,6,1
24357,9,7,7,1
24358,9,6,6,1
24359,10,7,7,1
24360,8,5,5,1
24361,9,6,6,1
24362,9,6,6,1
24363,10,6,6,1
24364,9,6,6,1
24365,10,7,7,1
24366,10,6,6,1
24367,11,7,7,1
24368,8,5,5,1
24369,9,6,6,1
24370,9,6,6,1
24371,10,6,6,1
24372,9,6,6,1
24373,10,7,7,1
24374,10,6,6,1
24375,11,7,7,1
24376,9,5,5,1
24377,10,6,6,1
24378,10,6,6,1
24379,11,6,6,1
24380,10,6,6,1
24381,11,7,7,1
24382,11,6,6,1
24383,12,7,7,1
24384,7,5,5,1
24385,8,6,6,1
24386,8,6,6,1
24387,9,6,6,1
24388,8,6,6,1
24389,9,7,7,1
24390,9,6,6,1
24391,10,7,7,1
24392,8,6,6,1
24393,9,7,7,1
24394,9,6,6,1
24395,10,7,7,1
24396,9,6,6,1
24397,10,7,7,1
24398,10,6,6,1
24399,11,7,7,1
24400,8,6,6,1
24401,9,7,7,1
24402,9,7,7,1
24403,10,7,7,1
24404,9,7,7,1
24405,10,8,8,1
24406,10,7,7,1
24407,11,8,8,1
24408,9,6,6,1
24409,10,7,7,1
24410,10,7,7,1
24411,11,7,7,1
24412,10,7,7,1
24413,11,8,8,1
24414,11,7,7,1
24415,12,8,8,1
24416,8,5,5,1
24417,9,6,6,1
24418,9,6,6,1
24419,10,6,6,1
24420,9,6,6,1
24421,10,7,7,1
24422,10,6,6,1
24423,11,7,7,1
24424,9,6,6,1
24425,10,7,7,1
24426,10,6,6,1
24427,11,7,7,1
24428,10,6,6,1
24429,11,7,7,1
24430,11,6,6,1
24431,12,7,7,1
24432,9,6,6,1
24433,10,7,7,1
24434,10,7,7,1
24435,11,7,7,1
24436,10,7,7,1
24437,11,8,8,1
24438,11,7,7,1
24439,12,8,8,1
24440,10,6,6,1
24441,11,7,7,1
24442,11,7,7,1
24443,12,7,7,1
24444,11,7,7,1
24445,12,8,8,1
24446,12,7,7,1
24447,13,8,8,1
24448,7,4,4,1
24449,8,5,5,1
24450,8,5,5,1
24451,9,5,5,1
24452,8,5,5,1
24453,9,6,6,1
24454,9,5,5,1
24455,10,6,6,1
24456,8,5,5,1
24457,9,6,6,1
24458,9,5,5,1
24459,10,6,6,1
24460,9,5,5,1
24461,10,6,6,1
24462,10,5,5,1
24463,11,6,6,1
24464,8,5,5,1
24465,9,6,6,1
24466,9,6,6,1
24467,10,6,6,1
24468,9,6,6,1
24469,10,7,7,1
24470,10,6,6,1
24471,11,7,7,1
24472,9,5,5,1
24473,10,6,6,1
24474,10,6,6,1
24475,11,6,6,1
24476,10,6,6,1
24477,11,7,7,1
24478,11,6,6,1
24479,12,7,7,1
24480,8,5,5,1
24481,9,6,6,1
24482,9,6,6,1
24483,10,6,6,1
24484,9,6,6,1
24485,10,7,7,1
24486,10,6,6,1
24487,11,7,7,1
24488,9,5,5,1
24489,10,6,6,1
24490,10,6,6,1
24491,11,6,6,1
24492,10,6,6,1
24493,11,7,7,1
24494,11,6,6,1
24495,12,7,7,1
24496,9,5,5,1
24497,10,6,6,1
24498,10,6,6,1
24499,11,6,6,1
24500,10,6,6,1
24501,11,7,7,1
24502,11,6,6,1
24503,12,7,7,1
24504,10,5,5,1
24505,11,6,6,1
24506,11,6,6,1
24507,12,6,6,1
24508,11,6,6,1
24509,12,7,7,1
24510,12,6,6,1
24511,13,7,7,1
24512,8,5,5,1
24513,9,6,6,1
24514,9,6,6,1
24515,10,6,6,1
24516,9,6,6,1
24517,10,7,7,1
24518,10,6,6,1
24519,11,7,7,1
24520,9,6,6,1
24521,10,7,7,1
24522,10,6,6,1
24523,11,7,7,1
24524,10,6,6,1
24525,11,7,7,1
24526,11,6,6,1
24527,12,7,7,1
24528,9,6,6,1
24529,10,7,7,1
24530,10,7,7,1
24531,11,7,7,1
24532,10,7,7,1
24533,11,8,8,1
24534,11,7,7,1
24535,12,8,8,1
24536,10,6,6,1
24537,11,7,7,1
24538,11,7,7,1
24539,12,7,7,1
24540,11,7,7,1
24541,12,8,8,1
24542,12,7,7,1
24543,13,8,8,1
24544,9,5,5,1
24545,10,6,6,1
24546,10,6,6,1
24547,11,6,6,1
24548,10,6,6,1
24549,11,7,7,1
24550,11,6,6,1
24551,12,7,7,1
24552,10,6,6,1
24553,11,7,7,1
24554,11,6,6,1
24555,12,7,7,1
24556,11,6,6,1
24557,12,7,7,1
24558,12,6,6,1
24559,13,7,7,1
24560,10,6,6,1
24561,11,7,7,1
24562,11,7,7,1
24563,12,7,7,1
24564,11,7,7,1
24565,12,8,8,1
24566,12,7,7,1
24567,13,8,8,1
24568,11,6,6,1
24569,12,7,7,1
24570,12,7,7,1
24571,13,7,7,1
24572,12,7,7,1
24573,13,8,8,1
24574,13,7,7,1
24575,14,8,8,1
24576,2,1,1,1
24577,3,2,2,1
24578,3,2,2,1
24579,4,2,2,1
24580,3,2,2,1
24581,4,3,3,1
24582,4,2,2,1
24583,5,3,3,1
24584,3,2,2,1
24585,4,3,3,1
24586,4,2,2,1
24587,5,3,3,1
24588,4,2,2,1
24589,5,3,3,1
24590,5,2,2,1
24591,6,3,3,1
24592,3,2,2,1
24593,4,3,3,1
24594,4,3,3,1
24595,5,3,3,1
24596,4,3,3,1
24597,5,4,4,1
24598,5,3,3,1
24599,6,4,4,1
24600,4,2,2,1
24601,5,3,3,1
24602,5,3,3,1
24603,6,3,3,1
24604,5,3,3,1
24605,6,4,4,1
24606,6,3,3,1
24607,7,4,4,1
24608,3,2,2,1
24609,4,3,3,1
24610,4,3,3,1
24611,5,3,3,1
24612,4,3,3,1
24613,5,4,4,1
24614,5,3,3,1
24615,6,4,4,1
24616,4,2,2,1
24617,5,3,3,1
24618,5,3,3,1
24619,6,3,3,1
24620,5,3,3,1
24621,6,4,4,1
24622,6,3,3,1
24623,7,4,4,1
24624,4,2,2,1
24625,5,3,3,1
24626,5,3,3,1
24627,6,3,3,1
24628,5,3,3,1
24629,6,4,4,1
24630,6,3,3,1
24631,7,4,4,1
24632,5,2,2,1
24633,6,3,3,1
24634,6,3,3,1
24635,7,3,3,1
24636,6,3,3,1
24637,7,4,4,1
24638,7,3,3,1
24639,8,4,4,1
24640,3,2,2,1
24641,4,3,3,1
24642,4,3,3,1
24643,5,3,3,1
24644,4,3,3,1
24645,5,4,4,1
24646,5,3,3,1
24647,6,4,4,1
24648,4,3,3,1
24649,5,4,4,1
24650,5,3,3,1
24651,6,4,4,1
24652,5,3,3,1
24653,6,4,4,1
24654,6,3,3,1
24655,7,4,4,1
24656,4,3,3,1
24657,5,4,4,1
24658,5,4,4,1
24659,6,4,4,1
24660,5,4,4,1
24661,6,5,5,1
24662,6,4,4,1
24663,7,5,5,1
24664,5,3,3,1
24665,6,4,4,1
24666,6,4,4,1
24667,7,4,4,1
24668,6,4,4,1
24669,7,5,5,1
24670,7,4,4,1
24671,8,5,5,1
24672,4,2,2,1
24673,5,3,3,1
24674,5,3,3,1
24675,6,3,3,1
24676,5,3,3,1
24677,6,4,4,1
24678,6,3,3,1
24679,7,4,4,1
24680,5,3,3,1
24681,6,4,4,1
24682,6,3,3,1
24683,7,4,4,1
24684,6,3,3,1
24685,7,4,4,1
24686,7,3,3,1
24687,8,4,4,1
24688,5,3,3,1
24689,6,4,4,1
24690,6,4,4,1
24691,7,4,4,1
24692,6,4,4,1
24693,7,5,5,1
24694,7,4,4,1
24695,8,5,5,1
24696,6,3,3,1
24697,7,4,4,1
24698,7,4,4,1
24699,8,4,4,1
24700,7,4,4,1
24701,8,5,5,1
24702,8,4,4,1
24703,9,5,5,1
24704,3,2,2,1
24705,4,3,3,1
24706,4,3,3,1
24707,5,3,3,1
24708,4,3,3,1
24709,5,4,4,1
24710,5,3,3,1
24711,6,4,4,1
24712,4,3,3,1
24713,5,4,4,1
24714,5,3,3,1
24715,6,4,4,1
24716,5,3,3,1
24717,6,4,4,1
24718,6,3,3,1
24719,7,4,4,1
24720,4,3,3,1
24721,5,4,4,1
24722,5,4,4,1
24723,6,4,4,1
24724,5,4,4,1
24725,6,5,5,1
24726,6,4,4,1
24727,7,5,5,1
24728,5,3,3,1
24729,6,4,4,1
24730,6,4,4,1
24731,7,4,4,1
24732,6,4,4,1
24733,7,5,5,1
24734,7,4,4,1
24735,8,5,5,1
24736,4,2,2,1
24737,5,3,3,1
24738,5,3,3,1
24739,6,3,3,1
24740,5,3,3,1
24741,6,4,4,1
24742,6,3,3,1
24743,7,4,4,1
24744,5,3,3,1
24745,6,4,4,1
24746,6,3,3,1
24747,7,4,4,1
24748,6,3,3,1
24749,7,4,4,1
24750,7,3,3,1
24751,8,4,4,1
24752,5,3,3,1
24753,6,4,4,1
24754,6,4,4,1
24755,7,4,4,1
24756,6,4,4,1
24757,7,5,5,1
24758,7,4,4,1
24759,8,5,5,1
24760,6,3,3,1
24761,7,4,4,1
24762,7,4,4,1
24763,8,4,4,1
24764,7,4,4,1
24765,8,5,5,1
24766,8,4,4,1
24767,9,5,5,1
24768,4,2,2,1
24769,5,3,3,1
24770,5,3,3,1
24771,6,3,3,1
24772,5,3,3,1
24773,6,4,4,1
24774,6,3,3,1
24775,7,4,4,1
24776,5,3,3,1
24777,6,4,4,1
24778,6,3,3,1
24779,7,4,4,1
24780,6,3,3,1
24781,7,4,4,1
24782,7,3,3,1
24783,8,4,4,1
24784,5,3,3,1
24785,6,4,4,1
24786,6,4,4,1
24787,7,4,4,1
24788,6,4,4,1
24789,7,5,5,1
24790,7,4,4,1
24791,8,5,5,1
24792,6,3,3,1
24793,7,4,4,1
24794,7,4,4,1
24795,8,4,4,1
24796,7,4,4,1
24797,8,5,5,1
24798,8,4,4,1
24799,9,5,5,1
24800,5,2,2,1
24801,6,3,3,1
24802,6,3,3,1
24803,7,3,3,1
24804,6,3,3,1
24805,7,4,4,1
24806,7,3,3,1
24807,8,4,4,1
24808,6,3,3,1
24809,7,4,4,1
24810,7,3,3,1
24811,8,4,4,1
24812,7,3,3,1
24813,8,4,4,1
24814,8,3,3,1
24815,9,4,4,1
24816,6,3,3,1
24817,7,4,4,1
24818,7,4,4,1
24819,8,4,4,1
24820,7,4,4,1
24821,8,5,5,1
24822,8,4,4,1
24823,9,5,5,1
24824,7,3,3,1
24825,8,4,4,1
24826,8,4,4,1
24827,9,4,4,1
24828,8,4,4,1
24829,9,5,5,1
24830,9,4,4,1
24831,10,5,5,1
24832,3,2,2,1
24833,4,3,3,1
24834,4,3,3,1
24835,5,3,3,1
24836,4,3,3,1
24837,5,4,4,1
24838,5,3,3,1
24839,6,4,4,1
24840,4,3,3,1
24841,5,4,4,1
24842,5,3,3,1
24843,6,4,4,1
24844,5,3,3,1
24845,6,4,4,1
24846,6,3,3,1
24847,7,4,4,1
24848,4,3,3,1
24849,5,4,4,1
24850,5,4,4,1
24851,6,4,4,1
24852,5,4,4,1
24853,6,5,5,1
24854,6,4,4,1
24855,7,5,5,1
24856,5,3,3,1
24857,6,4,4,1
24858,6,4,4,1
24859,7,4,4,1
24860,6,4,4,1
24861,7,5,5,1
24862,7,4,4,1
24863,8,5,5,1
24864,4,3,3,1
24865,5,4,4,1
24866,5,4,4,1
24867,6,4,4,1
24868,5,4,4,1
24869,6,5,5,1
24870,6,4,4,1
24871,7,5,5,1
24872,5,3,3,1
24873,6,4,4,1
24874,6,4,4,1
24875,7,4,4,1
24876,6,4,4,1
24877,7,5,5,1
24878,7,4,4,1
24879,8,5,5,1
24880,5,3,3,1
24881,6,4,4,1
24882,6,4,4,1
24883,7,4,4,1
24884,6,4,4,1
24885,7,5,5,1
24886,7,4,4,1
24887,8,5,5,1
24888,6,3,3,1
24889,7,4,4,1
24890,7,4,4,1
24891,8,4,4,1
24892,7,4,4,1
24893,8,5,5,1
24894,8,4,4,1
24895,9,5,5,1
24896,4,3,3,1
24897,5,4,4,1
24898,5,4,4,1
24899,6,4,4,1
24900,5,4,4,1
24901,6,5,5,1
24902,6,4,4,1
24903,7,5,5,1
24904,5,4,4,1
24905,6,5,5,1
24906,6,4,4,1
24907,7,5,5,1
24908,6,4,4,1
24909,7,5,5,1
24910,7,4,4,1
24911,8,5,5,1
24912,5,4,4,1
24913,6,5,5,1
24914,6,5,5,1
24915,7,5,5,1
24916,6,5,5,1
24917,7,6,6,1
24918,7,5,5,1
24919,8,6,6,1
24920,6,4,4,1
24921,7,5,5,1
24922,7,5,5,1
24923,8,5,5,1
24924,7,5,5,1
24925,8,6,6,1
24926,8,5,5,1
24927,9,6,6,1
24928,5,3,3,1
24929,6,4,4,1
24930,6,4,4,1
24931,7,4,4,1
24932,6,4,4,1
24933,7,5,5,1
24934,7,4,4,1
24935,8,5,5,1
24936,6,4,4,1
24937,7,5,5,1
24938,7,4,4,1
24939,8,5,5,1
24940,7,4,4,1
24941,8,5,5,1
24942,8,4,4,1
24943,9,5,5,1
24944,6,4,4,1
24945,7,5,5,1
24946,7,5,5,1
24947,8,5,5,1
24948,7,5,5,1
24949,8,6,6,1
24950,8,5,5,1
24951,9,6,6,1
24952,7,4,4,1
24953,8,5,5,1
24954,8,5,5,1
24955,9,5,5,1
24956,8,5,5,1
24957,9,6,6,1
24958,9,5,5,1
24959,10,6,6,1
24960,4,2,2,1
24961,5,3,3,1
24962,5,3,3,1
24963,6,3,3,1
24964,5,3,3,1
24965,6,4,4,1
24966,6,3,3,1
24967,7,4,4,1
24968,5,3,3,1
24969,6,4,4,1
24970,6,3,3,1
24971,7,4,4,1
24972,6,3,3,1
24973,7,4,4,1
24974,7,3,3,1
24975,8,4,4,1
24976,5,3,3,1
24977,6,4,4,1
24978,6,4,4,1
24979,7,4,4,1
24980,6,4,4,1
24981,7,5,5,1
24982,7,4,4,1
24983,8,5,5,1
24984,6,3,3,1
24985,7,4,4,1
24986,7,4,4,1
24987,8,4,4,1
24988,7,4,4,1
24989,8,5,5,1
24990,8,4,4,1
24991,9,5,5,1
24992,5,3,3,1
24993,6,4,4,1
24994,6,4,4,1
24995,7,4,4,1
24996,6,4,4,1
24997,7,5,5,1
24998,7,4,4,1
24999,8,5,5,1
25000,6,3,3,1
25001,7,4,4,1
25002,7,4,4,1
25003,8,4,4,1
25004,7,4,4,1
25005,8,5,5,1
25006,8,4,4,1
25007,9,5,5,1
25008,6,3,3,1
25009,7,4,4,1
25010,7,4,4,1
25011,8,4,4,1
25012,7,4,4,1
25013,8,5,5,1
25014,8,4,4,1
25015,9,5,5,1
25016,7,3,3,1
25017,8,4,4,1
25018,8,4,4,1
25019,9,4,4,1
25020,8,4,4,1
25021,9,5,5,1
25022,9,4,4,1
25023,10,5,5,1
25024,5,3,3,1
25025,6,4,4,1
25026,6,4,4,1
25027,7,4,4,1
25028,6,4,4,1
25029,7,5,5,1
25030,7,4,4,1
25031,8,5,5,1
25032,6,4,4,1
25033,7,5,5,1
25034,7,4,4,1
25035,8,5,5,1
25036,7,4,4,1
25037,8,5,5,1
25038,8,4,4,1
25039,9,5,5,1
25040,6,4,4,1
25041,7,5,5,1
25042,7,5,5,1
25043,8,5,5,1
25044,7,5,5,1
25045,8,6,6,1
25046,8,5,5,1
25047,9,6,6,1
25048,7,4,4,1
25049,8,5,5,1
25050,8,5,5,1
25051,9,5,5,1
25052,8,5,5,1
25053,9,6,6,1
25054,9,5,5,1
25055,10,6,6,1
25056,6,3,3,1
25057,7,4,4,1
25058,7,4,4,1
25059,8,4,4,1
25060,7,4,4,1
25061,8,5,5,1
25062,8,4,4,1
25063,9,5,5,1
25064,7,4,4,1
25065,8,5,5,1
25066,8,4,4,1
25067,9,5,5,1
25068,8,4,4,1
25069,9,5,5,1
25070,9,4,4,1
25071,10,5,5,1
25072,7,4,4,1
25073,8,5,5,1
25074,8,5,5,1
25075,9,5,5,1
25076,8,5,5,1
25077,9,6,6,1
25078,9,5,5,1
25079,10,6,6,1
25080,8,4,4,1
25081,9,5,5,1
25082,9,5,5,1
25083,10,5,5,1
25084,9,5,5,1
25085,10,6,6,1
25086,10,5,5,1
25087,11,6,6,1
25088,3,2,2,1
25089,4,3,3,1
25090,4,3,3,1
25091,5,3,3,1
25092,4,3,3,1
25093,5,4,4,1
25094,5,3,3,1
25095,6,4,4,1
25096,4,3,3,1
25097,5,4,4,1
25098,5,3,3,1
25099,6,4,4,1
25100,5,3,3,1
25101,6,4,4,1
25102,6,3,3,1
25103,7,4,4,1
25104,4,3,3,1
25105,5,4,4,1
25106,5,4,4,1
25107,6,4,4,1
25108,5,4,4,1
25109,6,5,5,1
25110,6,4,4,1
25111,7,5,5,1
25112,5,3,3,1
25113,6,4,4,1
25114,6,4,4,1
25115,7,4,4,1
25116,6,4,4,1
25117,7,5,5,1
25118,7,4,4,1
25119,8,5,5,1
25120,4,3,3,1
25121,5,4,4,1
25122,5,4,4,1
25123,6,4,4,1
25124,5,4,4,1
25125,6,5,5,1
25126,6,4,4,1
25127,7,5,5,1
25128,5,3,3,1
25129,6,4,4,1
25130,6,4,4,1
25131,7,4,4,1
25132,6,4,4,1
25133,7,5,5,1
25134,7,4,4,1
25135,8,5,5,1
25136,5,3,3,1
25137,6,4,4,1
25138,6,4,4,1
25139,7,4,4,1
25140,6,4,4,1
25141,7,5,5,1
25142,7,4,4,1
25143,8,5,5,1
25144,6,3,3,1
25145,7,4,4,1
25146,7,4,4,1
25147,8,4,4,1
25148,7,4,4,1
25149,8,5,5,1
25150,8,4,4,1
25151,9,5,5,1
25152,4,3,3,1
25153,5,4,4,1
25154,5,4,4,1
25155,6,4,4,1
25156,5,4,4,1
25157,6,5,5,1
25158,6,4,4,1
25159,7,5,5,1
25160,5,4,4,1
25161,6,5,5,1
25162,6,4,4,1
25163,7,5,5,1
25164,6,4,4,1
25165,7,5,5,1
25166,7,4,4,1
25167,8,5,5,1
25168,5,4,4,1
25169,6,5,5,1
25170,6,5,5,1
25171,7,5,5,1
25172,6,5,5,1
25173,7,6,6,1
25174,7,5,5,1
25175,8,6,6,1
25176,6,4,4,1
25177,7,5,5,1
25178,7,5,5,1
25179,8,5,5,1
25180,7,5,5,1
25181,8,6,6,1
25182,8,5,5,1
25183,9,6,6,1
25184,5,3,3,1
25185,6,4,4,1
25186,6,4,4,1
25187,7,4,4,1
25188,6,4,4,1
25189,7,5,5,1
25190,7,4,4,1
25191,8,5,5,1
25192,6,4,4,1
25193,7,5,5,1
25194,7,4,4,1
25195,8,5,5,1
25196,7,4,4,1
25197,8,5,5,1
25198,8,4,4,1
25199,9,5,5,1
25200,6,4,4,1
25201,7,5,5,1
25202,7,5,5,1
25203,8,5,5,1
25204,7,5,5,1
25205,8,6,6,1
25206,8,5,5,1
25207,9,6,6,1
25208,7,4,4,1
25209,8,5,5,1
25210,8,5,5,1
25211,9,5,5,1
25212,8,5,5,1
25213,9,6,6,1
25214,9,5,5,1
25215,10,6,6,1
25216,4,2,2,1
25217,5,3,3,1
25218,5,3,3,1
25219,6,3,3,1
25220,5,3,3,1
25221,6,4,4,1
25222,6,3,3,1
25223,7,4,4,1
25224,5,3,3,1
25225,6,4,4,1
25226,6,3,3,1
25227,7,4,4,1
25228,6,3,3,1
25229,7,4,4,1
25230,7,3,3,1
25231,8,4,4,1
25232,5,3,3,1
25233,6,4,4,1
25234,6,4,4,1
25235,7,4,4,1
25236,6,4,4,1
25237,7,5,5,1
25238,7,4,4,1
25239,8,5,5,1
25240,6,3,3,1
25241,7,4,4,1
25242,7,4,4,1
25243,8,4,4,1
25244,7,4,4,1
25245,8,5,5,1
25246,8,4,4,1
25247,9,5,5,1
25248,5,3,3,1
25249,6,4,4,1
25250,6,4,4,1
25251,7,4,4,1
25252,6,4,4,1
25253,7,5,5,1
25254,7,4,4,1
25255,8,5,5,1
25256,6,3,3,1
25257,7,4,4,1
25258,7,4,4,1
25259,8,4,4,1
25260,7,4,4,1
25261,8,5,5,1
25262,8,4,4,1
25263,9,5,5,1
25264,6,3,3,1
25265,7,4,4,1
25266,7,4,4,1
25267,8,4,4,1
25268,7,4,4,1
25269,8,5,5,1
25270,8,4,4,1
25271,9,5,5,1
25272,7,3,3,1
25273,8,4,4,1
25274,8,4,4,1
25275,9,4,4,1
25276,8,4,4,1
25277,9,5,5,1
25278,9,4,4,1
25279,10,5,5,1
25280,5,3,3,1
25281,6,4,4,1
25282,6,4,4,1
25283,7,4,4,1
25284,6,4,4,1
25285,7,5,5,1
25286,7,4,4,1
25287,8,5,5,1
25288,6,4,4,1
25289,7,5,5,1
25290,7,4,4,1
25291,8,5,5,1
25292,7,4,4,1
25293,8,5,5,1
25294,8,4,4,1
25295,9,5,5,1
25296,6,4,4,1
25297,7,5,5,1
25298,7,5,5,1
25299,8,5,5,1
25300,7,5,5,1
25301,8,6,6,1
25302,8,5,5,1
25303,9,6,6,1
25304,7,4,4,1
25305,8,5,5,1
25306,8,5,5,1
25307,9,5,5,1
25308,8,5,5,1
25309,9,6,6,1
25310,9,5,5,1
25311,10,6,6,1
25312,6,3,3,1
25313,7,4,4,1
25314,7,4,4,1
25315,8,4,4,1
25316,7,4,4,1
25317,8,5,5,1
25318,8,4,4,1
25319,9,5,5,1
25320,7,4,4,1
25321,8,5,5,1
25322,8,4,4,1
25323,9,5,5,1
25324,8,4,4,1
25325,9,5,5,1
25326,9,4,4,1
25327,10,5,5,1
25328,7,4,4,1
25329,8,5,5,1
25330,8,5,5,1
25331,9,5,5,1
25332,8,5,5,1
25333,9,6,6,1
25334,9,5,5,1
25335,10,6,6,1
25336,8,4,4,1
25337,9,5,5,1
25338,9,5,5,1
25339,10,5,5,1
25340,9,5,5,1
25341,10,6,6,1
25342,10,5,5,1
25343,11,6,6,1
25344,4,2,2,1
25345,5,3,3,1
25346,5,3,3,1
25347,6,3,3,1
25348,5,3,3,1
25349,6,4,4,1
25350,6,3,3,1
25351,7,4,4,1
25352,5,3,3,1
25353,6,4,4,1
25354,6,3,3,1
25355,7,4,4,1
25356,6,3,3,1
25357,7,4,4,1
25358,7,3,3,1
25359,8,4,4,1
25360,5,3,3,1
25361,6,4,4,1
25362,6,4,4,1
25363,7,4,4,1
25364,6,4,4,1
25365,7,5,5,1
25366,7,4,4,1
25367,8,5,5,1
25368,6,3,3,1
25369,7,4,4,1
25370,7,4,4,1
25371,8,4,4,1
25372,7,4,4,1
25373,8,5,5,1
25374,8,4,4,1
25375,9,5,5,1
25376,5,3,3,1
25377,6,4,4,1
25378,6,4,4,1
25379,7,4,4,1
25380,6,4,4,1
25381,7,5,5,1
25382,7,4,4,1
25383,8,5,5,1
25384,6,3,3,1
25385,7,4,4,1
25386,7,4,4,1
25387,8,4,4,1
25388,7,4,4,1
25389,8,5,5,1
25390,8,4,4,1
25391,9,5,5,1
25392,6,3,3,1
25393,7,4,4,1
25394,7,4,4,1
25395,8,4,4,1
25396,7,4,4,1
25397,8,5,5,1
25398,8,4,4,1
25399,9,5,5,1
25400,7,3,3,1
25401,8,4,4,1
25402,8,4,4,1
25403,9,4,4,1
25404,8,4,4,1
25405,9,5,5,1
25406,9,4,4,1
25407,10,5,5,1
25408,5,3,3,1
25409,6,4,4,1
25410,6,4,4,1
25411,7,4,4,1
25412,6,4,4,1
25413,7,5,5,1
25414,7,4,4,1
25415,8,5,5,1
25416,6,4,4,1
25417,7,5,5,1
25418,7,4,4,1
25419,8,5,5,1
25420,7,4,4,1
25421,8,5,5,1
25422,8,4,4,1
25423,9,5,5,1
25424,6,4,4,1
25425,7,5,5,1
25426,7,5,5,1
25427,8,5,5,1
25428,7,5,5,1
25429,8,6,6,1
25430,8,5,5,1
25431,9,6,6,1
25432,7,4,4,1
25433,8,5,5,1
25434,8,5,5,1
25435,9,5,5,1
25436,8,5,5,1
25437,9,6,6,1
25438,9,5,5,1
25439,10,6,6,1
25440,6,3,3,1
25441,7,4,4,1
25442,7,4,4,1
25443,8,4,4,1
25444,7,4,4,1
25445,8,5,5,1
25446,8,4,4,1
25447,9,5,5,1
25448,7,4,4,1
25449,8,5,5,1
25450,8,4,4,1
25451,9,5,5,1
25452,8,4,4,1
25453,9,5,5,1
25454,9,4,4,1
25455,10,5,5,1
25456,7,4,4,1
25457,8,5,5,1
25458,8,5,5,1
25459,9,5,5,1
25460,8,5,5,1
25461,9,6,6,1
25462,9,5,5,1
25463,10,6,6,1
25464,8,4,4,1
25465,9,5,5,1
25466,9,5,5,1
25467,10,5,5,1
25468,9,5,5,1
25469,10,6,6,1
25470,10,5,5,1
25471,11,6,6,1
25472,5,2,2,1
25473,6,3,3,1
25474,6,3,3,1
25475,7,3,3,1
25476,6,3,3,1
25477,7,4,4,1
25478,7,3,3,1
25479,8,4,4,1
25480,6,3,3,1
25481,7,4,4,1
25482,7,3,3,1
25483,8,4,4,1
25484,7,3,3,1
25485,8,4,4,1
25486,8,3,3,1
25487,9,4,4,1
25488,6,3,3,1
25489,7,4,4,1
25490,7,4,4,1
25491,8,4,4,1
25492,7,4,4,1
25493,8,5,5,1
25494,8,4,4,1
25495,9,5,5,1
25496,7,3,3,1
25497,8,4,4,1
25498,8,4,4,1
25499,9,4,4,1
25500,8,4,4,1
25501,9,5,5,1
25502,9,4,4,1
25503,10,5,5,1
25504,6,3,3,1
25505,7,4,4,1
25506,7,4,4,1
25507,8,4,4,1
25508,7,4,4,1
25509,8,5,5,1
25510,8,4,4,1
25511,9,5,5,1
25512,7,3,3,1
25513,8,4,4,1
25514,8,4,4,1
25515,9,4,4,1
25516,8,4,4,1
25517,9,5,5,1
25518,9,4,4,1
25519,10,5,5,1
25520,7,3,3,1
25521,8,4,4,1
25522,8,4,4,1
25523,9,4,4,1
25524,8,4,4,1
25525,9,5,5,1
25526,9,4,4,1
25527,10,5,5,1
25528,8,3,3,1
25529,9,4,4,1
25530,9,4,4,1
25531,10,4,4,1
25532,9,4,4,1
25533,10,5,5,1
25534,10,4,4,1
25535,11,5,5,1
25536,6,3,3,1
25537,7,4,4,1
25538,7,4,4,1
25539,8,4,4,1
25540,7,4,4,1
25541,8,5,5,1
25542,8,4,4,1
25543,9,5,5,1
25544,7,4,4,1
25545,8,5,5,1
25546,8,4,4,1
25547,9,5,5,1
25548,8,4,4,1
25549,9,5,5,1
25550,9,4,4,1
25551,10,5,5,1
25552,7,4,4,1
25553,8,5,5,1
25554,8,5,5,1
25555,9,5,5,1
25556,8,5,5,1
25557,9,6,6,1
25558,9,5,5,1
25559,10,6,6,1
25560,8,4,4,1
25561,9,5,5,1
25562,9,5,5,1
25563,10,5,5,1
25564,9,5,5,1
25565,10,6,6,1
25566,10,5,5,1
25567,11,6,6,1
25568,7,3,3,1
25569,8,4,4,1
25570,8,4,4,1
25571,9,4,4,1
25572,8,4,4,1
25573,9,5,5,1
25574,9,4,4,1
25575,10,5,5,1
25576,8,4,4,1
25577,9,5,5,1
25578,9,4,4,1
25579,10,5,5,1
25580,9,4,4,1
25581,10,5,5,1
25582,10,4,4,1
25583,11,5,5,1
25584,8,4,4,1
25585,9,5,5,1
25586,9,5,5,1
25587,10,5,5,1
25588,9,5,5,1
25589,10,6,6,1
25590,10,5,5,1
25591,11,6,6,1
25592,9,4,4,1
25593,10,5,5,1
25594,10,5,5,1
25595,11,5,5,1
25596,10,5,5,1
25597,11,6,6,1
25598,11,5,5,1
25599,12,6,6,1
25600,3,2,2,1
25601,4,3,3,1
25602,4,3,3,1
25603,5,3,3,1
25604,4,3,3,1
25605,5,4,4,1
25606,5,3,3,1
25607,6,4,4,1
25608,4,3,3,1
25609,5,4,4,1
25610,5,3,3,1
25611,6,4,4,1
25612,5,3,3,1
25613,6,4,4,1
25614,6,3,3,1
25615,7,4,4,1
25616,4,3,3,1
25617,5,4,4,1
25618,5,4,4,1
25619,6,4,4,1
25620,5,4,4,1
25621,6,5,5,1
25622,6,4,4,1
25623,7,5,5,1
25624,5,3,3,1
25625,6,4,4,1
25626,6,4,4,1
25627,7,4,4,1
25628,6,4,4,1
25629,7,5,5,1
25630,7,4,4,1
25631,8,5,5,1
25632,4,3,3,1
25633,5,4,4,1
25634,5,4,4,1
25635,6,4,4,1
25636,5,4,4,1
25637,6,5,5,1
25638,6,4,4,1
25639,7,5,5,1
25640,5,3,3,1
25641,6,4,4,1
25642,6,4,4,1
25643,7,4,4,1
25644,6,4,4,1
25645,7,5,5,1
25646,7,4,4,1
25647,8,5,5,1
25648,5,3,3,1
25649,6,4,4,1
25650,6,4,4,1
25651,7,4,4,1
25652,6,4,4,1
25653,7,5,5,1
25654,7,4,4,1
25655,8,5,5,1
25656,6,3,3,1
25657,7,4,4,1
25658,7,4,4,1
25659,8,4,4,1
25660,7,4,4,1
25661,8,5,5,1
25662,8,4,4,1
25663,9,5,5,1
25664,4,3,3,1
25665,5,4,4,1
25666,5,4,4,1
25667,6,4,4,1
25668,5,4,4,1
25669,6,5,5,1
25670,6,4,4,1
25671,7,5,5,1
25672,5,4,4,1
25673,6,5,5,1
25674,6,4,4,1
25675,7,5,5,1
25676,6,4,4,1
25677,7,5,5,1
25678,7,4,4,1
25679,8,5,5,1
25680,5,4,4,1
25681,6,5,5,1
25682,6,5,5,1
25683,7,5,5,1
25684,6,5,5,1
25685,7,6,6,1
25686,7,5,5,1
25687,8,6,6,1
25688,6,4,4,1
25689,7,5,5,1
25690,7,5,5,1
25691,8,5,5,1
25692,7,5,5,1
25693,8,6,6,1
25694,8,5,5,1
25695,9,6,6,1
25696,5,3,3,1
25697,6,4,4,1
25698,6,4,4,1
25699,7,4,4,1
25700,6,4,4,1
25701,7,5,5,1
25702,7,4,4,1
25703,8,5,5,1
25704,6,4,4,1
25705,7,5,5,1
25706,7,4,4,1
25707,8,5,5,1
25708,7,4,4,1
25709,8,5,5,1
25710,8,4,4,1
25711,9,5,5,1
25712,6,4,4,1
25713,7,5,5,1
25714,7,5,5,1
25715,8,5,5,1
25716,7,5,5,1
25717,8,6,6,1
25718,8,5,5,1
25719,9,6,6,1
25720,7,4,4,1
25721,8,5,5,1
25722,8,5,5,1
25723,9,5,5,1
25724,8,5,5,1
25725,9,6,6,1
25726,9,5,5,1
25727,10,6,6,1
25728,4,3,3,1
25729,5,4,4,1
25730,5,4,4,1
25731,6,4,4,1
25732,5,4,4,1
25733,6,5,5,1
25734,6,4,4,1
25735,7,5,5,1
25736,5,4,4,1
25737,6,5,5,1
25738,6,4,4,1
25739,7,5,5,1
25740,6,4,4,1
25741,7,5,5,1
25742,7,4,4,1
25743,8,5,5,1
25744,5,4,4,1
25745,6,5,5,1
25746,6,5,5,1
25747,7,5,5,1
25748,6,5,5,1
25749,7,6,6,1
25750,7,5,5,1
25751,8,6,6,1
25752,6,4,4,1
25753,7,5,5,1
25754,7,5,5,1
25755,8,5,5,1
25756,7,5,5,1
25757,8,6,6,1
25758,8,5,5,1
25759,9,6,6,1
25760,5,3,3,1
25761,6,4,4,1
25762,6,4,4,1
25763,7,4,4,1
25764,6,4,4,1
25765,7,5,5,1
25766,7,4,4,1
25767,8,5,5,1
25768,6,4,4,1
25769,7,5,5,1
25770,7,4,4,1
25771,8,5,5,1
25772,7,4,4,1
25773,8,5,5,1
25774,8,4,4,1
25775,9,5,5,1
25776,6,4,4,1
25777,7,5,5,1
25778,7,5,5,1
25779,8,5,5,1
25780,7,5,5,1
25781,8,6,6,1
25782,8,5,5,1
25783,9,6,6,1
25784,7,4,4,1
25785,8,5,5,1
25786,8,5,5,1
25787,9,5,5,1
25788,8,5,5,1
25789,9,6,6,1
25790,9,5,5,1
25791,10,6,6,1
25792,5,3,3,1
25793,6,4,4,1
25794,6,4,4,1
25795,7,4,4,1
25796,6,4,4,1
25797,7,5,5,1
25798,7,4,4,1
25799,8,5,5,1
25800,6,4,4,1
25801,7,5,5,1
25802,7,4,4,1
25803,8,5,5,1
25804,7,4,4,1
25805,8,5,5,1
25806,8,4,4,1
25807,9,5,5,1
25808,6,4,4,1
25809,7,5,5,1
25810,7,5,5,1
25811,8,5,5,1
25812,7,5,5,1
25813,8,6,6,1
25814,8,5,5,1
25815,9,6,6,1
25816,7,4,4,1
25817,8,5,5,1
25818,8,5,5,1
25819,9,5,5,1
25820,8,5,5,1
25821,9,6,6,1
25822,9,5,5,1
25823,10,6,6,1
25824,6,3,3,1
25825,7,4,4,1
25826,7,4,4,1
25827,8,4,4,1
25828,7,4,4,1
25829,8,5,5,1
25830,8,4,4,1
25831,9,5,5,1
25832,7,4,4,1
25833,8,5,5,1
25834,8,4,4,1
25835,9,5,5,1
25836,8,4,4,1
25837,9,5,5,1
25838,9,4,4,1
25839,10,5,5,1
25840,7,4,4,1
25841,8,5,5,1
25842,8,5,5,1
25843,9,5,5,1
25844,8,5,5,1
25845,9,6,6,1
25846,9,5,5,1
25847,10,6,6,1
25848,8,4,4,1
25849,9,5,5,1
25850,9,5,5,1
25851,10,5,5,1
25852,9,5,5,1
25853,10,6,6,1
25854,10,5,5,1
25855,11,6,6,1
25856,4,3,3,1
25857,5,4,4,1
25858,5,4,4,1
25859,6,4,4,1
25860,5,4,4,1
25861,6,5,5,1
25862,6,4,4,1
25863,7,5,5,1
25864,5,4,4,1
25865,6,5,5,1
25866,6,4,4,1
25867,7,5,5,1
25868,6,4,4,1
25869,7,5,5,1
25870,7,4,4,1
25871,8,5,5,1
25872,5,4,4,1
25873,6,5,5,1
25874,6,5,5,1
25875,7,5,5,1
25876,6,5,5,1
25877,7,6,6,1
25878,7,5,5,1
25879,8,6,6,1
25880,6,4,4,1
25881,7,5,5,1
25882,7,5,5,1
25883,8,5,5,1
25884,7,5,5,1
25885,8,6,6,1
25886,8,5,5,1
25887,9,6,6,1
25888,5,4,4,1
25889,6,5,5,1
25890,6,5,5,1
25891,7,5,5,1
25892,6,5,5,1
25893,7,6,6,1
25894,7,5,5,1
25895,8,6,6,1
25896,6,4,4,1
25897,7,5,5,1
25898,7,5,5,1
25899,8,5,5,1
25900,7,5,5,1
25901,8,6,6,1
25902,8,5,5,1
25903,9,6,6,1
25904,6,4,4,1
25905,7,5,5,1
25906,7,5,5,1
25907,8,5,5,1
25908,7,5,5,1
25909,8,6,6,1
25910,8,5,5,1
25911,9,6,6,1
25912,7,4,4,1
25913,8,5,5,1
25914,8,5,5,1
25915,9,5,5,1
25916,8,5,5,1
25917,9,6,6,1
25918,9,5,5,1
25919,10,6,6,1
25920,5,4,4,1
25921,6,5,5,1
25922,6,5,5,1
25923,7,5,5,1
25924,6,5,5,1
25925,7,6,6,1
25926,7,5,5,1
25927,8,6,6,1
25928,6,5,5,1
25929,7,6,6,1
25930,7,5,5,1
25931,8,6,6,1
25932,7,5,5,1
25933,8,6,6,1
25934,8,5,5,1
25935,9,6,6,1
25936,6,5,5,1
25937,7,6,6,1
25938,7,6,6,1
25939,8,6,6,1
25940,7,6,6,1
25941,8,7,7,1
25942,8,6,6,1
25943,9,7,7,1
25944,7,5,5,1
25945,8,6,6,1
25946,8,6,6,1
25947,9,6,6,1
25948,8,6,6,1
25949,9,7,7,1
25950,9,6,6,1
25951,10,7,7,1
25952,6,4,4,1
25953,7,5,5,1
25954,7,5,5,1
25955,8,5,5,1
25956,7,5,5,1
25957,8,6,6,1
25958,8,5,5,1
25959,9,6,6,1
25960,7,5,5,1
25961,8,6,6,1
25962,8,5,5,1
25963,9,6,6,1
25964,8,5,5,1
25965,9,6,6,1
25966,9,5,5,1
25967,10,6,6,1
25968,7,5,5,1
25969,8,6,6,1
25970,8,6,6,1
25971,9,6,6,1
25972,8,6,6,1
25973,9,7,7,1
25974,9,6,6,1
25975,10,7,7,1
25976,8,5,5,1
25977,9,6,6,1
25978,9,6,6,1
25979,10,6,6,1
25980,9,6,6,1
25981,10,7,7,1
25982,10,6,6,1
25983,11,7,7,1
25984,5,3,3,1
25985,6,4,4,1
25986,6,4,4,1
25987,7,4,4,1
25988,6,4,4,1
25989,7,5,5,1
25990,7,4,4,1
25991,8,5,5,1
25992,6,4,4,1
25993,7,5,5,1
25994,7,4,4,1
25995,8,5,5,1
25996,7,4,4,1
25997,8,5,5,1
25998,8,4,4,1
25999,9,5,5,1
26000,6,4,4,1
26001,7,5,5,1
26002,7,5,5,1
26003,8,5,5,1
26004,7,5,5,1
26005,8,6,6,1
26006,8,5,5,1
26007,9,6,6,1
26008,7,4,4,1
26009,8,5,5,1
26010,8,5,5,1
26011,9,5,5,1
26012,8,5,5,1
26013,9,6,6,1
26014,9,5,5,1
26015,10,6,6,1
26016,6,4,4,1
26017,7,5,5,1
26018,7,5,5,1
26019,8,5,5,1
26020,7,5,5,1
26021,8,6,6,1
26022,8,5,5,1
26023,9,6,6,1
26024,7,4,4,1
26025,8,5,5,1
26026,8,5,5,1
26027,9,5,5,1
26028,8,5,5,1
26029,9,6,6,1
26030,9,5,5,1
26031,10,6,6,1
26032,7,4,4,1
26033,8,5,5,1
26034,8,5,5,1
26035,9,5,5,1
26036,8,5,5,1
26037,9,6,6,1
26038,9,5,5,1
26039,10,6,6,1
26040,8,4,4,1
26041,9,5,5,1
26042,9,5,5,1
26043,10,5,5,1
26044,9,5,5,1
26045,10,6,6,1
26046,10,5,5,1
26047,11,6,6,1
26048,6,4,4,1
26049,7,5,5,1
26050,7,5,5,1
26051,8,5,5,1
26052,7,5,5,1
26053,8,6,6,1
26054,8,5,5,1
26055,9,6,6,1
26056,7,5,5,1
26057,8,6,6,1
26058,8,5,5,1
26059,9,6,6,1
26060,8,5,5,1
26061,9,6,6,1
26062,9,5,5,1
26063,10,6,6,1
26064,7,5,5,1
26065,8,6,6,1
26066,8,6,6,1
26067,9,6,6,1
26068,8,6,6,1
26069,9,7,7,1
26070,9,6,6,1
26071,10,7,7,1
26072,8,5,5,1
26073,9,6,6,1
26074,9,6,6,1
26075,10,6,6,1
26076,9,6,6,1
26077,10,7,7,1
26078,10,6,6,1
26079,11,7,7,1
26080,7,4,4,1
26081,8,5,5,1
26082,8,5,5,1
26083,9,5,5,1
26084,8,5,5,1
26085,9,6,6,1
26086,9,5,5,1
26087,10,6,6,1
26088,8,5,5,1
26089,9,6,6,1
26090,9,5,5,1
26091,10,6,6,1
26092,9,5,5,1
26093,10,6,6,1
26094,10,5,5,1
26095,11,6,6,1
26096,8,5,5,1
26097,9,6,6,1
26098,9,6,6,1
26099,10,6,6,1
26100,9,6,6,1
26101,10,7,7,1
26102,10,6,6,1
26103,11,7,7,1
26104,9,5,5,1
26105,10,6,6,1
26106,10,6,6,1
26107,11,6,6,1
26108,10,6,6,1
26109,11,7,7,1
26110,11,6,6,1
26111,12,7,7,1
26112,4,2,2,1
26113,5,3,3,1
26114,5,3,3,1
26115,6,3,3,1
26116,5,3,3,1
26117,6,4,4,1
26118,6,3,3,1
26119,7,4,4,1
26120,5,3,3,1
26121,6,4,4,1
26122,6,3,3,1
26123,7,4,4,1
26124,6,3,3,1
26125,7,4,4,1
26126,7,3,3,1
26127,8,4,4,1
26128,5,3,3,1
26129,6,4,4,1
26130,6,4,4,1
26131,7,4,4,1
26132,6,4,4,1
26133,7,5,5,1
26134,7,4,4,1
26135,8,5,5,1
26136,6,3,3,1
26137,7,4,4,1
26138,7,4,4,1
26139,8,4,4,1
26140,7,4,4,1
26141,8,5,5,1
26142,8,4,4,1
26143,9,5,5,1
26144,5,3,3,1
26145,6,4,4,1
26146,6,4,4,1
26147,7,4,4,1
26148,6,4,4,1
26149,7,5,5,1
26150,7,4,4,1
26151,8,5,5,1
26152,6,3,3,1
26153,7,4,4,1
26154,7,4,4,1
26155,8,4,4,1
26156,7,4,4,1
26157,8,5,5,1
26158,8,4,4,1
26159,9,5,5,1
26160,6,3,3,1
26161,7,4,4,1
26162,7,4,4,1
26163,8,4,4,1
26164,7,4,4,1
26165,8,5,5,1
26166,8,4,4,1
26167,9,5,5,1
26168,7,3,3,1
26169,8,4,4,1
26170,8,4,4,1
26171,9,4,4,1
26172,8,4,4,1
26173,9,5,5,1
26174,9,4,4,1
26175,10,5,5,1
26176,5,3,3,1
26177,6,4,4,1
26178,6,4,4,1
26179,7,4,4,1
26180,6,4,4,1
26181,7,5,5,1
26182,7,4,4,1
26183,8,5,5,1
26184,6,4,4,1
26185,7,5,5,1
26186,7,4,4,1
26187,8,5,5,1
26188,7,4,4,1
26189,8,5,5,1
26190,8,4,4,1
26191,9,5,5,1
26192,6,4,4,1
26193,7,5,5,1
26194,7,5,5,1
26195,8,5,5,1
26196,7,5,5,1
26197,8,6,6,1
26198,8,5,5,1
26199,9,6,6,1
26200,7,4,4,1
26201,8,5,5,1
26202,8,5,5,1
26203,9,5,5,1
26204,8,5,5,1
26205,9,6,6,1
26206,9,5,5,1
26207,10,6,6,1
26208,6,3,3,1
26209,7,4,4,1
26210,7,4,4,1
26211,8,4,4,1
26212,7,4,4,1
26213,8,5,5,1
26214,8,4,4,1
26215,9,5,5,1
26216,7,4,4,1
26217,8,5,5,1
26218,8,4,4,1
26219,9,5,5,1
26220,8,4,4,1
26221,9,5,5,1
26222,9,4,4,1
26223,10,5,5,1
26224,7,4,4,1
26225,8,5,5,1
26226,8,5,5,1
26227,9,5,5,1
26228,8,5,5,1
26229,9,6,6,1
26230,9,5,5,1
26231,10,6,6,1
26232,8,4,4,1
26233,9,5,5,1
26234,9,5,5,1
26235,10,5,5,1
26236,9,5,5,1
26237,10,6,6,1
26238,10,5,5,1
26239,11,6,6,1
26240,5,3,3,1
26241,6,4,4,1
26242,6,4,4,1
26243,7,4,4,1
26244,6,4,4,1
26245,7,5,5,1
26246,7,4,4,1
26247,8,5,5,1
26248,6,4,4,1
26249,7,5,5,1
26250,7,4,4,1
26251,8,5,5,1
26252,7,4,4,1
26253,8,5,5,1
26254,8,4,4,1
26255,9,5,5,1
26256,6,4,4,1
26257,7,5,5,1
26258,7,5,5,1
26259,8,5,5,1
26260,7,5,5,1
26261,8,6,6,1
26262,8,5,5,1
26263,9,6,6,1
26264,7,4,4,1
26265,8,5,5,1
26266,8,5,5,1
26267,9,5,5,1
26268,8,5,5,1
26269,9,6,6,1
26270,9,5,5,1
26271,10,6,6,1
26272,6,3,3,1
26273,7,4,4,1
26274,7,4,4,1
26275,8,4,4,1
26276,7,4,4,1
26277,8,5,5,1
26278,8,4,4,1
26279,9,5,5,1
26280,7,4,4,1
26281,8,5,5,1
26282,8,4,4,1
26283,9,5,5,1
26284,8,4,4,1
26285,9,5,5,1
26286,9,4,4,1
26287,10,5,5,1
26288,7,4,4,1
26289,8,5,5,1
26290,8,5,5,1
26291,9,5,5,1
26292,8,5,5,1
26293,9,6,6,1
26294,9,5,5,1
26295,10,6,6,1
26296,8,4,4,1
26297,9,5,5,1
26298,9,5,5,1
26299,10,5,5,1
26300,9,5,5,1
26301,10,6,6,1
26302,10,5,5,1
26303,11,6,6,1
26304,6,3,3,1
26305,7,4,4,1
26306,7,4,4,1
26307,8,4,4,1
26308,7,4,4,1
26309,8,5,5,1
26310,8,4,4,1
26311,9,5,5,1
26312,7,4,4,1
26313,8,5,5,1
26314,8,4,4,1
26315,9,5,5,1
26316,8,4,4,1
26317,9,5,5,1
26318,9,4,4,1
26319,10,5,5,1
26320,7,4,4,1
26321,8,5,5,1
26322,8,5,5,1
26323,9,5,5,1
26324,8,5,5,1
26325,9,6,6,1
26326,9,5,5,1
26327,10,6,6,1
26328,8,4,4,1
26329,9,5,5,1
26330,9,5,5,1
26331,10,5,5,1
26332,9,5,5,1
26333,10,6,6,1
26334,10,5,5,1
26335,11,6,6,1
26336,7,3,3,1
26337,8,4,4,1
26338,8,4,4,1
26339,9,4,4,1
26340,8,4,4,1
26341,9,5,5,1
26342,9,4,4,1
26343,10,5,5,1
26344,8,4,4,1
26345,9,5,5,1
26346,9,4,4,1
26347,10,5,5,1
26348,9,4,4,1
26349,10,5,5,1
26350,10,4,4,1
26351,11,5,5,1
26352,8,4,4,1
26353,9,5,5,1
26354,9,5,5,1
26355,10,5,5,1
26356,9,5,5,1
26357,10,6,6,1
26358,10,5,5,1
26359,11,6,6,1
26360,9,4,4,1
26361,10,5,5,1
26362,10,5,5,1
26363,11,5,5,1
26364,10,5,5,1
26365,11,6,6,1
26366,11,5,5,1
26367,12,6,6,1
26368,5,3,3,1
26369,6,4,4,1
26370,6,4,4,1
26371,7,4,4,1
26372,6,4,4,1
26373,7,5,5,1
26374,7,4,4,1
26375,8,5,5,1
26376,6,4,4,1
26377,7,5,5,1
26378,7,4,4,1
26379,8,5,5,1
26380,7,4,4,1
26381,8,5,5,1
26382,8,4,4,1
26383,9,5,5,1
26384,6,4,4,1
26385,7,5,5,1
26386,7,5,5,1
26387,8,5,5,1
26388,7,5,5,1
26389,8,6,6,1
26390,8,5,5,1
26391,9,6,6,1
26392,7,4,4,1
26393,8,5,5,1
26394,8,5,5,1
26395,9,5,5,1
26396,8,5,5,1
26397,9,6,6,1
26398,9,5,5,1
26399,10,6,6,1
26400,6,4,4,1
26401,7,5,5,1
26402,7,5,5,1
26403,8,5,5,1
26404,7,5,5,1
26405,8,6,6,1
26406,8,5,5,1
26407,9,6,6,1
26408,7,4,4,1
26409,8,5,5,1
26410,8,5,5,1
26411,9,5,5,1
26412,8,5,5,1
26413,9,6,6,1
26414,9,5,5,1
26415,10,6,6,1
26416,7,4,4,1
26417,8,5,5,1
26418,8,5,5,1
26419,9,5,5,1
26420,8,5,5,1
26421,9,6,6,1
26422,9,5,5,1
26423,10,6,6,1
26424,8,4,4,1
26425,9,5,5,1
26426,9,5,5,1
26427,10,5,5,1
26428,9,5,5,1
26429,10,6,6,1
26430,10,5,5,1
26431,11,6,6,1
26432,6,4,4,1
26433,7,5,5,1
26434,7,5,5,1
26435,8,5,5,1
26436,7,5,5,1
26437,8,6,6,1
26438,8,5,5,1
26439,9,6,6,1
26440,7,5,5,1
26441,8,6,6,1
26442,8,5,5,1
26443,9,6,6,1
26444,8,5,5,1
26445,9,6,6,1
26446,9,5,5,1
26447,10,6,6,1
26448,7,5,5,1
26449,8,6,6,1
26450,8,6,6,1
26451,9,6,6,1
26452,8,6,6,1
26453,9,7,7,1
26454,9,6,6,1
26455,10,7,7,1
26456,8,5,5,1
26457,9,6,6,1
26458,9,6,6,1
26459,10,6,6,1
26460,9,6,6,1
26461,10,7,7,1
26462,10,6,6,1
26463,11,7,7,1
26464,7,4,4,1
26465,8,5,5,1
26466,8,5,5,1
26467,9,5,5,1
26468,8,5,5,1
26469,9,6,6,1
26470,9,5,5,1
26471,10,6,6,1
26472,8,5,5,1
26473,9,6,6,1
26474,9,5,5,1
26475,10,6,6,1
26476,9,5,5,1
26477,10,6,6,1
26478,10,5,5,1
26479,11,6,6,1
26480,8,5,5,1
26481,9,6,6,1
26482,9,6,6,1
26483,10,6,6,1
26484,9,6,6,1
26485,10,7,7,1
26486,10,6,6,1
26487,11,7,7,1
26488,9,5,5,1
26489,10,6,6,1
26490,10,6,6,1
26491,11,6,6,1
26492,10,6,6,1
26493,11,7,7,1
26494,11,6,6,1
26495,12,7,7,1
26496,6,3,3,1
26497,7,4,4,1
26498,7,4,4,1
26499,8,4,4,1
26500,7,4,4,1
26501,8,5,5,1
26502,8,4,4,1
26503,9,5,5,1
26504,7,4,4,1
26505,8,5,5,1
26506,8,4,4,1
26507,9,5,5,1
26508,8,4,4,1
26509,9,5,5,1
26510,9,4,4,1
26511,10,5,5,1
26512,7,4,4,1
26513,8,5,5,1
26514,8,5,5,1
26515,9,5,5,1
26516,8,5,5,1
26517,9,6,6,1
26518,9,5,5,1
26519,10,6,6,1
26520,8,4,4,1
26521,9,5,5,1
26522,9,5,5,1
26523,10,5,5,1
26524,9,5,5,1
26525,10,6,6,1
26526,10,5,5,1
26527,11,6,6,1
26528,7,4,4,1
26529,8,5,5,1
26530,8,5,5,1
26531,9,5,5,1
26532,8,5,5,1
26533,9,6,6,1
26534,9,5,5,1
26535,10,6,6,1
26536,8,4,4,1
26537,9,5,5,1
26538,9,5,5,1
26539,10,5,5,1
26540,9,5,5,1
26541,10,6,6,1
26542,10,5,5,1
26543,11,6,6,1
26544,8,4,4,1
26545,9,5,5,1
26546,9,5,5,1
26547,10,5,5,1
26548,9,5,5,1
26549,10,6,6,1
26550,10,5,5,1
26551,11,6,6,1
26552,9,4,4,1
26553,10,5,5,1
26554,10,5,5,1
26555,11,5,5,1
26556,10,5,5,1
26557,11,6,6,1
26558,11,5,5,1
26559,12,6,6,1
26560,7,4,4,1
26561,8,5,5,1
26562,8,5,5,1
26563,9,5,5,1
26564,8,5,5,1
26565,9,6,6,1
26566,9,5,5,1
26567,10,6,6,1
26568,8,5,5,1
26569,9,6,6,1
26570,9,5,5,1
26571,10,6,6,1
26572,9,5,5,1
26573,10,6,6,1
26574,10,5,5,1
26575,11,6,6,1
26576,8,5,5,1
26577,9,6,6,1
26578,9,6,6,1
26579,10,6,6,1
26580,9,6,6,1
26581,10,7,7,1
26582,10,6,6,1
26583,11,7,7,1
26584,9,5,5,1
26585,10,6,6,1
26586,10,6,6,1
26587,11,6,6,1
26588,10,6,6,1
26589,11,7,7,1
26590,11,6,6,1
26591,12,7,7,1
26592,8,4,4,1
26593,9,5,5,1
26594,9,5,5,1
26595,10,5,5,1
26596,9,5,5,1
26597,10,6,6,1
26598,10,5,5,1
26599,11,6,6,1
26600,9,5,5,1
26601,10,6,6,1
26602,10,5,5,1
26603,11,6,6,1
26604,10,5,5,1
26605,11,6,6,1
26606,11,5,5,1
26607,12,6,6,1
26608,9,5,5,1
26609,10,6,6,1
26610,10,6,6,1
26611,11,6,6,1
26612,10,6,6,1
26613,11,7,7,1
26614,11,6,6,1
26615,12,7,7,1
26616,10,5,5,1
26617,11,6,6,1
26618,11,6,6,1
26619,12,6,6,1
26620,11,6,6,1
26621,12,7,7,1
26622,12,6,6,1
26623,13,7,7,1
26624,3,2,2,1
26625,4,3,3,1
26626,4,3,3,1
26627,5,3,3,1
26628,4,3,3,1
26629,5,4,4,1
26630,5,3,3,1
26631,6,4,4,1
26632,4,3,3,1
26633,5,4,4,1
26634,5,3,3,1
26635,6,4,4,1
26636,5,3,3,1
26637,6,4,4,1
26638,6,3,3,1
26639,7,4,4,1
26640,4,3,3,1
26641,5,4,4,1
26642,5,4,4,1
26643,6,4,4,1
26644,5,4,4,1
26645,6,5,5,1
26646,6,4,4,1
26647,7,5,5,1
26648,5,3,3,1
26649,6,4,4,1
26650,6,4,4,1
26651,7,4,4,1
26652,6,4,4,1
26653,7,5,5,1
26654,7,4,4,1
26655,8,5,5,1
26656,4,3,3,1
26657,5,4,4,1
26658,5,4,4,1
26659,6,4,4,1
26660,5,4,4,1
26661,6,5,5,1
26662,6,4,4,1
26663,7,5,5,1
26664,5,3,3,1
26665,6,4,4,1
26666,6,4,4,1
26667,7,4,4,1
26668,6,4,4,1
26669,7,5,5,1
26670,7,4,4,1
26671,8,5,5,1
26672,5,3,3,1
26673,6,4,4,1
26674,6,4,4,1
26675,7,4,4,1
26676,6,4,4,1
26677,7,5,5,1
26678,7,4,4,1
26679,8,5,5,1
26680,6,3,3,1
26681,7,4,4,1
26682,7,4,4,1
26683,8,4,4,1
26684,7,4,4,1
26685,8,5,5,1
26686,8,4,4,1
26687,9,5,5,1
26688,4,3,3,1
26689,5,4,4,1
26690,5,4,4,1
26691,6,4,4,1
26692,5,4,4,1
26693,6,5,5,1
26694,6,4,4,1
26695,7,5,5,1
26696,5,4,4,1
26697,6,5,5,1
26698,6,4,4,1
26699,7,5,5,1
26700,6,4,4,1
26701,7,5,5,1
26702,7,4,4,1
26703,8,5,5,1
26704,5,4,4,1
26705,6,5,5,1
26706,6,5,5,1
26707,7,5,5,1
26708,6,5,5,1
26709,7,6,6,1
26710,7,5,5,1
26711,8,6,6,1
26712,6,4,4,1
26713,7,5,5,1
26714,7,5,5,1
26715,8,5,5,1
26716,7,5,5,1
26717,8,6,6,1
26718,8,5,5,1
26719,9,6,6,1
26720,5,3,3,1
26721,6,4,4,1
26722,6,4,4,1
26723,7,4,4,1
26724,6,4,4,1
26725,7,5,5,1
26726,7,4,4,1
26727,8,5,5,1
26728,6,4,4,1
26729,7,5,5,1
26730,7,4,4,1
26731,8,5,5,1
26732,7,4,4,1
26733,8,5,5,1
26734,8,4,4,1
26735,9,5,5,1
26736,6,4,4,1
26737,7,5,5,1
26738,7,5,5,1
26739,8,5,5,1
26740,7,5,5,1
26741,8,6,6,1
26742,8,5,5,1
26743,9,6,6,1
26744,7,4,4,1
26745,8,5,5,1
26746,8,5,5,1
26747,9,5,5,1
26748,8,5,5,1
26749,9,6,6,1
26750,9,5,5,1
26751,10,6,6,1
26752,4,3,3,1
26753,5,4,4,1
26754,5,4,4,1
26755,6,4,4,1
26756,5,4,4,1
26757,6,5,5,1
26758,6,4,4,1
26759,7,5,5,1
26760,5,4,4,1
26761,6,5,5,1
26762,6,4,4,1
26763,7,5,5,1
26764,6,4,4,1
26765,7,5,5,1
26766,7,4,4,1
26767,8,5,5,1
26768,5,4,4,1
26769,6,5,5,1
26770,6,5,5,1
26771,7,5,5,1
26772,6,5,5,1
26773,7,6,6,1
26774,7,5,5,1
26775,8,6,6,1
26776,6,4,4,1
26777,7,5,5,1
26778,7,5,5,1
26779,8,5,5,1
26780,7,5,5,1
26781,8,6,6,1
26782,8,5,5,1
26783,9,6,6,1
26784,5,3,3,1
26785,6,4,4,1
26786,6,4,4,1
26787,7,4,4,1
26788,6,4,4,1
26789,7,5,5,1
26790,7,4,4,1
26791,8,5,5,1
26792,6,4,4,1
26793,7,5,5,1
26794,7,4,4,1
26795,8,5,5,1
26796,7,4,4,1
26797,8,5,5,1
26798,8,4,4,1
26799,9,5,5,1
26800,6,4,4,1
26801,7,5,5,1
26802,7,5,5,1
26803,8,5,5,1
26804,7,5,5,1
26805,8,6,6,1
26806,8,5,5,1
26807,9,6,6,1
26808,7,4,4,1
26809,8,5,5,1
26810,8,5,5,1
26811,9,5,5,1
26812,8,5,5,1
26813,9,6,6,1
26814,9,5,5,1
26815,10,6,6,1
26816,5,3,3,1
26817,6,4,4,1
26818,6,4,4,1
26819,7,4,4,1
26820,6,4,4,1
26821,7,5,5,1
26822,7,4,4,1
26823,8,5,5,1
26824,6,4,4,1
26825,7,5,5,1
26826,7,4,4,1
26827,8,5,5,1
26828,7,4,4,1
26829,8,5,5,1
26830,8,4,4,1
26831,9,5,5,1
26832,6,4,4,1
26833,7,5,5,1
26834,7,5,5,1
26835,8,5,5,1
26836,7,5,5,1
26837,8,6,6,1
26838,8,5,5,1
26839,9,6,6,1
26840,7,4,4,1
26841,8,5,5,1
26842,8,5,5,1
26843,9,5,5,1
26844,8,5,5,1
26845,9,6,6,1
26846,9,5,5,1
26847,10,6,6,1
26848,6,3,3,1
26849,7,4,4,1
26850,7,4,4,1
26851,8,4,4,1
26852,7,4,4,1
26853,8,5,5,1
26854,8,4,4,1
26855,9,5,5,1
26856,7,4,4,1
26857,8,5,5,1
26858,8,4,4,1
26859,9,5,5,1
26860,8,4,4,1
26861,9,5,5,1
26862,9,4,4,1
26863,10,5,5,1
26864,7,4,4,1
26865,8,5,5,1
26866,8,5,5,1
26867,9,5,5,1
26868,8,5,5,1
26869,9,6,6,1
26870,9,5,5,1
26871,10,6,6,1
26872,8,4,4,1
26873,9,5,5,1
26874,9,5,5,1
26875,10,5,5,1
26876,9,5,5,1
26877,10,6,6,1
26878,10,5,5,1
26879,11,6,6,1
26880,4,3,3,1
26881,5,4,4,1
26882,5,4,4,1
26883,6,4,4,1
26884,5,4,4,1
26885,6,5,5,1
26886,6,4,4,1
26887,7,5,5,1
26888,5,4,4,1
26889,6,5,5,1
26890,6,4,4,1
26891,7,5,5,1
26892,6,4,4,1
26893,7,5,5,1
26894,7,4,4,1
26895,8,5,5,1
26896,5,4,4,1
26897,6,5,5,1
26898,6,5,5,1
26899,7,5,5,1
26900,6,5,5,1
26901,7,6,6,1
26902,7,5,5,1
26903,8,6,6,1
26904,6,4,4,1
26905,7,5,5,1
26906,7,5,5,1
26907,8,5,5,1
26908,7,5,5,1
26909,8,6,6,1
26910,8,5,5,1
26911,9,6,6,1
26912,5,4,4,1
26913,6,5,5,1
26914,6,5,5,1
26915,7,5,5,1
26916,6,5,5,1
26917,7,6,6,1
26918,7,5,5,1
26919,8,6,6,1
26920,6,4,4,1
26921,7,5,5,1
26922,7,5,5,1
26923,8,5,5,1
26924,7,5,5,1
26925,8,6,6,1
26926,8,5,5,1
26927,9,6,6,1
26928,6,4,4,1
26929,7,5,5,1
26930,7,5,5,1
26931,8,5,5,1
26932,7,5,5,1
26933,8,6,6,1
26934,8,5,5,1
26935,9,6,6,1
26936,7,4,4,1
26937,8,5,5,1
26938,8,5,5,1
26939,9,5,5,1
26940,8,5,5,1
26941,9,6,6,1
26942,9,5,5,1
26943,10,6,6,1
26944,5,4,4,1
26945,6,5,5,1
26946,6,5,5,1
26947,7,5,5,1
26948,6,5,5,1
26949,7,6,6,1
26950,7,5,5,1
26951,8,6,6,1
26952,6,5,5,1
26953,7,6,6,1
26954,7,5,5,1
26955,8,6,6,1
26956,7,5,5,1
26957,8,6,6,1
26958,8,5,5,1
26959,9,6,6,1
26960,6,5,5,1
26961,7,6,6,1
26962,7,6,6,1
26963,8,6,6,1
26964,7,6,6,1
26965,8,7,7,1
26966,8,6,6,1
26967,9,7,7,1
26968,7,5,5,1
26969,8,6,6,1
26970,8,6,6,1
26971,9,6,6,1
26972,8,6,6,1
26973,9,7,7,1
26974,9,6,6,1
26975,10,7,7,1
26976,6,4,4,1
26977,7,5,5,1
26978,7,5,5,1
26979,8,5,5,1
26980,7,5,5,1
26981,8,6,6,1
26982,8,5,5,1
26983,9,6,6,1
26984,7,5,5,1
26985,8,6,6,1
26986,8,5,5,1
26987,9,6,6,1
26988,8,5,5,1
26989,9,6,6,1
26990,9,5,5,1
26991,10,6,6,1
26992,7,5,5,1
26993,8,6,6,1
26994,8,6,6,1
26995,9,6,6,1
26996,8,6,6,1
26997,9,7,7,1
26998,9,6,6,1
26999,10,7,7,1
27000,8,5,5,1
27001,9,6,6,1
27002,9,6,6,1
27003,10,6,6,1
27004,9,6,6,1
27005,10,7,7,1
27006,10,6,6,1
27007,11,7,7,1
27008,5,3,3,1
27009,6,4,4,1
27010,6,4,4,1
27011,7,4,4,1
27012,6,4,4,1
27013,7,5,5,1
27014,7,4,4,1
27015,8,5,5,1
27016,6,4,4,1
27017,7,5,5,1
27018,7,4,4,1
27019,8,5,5,1
27020,7,4,4,1
27021,8,5,5,1
27022,8,4,4,1
27023,9,5,5,1
27024,6,4,4,1
27025,7,5,5,1
27026,7,5,5,1
27027,8,5,5,1
27028,7,5,5,1
27029,8,6,6,1
27030,8,5,5,1
27031,9,6,6,1
27032,7,4,4,1
27033,8,5,5,1
27034,8,5,5,1
27035,9,5,5,1
27036,8,5,5,1
27037,9,6,6,1
27038,9,5,5,1
27039,10,6,6,1
27040,6,4,4,1
27041,7,5,5,1
27042,7,5,5,1
27043,8,5,5,1
27044,7,5,5,1
27045,8,6,6,1
27046,8,5,5,1
27047,9,6,6,1
27048,7,4,4,1
27049,8,5,5,1
27050,8,5,5,1
27051,9,5,5,1
27052,8,5,5,1
27053,9,6,6,1
27054,9,5,5,1
27055,10,6,6,1
27056,7,4,4,1
27057,8,5,5,1
27058,8,5,5,1
27059,9,5,5,1
27060,8,5,5,1
27061,9,6,6,1
27062,9,5,5,1
27063,10,6,6,1
27064,8,4,4,1
27065,9,5,5,1
27066,9,5,5,1
27067,10,5,5,1
27068,9,5,5,1
27069,10,6,6,1
27070,10,5,5,1
27071,11,6,6,1
27072,6,4,4,1
27073,7,5,5,1
27074,7,5,5,1
27075,8,5,5,1
27076,7,5,5,1
27077,8,6,6,1
27078,8,5,5,1
27079,9,6,6,1
27080,7,5,5,1
27081,8,6,6,1
27082,8,5,5,1
27083,9,6,6,1
27084,8,5,5,1
27085,9,6,6,1
27086,9,5,5,1
27087,10,6,6,1
27088,7,5,5,1
27089,8,6,6,1
27090,8,6,6,1
27091,9,6,6,1
27092,8,6,6,1
27093,9,7,7,1
27094,9,6,6,1
27095,10,7,7,1
27096,8,5,5,1
27097,9,6,6,1
27098,9,6,6,1
27099,10,6,6,1
27100,9,6,6,1
27101,10,7,7,1
27102,10,6,6,1
27103,11,7,7,1
27104,7,4,4,1
27105,8,5,5,1
27106,8,5,5,1
27107,9,5,5,1
27108,8,5,5,1
27109,9,6,6,1
27110,9,5,5,1
27111,10,6,6,1
27112,8,5,5,1
27113,9,6,6,1
27114,9,5,5,1
27115,10,6,6,1
27116,9,5,5,1
27117,10,6,6,1
27118,10,5,5,1
27119,11,6,6,1
27120,8,5,5,1
27121,9,6,6,1
27122,9,6,6,1
27123,10,6,6,1
27124,9,6,6,1
27125,10,7,7,1
27126,10,6,6,1
27127,11,7,7,1
27128,9,5,5,1
27129,10,6,6,1
27130,10,6,6,1
27131,11,6,6,1
27132,10,6,6,1
27133,11,7,7,1
27134,11,6,6,1
27135,12,7,7,1
27136,4,2,2,1
27137,5,3,3,1
27138,5,3,3,1
27139,6,3,3,1
27140,5,3,3,1
27141,6,4,4,1
27142,6,3,3,1
27143,7,4,4,1
27144,5,3,3,1
27145,6,4,4,1
27146,6,3,3,1
27147,7,4,4,1
27148,6,3,3,1
27149,7,4,4,1
27150,7,3,3,1
27151,8,4,4,1
27152,5,3,3,1
27153,6,4,4,1
27154,6,4,4,1
27155,7,4,4,1
27156,6,4,4,1
27157,7,5,5,1
27158,7,4,4,1
27159,8,5,5,1
27160,6,3,3,1
27161,7,4,4,1
27162,7,4,4,1
27163,8,4,4,1
27164,7,4,4,1
27165,8,5,5,1
27166,8,4,4,1
27167,9,5,5,1
27168,5,3,3,1
27169,6,4,4,1
27170,6,4,4,1
27171,7,4,4,1
27172,6,4,4,1
27173,7,5,5,1
27174,7,4,4,1
27175,8,5,5,1
27176,6,3,3,1
27177,7,4,4,1
27178,7,4,4,1
27179,8,4,4,1
27180,7,4,4,1
27181,8,5,5,1
27182,8,4,4,1
27183,9,5,5,1
27184,6,3,3,1
27185,7,4,4,1
27186,7,4,4,1
27187,8,4,4,1
27188,7,4,4,1
27189,8,5,5,1
27190,8,4,4,1
27191,9,5,5,1
27192,7,3,3,1
27193,8,4,4,1
27194,8,4,4,1
27195,9,4,4,1
27196,8,4,4,1
27197,9,5,5,1
27198,9,4,4,1
27199,10,5,5,1
27200,5,3,3,1
27201,6,4,4,1
27202,6,4,4,1
27203,7,4,4,1
27204,6,4,4,1
27205,7,5,5,1
27206,7,4,4,1
27207,8,5,5,1
27208,6,4,4,1
27209,7,5,5,1
27210,7,4,4,1
27211,8,5,5,1
27212,7,4,4,1
27213,8,5,5,1
27214,8,4,4,1
27215,9,5,5,1
27216,6,4,4,1
27217,7,5,5,1
27218,7,5,5,1
27219,8,5,5,1
27220,7,5,5,1
27221,8,6,6,1
27222,8,5,5,1
27223,9,6,6,1
27224,7,4,4,1
27225,8,5,5,1
27226,8,5,5,1
27227,9,5,5,1
27228,8,5,5,1
27229,9,6,6,1
27230,9,5,5,1
27231,10,6,6,1
27232,6,3,3,1
27233,7,4,4,1
27234,7,4,4,1
27235,8,4,4,1
27236,7,4,4,1
27237,8,5,5,1
27238,8,4,4,1
27239,9,5,5,1
27240,7,4,4,1
27241,8,5,5,1
27242,8,4,4,1
27243,9,5,5,1
27244,8,4,4,1
27245,9,5,5,1
27246,9,4,4,1
27247,10,5,5,1
27248,7,4,4,1
27249,8,5,5,1
27250,8,5,5,1
27251,9,5,5,1
27252,8,5,5,1
27253,9,6,6,1
27254,9,5,5,1
27255,10,6,6,1
27256,8,4,4,1
27257,9,5,5,1
27258,9,5,5,1
27259,10,5,5,1
27260,9,5,5,1
27261,10,6,6,1
27262,10,5,5,1
27263,11,6,6,1
27264,5,3,3,1
27265,6,4,4,1
27266,6,4,4,1
27267,7,4,4,1
27268,6,4,4,1
27269,7,5,5,1
27270,7,4,4,1
27271,8,5,5,1
27272,6,4,4,1
27273,7,5,5,1
27274,7,4,4,1
27275,8,5,5,1
27276,7,4,4,1
27277,8,5,5,1
27278,8,4,4,1
27279,9,5,5,1
27280,6,4,4,1
27281,7,5,5,1
27282,7,5,5,1
27283,8,5,5,1
27284,7,5,5,1
27285,8,6,6,1
27286,8,5,5,1
27287,9,6,6,1
27288,7,4,4,1
27289,8,5,5,1
27290,8,5,5,1
27291,9,5,5,1
27292,8,5,5,1
27293,9,6,6,1
27294,9,5,5,1
27295,10,6,6,1
27296,6,3,3,1
27297,7,4,4,1
27298,7,4,4,1
27299,8,4,4,1
27300,7,4,4,1
27301,8,5,5,1
27302,8,4,4,1
27303,9,5,5,1
27304,7,4,4,1
27305,8,5,5,1
27306,8,4,4,1
27307,9,5,5,1
27308,8,4,4,1
27309,9,5,5,1
27310,9,4,4,1
27311,10,5,5,1
27312,7,4,4,1
27313,8,5,5,1
27314,8,5,5,1
27315,9,5,5,1
27316,8,5,5,1
27317,9,6,6,1
27318,9,5,5,1
27319,10,6,6,1
27320,8,4,4,1
27321,9,5,5,1
27322,9,5,5,1
27323,10,5,5,1
27324,9,5,5,1
27325,10,6,6,1
27326,10,5,5,1
27327,11,6,6,1
27328,6,3,3,1
27329,7,4,4,1
27330,7,4,4,1
27331,8,4,4,1
27332,7,4,4,1
27333,8,5,5,1
27334,8,4,4,1
27335,9,5,5,1
27336,7,4,4,1
27337,8,5,5,1
27338,8,4,4,1
27339,9,5,5,1
27340,8,4,4,1
27341,9,5,5,1
27342,9,4,4,1
27343,10,5,5,1
27344,7,4,4,1
27345,8,5,5,1
27346,8,5,5,1
27347,9,5,5,1
27348,8,5,5,1
27349,9,6,6,1
27350,9,5,5,1
27351,10,6,6,1
27352,8,4,4,1
27353,9,5,5,1
27354,9,5,5,1
27355,10,5,5,1
27356,9,5,5,1
27357,10,6,6,1
27358,10,5,5,1
27359,11,6,6,1
27360,7,3,3,1
27361,8,4,4,1
27362,8,4,4,1
27363,9,4,4,1
27364,8,4,4,1
27365,9,5,5,1
27366,9,4,4,1
27367,10,5,5,1
27368,8,4,4,1
27369,9,5,5,1
27370,9,4,4,1
27371,10,5,5,1
27372,9,4,4,1
27373,10,5,5,1
27374,10,4,4,1
27375,11,5,5,1
27376,8,4,4,1
27377,9,5,5,1
27378,9,5,5,1
27379,10,5,5,1
27380,9,5,5,1
27381,10,6,6,1
27382,10,5,5,1
27383,11,6,6,1
27384,9,4,4,1
27385,10,5,5,1
27386,10,5,5,1
27387,11,5,5,1
27388,10,5,5,1
27389,11,6,6,1
27390,11,5,5,1
27391,12,6,6,1
27392,5,3,3,1
27393,6,4,4,1
27394,6,4,4,1
27395,7,4,4,1
27396,6,4,4,1
27397,7,5,5,1
27398,7,4,4,1
27399,8,5,5,1
27400,6,4,4,1
27401,7,5,5,1
27402,7,4,4,1
27403,8,5,5,1
27404,7,4,4,1
27405,8,5,5,1
27406,8,4,4,1
27407,9,5,5,1
27408,6,4,4,1
27409,7,5,5,1
27410,7,5,5,1
27411,8,5,5,1
27412,7,5,5,1
27413,8,6,6,1
27414,8,5,5,1
27415,9,6,6,1
27416,7,4,4,1
27417,8,5,5,1
27418,8,5,5,1
27419,9,5,5,1
27420,8,5,5,1
27421,9,6,6,1
27422,9,5,5,1
27423,10,6,6,1
27424,6,4,4,1
27425,7,5,5,1
27426,7,5,5,1
27427,8,5,5,1
27428,7,5,5,1
27429,8,6,6,1
27430,8,5,5,1
27431,9,6,6,1
27432,7,4,4,1
27433,8,5,5,1
27434,8,5,5,1
27435,9,5,5,1
27436,8,5,5,1
27437,9,6,6,1
27438,9,5,5,1
27439,10,6,6,1
27440,7,4,4,1
27441,8,5,5,1
27442,8,5,5,1
27443,9,5,5,1
27444,8,5,5,1
27445,9,6,6,1
27446,9,5,5,1
27447,10,6,6,1
27448,8,4,4,1
27449,9,5,5,1
27450,9,5,5,1
27451,10,5,5,1
27452,9,5,5,1
27453,10,6,6,1
27454,10,5,5,1
27455,11,6,6,1
27456,6,4,4,1
27457,7,5,5,1
27458,7,5,5,1
27459,8,5,5,1
27460,7,5,5,1
27461,8,6,6,1
27462,8,5,5,1
27463,9,6,6,1
27464,7,5,5,1
27465,8,6,6,1
27466,8,5,5,1
27467,9,6,6,1
27468,8,5,5,1
27469,9,6,6,1
27470,9,5,5,1
27471,10,6,6,1
27472,7,5,5,1
27473,8,6,6,1
27474,8,6,6,1
27475,9,6,6,1
27476,8,6,6,1
27477,9,7,7,1
27478,9,6,6,1
27479,10,7,7,1
27480,8,5,5,1
27481,9,6,6,1
27482,9,6,6,1
27483,10,6,6,1
27484,9,6,6,1
27485,10,7,7,1
27486,10,6,6,1
27487,11,7,7,1
27488,7,4,4,1
27489,8,5,5,1
27490,8,5,5,1
27491,9,5,5,1
27492,8,5,5,1
27493,9,6,6,1
27494,9,5,5,1
27495,10,6,6,1
27496,8,5,5,1
27497,9,6,6,1
27498,9,5,5,1
27499,10,6,6,1
27500,9,5,5,1
27501,10,6,6,1
27502,10,5,5,1
27503,11,6,6,1
27504,8,5,5,1
27505,9,6,6,1
27506,9,6,6,1
27507,10,6,6,1
27508,9,6,6,1
27509,10,7,7,1
27510,10,6,6,1
27511,11,7,7,1
27512,9,5,5,1
27513,10,6,6,1
27514,10,6,6,1
27515,11,6,6,1
27516,10,6,6,1
27517,11,7,7,1
27518,11,6,6,1
27519,12,7,7,1
27520,6,3,3,1
27521,7,4,4,1
27522,7,4,4,1
27523,8,4,4,1
27524,7,4,4,1
27525,8,5,5,1
27526,8,4,4,1
27527,9,5,5,1
27528,7,4,4,1
27529,8,5,5,1
27530,8,4,4,1
27531,9,5,5,1
27532,8,4,4,1
27533,9,5,5,1
27534,9,4,4,1
27535,10,5,5,1
27536,7,4,4,1
27537,8,5,5,1
27538,8,5,5,1
27539,9,5,5,1
27540,8,5,5,1
27541,9,6,6,1
27542,9,5,5,1
27543,10,6,6,1
27544,8,4,4,1
27545,9,5,5,1
27546,9,5,5,1
27547,10,5,5,1
27548,9,5,5,1
27549,10,6,6,1
27550,10,5,5,1
27551,11,6,6,1
27552,7,4,4,1
27553,8,5,5,1
27554,8,5,5,1
27555,9,5,5,1
27556,8,5,5,1
27557,9,6,6,1
27558,9,5,5,1
27559,10,6,6,1
27560,8,4,4,1
27561,9,5,5,1
27562,9,5,5,1
27563,10,5,5,1
27564,9,5,5,1
27565,10,6,6,1
27566,10,5,5,1
27567,11,6,6,1
27568,8,4,4,1
27569,9,5,5,1
27570,9,5,5,1
27571,10,5,5,1
27572,9,5,5,1
27573,10,6,6,1
27574,10,5,5,1
27575,11,6,6,1
27576,9,4,4,1
27577,10,5,5,1
27578,10,5,5,1
27579,11,5,5,1
27580,10,5,5,1
27581,11,6,6,1
27582,11,5,5,1
27583,12,6,6,1
27584,7,4,4,1
27585,8,5,5,1
27586,8,5,5,1
27587,9,5,5,1
27588,8,5,5,1
27589,9,6,6,1
27590,9,5,5,1
27591,10,6,6,1
27592,8,5,5,1
27593,9,6,6,1
27594,9,5,5,1
27595,10,6,6,1
27596,9,5,5,1
27597,10,6,6,1
27598,10,5,5,1
27599,11,6,6,1
27600,8,5,5,1
27601,9,6,6,1
27602,9,6,6,1
27603,10,6,6,1
27604,9,6,6,1
27605,10,7,7,1
27606,10,6,6,1
27607,11,7,7,1
27608,9,5,5,1
27609,10,6,6,1
27610,10,6,6,1
27611,11,6,6,1
27612,10,6,6,1
27613,11,7,7,1
27614,11,6,6,1
27615,12,7,7,1
27616,8,4,4,1
27617,9,5,5,1
27618,9,5,5,1
27619,10,5,5,1
27620,9,5,5,1
27621,10,6,6,1
27622,10,5,5,1
27623,11,6,6,1
27624,9,5,5,1
27625,10,6,6,1
27626,10,5,5,1
27627,11,6,6,1
27628,10,5,5,1
27629,11,6,6,1
27630,11,5,5,1
27631,12,6,6,1
27632,9,5,5,1
27633,10,6,6,1
27634,10,6,6,1
27635,11,6,6,1
27636,10,6,6,1
27637,11,7,7,1
27638,11,6,6,1
27639,12,7,7,1
27640,10,5,5,1
27641,11,6,6,1
27642,11,6,6,1
27643,12,6,6,1
27644,11,6,6,1
27645,12,7,7,1
27646,12,6,6,1
27647,13,7,7,1
27648,4,2,2,1
27649,5,3,3,1
27650,5,3,3,1
27651,6,3,3,1
27652,5,3,3,1
27653,6,4,4,1
27654,6,3,3,1
27655,7,4,4,1
27656,5,3,3,1
27657,6,4,4,1
27658,6,3,3,1
27659,7,4,4,1
27660,6,3,3,1
27661,7,4,4,1
27662,7,3,3,1
27663,8,4,4,1
27664,5,3,3,1
27665,6,4,4,1
27666,6,4,4,1
27667,7,4,4,1
27668,6,4,4,1
27669,7,5,5,1
27670,7,4,4,1
27671,8,5,5,1
27672,6,3,3,1
27673,7,4,4,1
27674,7,4,4,1
27675,8,4,4,1
27676,7,4,4,1
27677,8,5,5,1
27678,8,4,4,1
27679,9,5,5,1
27680,5,3,3,1
27681,6,4,4,1
27682,6,4,4,1
27683,7,4,4,1
27684,6,4,4,1
27685,7,5,5,1
27686,7,4,4,1
27687,8,5,5,1
27688,6,3,3,1
27689,7,4,4,1
27690,7,4,4,1
27691,8,4,4,1
27692,7,4,4,1
27693,8,5,5,1
27694,8,4,4,1
27695,9,5,5,1
27696,6,3,3,1
27697,7,4,4,1
27698,7,4,4,1
27699,8,4,4,1
27700,7,4,4,1
27701,8,5,5,1
27702,8,4,4,1
27703,9,5,5,1
27704,7,3,3,1
27705,8,4,4,1
27706,8,4,4,1
27707,9,4,4,1
27708,8,4,4,1
27709,9,5,5,1
27710,9,4,4,1
27711,10,5,5,1
27712,5,3,3,1
27713,6,4,4,1
27714,6,4,4,1
27715,7,4,4,1
27716,6,4,4,1
27717,7,5,5,1
27718,7,4,4,1
27719,8,5,5,1
27720,6,4,4,1
27721,7,5,5,1
27722,7,4,4,1
27723,8,5,5,1
27724,7,4,4,1
27725,8,5,5,1
27726,8,4,4,1
27727,9,5,5,1
27728,6,4,4,1
27729,7,5,5,1
27730,7,5,5,1
27731,8,5,5,1
27732,7,5,5,1
27733,8,6,6,1
27734,8,5,5,1
27735,9,6,6,1
27736,7,4,4,1
27737,8,5,5,1
27738,8,5,5,1
27739,9,5,5,1
27740,8,5,5,1
27741,9,6,6,1
27742,9,5,5,1
27743,10,6,6,1
27744,6,3,3,1
27745,7,4,4,1
27746,7,4,4,1
27747,8,4,4,1
27748,7,4,4,1
27749,8,5,5,1
27750,8,4,4,1
27751,9,5,5,1
27752,7,4,4,1
27753,8,5,5,1
27754,8,4,4,1
27755,9,5,5,1
27756,8,4,4,1
27757,9,5,5,1
27758,9,4,4,1
27759,10,5,5,1
27760,7,4,4,1
27761,8,5,5,1
27762,8,5,5,1
27763,9,5,5,1
27764,8,5,5,1
27765,9,6,6,1
27766,9,5,5,1
27767,10,6,6,1
27768,8,4,4,1
27769,9,5,5,1
27770,9,5,5,1
27771,10,5,5,1
27772,9,5,5,1
27773,10,6,6,1
27774,10,5,5,1
27775,11,6,6,1
27776,5,3,3,1
27777,6,4,4,1
27778,6,4,4,1
27779,7,4,4,1
27780,6,4,4,1
27781,7,5,5,1
27782,7,4,4,1
27783,8,5,5,1
27784,6,4,4,1
27785,7,5,5,1
27786,7,4,4,1
27787,8,5,5,1
27788,7,4,4,1
27789,8,5,5,1
27790,8,4,4,1
27791,9,5,5,1
27792,6,4,4,1
27793,7,5,5,1
27794,7,5,5,1
27795,8,5,5,1
27796,7,5,5,1
27797,8,6,6,1
27798,8,5,5,1
27799,9,6,6,1
27800,7,4,4,1
27801,8,5,5,1
27802,8,5,5,1
27803,9,5,5,1
27804,8,5,5,1
27805,9,6,6,1
27806,9,5,5,1
27807,10,6,6,1
27808,6,3,3,1
27809,7,4,4,1
27810,7,4,4,1
27811,8,4,4,1
27812,7,4,4,1
27813,8,5,5,1
27814,8,4,4,1
27815,9,5,5,1
27816,7,4,4,1
27817,8,5,5,1
27818,8,4,4,1
27819,9,5,5,1
27820,8,4,4,1
27821,9,5,5,1
27822,9,4,4,1
27823,10,5,5,1
27824,7,4,4,1
27825,8,5,5,1
27826,8,5,5,1
27827,9,5,5,1
27828,8,5,5,1
27829,9,6,6,1
27830,9,5,5,1
27831,10,6,6,1
27832,8,4,4,1
27833,9,5,5,1
27834,9,5,5,1
27835,10,5,5,1
27836,9,5,5,1
27837,10,6,6,1
27838,10,5,5,1
27839,11,6,6,1
27840,6,3,3,1
27841,7,4,4,1
27842,7,4,4,1
27843,8,4,4,1
27844,7,4,4,1
27845,8,5,5,1
27846,8,4,4,1
27847,9,5,5,1
27848,7,4,4,1
27849,8,5,5,1
27850,8,4,4,1
27851,9,5,5,1
27852,8,4,4,1
27853,9,5,5,1
27854,9,4,4,1
27855,10,5,5,1
27856,7,4,4,1
27857,8,5,5,1
27858,8,5,5,1
27859,9,5,5,1
27860,8,5,5,1
27861,9,6,6,1
27862,9,5,5,1
27863,10,6,6,1
27864,8,4,4,1
27865,9,5,5,1
27866,9,5,5,1
27867,10,5,5,1
27868,9,5,5,1
27869,10,6,6,1
27870,10,5,5,1
27871,11,6,6,1
27872,7,3,3,1
27873,8,4,4,1
27874,8,4,4,1
27875,9,4,4,1
27876,8,4,4,1
27877,9,5,5,1
27878,9,4,4,1
27879,10,5,5,1
27880,8,4,4,1
27881,9,5,5,1
27882,9,4,4,1
27883,10,5,5,1
27884,9,4,4,1
27885,10,5,5,1
27886,10,4,4,1
27887,11,5,5,1
27888,8,4,4,1
27889,9,5,5,1
27890,9,5,5,1
27891,10,5,5,1
27892,9,5,5,1
27893,10,6,6,1
27894,10,5,5,1
27895,11,6,6,1
27896,9,4,4,1
27897,10,5,5,1
27898,10,5,5,1
27899,11,5,5,1
27900,10,5,5,1
27901,11,6,6,1
27902,11,5,5,1
27903,12,6,6,1
27904,5,3,3,1
27905,6,4,4,1
27906,6,4,4,1
27907,7,4,4,1
27908,6,4,4,1
27909,7,5,5,1
27910,7,4,4,1
27911,8,5,5,1
27912,6,4,4,1
27913,7,5,5,1
27914,7,4,4,1
27915,8,5,5,1
27916,7,4,4,1
27917,8,5,5,1
27918,8,4,4,1
27919,9,5,5,1
27920,6,4,4,1
27921,7,5,5,1
27922,7,5,5,1
27923,8,5,5,1
27924,7,5,5,1
27925,8,6,6,1
27926,8,5,5,1
27927,9,6,6,1
27928,7,4,4,1
27929,8,5,5,1
27930,8,5,5,1
27931,9,5,5,1
27932,8,5,5,1
27933,9,6,6,1
27934,9,5,5,1
27935,10,6,6,1
27936,6,4,4,1
27937,7,5,5,1
27938,7,5,5,1
27939,8,5,5,1
27940,7,5,5,1
27941,8,6,6,1
27942,8,5,5,1
27943,9,6,6,1
27944,7,4,4,1
27945,8,5,5,1
27946,8,5,5,1
27947,9,5,5,1
27948,8,5,5,1
27949,9,6,6,1
27950,9,5,5,1
27951,10,6,6,1
27952,7,4,4,1
27953,8,5,5,1
27954,8,5,5,1
27955,9,5,5,1
27956,8,5,5,1
27957,9,6,6,1
27958,9,5,5,1
27959,10,6,6,1
27960,8,4,4,1
27961,9,5,5,1
27962,9,5,5,1
27963,10,5,5,1
27964,9,5,5,1
27965,10,6,6,1
27966,10,5,5,1
27967,11,6,6,1
27968,6,4,4,1
27969,7,5,5,1
27970,7,5,5,1
27971,8,5,5,1
27972,7,5,5,1
27973,8,6,6,1
27974,8,5,5,1
27975,9,6,6,1
27976,7,5,5,1
27977,8,6,6,1
27978,8,5,5,1
27979,9,6,6,1
27980,8,5,5,1
27981,9,6,6,1
27982,9,5,5,1
27983,10,6,6,1
27984,7,5,5,1
27985,8,6,6,1
27986,8,6,6,1
27987,9,6,6,1
27988,8,6,6,1
27989,9,7,7,1
27990,9,6,6,1
27991,10,7,7,1
27992,8,5,5,1
27993,9,6,6,1
27994,9,6,6,1
27995,10,6,6,1
27996,9,6,6,1
27997,10,7,7,1
27998,10,6,6,1
27999,11,7,7,1
28000,7,4,4,1
28001,8,5,5,1
28002,8,5,5,1
28003,9,5,5,1
28004,8,5,5,1
28005,9,6,6,1
28006,9,5,5,1
28007,10,6,6,1
28008,8,5,5,1
28009,9,6,6,1
28010,9,5,5,1
28011,10,6,6,1
28012,9,5,5,1
28013,10,6,6,1
28014,10,5,5,1
28015,11,6,6,1
28016,8,5,5,1
28017,9,6,6,1
28018,9,6,6,1
28019,10,6,6,1
28020,9,6,6,1
28021,10,7,7,1
28022,10,6,6,1
28023,11,7,7,1
28024,9,5,5,1
28025,10,6,6,1
28026,10,6,6,1
28027,11,6,6,1
28028,10,6,6,1
28029,11,7,7,1
28030,11,6,6,1
28031,12,7,7,1
28032,6,3,3,1
28033,7,4,4,1
28034,7,4,4,1
28035,8,4,4,1
28036,7,4,4,1
28037,8,5,5,1
28038,8,4,4,1
28039,9,5,5,1
28040,7,4,4,1
28041,8,5,5,1
28042,8,4,4,1
28043,9,5,5,1
28044,8,4,4,1
28045,9,5,5,1
28046,9,4,4,1
28047,10,5,5,1
28048,7,4,4,1
28049,8,5,5,1
28050,8,5,5,1
28051,9,5,5,1
28052,8,5,5,1
28053,9,6,6,1
28054,9,5,5,1
28055,10,6,6,1
28056,8,4,4,1
28057,9,5,5,1
28058,9,5,5,1
28059,10,5,5,1
28060,9,5,5,1
28061,10,6,6,1
28062,10,5,5,1
28063,11,6,6,1
28064,7,4,4,1
28065,8,5,5,1
28066,8,5,5,1
28067,9,5,5,1
28068,8,5,5,1
28069,9,6,6,1
28070,9,5,5,1
28071,10,6,6,1
28072,8,4,4,1
28073,9,5,5,1
28074,9,5,5,1
28075,10,5,5,1
28076,9,5,5,1
28077,10,6,6,1
28078,10,5,5,1
28079,11,6,6,1
28080,8,4,4,1
28081,9,5,5,1
28082,9,5,5,1
28083,10,5,5,1
28084,9,5,5,1
28085,10,6,6,1
28086,10,5,5,1
28087,11,6,6,1
28088,9,4,4,1
28089,10,5,5,1
28090,10,5,5,1
28091,11,5,5,1
28092,10,5,5,1
28093,11,6,6,1
28094,11,5,5,1
28095,12,6,6,1
28096,7,4,4,1
28097,8,5,5,1
28098,8,5,5,1
28099,9,5,5,1
28100,8,5,5,1
28101,9,6,6,1
28102,9,5,5,1
28103,10,6,6,1
28104,8,5,5,1
28105,9,6,6,1
28106,9,5,5,1
28107,10,6,6,1
28108,9,5,5,1
28109,10,6,6,1
28110,10,5,5,1
28111,11,6,6,1
28112,8,5,5,1
28113,9,6,6,1
28114,9,6,6,1
28115,10,6,6,1
28116,9,6,6,1
28117,10,7,7,1
28118,10,6,6,1
28119,11,7,7,1
28120,9,5,5,1
28121,10,6,6,1
28122,10,6,6,1
28123,11,6,6,1
28124,10,6,6,1
28125,11,7,7,1
28126,11,6,6,1
28127,12,7,7,1
28128,8,4,4,1
28129,9,5,5,1
28130,9,5,5,1
28131,10,5,5,1
28132,9,5,5,1
28133,10,6,6,1
28134,10,5,5,1
28135,11,6,6,1
28136,9,5,5,1
28137,10,6,6,1
28138,10,5,5,1
28139,11,6,6,1
28140,10,5,5,1
28141,11,6,6,1
28142,11,5,5,1
28143,12,6,6,1
28144,9,5,5,1
28145,10,6,6,1
28146,10,6,6,1
28147,11,6,6,1
28148,10,6,6,1
28149,11,7,7,1
28150,11,6,6,1
28151,12,7,7,1
28152,10,5,5,1
28153,11,6,6,1
28154,11,6,6,1
28155,12,6,6,1
28156,11,6,6,1
28157,12,7,7,1
28158,12,6,6,1
28159,13,7,7,1
28160,5,2,2,1
28161,6,3,3,1
28162,6,3,3,1
28163,7,3,3,1
28164,6,3,3,1
28165,7,4,4,1
28166,7,3,3,1
28167,8,4,4,1
28168,6,3,3,1
28169,7,4,4,1
28170,7,3,3,1
28171,8,4,4,1
28172,7,3,3,1
28173,8,4,4,1
28174,8,3,3,1
28175,9,4,4,1
28176,6,3,3,1
28177,7,4,4,1
28178,7,4,4,1
28179,8,4,4,1
28180,7,4,4,1
28181,8,5,5,1
28182,8,4,4,1
28183,9,5,5,1
28184,7,3,3,1
28185,8,4,4,1
28186,8,4,4,1
28187,9,4,4,1
28188,8,4,4,1
28189,9,5,5,1
28190,9,4,4,1
28191,10,5,5,1
28192,6,3,3,1
28193,7,4,4,1
28194,7,4,4,1
28195,8,4,4,1
28196,7,4,4,1
28197,8,5,5,1
28198,8,4,4,1
28199,9,5,5,1
28200,7,3,3,1
28201,8,4,4,1
28202,8,4,4,1
28203,9,4,4,1
28204,8,4,4,1
28205,9,5,5,1
28206,9,4,4,1
28207,10,5,5,1
28208,7,3,3,1
28209,8,4,4,1
28210,8,4,4,1
28211,9,4,4,1
28212,8,4,4,1
28213,9,5,5,1
28214,9,4,4,1
28215,10,5,5,1
28216,8,3,3,1
28217,9,4,4,1
28218,9,4,4,1
28219,10,4,4,1
28220,9,4,4,1
28221,10,5,5,1
28222,10,4,4,1
28223,11,5,5,1
28224,6,3,3,1
28225,7,4,4,1
28226,7,4,4,1
28227,8,4,4,1
28228,7,4,4,1
28229,8,5,5,1
28230,8,4,4,1
28231,9,5,5,1
28232,7,4,4,1
28233,8,5,5,1
28234,8,4,4,1
28235,9,5,5,1
28236,8,4,4,1
28237,9,5,5,1
28238,9,4,4,1
28239,10,5,5,1
28240,7,4,4,1
28241,8,5,5,1
28242,8,5,5,1
28243,9,5,5,1
28244,8,5,5,1
28245,9,6,6,1
28246,9,5,5,1
28247,10,6,6,1
28248,8,4,4,1
28249,9,5,5,1
28250,9,5,5,1
28251,10,5,5,1
28252,9,5,5,1
28253,10,6,6,1
28254,10,5,5,1
28255,11,6,6,1
28256,7,3,3,1
28257,8,4,4,1
28258,8,4,4,1
28259,9,4,4,1
28260,8,4,4,1
28261,9,5,5,1
28262,9,4,4,1
28263,10,5,5,1
28264,8,4,4,1
28265,9,5,5,1
28266,9,4,4,1
28267,10,5,5,1
28268,9,4,4,1
28269,10,5,5,1
28270,10,4,4,1
28271,11,5,5,1
28272,8,4,4,1
28273,9,5,5,1
28274,9,5,5,1
28275,10,5,5,1
28276,9,5,5,1
28277,10,6,6,1
28278,10,5,5,1
28279,11,6,6,1
28280,9,4,4,1
28281,10,5,5,1
28282,10,5,5,1
28283,11,5,5,1
28284,10,5,5,1
28285,11,6,6,1
28286,11,5,5,1
28287,12,6,6,1
28288,6,3,3,1
28289,7,4,4,1
28290,7,4,4,1
28291,8,4,4,1
28292,7,4,4,1
28293,8,5,5,1
28294,8,4,4,1
28295,9,5,5,1
28296,7,4,4,1
28297,8,5,5,1
28298,8,4,4,1
28299,9,5,5,1
28300,8,4,4,1
28301,9,5,5,1
28302,9,4,4,1
28303,10,5,5,1
28304,7,4,4,1
28305,8,5,5,1
28306,8,5,5,1
28307,9,5,5,1
28308,8,5,5,1
28309,9,6,6,1
28310,9,5,5,1
28311,10,6,6,1
28312,8,4,4,1
28313,9,5,5,1
28314,9,5,5,1
28315,10,5,5,1
28316,9,5,5,1
28317,10,6,6,1
28318,10,5,5,1
28319,11,6,6,1
28320,7,3,3,1
28321,8,4,4,1
28322,8,4,4,1
28323,9,4,4,1
28324,8,4,4,1
28325,9,5,5,1
28326,9,4,4,1
28327,10,5,5,1
28328,8,4,4,1
28329,9,5,5,1
28330,9,4,4,1
28331,10,5,5,1
28332,9,4,4,1
28333,10,5,5,1
28334,10,4,4,1
28335,11,5,5,1
28336,8,4,4,1
28337,9,5,5,1
28338,9,5,5,1
28339,10,5,5,1
28340,9,5,5,1
28341,10,6,6,1
28342,10,5,5,1
28343,11,6,6,1
28344,9,4,4,1
28345,10,5,5,1
28346,10,5,5,1
28347,11,5,5,1
28348,10,5,5,1
28349,11,6,6,1
28350,11,5,5,1
28351,12,6,6,1
28352,7,3,3,1
28353,8,4,4,1
28354,8,4,4,1
28355,9,4,4,1
28356,8,4,4,1
28357,9,5,5,1
28358,9,4,4,1
28359,10,5,5,1
28360,8,4,4,1
28361,9,5,5,1
28362,9,4,4,1
28363,10,5,5,1
28364,9,4,4,1
28365,10,5,5,1
28366,10,4,4,1
28367,11,5,5,1
28368,8,4,4,1
28369,9,5,5,1
28370,9,5,5,1
28371,10,5,5,1
28372,9,5,5,1
28373,10,6,6,1
28374,10,5,5,1
28375,11,6,6,1
28376,9,4,4,1
28377,10,5,5,1
28378,10,5,5,1
28379,11,5,5,1
28380,10,5,5,1
28381,11,6,6,1
28382,11,5,5,1
28383,12,6,6,1
28384,8,3,3,1
28385,9,4,4,1
28386,9,4,4,1
28387,10,4,4,1
28388,9,4,4,1
28389,10,5,5,1
28390,10,4,4,1
28391,11,5,5,1
28392,9,4,4,1
28393,10,5,5,1
28394,10,4,4,1
28395,11,5,5,1
28396,10,4,4,1
28397,11,5,5,1
28398,11,4,4,1
28399,12,5,5,1
28400,9,4,4,1
28401,10,5,5,1
28402,10,5,5,1
28403,11,5,5,1
28404,10,5,5,1
28405,11,6,6,1
28406,11,5,5,1
28407,12,6,6,1
28408,10,4,4,1
28409,11,5,5,1
28410,11,5,5,1
28411,12,5,5,1
28412,11,5,5,1
28413,12,6,6,1
28414,12,5,5,1
28415,13,6,6,1
28416,6,3,3,1
28417,7,4,4,1
28418,7,4,4,1
28419,8,4,4,1
28420,7,4,4,1
28421,8,5,5,1
28422,8,4,4,1
28423,9,5,5,1
28424,7,4,4,1
28425,8,5,5,1
28426,8,4,4,1
28427,9,5,5,1
28428,8,4,4,1
28429,9,5,5,1
28430,9,4,4,1
28431,10,5,5,1
28432,7,4,4,1
28433,8,5,5,1
28434,8,5,5,1
28435,9,5,5,1
28436,8,5,5,1
28437,9,6,6,1
28438,9,5,5,1
28439,10,6,6,1
28440,8,4,4,1
28441,9,5,5,1
28442,9,5,5,1
28443,10,5,5,1
28444,9,5,5,1
28445,10,6,6,1
28446,10,5,5,1
28447,11,6,6,1
28448,7,4,4,1
28449,8,5,5,1
28450,8,5,5,1
28451,9,5,5,1
28452,8,5,5,1
28453,9,6,6,1
28454,9,5,5,1
28455,10,6,6,1
28456,8,4,4,1
28457,9,5,5,1
28458,9,5,5,1
28459,10,5,5,1
28460,9,5,5,1
28461,10,6,6,1
28462,10,5,5,1
28463,11,6,6,1
28464,8,4,4,1
28465,9,5,5,1
28466,9,5,5,1
28467,10,5,5,1
28468,9,5,5,1
28469,10,6,6,1
28470,10,5,5,1
28471,11,6,6,1
28472,9,4,4,1
28473,10,5,5,1
28474,10,5,5,1
28475,11,5,5,1
28476,10,5,5,1
28477,11,6,6,1
28478,11,5,5,1
28479,12,6,6,1
28480,7,4,4,1
28481,8,5,5,1
28482,8,5,5,1
28483,9,5,5,1
28484,8,5,5,1
28485,9,6,6,1
28486,9,5,5,1
28487,10,6,6,1
28488,8,5,5,1
28489,9,6,6,1
28490,9,5,5,1
28491,10,6,6,1
28492,9,5,5,1
28493,10,6,6,1
28494,10,5,5,1
28495,11,6,6,1
28496,8,5,5,1
28497,9,6,6,1
28498,9,6,6,1
28499,10,6,6,1
28500,9,6,6,1
28501,10,7,7,1
28502,10,6,6,1
28503,11,7,7,1
28504,9,5,5,1
28505,10,6,6,1
28506,10,6,6,1
28507,11,6,6,1
28508,10,6,6,1
28509,11,7,7,1
28510,11,6,6,1
28511,12,7,7,1
28512,8,4,4,1
28513,9,5,5,1
28514,9,5,5,1
28515,10,5,5,1
28516,9,5,5,1
28517,10,6,6,1
28518,10,5,5,1
28519,11,6,6,1
28520,9,5,5,1
28521,10,6,6,1
28522,10,5,5,1
28523,11,6,6,1
28524,10,5,5,1
28525,11,6,6,1
28526,11,5,5,1
28527,12,6,6,1
28528,9,5,5,1
28529,10,6,6,1
28530,10,6,6,1
28531,11,6,6,1
28532,10,6,6,1
28533,11,7,7,1
28534,11,6,6,1
28535,12,7,7,1
28536,10,5,5,1
28537,11,6,6,1
28538,11,6,6,1
28539,12,6,6,1
28540,11,6,6,1
28541,12,7,7,1
28542,12,6,6,1
28543,13,7,7,1
28544,7,3,3,1
28545,8,4,4,1
28546,8,4,4,1
28547,9,4,4,1
28548,8,4,4,1
28549,9,5,5,1
28550,9,4,4,1
28551,10,5,5,1
28552,8,4,4,1
28553,9,5,5,1
28554,9,4,4,1
28555,10,5,5,1
28556,9,4,4,1
28557,10,5,5,1
28558,10,4,4,1
28559,11,5,5,1
28560,8,4,4,1
28561,9,5,5,1
28562,9,5,5,1
28563,10,5,5,1
28564,9,5,5,1
28565,10,6,6,1
28566,10,5,5,1
28567,11,6,6,1
28568,9,4,4,1
28569,10,5,5,1
28570,10,5,5,1
28571,11,5,5,1
28572,10,5,5,1
28573,11,6,6,1
28574,11,5,5,1
28575,12,6,6,1
28576,8,4,4,1
28577,9,5,5,1
28578,9,5,5,1
28579,10,5,5,1
28580,9,5,5,1
28581,10,6,6,1
28582,10,5,5,1
28583,11,6,6,1
28584,9,4,4,1
28585,10,5,5,1
28586,10,5,5,1
28587,11,5,5,1
28588,10,5,5,1
28589,11,6,6,1
28590,11,5,5,1
28591,12,6,6,1
28592,9,4,4,1
28593,10,5,5,1
28594,10,5,5,1
28595,11,5,5,1
28596,10,5,5,1
28597,11,6,6,1
28598,11,5,5,1
28599,12,6,6,1
28600,10,4,4,1
28601,11,5,5,1
28602,11,5,5,1
28603,12,5,5,1
28604,11,5,5,1
28605,12,6,6,1
28606,12,5,5,1
28607,13,6,6,1
28608,8,4,4,1
28609,9,5,5,1
28610,9,5,5,1
28611,10,5,5,1
28612,9,5,5,1
28613,10,6,6,1
28614,10,5,5,1
28615,11,6,6,1
28616,9,5,5,1
28617,10,6,6,1
28618,10,5,5,1
28619,11,6,6,1
28620,10,5,5,1
28621,11,6,6,1
28622,11,5,5,1
28623,12,6,6,1
28624,9,5,5,1
28625,10,6,6,1
28626,10,6,6,1
28627,11,6,6,1
28628,10,6,6,1
28629,11,7,7,1
28630,11,6,6,1
28631,12,7,7,1
28632,10,5,5,1
28633,11,6,6,1
28634,11,6,6,1
28635,12,6,6,1
28636,11,6,6,1
28637,12,7,7,1
28638,12,6,6,1
28639,13,7,7,1
28640,9,4,4,1
28641,10,5,5,1
28642,10,5,5,1
28643,11,5,5,1
28644,10,5,5,1
28645,11,6,6,1
28646,11,5,5,1
28647,12,6,6,1
28648,10,5,5,1
28649,11,6,6,1
28650,11,5,5,1
28651,12,6,6,1
28652,11,5,5,1
28653,12,6,6,1
28654,12,5,5,1
28655,13,6,6,1
28656,10,5,5,1
28657,11,6,6,1
28658,11,6,6,1
28659,12,6,6,1
28660,11,6,6,1
28661,12,7,7,1
28662,12,6,6,1
28663,13,7,7,1
28664,11,5,5,1
28665,12,6,6,1
28666,12,6,6,1
28667,13,6,6,1
28668,12,6,6,1
28669,13,7,7,1
28670,13,6,6,1
28671,14,7,7,1
28672,3,2,2,1
28673,4,3,3,1
28674,4,3,3,1
28675,5,3,3,1
28676,4,3,3,1
28677,5,4,4,1
28678,5,3,3,1
28679,6,4,4,1
28680,4,3,3,1
28681,5,4,4,1
28682,5,3,3,1
28683,6,4,4,1
28684,5,3,3,1
28685,6,4,4,1
28686,6,3,3,1
28687,7,4,4,1
28688,4,3,3,1
28689,5,4,4,1
28690,5,4,4,1
28691,6,4,4,1
28692,5,4,4,1
28693,6,5,5,1
28694,6,4,4,1
28695,7,5,5,1
28696,5,3,3,1
28697,6,4,4,1
28698,6,4,4,1
28699,7,4,4,1
28700,6,4,4,1
28701,7,5,5,1
28702,7,4,4,1
28703,8,5,5,1
28704,4,3,3,1
28705,5,4,4,1
28706,5,4,4,1
28707,6,4,4,1
28708,5,4,4,1
28709,6,5,5,1
28710,6,4,4,1
28711,7,5,5,1
28712,5,3,3,1
28713,6,4,4,1
28714,6,4,4,1
28715,7,4,4,1
28716,6,4,4,1
28717,7,5,5,1
28718,7,4,4,1
28719,8,5,5,1
28720,5,3,3,1
28721,6,4,4,1
28722,6,4,4,1
28723,7,4,4,1
28724,6,4,4,1
28725,7,5,5,1
28726,7,4,4,1
28727,8,5,5,1
28728,6,3,3,1
28729,7,4,4,1
28730,7,4,4,1
28731,8,4,4,1
28732,7,4,4,1
28733,8,5,5,1
28734,8,4,4,1
28735,9,5,5,1
28736,4,3,3,1
28737,5,4,4,1
28738,5,4,4,1
28739,6,4,4,1
28740,5,4,4,1
28741,6,5,5,1
28742,6,4,4,1
28743,7,5,5,1
28744,5,4,4,1
28745,6,5,5,1
28746,6,4,4,1
28747,7,5,5,1
28748,6,4,4,1
28749,7,5,5,1
28750,7,4,4,1
28751,8,5,5,1
28752,5,4,4,1
28753,6,5,5,1
28754,6,5,5,1
28755,7,5,5,1
28756,6,5,5,1
28757,7,6,6,1
28758,7,5,5,1
28759,8,6,6,1
28760,6,4,4,1
28761,7,5,5,1
28762,7,5,5,1
28763,8,5,5,1
28764,7,5,5,1
28765,8,6,6,1
28766,8,5,5,1
28767,9,6,6,1
28768,5,3,3,1
28769,6,4,4,1
28770,6,4,4,1
28771,7,4,4,1
28772,6,4,4,1
28773,7,5,5,1
28774,7,4,4,1
28775,8,5,5,1
28776,6,4,4,1
28777,7,5,5,1
28778,7,4,4,1
28779,8,5,5,1
28780,7,4,4,1
28781,8,5,5,1
28782,8,4,4,1
28783,9,5,5,1
28784,6,4,4,1
28785,7,5,5,1
28786,7,5,5,1
28787,8,5,5,1
28788,7,5,5,1
28789,8,6,6,1
28790,8,5,5,1
28791,9,6,6,1
28792,7,4,4,1
28793,8,5,5,1
28794,8,5,5,1
28795,9,5,5,1
28796,8,5,5,1
28797,9,6,6,1
28798,9,5,5,1
28799,10,6,6,1
28800,4,3,3,1
28801,5,4,4,1
28802,5,4,4,1
28803,6,4,4,1
28804,5,4,4,1
28805,6,5,5,1
28806,6,4,4,1
28807,7,5,5,1
28808,5,4,4,1
28809,6,5,5,1
28810,6,4,4,1
28811,7,5,5,1
28812,6,4,4,1
28813,7,5,5,1
28814,7,4,4,1
28815,8,5,5,1
28816,5,4,4,1
28817,6,5,5,1
28818,6,5,5,1
28819,7,5,5,1
28820,6,5,5,1
28821,7,6,6,1
28822,7,5,5,1
28823,8,6,6,1
28824,6,4,4,1
28825,7,5,5,1
28826,7,5,5,1
28827,8,5,5,1
28828,7,5,5,1
28829,8,6,6,1
28830,8,5,5,1
28831,9,6,6,1
28832,5,3,3,1
28833,6,4,4,1
28834,6,4,4,1
28835,7,4,4,1
28836,6,4,4,1
28837,7,5,5,1
28838,7,4,4,1
28839,8,5,5,1
28840,6,4,4,1
28841,7,5,5,1
28842,7,4,4,1
28843,8,5,5,1
28844,7,4,4,1
28845,8,5,5,1
28846,8,4,4,1
28847,9,5,5,1
28848,6,4,4,1
28849,7,5,5,1
28850,7,5,5,1
28851,8,5,5,1
28852,7,5,5,1
28853,8,6,6,1
28854,8,5,5,1
28855,9,6,6,1
28856,7,4,4,1
28857,8,5,5,1
28858,8,5,5,1
28859,9,5,5,1
28860,8,5,5,1
28861,9,6,6,1
28862,9,5,5,1
28863,10,6,6,1
28864,5,3,3,1
28865,6,4,4,1
28866,6,4,4,1
28867,7,4,4,1
28868,6,4,4,1
28869,7,5,5,1
28870,7,4,4,1
28871,8,5,5,1
28872,6,4,4,1
28873,7,5,5,1
28874,7,4,4,1
28875,8,5,5,1
28876,7,4,4,1
28877,8,5,5,1
28878,8,4,4,1
28879,9,5,5,1
28880,6,4,4,1
28881,7,5,5,1
28882,7,5,5,1
28883,8,5,5,1
28884,7,5,5,1
28885,8,6,6,1
28886,8,5,5,1
28887,9,6,6,1
28888,7,4,4,1
28889,8,5,5,1
28890,8,5,5,1
28891,9,5,5,1
28892,8,5,5,1
28893,9,6,6,1
28894,9,5,5,1
28895,10,6,6,1
28896,6,3,3,1
28897,7,4,4,1
28898,7,4,4,1
28899,8,4,4,1
28900,7,4,4,1
28901,8,5,5,1
28902,8,4,4,1
28903,9,5,5,1
28904,7,4,4,1
28905,8,5,5,1
28906,8,4,4,1
28907,9,5,5,1
28908,8,4,4,1
28909,9,5,5,1
28910,9,4,4,1
28911,10,5,5,1
28912,7,4,4,1
28913,8,5,5,1
28914,8,5,5,1
28915,9,5,5,1
28916,8,5,5,1
28917,9,6,6,1
28918,9,5,5,1
28919,10,6,6,1
28920,8,4,4,1
28921,9,5,5,1
28922,9,5,5,1
28923,10,5,5,1
28924,9,5,5,1
28925,10,6,6,1
28926,10,5,5,1
28927,11,6,6,1
28928,4,3,3,1
28929,5,4,4,1
28930,5,4,4,1
28931,6,4,4,1
28932,5,4,4,1
28933,6,5,5,1
28934,6,4,4,1
28935,7,5,5,1
28936,5,4,4,1
28937,6,5,5,1
28938,6,4,4,1
28939,7,5,5,1
28940,6,4,4,1
28941,7,5,5,1
28942,7,4,4,1
28943,8,5,5,1
28944,5,4,4,1
28945,6,5,5,1
28946,6,5,5,1
28947,7,5,5,1
28948,6,5,5,1
28949,7,6,6,1
28950,7,5,5,1
28951,8,6,6,1
28952,6,4,4,1
28953,7,5,5,1
28954,7,5,5,1
28955,8,5,5,1
28956,7,5,5,1
28957,8,6,6,1
28958,8,5,5,1
28959,9,6,6,1
28960,5,4,4,1
28961,6,5,5,1
28962,6,5,5,1
28963,7,5,5,1
28964,6,5,5,1
28965,7,6,6,1
28966,7,5,5,1
28967,8,6,6,1
28968,6,4,4,1
28969,7,5,5,1
28970,7,5,5,1
28971,8,5,5,1
28972,7,5,5,1
28973,8,6,6,1
28974,8,5,5,1
28975,9,6,6,1
28976,6,4,4,1
28977,7,5,5,1
28978,7,5,5,1
28979,8,5,5,1
28980,7,5,5,1
28981,8,6,6,1
28982,8,5,5,1
28983,9,6,6,1
28984,7,4,4,1
28985,8,5,5,1
28986,8,5,5,1
28987,9,5,5,1
28988,8,5,5,1
28989,9,6,6,1
28990,9,5,5,1
28991,10,6,6,1
28992,5,4,4,1
28993,6,5,5,1
28994,6,5,5,1
28995,7,5,5,1
28996,6,5,5,1
28997,7,6,6,1
28998,7,5,5,1
28999,8,6,6,1
29000,6,5,5,1
29001,7,6,6,1
29002,7,5,5,1
29003,8,6,6,1
29004,7,5,5,1
29005,8,6,6,1
29006,8,5,5,1
29007,9,6,6,1
29008,6,5,5,1
29009,7,6,6,1
29010,7,6,6,1
29011,8,6,6,1
29012,7,6,6,1
29013,8,7,7,1
29014,8,6,6,1
29015,9,7,7,1
29016,7,5,5,1
29017,8,6,6,1
29018,8,6,6,1
29019,9,6,6,1
29020,8,6,6,1
29021,9,7,7,1
29022,9,6,6,1
29023,10,7,7,1
29024,6,4,4,1
29025,7,5,5,1
29026,7,5,5,1
29027,8,5,5,1
29028,7,5,5,1
29029,8,6,6,1
29030,8,5,5,1
29031,9,6,6,1
29032,7,5,5,1
29033,8,6,6,1
29034,8,5,5,1
29035,9,6,6,1
29036,8,5,5,1
29037,9,6,6,1
29038,9,5,5,1
29039,10,6,6,1
29040,7,5,5,1
29041,8,6,6,1
29042,8,6,6,1
29043,9,6,6,1
29044,8,6,6,1
29045,9,7,7,1
29046,9,6,6,1
29047,10,7,7,1
29048,8,5,5,1
29049,9,6,6,1
29050,9,6,6,1
29051,10,6,6,1
29052,9,6,6,1
29053,10,7,7,1
29054,10,6,6,1
29055,11,7,7,1
29056,5,3,3,1
29057,6,4,4,1
29058,6,4,4,1
29059,7,4,4,1
29060,6,4,4,1
29061,7,5,5,1
29062,7,4,4,1
29063,8,5,5,1
29064,6,4,4,1
29065,7,5,5,1
29066,7,4,4,1
29067,8,5,5,1
29068,7,4,4,1
29069,8,5,5,1
29070,8,4,4,1
29071,9,5,5,1
29072,6,4,4,1
29073,7,5,5,1
29074,7,5,5,1
29075,8,5,5,1
29076,7,5,5,1
29077,8,6,6,1
29078,8,5,5,1
29079,9,6,6,1
29080,7,4,4,1
29081,8,5,5,1
29082,8,5,5,1
29083,9,5,5,1
29084,8,5,5,1
29085,9,6,6,1
29086,9,5,5,1
29087,10,6,6,1
29088,6,4,4,1
29089,7,5,5,1
29090,7,5,5,1
29091,8,5,5,1
29092,7,5,5,1
29093,8,6,6,1
29094,8,5,5,1
29095,9,6,6,1
29096,7,4,4,1
29097,8,5,5,1
29098,8,5,5,1
29099,9,5,5,1
29100,8,5,5,1
29101,9,6,6,1
29102,9,5,5,1
29103,10,6,6,1
29104,7,4,4,1
29105,8,5,5,1
29106,8,5,5,1
29107,9,5,5,1
29108,8,5,5,1
29109,9,6,6,1
29110,9,5,5,1
29111,10,6,6,1
29112,8,4,4,1
29113,9,5,5,1
29114,9,5,5,1
29115,10,5,5,1
29116,9,5,5,1
29117,10,6,6,1
29118,10,5,5,1
29119,11,6,6,1
29120,6,4,4,1
29121,7,5,5,1
29122,7,5,5,1
29123,8,5,5,1
29124,7,5,5,1
29125,8,6,6,1
29126,8,5,5,1
29127,9,6,6,1
29128,7,5,5,1
29129,8,6,6,1
29130,8,5,5,1
29131,9,6,6,1
29132,8,5,5,1
29133,9,6,6,1
29134,9,5,5,1
29135,10,6,6,1
29136,7,5,5,1
29137,8,6,6,1
29138,8,6,6,1
29139,9,6,6,1
29140,8,6,6,1
29141,9,7,7,1
29142,9,6,6,1
29143,10,7,7,1
29144,8,5,5,1
29145,9,6,6,1
29146,9,6,6,1
29147,10,6,6,1
29148,9,6,6,1
29149,10,7,7,1
29150,10,6,6,1
29151,11,7,7,1
29152,7,4,4,1
29153,8,5,5,1
29154,8,5,5,1
29155,9,5,5,1
29156,8,5,5,1
29157,9,6,6,1
29158,9,5,5,1
29159,10,6,6,1
29160,8,5,5,1
29161,9,6,6,1
29162,9,5,5,1
29163,10,6,6,1
29164,9,5,5,1
29165,10,6,6,1
29166,10,5,5,1
29167,11,6,6,1
29168,8,5,5,1
29169,9,6,6,1
29170,9,6,6,1
29171,10,6,6,1
29172,9,6,6,1
29173,10,7,7,1
29174,10,6,6,1
29175,11,7,7,1
29176,9,5,5,1
29177,10,6,6,1
29178,10,6,6,1
29179,11,6,6,1
29180,10,6,6,1
29181,11,7,7,1
29182,11,6,6,1
29183,12,7,7,1
29184,4,3,3,1
29185,5,4,4,1
29186,5,4,4,1
29187,6,4,4,1
29188,5,4,4,1
29189,6,5,5,1
29190,6,4,4,1
29191,7,5,5,1
29192,5,4,4,1
29193,6,5,5,1
29194,6,4,4,1
29195,7,5,5,1
29196,6,4,4,1
29197,7,5,5,1
29198,7,4,4,1
29199,8,5,5,1
29200,5,4,4,1
29201,6,5,5,1
29202,6,5,5,1
29203,7,5,5,1
29204,6,5,5,1
29205,7,6,6,1
29206,7,5,5,1
29207,8,6,6,1
29208,6,4,4,1
29209,7,5,5,1
29210,7,5,5,1
29211,8,5,5,1
29212,7,5,5,1
29213,8,6,6,1
29214,8,5,5,1
29215,9,6,6,1
29216,5,4,4,1
29217,6,5,5,1
29218,6,5,5,1
29219,7,5,5,1
29220,6,5,5,1
29221,7,6,6,1
29222,7,5,5,1
29223,8,6,6,1
29224,6,4,4,1
29225,7,5,5,1
29226,7,5,5,1
29227,8,5,5,1
29228,7,5,5,1
29229,8,6,6,1
29230,8,5,5,1
29231,9,6,6,1
29232,6,4,4,1
29233,7,5,5,1
29234,7,5,5,1
29235,8,5,5,1
29236,7,5,5,1
29237,8,6,6,1
29238,8,5,5,1
29239,9,6,6,1
29240,7,4,4,1
29241,8,5,5,1
29242,8,5,5,1
29243,9,5,5,1
29244,8,5,5,1
29245,9,6,6,1
29246,9,5,5,1
29247,10,6,6,1
29248,5,4,4,1
29249,6,5,5,1
29250,6,5,5,1
29251,7,5,5,1
29252,6,5,5,1
29253,7,6,6,1
29254,7,5,5,1
29255,8,6,6,1
29256,6,5,5,1
29257,7,6,6,1
29258,7,5,5,1
29259,8,6,6,1
29260,7,5,5,1
29261,8,6,6,1
29262,8,5,5,1
29263,9,6,6,1
29264,6,5,5,1
29265,7,6,6,1
29266,7,6,6,1
29267,8,6,6,1
29268,7,6,6,1
29269,8,7,7,1
29270,8,6,6,1
29271,9,7,7,1
29272,7,5,5,1
29273,8,6,6,1
29274,8,6,6,1
29275,9,6,6,1
29276,8,6,6,1
29277,9,7,7,1
29278,9,6,6,1
29279,10,7,7,1
29280,6,4,4,1
29281,7,5,5,1
29282,7,5,5,1
29283,8,5,5,1
29284,7,5,5,1
29285,8,6,6,1
29286,8,5,5,1
29287,9,6,6,1
29288,7,5,5,1
29289,8,6,6,1
29290,8,5,5,1
29291,9,6,6,1
29292,8,5,5,1
29293,9,6,6,1
29294,9,5,5,1
29295,10,6,6,1
29296,7,5,5,1
29297,8,6,6,1
29298,8,6,6,1
29299,9,6,6,1
29300,8,6,6,1
29301,9,7,7,1
29302,9,6,6,1
29303,10,7,7,1
29304,8,5,5,1
29305,9,6,6,1
29306,9,6,6,1
29307,10,6,6,1
29308,9,6,6,1
29309,10,7,7,1
29310,10,6,6,1
29311,11,7,7,1
29312,5,3,3,1
29313,6,4,4,1
29314,6,4,4,1
29315,7,4,4,1
29316,6,4,4,1
29317,7,5,5,1
29318,7,4,4,1
29319,8,5,5,1
29320,6,4,4,1
29321,7,5,5,1
29322,7,4,4,1
29323,8,5,5,1
29324,7,4,4,1
29325,8,5,5,1
29326,8,4,4,1
29327,9,5,5,1
29328,6,4,4,1
29329,7,5,5,1
29330,7,5,5,1
29331,8,5,5,1
29332,7,5,5,1
29333,8,6,6,1
29334,8,5,5,1
29335,9,6,6,1
29336,7,4,4,1
29337,8,5,5,1
29338,8,5,5,1
29339,9,5,5,1
29340,8,5,5,1
29341,9,6,6,1
29342,9,5,5,1
29343,10,6,6,1
29344,6,4,4,1
29345,7,5,5,1
29346,7,5,5,1
29347,8,5,5,1
29348,7,5,5,1
29349,8,6,6,1
29350,8,5,5,1
29351,9,6,6,1
29352,7,4,4,1
29353,8,5,5,1
29354,8,5,5,1
29355,9,5,5,1
29356,8,5,5,1
29357,9,6,6,1
29358,9,5,5,1
29359,10,6,6,1
29360,7,4,4,1
29361,8,5,5,1
29362,8,5,5,1
29363,9,5,5,1
29364,8,5,5,1
29365,9,6,6,1
29366,9,5,5,1
29367,10,6,6,1
29368,8,4,4,1
29369,9,5,5,1
29370,9,5,5,1
29371,10,5,5,1
29372,9,5,5,1
29373,10,6,6,1
29374,10,5,5,1
29375,11,6,6,1
29376,6,4,4,1
29377,7,5,5,1
29378,7,5,5,1
29379,8,5,5,1
29380,7,5,5,1
29381,8,6,6,1
29382,8,5,5,1
29383,9,6,6,1
29384,7,5,5,1
29385,8,6,6,1
29386,8,5,5,1
29387,9,6,6,1
29388,8,5,5,1
29389,9,6,6,1
29390,9,5,5,1
29391,10,6,6,1
29392,7,5,5,1
29393,8,6,6,1
29394,8,6,6,1
29395,9,6,6,1
29396,8,6,6,1
29397,9,7,7,1
29398,9,6,6,1
29399,10,7,7,1
29400,8,5,5,1
29401,9,6,6,1
29402,9,6,6,1
29403,10,6,6,1
29404,9,6,6,1
29405,10,7,7,1
29406,10,6,6,1
29407,11,7,7,1
29408,7,4,4,1
29409,8,5,5,1
29410,8,5,5,1
29411,9,5,5,1
29412,8,5,5,1
29413,9,6,6,1
29414,9,5,5,1
29415,10,6,6,1
29416,8,5,5,1
29417,9,6,6,1
29418,9,5,5,1
29419,10,6,6,1
29420,9,5,5,1
29421,10,6,6,1
29422,10,5,5,1
29423,11,6,6,1
29424,8,5,5,1
29425,9,6,6,1
29426,9,6,6,1
29427,10,6,6,1
29428,9,6,6,1
29429,10,7,7,1
29430,10,6,6,1
29431,11,7,7,1
29432,9,5,5,1
29433,10,6,6,1
29434,10,6,6,1
29435,11,6,6,1
29436,10,6,6,1
29437,11,7,7,1
29438,11,6,6,1
29439,12,7,7,1
29440,5,3,3,1
29441,6,4,4,1
29442,6,4,4,1
29443,7,4,4,1
29444,6,4,4,1
29445,7,5,5,1
29446,7,4,4,1
29447,8,5,5,1
29448,6,4,4,1
29449,7,5,5,1
29450,7,4,4,1
29451,8,5,5,1
29452,7,4,4,1
29453,8,5,5,1
29454,8,4,4,1
29455,9,5,5,1
29456,6,4,4,1
29457,7,5,5,1
29458,7,5,5,1
29459,8,5,5,1
29460,7,5,5,1
29461,8,6,6,1
29462,8,5,5,1
29463,9,6,6,1
29464,7,4,4,1
29465,8,5,5,1
29466,8,5,5,1
29467,9,5,5,1
29468,8,5,5,1
29469,9,6,6,1
29470,9,5,5,1
29471,10,6,6,1
29472,6,4,4,1
29473,7,5,5,1
29474,7,5,5,1
29475,8,5,5,1
29476,7,5,5,1
29477,8,6,6,1
29478,8,5,5,1
29479,9,6,6,1
29480,7,4,4,1
29481,8,5,5,1
29482,8,5,5,1
29483,9,5,5,1
29484,8,5,5,1
29485,9,6,6,1
29486,9,5,5,1
29487,10,6,6,1
29488,7,4,4,1
29489,8,5,5,1
29490,8,5,5,1
29491,9,5,5,1
29492,8,5,5,1
29493,9,6,6,1
29494,9,5,5,1
29495,10,6,6,1
29496,8,4,4,1
29497,9,5,5,1
29498,9,5,5,1
29499,10,5,5,1
29500,9,5,5,1
29501,10,6,6,1
29502,10,5,5,1
29503,11,6,6,1
29504,6,4,4,1
29505,7,5,5,1
29506,7,5,5,1
29507,8,5,5,1
29508,7,5,5,1
29509,8,6,6,1
29510,8,5,5,1
29511,9,6,6,1
29512,7,5,5,1
29513,8,6,6,1
29514,8,5,5,1
29515,9,6,6,1
29516,8,5,5,1
29517,9,6,6,1
29518,9,5,5,1
29519,10,6,6,1
29520,7,5,5,1
29521,8,6,6,1
29522,8,6,6,1
29523,9,6,6,1
29524,8,6,6,1
29525,9,7,7,1
29526,9,6,6,1
29527,10,7,7,1
29528,8,5,5,1
29529,9,6,6,1
29530,9,6,6,1
29531,10,6,6,1
29532,9,6,6,1
29533,10,7,7,1
29534,10,6,6,1
29535,11,7,7,1
29536,7,4,4,1
29537,8,5,5,1
29538,8,5,5,1
29539,9,5,5,1
29540,8,5,5,1
29541,9,6,6,1
29542,9,5,5,1
29543,10,6,6,1
29544,8,5,5,1
29545,9,6,6,1
29546,9,5,5,1
29547,10,6,6,1
29548,9,5,5,1
29549,10,6,6,1
29550,10,5,5,1
29551,11,6,6,1
29552,8,5,5,1
29553,9,6,6,1
29554,9,6,6,1
29555,10,6,6,1
29556,9,6,6,1
29557,10,7,7,1
29558,10,6,6,1
29559,11,7,7,1
29560,9,5,5,1
29561,10,6,6,1
29562,10,6,6,1
29563,11,6,6,1
29564,10,6,6,1
29565,11,7,7,1
29566,11,6,6,1
29567,12,7,7,1
29568,6,3,3,1
29569,7,4,4,1
29570,7,4,4,1
29571,8,4,4,1
29572,7,4,4,1
29573,8,5,5,1
29574,8,4,4,1
29575,9,5,5,1
29576,7,4,4,1
29577,8,5,5,1
29578,8,4,4,1
29579,9,5,5,1
29580,8,4,4,1
29581,9,5,5,1
29582,9,4,4,1
29583,10,5,5,1
29584,7,4,4,1
29585,8,5,5,1
29586,8,5,5,1
29587,9,5,5,1
29588,8,5,5,1
29589,9,6,6,1
29590,9,5,5,1
29591,10,6,6,1
29592,8,4,4,1
29593,9,5,5,1
29594,9,5,5,1
29595,10,5,5,1
29596,9,5,5,1
29597,10,6,6,1
29598,10,5,5,1
29599,11,6,6,1
29600,7,4,4,1
29601,8,5,5,1
29602,8,5,5,1
29603,9,5,5,1
29604,8,5,5,1
29605,9,6,6,1
29606,9,5,5,1
29607,10,6,6,1
29608,8,4,4,1
29609,9,5,5,1
29610,9,5,5,1
29611,10,5,5,1
29612,9,5,5,1
29613,10,6,6,1
29614,10,5,5,1
29615,11,6,6,1
29616,8,4,4,1
29617,9,5,5,1
29618,9,5,5,1
29619,10,5,5,1
29620,9,5,5,1
29621,10,6,6,1
29622,10,5,5,1
29623,11,6,6,1
29624,9,4,4,1
29625,10,5,5,1
29626,10,5,5,1
29627,11,5,5,1
29628,10,5,5,1
29629,11,6,6,1
29630,11,5,5,1
29631,12,6,6,1
29632,7,4,4,1
29633,8,5,5,1
29634,8,5,5,1
29635,9,5,5,1
29636,8,5,5,1
29637,9,6,6,1
29638,9,5,5,1
29639,10,6,6,1
29640,8,5,5,1
29641,9,6,6,1
29642,9,5,5,1
29643,10,6,6,1
29644,9,5,5,1
29645,10,6,6,1
29646,10,5,5,1
29647,11,6,6,1
29648,8,5,5,1
29649,9,6,6,1
29650,9,6,6,1
29651,10,6,6,1
29652,9,6,6,1
29653,10,7,7,1
29654,10,6,6,1
29655,11,7,7,1
29656,9,5,5,1
29657,10,6,6,1
29658,10,6,6,1
29659,11,6,6,1
29660,10,6,6,1
29661,11,7,7,1
29662,11,6,6,1
29663,12,7,7,1
29664,8,4,4,1
29665,9,5,5,1
29666,9,5,5,1
29667,10,5,5,1
29668,9,5,5,1
29669,10,6,6,1
29670,10,5,5,1
29671,11,6,6,1
29672,9,5,5,1
29673,10,6,6,1
29674,10,5,5,1
29675,11,6,6,1
29676,10,5,5,1
29677,11,6,6,1
29678,11,5,5,1
29679,12,6,6,1
29680,9,5,5,1
29681,10,6,6,1
29682,10,6,6,1
29683,11,6,6,1
29684,10,6,6,1
29685,11,7,7,1
29686,11,6,6,1
29687,12,7,7,1
29688,10,5,5,1
29689,11,6,6,1
29690,11,6,6,1
29691,12,6,6,1
29692,11,6,6,1
29693,12,7,7,1
29694,12,6,6,1
29695,13,7,7,1
29696,4,3,3,1
29697,5,4,4,1
29698,5,4,4,1
29699,6,4,4,1
29700,5,4,4,1
29701,6,5,5,1
29702,6,4,4,1
29703,7,5,5,1
29704,5,4,4,1
29705,6,5,5,1
29706,6,4,4,1
29707,7,5,5,1
29708,6,4,4,1
29709,7,5,5,1
29710,7,4,4,1
29711,8,5,5,1
29712,5,4,4,1
29713,6,5,5,1
29714,6,5,5,1
29715,7,5,5,1
29716,6,5,5,1
29717,7,6,6,1
29718,7,5,5,1
29719,8,6,6,1
29720,6,4,4,1
29721,7,5,5,1
29722,7,5,5,1
29723,8,5,5,1
29724,7,5,5,1
29725,8,6,6,1
29726,8,5,5,1
29727,9,6,6,1
29728,5,4,4,1
29729,6,5,5,1
29730,6,5,5,1
29731,7,5,5,1
29732,6,5,5,1
29733,7,6,6,1
29734,7,5,5,1
29735,8,6,6,1
29736,6,4,4,1
29737,7,5,5,1
29738,7,5,5,1
29739,8,5,5,1
29740,7,5,5,1
29741,8,6,6,1
29742,8,5,5,1
29743,9,6,6,1
29744,6,4,4,1
29745,7,5,5,1
29746,7,5,5,1
29747,8,5,5,1
29748,7,5,5,1
29749,8,6,6,1
29750,8,5,5,1
29751,9,6,6,1
29752,7,4,4,1
29753,8,5,5,1
29754,8,5,5,1
29755,9,5,5,1
29756,8,5,5,1
29757,9,6,6,1
29758,9,5,5,1
29759,10,6,6,1
29760,5,4,4,1
29761,6,5,5,1
29762,6,5,5,1
29763,7,5,5,1
29764,6,5,5,1
29765,7,6,6,1
29766,7,5,5,1
29767,8,6,6,1
29768,6,5,5,1
29769,7,6,6,1
29770,7,5,5,1
29771,8,6,6,1
29772,7,5,5,1
29773,8,6,6,1
29774,8,5,5,1
29775,9,6,6,1
29776,6,5,5,1
29777,7,6,6,1
29778,7,6,6,1
29779,8,6,6,1
29780,7,6,6,1
29781,8,7,7,1
29782,8,6,6,1
29783,9,7,7,1
29784,7,5,5,1
29785,8,6,6,1
29786,8,6,6,1
29787,9,6,6,1
29788,8,6,6,1
29789,9,7,7,1
29790,9,6,6,1
29791,10,7,7,1
29792,6,4,4,1
29793,7,5,5,1
29794,7,5,5,1
29795,8,5,5,1
29796,7,5,5,1
29797,8,6,6,1
29798,8,5,5,1
29799,9,6,6,1
29800,7,5,5,1
29801,8,6,6,1
29802,8,5,5,1
29803,9,6,6,1
29804,8,5,5,1
29805,9,6,6,1
29806,9,5,5,1
29807,10,6,6,1
29808,7,5,5,1
29809,8,6,6,1
29810,8,6,6,1
29811,9,6,6,1
29812,8,6,6,1
29813,9,7,7,1
29814,9,6,6,1
29815,10,7,7,1
29816,8,5,5,1
29817,9,6,6,1
29818,9,6,6,1
29819,10,6,6,1
29820,9,6,6,1
29821,10,7,7,1
29822,10,6,6,1
29823,11,7,7,1
29824,5,4,4,1
29825,6,5,5,1
29826,6,5,5,1
29827,7,5,5,1
29828,6,5,5,1
29829,7,6,6,1
29830,7,5,5,1
29831,8,6,6,1
29832,6,5,5,1
29833,7,6,6,1
29834,7,5,5,1
29835,8,6,6,1
29836,7,5,5,1
29837,8,6,6,1
29838,8,5,5,1
29839,9,6,6,1
29840,6,5,5,1
29841,7,6,6,1
29842,7,6,6,1
29843,8,6,6,1
29844,7,6,6,1
29845,8,7,7,1
29846,8,6,6,1
29847,9,7,7,1
29848,7,5,5,1
29849,8,6,6,1
29850,8,6,6,1
29851,9,6,6,1
29852,8,6,6,1
29853,9,7,7,1
29854,9,6,6,1
29855,10,7,7,1
29856,6,4,4,1
29857,7,5,5,1
29858,7,5,5,1
29859,8,5,5,1
29860,7,5,5,1
29861,8,6,6,1
29862,8,5,5,1
29863,9,6,6,1
29864,7,5,5,1
29865,8,6,6,1
29866,8,5,5,1
29867,9,6,6,1
29868,8,5,5,1
29869,9,6,6,1
29870,9,5,5,1
29871,10,6,6,1
29872,7,5,5,1
29873,8,6,6,1
29874,8,6,6,1
29875,9,6,6,1
29876,8,6,6,1
29877,9,7,7,1
29878,9,6,6,1
29879,10,7,7,1
29880,8,5,5,1
29881,9,6,6,1
29882,9,6,6,1
29883,10,6,6,1
29884,9,6,6,1
29885,10,7,7,1
29886,10,6,6,1
29887,11,7,7,1
29888,6,4,4,1
29889,7,5,5,1
29890,7,5,5,1
29891,8,5,5,1
29892,7,5,5,1
29893,8,6,6,1
29894,8,5,5,1
29895,9,6,6,1
29896,7,5,5,1
29897,8,6,6,1
29898,8,5,5,1
29899,9,6,6,1
29900,8,5,5,1
29901,9,6,6,1
29902,9,5,5,1
29903,10,6,6,1
29904,7,5,5,1
29905,8,6,6,1
29906,8,6,6,1
29907,9,6,6,1
29908,8,6,6,1
29909,9,7,7,1
29910,9,6,6,1
29911,10,7,7,1
29912,8,5,5,1
29913,9,6,6,1
29914,9,6,6,1
29915,10,6,6,1
29916,9,6,6,1
29917,10,7,7,1
29918,10,6,6,1
29919,11,7,7,1
29920,7,4,4,1
29921,8,5,5,1
29922,8,5,5,1
29923,9,5,5,1
29924,8,5,5,1
29925,9,6,6,1
29926,9,5,5,1
29927,10,6,6,1
29928,8,5,5,1
29929,9,6,6,1
29930,9,5,5,1
29931,10,6,6,1
29932,9,5,5,1
29933,10,6,6,1
29934,10,5,5,1
29935,11,6,6,1
29936,8,5,5,1
29937,9,6,6,1
29938,9,6,6,1
29939,10,6,6,1
29940,9,6,6,1
29941,10,7,7,1
29942,10,6,6,1
29943,11,7,7,1
29944,9,5,5,1
29945,10,6,6,1
29946,10,6,6,1
29947,11,6,6,1
29948,10,6,6,1
29949,11,7,7,1
29950,11,6,6,1
29951,12,7,7,1
29952,5,4,4,1
29953,6,5,5,1
29954,6,5,5,1
29955,7,5,5,1
29956,6,5,5,1
29957,7,6,6,1
29958,7,5,5,1
29959,8,6,6,1
29960,6,5,5,1
29961,7,6,6,1
29962,7,5,5,1
29963,8,6,6,1
29964,7,5,5,1
29965,8,6,6,1
29966,8,5,5,1
29967,9,6,6,1
29968,6,5,5,1
29969,7,6,6,1
29970,7,6,6,1
29971,8,6,6,1
29972,7,6,6,1
29973,8,7,7,1
29974,8,6,6,1
29975,9,7,7,1
29976,7,5,5,1
29977,8,6,6,1
29978,8,6,6,1
29979,9,6,6,1
29980,8,6,6,1
29981,9,7,7,1
29982,9,6,6,1
29983,10,7,7,1
29984,6,5,5,1
29985,7,6,6,1
29986,7,6,6,1
29987,8,6,6,1
29988,7,6,6,1
29989,8,7,7,1
29990,8,6,6,1
29991,9,7,7,1
29992,7,5,5,1
29993,8,6,6,1
29994,8,6,6,1
29995,9,6,6,1
29996,8,6,6,1
29997,9,7,7,1
29998,9,6,6,1
29999,10,7,7,1
30000,7,5,5,1
30001,8,6,6,1
30002,8,6,6,1
30003,9,6,6,1
30004,8,6,6,1
30005,9,7,7,1
30006,9,6,6,1
30007,10,7,7,1
30008,8,5,5,1
30009,9,6,6,1
30010,9,6,6,1
30011,10,6,6,1
30012,9,6,6,1
30013,10,7,7,1
30014,10,6,6,1
30015,11,7,7,1
30016,6,5,5,1
30017,7,6,6,1
30018,7,6,6,1
30019,8,6,6,1
30020,7,6,6,1
30021,8,7,7,1
30022,8,6,6,1
30023,9,7,7,1
30024,7,6,6,1
30025,8,7,7,1
30026,8,6,6,1
30027,9,7,7,1
30028,8,6,6,1
30029,9,7,7,1
30030,9,6,6,1
30031,10,7,7,1
30032,7,6,6,1
30033,8,7,7,1
30034,8,7,7,1
30035,9,7,7,1
30036,8,7,7,1
30037,9,8,8,1
30038,9,7,7,1
30039,10,8,8,1
30040,8,6,6,1
30041,9,7,7,1
30042,9,7,7,1
30043,10,7,7,1
30044,9,7,7,1
30045,10,8,8,1
30046,10,7,7,1
30047,11,8,8,1
30048,7,5,5,1
30049,8,6,6,1
30050,8,6,6,1
30051,9,6,6,1
30052,8,6,6,1
30053,9,7,7,1
30054,9,6,6,1
30055,10,7,7,1
30056,8,6,6,1
30057,9,7,7,1
30058,9,6,6,1
30059,10,7,7,1
30060,9,6,6,1
30061,10,7,7,1
30062,10,6,6,1
30063,11,7,7,1
30064,8,6,6,1
30065,9,7,7,1
30066,9,7,7,1
30067,10,7,7,1
30068,9,7,7,1
30069,10,8,8,1
30070,10,7,7,1
30071,11,8,8,1
30072,9,6,6,1
30073,10,7,7,1
30074,10,7,7,1
30075,11,7,7,1
30076,10,7,7,1
30077,11,8,8,1
30078,11,7,7,1
30079,12,8,8,1
30080,6,4,4,1
30081,7,5,5,1
30082,7,5,5,1
30083,8,5,5,1
30084,7,5,5,1
30085,8,6,6,1
30086,8,5,5,1
30087,9,6,6,1
30088,7,5,5,1
30089,8,6,6,1
30090,8,5,5,1
30091,9,6,6,1
30092,8,5,5,1
30093,9,6,6,1
30094,9,5,5,1
30095,10,6,6,1
30096,7,5,5,1
30097,8,6,6,1
30098,8,6,6,1
30099,9,6,6,1
30100,8,6,6,1
30101,9,7,7,1
30102,9,6,6,1
30103,10,7,7,1
30104,8,5,5,1
30105,9,6,6,1
30106,9,6,6,1
30107,10,6,6,1
30108,9,6,6,1
30109,10,7,7,1
30110,10,6,6,1
30111,11,7,7,1
30112,7,5,5,1
30113,8,6,6,1
30114,8,6,6,1
30115,9,6,6,1
30116,8,6,6,1
30117,9,7,7,1
30118,9,6,6,1
30119,10,7,7,1
30120,8,5,5,1
30121,9,6,6,1
30122,9,6,6,1
30123,10,6,6,1
30124,9,6,6,1
30125,10,7,7,1
30126,10,6,6,1
30127,11,7,7,1
30128,8,5,5,1
30129,9,6,6,1
30130,9,6,6,1
30131,10,6,6,1
30132,9,6,6,1
30133,10,7,7,1
30134,10,6,6,1
30135,11,7,7,1
30136,9,5,5,1
30137,10,6,6,1
30138,10,6,6,1
30139,11,6,6,1
30140,10,6,6,1
30141,11,7,7,1
30142,11,6,6,1
30143,12,7,7,1
30144,7,5,5,1
30145,8,6,6,1
30146,8,6,6,1
30147,9,6,6,1
30148,8,6,6,1
30149,9,7,7,1
30150,9,6,6,1
30151,10,7,7,1
30152,8,6,6,1
30153,9,7,7,1
30154,9,6,6,1
30155,10,7,7,1
30156,9,6,6,1
30157,10,7,7,1
30158,10,6,6,1
30159,11,7,7,1
30160,8,6,6,1
30161,9,7,7,1
30162,9,7,7,1
30163,10,7,7,1
30164,9,7,7,1
30165,10,8,8,1
30166,10,7,7,1
30167,11,8,8,1
30168,9,6,6,1
30169,10,7,7,1
30170,10,7,7,1
30171,11,7,7,1
30172,10,7,7,1
30173,11,8,8,1
30174,11,7,7,1
30175,12,8,8,1
30176,8,5,5,1
30177,9,6,6,1
30178,9,6,6,1
30179,10,6,6,1
30180,9,6,6,1
30181,10,7,7,1
30182,10,6,6,1
30183,11,7,7,1
30184,9,6,6,1
30185,10,7,7,1
30186,10,6,6,1
30187,11,7,7,1
30188,10,6,6,1
30189,11,7,7,1
30190,11,6,6,1
30191,12,7,7,1
30192,9,6,6,1
30193,10,7,7,1
30194,10,7,7,1
30195,11,7,7,1
30196,10,7,7,1
30197,11,8,8,1
30198,11,7,7,1
30199,12,8,8,1
30200,10,6,6,1
30201,11,7,7,1
30202,11,7,7,1
30203,12,7,7,1
30204,11,7,7,1
30205,12,8,8,1
30206,12,7,7,1
30207,13,8,8,1
30208,5,3,3,1
30209,6,4,4,1
30210,6,4,4,1
30211,7,4,4,1
30212,6,4,4,1
30213,7,5,5,1
30214,7,4,4,1
30215,8,5,5,1
30216,6,4,4,1
30217,7,5,5,1
30218,7,4,4,1
30219,8,5,5,1
30220,7,4,4,1
30221,8,5,5,1
30222,8,4,4,1
30223,9,5,5,1
30224,6,4,4,1
30225,7,5,5,1
30226,7,5,5,1
30227,8,5,5,1
30228,7,5,5,1
30229,8,6,6,1
30230,8,5,5,1
30231,9,6,6,1
30232,7,4,4,1
30233,8,5,5,1
30234,8,5,5,1
30235,9,5,5,1
30236,8,5,5,1
30237,9,6,6,1
30238,9,5,5,1
30239,10,6,6,1
30240,6,4,4,1
30241,7,5,5,1
30242,7,5,5,1
30243,8,5,5,1
30244,7,5,5,1
30245,8,6,6,1
30246,8,5,5,1
30247,9,6,6,1
30248,7,4,4,1
30249,8,5,5,1
30250,8,5,5,1
30251,9,5,5,1
30252,8,5,5,1
30253,9,6,6,1
30254,9,5,5,1
30255,10,6,6,1
30256,7,4,4,1
30257,8,5,5,1
30258,8,5,5,1
30259,9,5,5,1
30260,8,5,5,1
30261,9,6,6,1
30262,9,5,5,1
30263,10,6,6,1
30264,8,4,4,1
30265,9,5,5,1
30266,9,5,5,1
30267,10,5,5,1
30268,9,5,5,1
30269,10,6,6,1
30270,10,5,5,1
30271,11,6,6,1
30272,6,4,4,1
30273,7,5,5,1
30274,7,5,5,1
30275,8,5,5,1
30276,7,5,5,1
30277,8,6,6,1
30278,8,5,5,1
30279,9,6,6,1
30280,7,5,5,1
30281,8,6,6,1
30282,8,5,5,1
30283,9,6,6,1
30284,8,5,5,1
30285,9,6,6,1
30286,9,5,5,1
30287,10,6,6,1
30288,7,5,5,1
30289,8,6,6,1
30290,8,6,6,1
30291,9,6,6,1
30292,8,6,6,1
30293,9,7,7,1
30294,9,6,6,1
30295,10,7,7,1
30296,8,5,5,1
30297,9,6,6,1
30298,9,6,6,1
30299,10,6,6,1
30300,9,6,6,1
30301,10,7,7,1
30302,10,6,6,1
30303,11,7,7,1
30304,7,4,4,1
30305,8,5,5,1
30306,8,5,5,1
30307,9,5,5,1
30308,8,5,5,1
30309,9,6,6,1
30310,9,5,5,1
30311,10,6,6,1
30312,8,5,5,1
30313,9,6,6,1
30314,9,5,5,1
30315,10,6,6,1
30316,9,5,5,1
30317,10,6,6,1
30318,10,5,5,1
30319,11,6,6,1
30320,8,5,5,1
30321,9,6,6,1
30322,9,6,6,1
30323,10,6,6,1
30324,9,6,6,1
30325,10,7,7,1
30326,10,6,6,1
30327,11,7,7,1
30328,9,5,5,1
30329,10,6,6,1
30330,10,6,6,1
30331,11,6,6,1
30332,10,6,6,1
30333,11,7,7,1
30334,11,6,6,1
30335,12,7,7,1
30336,6,4,4,1
30337,7,5,5,1
30338,7,5,5,1
30339,8,5,5,1
30340,7,5,5,1
30341,8,6,6,1
30342,8,5,5,1
30343,9,6,6,1
30344,7,5,5,1
30345,8,6,6,1
30346,8,5,5,1
30347,9,6,6,1
30348,8,5,5,1
30349,9,6,6,1
30350,9,5,5,1
30351,10,6,6,1
30352,7,5,5,1
30353,8,6,6,1
30354,8,6,6,1
30355,9,6,6,1
30356,8,6,6,1
30357,9,7,7,1
30358,9,6,6,1
30359,10,7,7,1
30360,8,5,5,1
30361,9,6,6,1
30362,9,6,6,1
30363,10,6,6,1
30364,9,6,6,1
30365,10,7,7,1
30366,10,6,6,1
30367,11,7,7,1
30368,7,4,4,1
30369,8,5,5,1
30370,8,5,5,1
30371,9,5,5,1
30372,8,5,5,1
30373,9,6,6,1
30374,9,5,5,1
30375,10,6,6,1
30376,8,5,5,1
30377,9,6,6,1
30378,9,5,5,1
30379,10,6,6,1
30380,9,5,5,1
30381,10,6,6,1
30382,10,5,5,1
30383,11,6,6,1
30384,8,5,5,1
30385,9,6,6,1
30386,9,6,6,1
30387,10,6,6,1
30388,9,6,6,1
30389,10,7,7,1
30390,10,6,6,1
30391,11,7,7,1
30392,9,5,5,1
30393,10,6,6,1
30394,10,6,6,1
30395,11,6,6,1
30396,10,6,6,1
30397,11,7,7,1
30398,11,6,6,1
30399,12,7,7,1
30400,7,4,4,1
30401,8,5,5,1
30402,8,5,5,1
30403,9,5,5,1
30404,8,5,5,1
30405,9,6,6,1
30406,9,5,5,1
30407,10,6,6,1
30408,8,5,5,1
30409,9,6,6,1
30410,9,5,5,1
30411,10,6,6,1
30412,9,5,5,1
30413,10,6,6,1
30414,10,5,5,1
30415,11,6,6,1
30416,8,5,5,1
30417,9,6,6,1
30418,9,6,6,1
30419,10,6,6,1
30420,9,6,6,1
30421,10,7,7,1
30422,10,6,6,1
30423,11,7,7,1
30424,9,5,5,1
30425,10,6,6,1
30426,10,6,6,1
30427,11,6,6,1
30428,10,6,6,1
30429,11,7,7,1
30430,11,6,6,1
30431,12,7,7,1
30432,8,4,4,1
30433,9,5,5,1
30434,9,5,5,1
30435,10,5,5,1
30436,9,5,5,1
30437,10,6,6,1
30438,10,5,5,1
30439,11,6,6,1
30440,9,5,5,1
30441,10,6,6,1
30442,10,5,5,1
30443,11,6,6,1
30444,10,5,5,1
30445,11,6,6,1
30446,11,5,5,1
30447,12,6,6,1
30448,9,5,5,1
30449,10,6,6,1
30450,10,6,6,1
30451,11,6,6,1
30452,10,6,6,1
30453,11,7,7,1
30454,11,6,6,1
30455,12,7,7,1
30456,10,5,5,1
30457,11,6,6,1
30458,11,6,6,1
30459,12,6,6,1
30460,11,6,6,1
30461,12,7,7,1
30462,12,6,6,1
30463,13,7,7,1
30464,6,4,4,1
30465,7,5,5,1
30466,7,5,5,1
30467,8,5,5,1
30468,7,5,5,1
30469,8,6,6,1
30470,8,5,5,1
30471,9,6,6,1
30472,7,5,5,1
30473,8,6,6,1
30474,8,5,5,1
30475,9,6,6,1
30476,8,5,5,1
30477,9,6,6,1
30478,9,5,5,1
30479,10,6,6,1
30480,7,5,5,1
30481,8,6,6,1
30482,8,6,6,1
30483,9,6,6,1
30484,8,6,6,1
30485,9,7,7,1
30486,9,6,6,1
30487,10,7,7,1
30488,8,5,5,1
30489,9,6,6,1
30490,9,6,6,1
30491,10,6,6,1
30492,9,6,6,1
30493,10,7,7,1
30494,10,6,6,1
30495,11,7,7,1
30496,7,5,5,1
30497,8,6,6,1
30498,8,6,6,1
30499,9,6,6,1
30500,8,6,6,1
30501,9,7,7,1
30502,9,6,6,1
30503,10,7,7,1
30504,8,5,5,1
30505,9,6,6,1
30506,9,6,6,1
30507,10,6,6,1
30508,9,6,6,1
30509,10,7,7,1
30510,10,6,6,1
30511,11,7,7,1
30512,8,5,5,1
30513,9,6,6,1
30514,9,6,6,1
30515,10,6,6,1
30516,9,6,6,1
30517,10,7,7,1
30518,10,6,6,1
30519,11,7,7,1
30520,9,5,5,1
30521,10,6,6,1
30522,10,6,6,1
30523,11,6,6,1
30524,10,6,6,1
30525,11,7,7,1
30526,11,6,6,1
30527,12,7,7,1
30528,7,5,5,1
30529,8,6,6,1
30530,8,6,6,1
30531,9,6,6,1
30532,8,6,6,1
30533,9,7,7,1
30534,9,6,6,1
30535,10,7,7,1
30536,8,6,6,1
30537,9,7,7,1
30538,9,6,6,1
30539,10,7,7,1
30540,9,6,6,1
30541,10,7,7,1
30542,10,6,6,1
30543,11,7,7,1
30544,8,6,6,1
30545,9,7,7,1
30546,9,7,7,1
30547,10,7,7,1
30548,9,7,7,1
30549,10,8,8,1
30550,10,7,7,1
30551,11,8,8,1
30552,9,6,6,1
30553,10,7,7,1
30554,10,7,7,1
30555,11,7,7,1
30556,10,7,7,1
30557,11,8,8,1
30558,11,7,7,1
30559,12,8,8,1
30560,8,5,5,1
30561,9,6,6,1
30562,9,6,6,1
30563,10,6,6,1
30564,9,6,6,1
30565,10,7,7,1
30566,10,6,6,1
30567,11,7,7,1
30568,9,6,6,1
30569,10,7,7,1
30570,10,6,6,1
30571,11,7,7,1
30572,10,6,6,1
30573,11,7,7,1
30574,11,6,6,1
30575,12,7,7,1
30576,9,6,6,1
30577,10,7,7,1
30578,10,7,7,1
30579,11,7,7,1
30580,10,7,7,1
30581,11,8,8,1
30582,11,7,7,1
30583,12,8,8,1
30584,10,6,6,1
30585,11,7,7,1
30586,11,7,7,1
30587,12,7,7,1
30588,11,7,7,1
30589,12,8,8,1
30590,12,7,7,1
30591,13,8,8,1
30592,7,4,4,1
30593,8,5,5,1
30594,8,5,5,1
30595,9,5,5,1
30596,8,5,5,1
30597,9,6,6,1
30598,9,5,5,1
30599,10,6,6,1
30600,8,5,5,1
30601,9,6,6,1
30602,9,5,5,1
30603,10,6,6,1
30604,9,5,5,1
30605,10,6,6,1
30606,10,5,5,1
30607,11,6,6,1
30608,8,5,5,1
30609,9,6,6,1
30610,9,6,6,1
30611,10,6,6,1
30612,9,6,6,1
30613,10,7,7,1
30614,10,6,6,1
30615,11,7,7,1
30616,9,5,5,1
30617,10,6,6,1
30618,10,6,6,1
30619,11,6,6,1
30620,10,6,6,1
30621,11,7,7,1
30622,11,6,6,1
30623,12,7,7,1
30624,8,5,5,1
30625,9,6,6,1
30626,9,6,6,1
30627,10,6,6,1
30628,9,6,6,1
30629,10,7,7,1
30630,10,6,6,1
30631,11,7,7,1
30632,9,5,5,1
30633,10,6,6,1
30634,10,6,6,1
30635,11,6,6,1
30636,10,6,6,1
30637,11,7,7,1
30638,11,6,6,1
30639,12,7,7,1
30640,9,5,5,1
30641,10,6,6,1
30642,10,6,6,1
30643,11,6,6,1
30644,10,6,6,1
30645,11,7,7,1
30646,11,6,6,1
30647,12,7,7,1
30648,10,5,5,1
30649,11,6,6,1
30650,11,6,6,1
30651,12,6,6,1
30652,11,6,6,1
30653,12,7,7,1
30654,12,6,6,1
30655,13,7,7,1
30656,8,5,5,1
30657,9,6,6,1
30658,9,6,6,1
30659,10,6,6,1
30660,9,6,6,1
30661,10,7,7,1
30662,10,6,6,1
30663,11,7,7,1
30664,9,6,6,1
30665,10,7,7,1
30666,10,6,6,1
30667,11,7,7,1
30668,10,6,6,1
30669,11,7,7,1
30670,11,6,6,1
30671,12,7,7,1
30672,9,6,6,1
30673,10,7,7,1
30674,10,7,7,1
30675,11,7,7,1
30676,10,7,7,1
30677,11,8,8,1
30678,11,7,7,1
30679,12,8,8,1
30680,10,6,6,1
30681,11,7,7,1
30682,11,7,7,1
30683,12,7,7,1
30684,11,7,7,1
30685,12,8,8,1
30686,12,7,7,1
30687,13,8,8,1
30688,9,5,5,1
30689,10,6,6,1
30690,10,6,6,1
30691,11,6,6,1
30692,10,6,6,1
30693,11,7,7,1
30694,11,6,6,1
30695,12,7,7,1
30696,10,6,6,1
30697,11,7,7,1
30698,11,6,6,1
30699,12,7,7,1
30700,11,6,6,1
30701,12,7,7,1
30702,12,6,6,1
30703,13,7,7,1
30704,10,6,6,1
30705,11,7,7,1
30706,11,7,7,1
30707,12,7,7,1
30708,11,7,7,1
30709,12,8,8,1
30710,12,7,7,1
30711,13,8,8,1
30712,11,6,6,1
30713,12,7,7,1
30714,12,7,7,1
30715,13,7,7,1
30716,12,7,7,1
30717,13,8,8,1
30718,13,7,7,1
30719,14,8,8,1
30720,4,2,2,1
30721,5,3,3,1
30722,5,3,3,1
30723,6,3,3,1
30724,5,3,3,1
30725,6,4,4,1
30726,6,3,3,1
30727,7,4,4,1
30728,5,3,3,1
30729,6,4,4,1
30730,6,3,3,1
30731,7,4,4,1
30732,6,3,3,1
30733,7,4,4,1
30734,7,3,3,1
30735,8,4,4,1
30736,5,3,3,1
30737,6,4,4,1
30738,6,4,4,1
30739,7,4,4,1
30740,6,4,4,1
30741,7,5,5,1
30742,7,4,4,1
30743,8,5,5,1
30744,6,3,3,1
30745,7,4,4,1
30746,7,4,4,1
30747,8,4,4,1
30748,7,4,4,1
30749,8,5,5,1
30750,8,4,4,1
30751,9,5,5,1
30752,5,3,3,1
30753,6,4,4,1
30754,6,4,4,1
30755,7,4,4,1
30756,6,4,4,1
30757,7,5,5,1
30758,7,4,4,1
30759,8,5,5,1
30760,6,3,3,1
30761,7,4,4,1
30762,7,4,4,1
30763,8,4,4,1
30764,7,4,4,1
30765,8,5,5,1
30766,8,4,4,1
30767,9,5,5,1
30768,6,3,3,1
30769,7,4,4,1
30770,7,4,4,1
30771,8,4,4,1
30772,7,4,4,1
30773,8,5,5,1
30774,8,4,4,1
30775,9,5,5,1
30776,7,3,3,1
30777,8,4,4,1
30778,8,4,4,1
30779,9,4,4,1
30780,8,4,4,1
30781,9,5,5,1
30782,9,4,4,1
30783,10,5,5,1
30784,5,3,3,1
30785,6,4,4,1
30786,6,4,4,1
30787,7,4,4,1
30788,6,4,4,1
30789,7,5,5,1
30790,7,4,4,1
30791,8,5,5,1
30792,6,4,4,1
30793,7,5,5,1
30794,7,4,4,1
30795,8,5,5,1
30796,7,4,4,1
30797,8,5,5,1
30798,8,4,4,1
30799,9,5,5,1
30800,6,4,4,1
30801,7,5,5,1
30802,7,5,5,1
30803,8,5,5,1
30804,7,5,5,1
30805,8,6,6,1
30806,8,5,5,1
30807,9,6,6,1
30808,7,4,4,1
30809,8,5,5,1
30810,8,5,5,1
30811,9,5,5,1
30812,8,5,5,1
30813,9,6,6,1
30814,9,5,5,1
30815,10,6,6,1
30816,6,3,3,1
30817,7,4,4,1
30818,7,4,4,1
30819,8,4,4,1
30820,7,4,4,1
30821,8,5,5,1
30822,8,4,4,1
30823,9,5,5,1
30824,7,4,4,1
30825,8,5,5,1
30826,8,4,4,1
30827,9,5,5,1
30828,8,4,4,1
30829,9,5,5,1
30830,9,4,4,1
30831,10,5,5,1
30832,7,4,4,1
30833,8,5,5,1
30834,8,5,5,1
30835,9,5,5,1
30836,8,5,5,1
30837,9,6,6,1
30838,9,5,5,1
30839,10,6,6,1
30840,8,4,4,1
30841,9,5,5,1
30842,9,5,5,1
30843,10,5,5,1
30844,9,5,5,1
30845,10,6,6,1
30846,10,5,5,1
30847,11,6,6,1
30848,5,3,3,1
30849,6,4,4,1
30850,6,4,4,1
30851,7,4,4,1
30852,6,4,4,1
30853,7,5,5,1
30854,7,4,4,1
30855,8,5,5,1
30856,6,4,4,1
30857,7,5,5,1
30858,7,4,4,1
30859,8,5,5,1
30860,7,4,4,1
30861,8,5,5,1
30862,8,4,4,1
30863,9,5,5,1
30864,6,4,4,1
30865,7,5,5,1
30866,7,5,5,1
30867,8,5,5,1
30868,7,5,5,1
30869,8,6,6,1
30870,8,5,5,1
30871,9,6,6,1
30872,7,4,4,1
30873,8,5,5,1
30874,8,5,5,1
30875,9,5,5,1
30876,8,5,5,1
30877,9,6,6,1
30878,9,5,5,1
30879,10,6,6,1
30880,6,3,3,1
30881,7,4,4,1
30882,7,4,4,1
30883,8,4,4,1
30884,7,4,4,1
30885,8,5,5,1
30886,8,4,4,1
30887,9,5,5,1
30888,7,4,4,1
30889,8,5,5,1
30890,8,4,4,1
30891,9,5,5,1
30892,8,4,4,1
30893,9,5,5,1
30894,9,4,4,1
30895,10,5,5,1
30896,7,4,4,1
30897,8,5,5,1
30898,8,5,5,1
30899,9,5,5,1
30900,8,5,5,1
30901,9,6,6,1
30902,9,5,5,1
30903,10,6,6,1
30904,8,4,4,1
30905,9,5,5,1
30906,9,5,5,1
30907,10,5,5,1
30908,9,5,5,1
30909,10,6,6,1
30910,10,5,5,1
30911,11,6,6,1
30912,6,3,3,1
30913,7,4,4,1
30914,7,4,4,1
30915,8,4,4,1
30916,7,4,4,1
30917,8,5,5,1
30918,8,4,4,1
30919,9,5,5,1
30920,7,4,4,1
30921,8,5,5,1
30922,8,4,4,1
30923,9,5,5,1
30924,8,4,4,1
30925,9,5,5,1
30926,9,4,4,1
30927,10,5,5,1
30928,7,4,4,1
30929,8,5,5,1
30930,8,5,5,1
30931,9,5,5,1
30932,8,5,5,1
30933,9,6,6,1
30934,9,5,5,1
30935,10,6,6,1
30936,8,4,4,1
30937,9,5,5,1
30938,9,5,5,1
30939,10,5,5,1
30940,9,5,5,1
30941,10,6,6,1
30942,10,5,5,1
30943,11,6,6,1
30944,7,3,3,1
30945,8,4,4,1
30946,8,4,4,1
30947,9,4,4,1
30948,8,4,4,1
30949,9,5,5,1
30950,9,4,4,1
30951,10,5,5,1
30952,8,4,4,1
30953,9,5,5,1
30954,9,4,4,1
30955,10,5,5,1
30956,9,4,4,1
30957,10,5,5,1
30958,10,4,4,1
30959,11,5,5,1
30960,8,4,4,1
30961,9,5,5,1
30962,9,5,5,1
30963,10,5,5,1
30964,9,5,5,1
30965,10,6,6,1
30966,10,5,5,1
30967,11,6,6,1
30968,9,4,4,1
30969,10,5,5,1
30970,10,5,5,1
30971,11,5,5,1
30972,10,5,5,1
30973,11,6,6,1
30974,11,5,5,1
30975,12,6,6,1
30976,5,3,3,1
30977,6,4,4,1
30978,6,4,4,1
30979,7,4,4,1
30980,6,4,4,1
30981,7,5,5,1
30982,7,4,4,1
30983,8,5,5,1
30984,6,4,4,1
30985,7,5,5,1
30986,7,4,4,1
30987,8,5,5,1
30988,7,4,4,1
30989,8,5,5,1
30990,8,4,4,1
30991,9,5,5,1
30992,6,4,4,1
30993,7,5,5,1
30994,7,5,5,1
30995,8,5,5,1
30996,7,5,5,1
30997,8,6,6,1
30998,8,5,5,1
30999,9,6,6,1
31000,7,4,4,1
31001,8,5,5,1
31002,8,5,5,1
31003,9,5,5,1
31004,8,5,5,1
31005,9,6,6,1
31006,9,5,5,1
31007,10,6,6,1
31008,6,4,4,1
31009,7,5,5,1
31010,7,5,5,1
31011,8,5,5,1
31012,7,5,5,1
31013,8,6,6,1
31014,8,5,5,1
31015,9,6,6,1
31016,7,4,4,1
31017,8,5,5,1
31018,8,5,5,1
31019,9,5,5,1
31020,8,5,5,1
31021,9,6,6,1
31022,9,5,5,1
31023,10,6,6,1
31024,7,4,4,1
31025,8,5,5,1
31026,8,5,5,1
31027,9,5,5,1
31028,8,5,5,1
31029,9,6,6,1
31030,9,5,5,1
31031,10,6,6,1
31032,8,4,4,1
31033,9,5,5,1
31034,9,5,5,1
31035,10,5,5,1
31036,9,5,5,1
31037,10,6,6,1
31038,10,5,5,1
31039,11,6,6,1
31040,6,4,4,1
31041,7,5,5,1
31042,7,5,5,1
31043,8,5,5,1
31044,7,5,5,1
31045,8,6,6,1
31046,8,5,5,1
31047,9,6,6,1
31048,7,5,5,1
31049,8,6,6,1
31050,8,5,5,1
31051,9,6,6,1
31052,8,5,5,1
31053,9,6,6,1
31054,9,5,5,1
31055,10,6,6,1
31056,7,5,5,1
31057,8,6,6,1
31058,8,6,6,1
31059,9,6,6,1
31060,8,6,6,1
31061,9,7,7,1
31062,9,6,6,1
31063,10,7,7,1
31064,8,5,5,1
31065,9,6,6,1
31066,9,6,6,1
31067,10,6,6,1
31068,9,6,6,1
31069,10,7,7,1
31070,10,6,6,1
31071,11,7,7,1
31072,7,4,4,1
31073,8,5,5,1
31074,8,5,5,1
31075,9,5,5,1
31076,8,5,5,1
31077,9,6,6,1
31078,9,5,5,1
31079,10,6,6,1
31080,8,5,5,1
31081,9,6,6,1
31082,9,5,5,1
31083,10,6,6,1
31084,9,5,5,1
31085,10,6,6,1
31086,10,5,5,1
31087,11,6,6,1
31088,8,5,5,1
31089,9,6,6,1
31090,9,6,6,1
31091,10,6,6,1
31092,9,6,6,1
31093,10,7,7,1
31094,10,6,6,1
31095,11,7,7,1
31096,9,5,5,1
31097,10,6,6,1
31098,10,6,6,1
31099,11,6,6,1
31100,10,6,6,1
31101,11,7,7,1
31102,11,6,6,1
31103,12,7,7,1
31104,6,3,3,1
31105,7,4,4,1
31106,7,4,4,1
31107,8,4,4,1
31108,7,4,4,1
31109,8,5,5,1
31110,8,4,4,1
31111,9,5,5,1
31112,7,4,4,1
31113,8,5,5,1
31114,8,4,4,1
31115,9,5,5,1
31116,8,4,4,1
31117,9,5,5,1
31118,9,4,4,1
31119,10,5,5,1
31120,7,4,4,1
31121,8,5,5,1
31122,8,5,5,1
31123,9,5,5,1
31124,8,5,5,1
31125,9,6,6,1
31126,9,5,5,1
31127,10,6,6,1
31128,8,4,4,1
31129,9,5,5,1
31130,9,5,5,1
31131,10,5,5,1
31132,9,5,5,1
31133,10,6,6,1
31134,10,5,5,1
31135,11,6,6,1
31136,7,4,4,1
31137,8,5,5,1
31138,8,5,5,1
31139,9,5,5,1
31140,8,5,5,1
31141,9,6,6,1
31142,9,5,5,1
31143,10,6,6,1
31144,8,4,4,1
31145,9,5,5,1
31146,9,5,5,1
31147,10,5,5,1
31148,9,5,5,1
31149,10,6,6,1
31150,10,5,5,1
31151,11,6,6,1
31152,8,4,4,1
31153,9,5,5,1
31154,9,5,5,1
31155,10,5,5,1
31156,9,5,5,1
31157,10,6,6,1
31158,10,5,5,1
31159,11,6,6,1
31160,9,4,4,1
31161,10,5,5,1
31162,10,5,5,1
31163,11,5,5,1
31164,10,5,5,1
31165,11,6,6,1
31166,11,5,5,1
31167,12,6,6,1
31168,7,4,4,1
31169,8,5,5,1
31170,8,5,5,1
31171,9,5,5,1
31172,8,5,5,1
31173,9,6,6,1
31174,9,5,5,1
31175,10,6,6,1
31176,8,5,5,1
31177,9,6,6,1
31178,9,5,5,1
31179,10,6,6,1
31180,9,5,5,1
31181,10,6,6,1
31182,10,5,5,1
31183,11,6,6,1
31184,8,5,5,1
31185,9,6,6,1
31186,9,6,6,1
31187,10,6,6,1
31188,9,6,6,1
31189,10,7,7,1
31190,10,6,6,1
31191,11,7,7,1
31192,9,5,5,1
31193,10,6,6,1
31194,10,6,6,1
31195,11,6,6,1
31196,10,6,6,1
31197,11,7,7,1
31198,11,6,6,1
31199,12,7,7,1
31200,8,4,4,1
31201,9,5,5,1
31202,9,5,5,1
31203,10,5,5,1
31204,9,5,5,1
31205,10,6,6,1
31206,10,5,5,1
31207,11,6,6,1
31208,9,5,5,1
31209,10,6,6,1
31210,10,5,5,1
31211,11,6,6,1
31212,10,5,5,1
31213,11,6,6,1
31214,11,5,5,1
31215,12,6,6,1
31216,9,5,5,1
31217,10,6,6,1
31218,10,6,6,1
31219,11,6,6,1
31220,10,6,6,1
31221,11,7,7,1
31222,11,6,6,1
31223,12,7,7,1
31224,10,5,5,1
31225,11,6,6,1
31226,11,6,6,1
31227,12,6,6,1
31228,11,6,6,1
31229,12,7,7,1
31230,12,6,6,1
31231,13,7,7,1
31232,5,3,3,1
31233,6,4,4,1
31234,6,4,4,1
31235,7,4,4,1
31236,6,4,4,1
31237,7,5,5,1
31238,7,4,4,1
31239,8,5,5,1
31240,6,4,4,1
31241,7,5,5,1
31242,7,4,4,1
31243,8,5,5,1
31244,7,4,4,1
31245,8,5,5,1
31246,8,4,4,1
31247,9,5,5,1
31248,6,4,4,1
31249,7,5,5,1
31250,7,5,5,1
31251,8,5,5,1
31252,7,5,5,1
31253,8,6,6,1
31254,8,5,5,1
31255,9,6,6,1
31256,7,4,4,1
31257,8,5,5,1
31258,8,5,5,1
31259,9,5,5,1
31260,8,5,5,1
31261,9,6,6,1
31262,9,5,5,1
31263,10,6,6,1
31264,6,4,4,1
31265,7,5,5,1
31266,7,5,5,1
31267,8,5,5,1
31268,7,5,5,1
31269,8,6,6,1
31270,8,5,5,1
31271,9,6,6,1
31272,7,4,4,1
31273,8,5,5,1
31274,8,5,5,1
31275,9,5,5,1
31276,8,5,5,1
31277,9,6,6,1
31278,9,5,5,1
31279,10,6,6,1
31280,7,4,4,1
31281,8,5,5,1
31282,8,5,5,1
31283,9,5,5,1
31284,8,5,5,1
31285,9,6,6,1
31286,9,5,5,1
31287,10,6,6,1
31288,8,4,4,1
31289,9,5,5,1
31290,9,5,5,1
31291,10,5,5,1
31292,9,5,5,1
31293,10,6,6,1
31294,10,5,5,1
31295,11,6,6,1
31296,6,4,4,1
31297,7,5,5,1
31298,7,5,5,1
31299,8,5,5,1
31300,7,5,5,1
31301,8,6,6,1
31302,8,5,5,1
31303,9,6,6,1
31304,7,5,5,1
31305,8,6,6,1
31306,8,5,5,1
31307,9,6,6,1
31308,8,5,5,1
31309,9,6,6,1
31310,9,5,5,1
31311,10,6,6,1
31312,7,5,5,1
31313,8,6,6,1
31314,8,6,6,1
31315,9,6,6,1
31316,8,6,6,1
31317,9,7,7,1
31318,9,6,6,1
31319,10,7,7,1
31320,8,5,5,1
31321,9,6,6,1
31322,9,6,6,1
31323,10,6,6,1
31324,9,6,6,1
31325,10,7,7,1
31326,10,6,6,1
31327,11,7,7,1
31328,7,4,4,1
31329,8,5,5,1
31330,8,5,5,1
31331,9,5,5,1
31332,8,5,5,1
31333,9,6,6,1
31334,9,5,5,1
31335,10,6,6,1
31336,8,5,5,1
31337,9,6,6,1
31338,9,5,5,1
31339,10,6,6,1
31340,9,5,5,1
31341,10,6,6,1
31342,10,5,5,1
31343,11,6,6,1
31344,8,5,5,1
31345,9,6,6,1
31346,9,6,6,1
31347,10,6,6,1
31348,9,6,6,1
31349,10,7,7,1
31350,10,6,6,1
31351,11,7,7,1
31352,9,5,5,1
31353,10,6,6,1
31354,10,6,6,1
31355,11,6,6,1
31356,10,6,6,1
31357,11,7,7,1
31358,11,6,6,1
31359,12,7,7,1
31360,6,3,3,1
31361,7,4,4,1
31362,7,4,4,1
31363,8,4,4,1
31364,7,4,4,1
31365,8,5,5,1
31366,8,4,4,1
31367,9,5,5,1
31368,7,4,4,1
31369,8,5,5,1
31370,8,4,4,1
31371,9,5,5,1
31372,8,4,4,1
31373,9,5,5,1
31374,9,4,4,1
31375,10,5,5,1
31376,7,4,4,1
31377,8,5,5,1
31378,8,5,5,1
31379,9,5,5,1
31380,8,5,5,1
31381,9,6,6,1
31382,9,5,5,1
31383,10,6,6,1
31384,8,4,4,1
31385,9,5,5,1
31386,9,5,5,1
31387,10,5,5,1
31388,9,5,5,1
31389,10,6,6,1
31390,10,5,5,1
31391,11,6,6,1
31392,7,4,4,1
31393,8,5,5,1
31394,8,5,5,1
31395,9,5,5,1
31396,8,5,5,1
31397,9,6,6,1
31398,9,5,5,1
31399,10,6,6,1
31400,8,4,4,1
31401,9,5,5,1
31402,9,5,5,1
31403,10,5,5,1
31404,9,5,5,1
31405,10,6,6,1
31406,10,5,5,1
31407,11,6,6,1
31408,8,4,4,1
31409,9,5,5,1
31410,9,5,5,1
31411,10,5,5,1
31412,9,5,5,1
31413,10,6,6,1
31414,10,5,5,1
31415,11,6,6,1
31416,9,4,4,1
31417,10,5,5,1
31418,10,5,5,1
31419,11,5,5,1
31420,10,5,5,1
31421,11,6,6,1
31422,11,5,5,1
31423,12,6,6,1
31424,7,4,4,1
31425,8,5,5,1
31426,8,5,5,1
31427,9,5,5,1
31428,8,5,5,1
31429,9,6,6,1
31430,9,5,5,1
31431,10,6,6,1
31432,8,5,5,1
31433,9,6,6,1
31434,9,5,5,1
31435,10,6,6,1
31436,9,5,5,1
31437,10,6,6,1
31438,10,5,5,1
31439,11,6,6,1
31440,8,5,5,1
31441,9,6,6,1
31442,9,6,6,1
31443,10,6,6,1
31444,9,6,6,1
31445,10,7,7,1
31446,10,6,6,1
31447,11,7,7,1
31448,9,5,5,1
31449,10,6,6,1
31450,10,6,6,1
31451,11,6,6,1
31452,10,6,6,1
31453,11,7,7,1
31454,11,6,6,1
31455,12,7,7,1
31456,8,4,4,1
31457,9,5,5,1
31458,9,5,5,1
31459,10,5,5,1
31460,9,5,5,1
31461,10,6,6,1
31462,10,5,5,1
31463,11,6,6,1
31464,9,5,5,1
31465,10,6,6,1
31466,10,5,5,1
31467,11,6,6,1
31468,10,5,5,1
31469,11,6,6,1
31470,11,5,5,1
31471,12,6,6,1
31472,9,5,5,1
31473,10,6,6,1
31474,10,6,6,1
31475,11,6,6,1
31476,10,6,6,1
31477,11,7,7,1
31478,11,6,6,1
31479,12,7,7,1
31480,10,5,5,1
31481,11,6,6,1
31482,11,6,6,1
31483,12,6,6,1
31484,11,6,6,1
31485,12,7,7,1
31486,12,6,6,1
31487,13,7,7,1
31488,6,3,3,1
31489,7,4,4,1
31490,7,4,4,1
31491,8,4,4,1
31492,7,4,4,1
31493,8,5,5,1
31494,8,4,4,1
31495,9,5,5,1
31496,7,4,4,1
31497,8,5,5,1
31498,8,4,4,1
31499,9,5,5,1
31500,8,4,4,1
31501,9,5,5,1
31502,9,4,4,1
31503,10,5,5,1
31504,7,4,4,1
31505,8,5,5,1
31506,8,5,5,1
31507,9,5,5,1
31508,8,5,5,1
31509,9,6,6,1
31510,9,5,5,1
31511,10,6,6,1
31512,8,4,4,1
31513,9,5,5,1
31514,9,5,5,1
31515,10,5,5,1
31516,9,5,5,1
31517,10,6,6,1
31518,10,5,5,1
31519,11,6,6,1
31520,7,4,4,1
31521,8,5,5,1
31522,8,5,5,1
31523,9,5,5,1
31524,8,5,5,1
31525,9,6,6,1
31526,9,5,5,1
31527,10,6,6,1
31528,8,4,4,1
31529,9,5,5,1
31530,9,5,5,1
31531,10,5,5,1
31532,9,5,5,1
31533,10,6,6,1
31534,10,5,5,1
31535,11,6,6,1
31536,8,4,4,1
31537,9,5,5,1
31538,9,5,5,1
31539,10,5,5,1
31540,9,5,5,1
31541,10,6,6,1
31542,10,5,5,1
31543,11,6,6,1
31544,9,4,4,1
31545,10,5,5,1
31546,10,5,5,1
31547,11,5,5,1
31548,10,5,5,1
31549,11,6,6,1
31550,11,5,5,1
31551,12,6,6,1
31552,7,4,4,1
31553,8,5,5,1
31554,8,5,5,1
31555,9,5,5,1
31556,8,5,5,1
31557,9,6,6,1
31558,9,5,5,1
31559,10,6,6,1
31560,8,5,5,1
31561,9,6,6,1
31562,9,5,5,1
31563,10,6,6,1
31564,9,5,5,1
31565,10,6,6,1
31566,10,5,5,1
31567,11,6,6,1
31568,8,5,5,1
31569,9,6,6,1
31570,9,6,6,1
31571,10,6,6,1
31572,9,6,6,1
31573,10,7,7,1
31574,10,6,6,1
31575,11,7,7,1
31576,9,5,5,1
31577,10,6,6,1
31578,10,6,6,1
31579,11,6,6,1
31580,10,6,6,1
31581,11,7,7,1
31582,11,6,6,1
31583,12,7,7,1
31584,8,4,4,1
31585,9,5,5,1
31586,9,5,5,1
31587,10,5,5,1
31588,9,5,5,1
31589,10,6,6,1
31590,10,5,5,1
31591,11,6,6,1
31592,9,5,5,1
31593,10,6,6,1
31594,10,5,5,1
31595,11,6,6,1
31596,10,5,5,1
31597,11,6,6,1
31598,11,5,5,1
31599,12,6,6,1
31600,9,5,5,1
31601,10,6,6,1
31602,10,6,6,1
31603,11,6,6,1
31604,10,6,6,1
31605,11,7,7,1
31606,11,6,6,1
31607,12,7,7,1
31608,10,5,5,1
31609,11,6,6,1
31610,11,6,6,1
31611,12,6,6,1
31612,11,6,6,1
31613,12,7,7,1
31614,12,6,6,1
31615,13,7,7,1
31616,7,3,3,1
31617,8,4,4,1
31618,8,4,4,1
31619,9,4,4,1
31620,8,4,4,1
31621,9,5,5,1
31622,9,4,4,1
31623,10,5,5,1
31624,8,4,4,1
31625,9,5,5,1
31626,9,4,4,1
31627,10,5,5,1
31628,9,4,4,1
31629,10,5,5,1
31630,10,4,4,1
31631,11,5,5,1
31632,8,4,4,1
31633,9,5,5,1
31634,9,5,5,1
31635,10,5,5,1
31636,9,5,5,1
31637,10,6,6,1
31638,10,5,5,1
31639,11,6,6,1
31640,9,4,4,1
31641,10,5,5,1
31642,10,5,5,1
31643,11,5,5,1
31644,10,5,5,1
31645,11,6,6,1
31646,11,5,5,1
31647,12,6,6,1
31648,8,4,4,1
31649,9,5,5,1
31650,9,5,5,1
31651,10,5,5,1
31652,9,5,5,1
31653,10,6,6,1
31654,10,5,5,1
31655,11,6,6,1
31656,9,4,4,1
31657,10,5,5,1
31658,10,5,5,1
31659,11,5,5,1
31660,10,5,5,1
31661,11,6,6,1
31662,11,5,5,1
31663,12,6,6,1
31664,9,4,4,1
31665,10,5,5,1
31666,10,5,5,1
31667,11,5,5,1
31668,10,5,5,1
31669,11,6,6,1
31670,11,5,5,1
31671,12,6,6,1
31672,10,4,4,1
31673,11,5,5,1
31674,11,5,5,1
31675,12,5,5,1
31676,11,5,5,1
31677,12,6,6,1
31678,12,5,5,1
31679,13,6,6,1
31680,8,4,4,1
31681,9,5,5,1
31682,9,5,5,1
31683,10,5,5,1
31684,9,5,5,1
31685,10,6,6,1
31686,10,5,5,1
31687,11,6,6,1
31688,9,5,5,1
31689,10,6,6,1
31690,10,5,5,1
31691,11,6,6,1
31692,10,5,5,1
31693,11,6,6,1
31694,11,5,5,1
31695,12,6,6,1
31696,9,5,5,1
31697,10,6,6,1
31698,10,6,6,1
31699,11,6,6,1
31700,10,6,6,1
31701,11,7,7,1
31702,11,6,6,1
31703,12,7,7,1
31704,10,5,5,1
31705,11,6,6,1
31706,11,6,6,1
31707,12,6,6,1
31708,11,6,6,1
31709,12,7,7,1
31710,12,6,6,1
31711,13,7,7,1
31712,9,4,4,1
31713,10,5,5,1
31714,10,5,5,1
31715,11,5,5,1
31716,10,5,5,1
31717,11,6,6,1
31718,11,5,5,1
31719,12,6,6,1
31720,10,5,5,1
31721,11,6,6,1
31722,11,5,5,1
31723,12,6,6,1
31724,11,5,5,1
31725,12,6,6,1
31726,12,5,5,1
31727,13,6,6,1
31728,10,5,5,1
31729,11,6,6,1
31730,11,6,6,1
31731,12,6,6,1
31732,11,6,6,1
31733,12,7,7,1
31734,12,6,6,1
31735,13,7,7,1
31736,11,5,5,1
31737,12,6,6,1
31738,12,6,6,1
31739,13,6,6,1
31740,12,6,6,1
31741,13,7,7,1
31742,13,6,6,1
31743,14,7,7,1
31744,5,3,3,1
31745,6,4,4,1
31746,6,4,4,1
31747,7,4,4,1
31748,6,4,4,1
31749,7,5,5,1
31750,7,4,4,1
31751,8,5,5,1
31752,6,4,4,1
31753,7,5,5,1
31754,7,4,4,1
31755,8,5,5,1
31756,7,4,4,1
31757,8,5,5,1
31758,8,4,4,1
31759,9,5,5,1
31760,6,4,4,1
31761,7,5,5,1
31762,7,5,5,1
31763,8,5,5,1
31764,7,5,5,1
31765,8,6,6,1
31766,8,5,5,1
31767,9,6,6,1
31768,7,4,4,1
31769,8,5,5,1
31770,8,5,5,1
31771,9,5,5,1
31772,8,5,5,1
31773,9,6,6,1
31774,9,5,5,1
31775,10,6,6,1
31776,6,4,4,1
31777,7,5,5,1
31778,7,5,5,1
31779,8,5,5,1
31780,7,5,5,1
31781,8,6,6,1
31782,8,5,5,1
31783,9,6,6,1
31784,7,4,4,1
31785,8,5,5,1
31786,8,5,5,1
31787,9,5,5,1
31788,8,5,5,1
31789,9,6,6,1
31790,9,5,5,1
31791,10,6,6,1
31792,7,4,4,1
31793,8,5,5,1
31794,8,5,5,1
31795,9,5,5,1
31796,8,5,5,1
31797,9,6,6,1
31798,9,5,5,1
31799,10,6,6,1
31800,8,4,4,1
31801,9,5,5,1
31802,9,5,5,1
31803,10,5,5,1
31804,9,5,5,1
31805,10,6,6,1
31806,10,5,5,1
31807,11,6,6,1
31808,6,4,4,1
31809,7,5,5,1
31810,7,5,5,1
31811,8,5,5,1
31812,7,5,5,1
31813,8,6,6,1
31814,8,5,5,1
31815,9,6,6,1
31816,7,5,5,1
31817,8,6,6,1
31818,8,5,5,1
31819,9,6,6,1
31820,8,5,5,1
31821,9,6,6,1
31822,9,5,5,1
31823,10,6,6,1
31824,7,5,5,1
31825,8,6,6,1
31826,8,6,6,1
31827,9,6,6,1
31828,8,6,6,1
31829,9,7,7,1
31830,9,6,6,1
31831,10,7,7,1
31832,8,5,5,1
31833,9,6,6,1
31834,9,6,6,1
31835,10,6,6,1
31836,9,6,6,1
31837,10,7,7,1
31838,10,6,6,1
31839,11,7,7,1
31840,7,4,4,1
31841,8,5,5,1
31842,8,5,5,1
31843,9,5,5,1
31844,8,5,5,1
31845,9,6,6,1
31846,9,5,5,1
31847,10,6,6,1
31848,8,5,5,1
31849,9,6,6,1
31850,9,5,5,1
31851,10,6,6,1
31852,9,5,5,1
31853,10,6,6,1
31854,10,5,5,1
31855,11,6,6,1
31856,8,5,5,1
31857,9,6,6,1
31858,9,6,6,1
31859,10,6,6,1
31860,9,6,6,1
31861,10,7,7,1
31862,10,6,6,1
31863,11,7,7,1
31864,9,5,5,1
31865,10,6,6,1
31866,10,6,6,1
31867,11,6,6,1
31868,10,6,6,1
31869,11,7,7,1
31870,11,6,6,1
31871,12,7,7,1
31872,6,4,4,1
31873,7,5,5,1
31874,7,5,5,1
31875,8,5,5,1
31876,7,5,5,1
31877,8,6,6,1
31878,8,5,5,1
31879,9,6,6,1
31880,7,5,5,1
31881,8,6,6,1
31882,8,5,5,1
31883,9,6,6,1
31884,8,5,5,1
31885,9,6,6,1
31886,9,5,5,1
31887,10,6,6,1
31888,7,5,5,1
31889,8,6,6,1
31890,8,6,6,1
31891,9,6,6,1
31892,8,6,6,1
31893,9,7,7,1
31894,9,6,6,1
31895,10,7,7,1
31896,8,5,5,1
31897,9,6,6,1
31898,9,6,6,1
31899,10,6,6,1
31900,9,6,6,1
31901,10,7,7,1
31902,10,6,6,1
31903,11,7,7,1
31904,7,4,4,1
31905,8,5,5,1
31906,8,5,5,1
31907,9,5,5,1
31908,8,5,5,1
31909,9,6,6,1
31910,9,5,5,1
31911,10,6,6,1
31912,8,5,5,1
31913,9,6,6,1
31914,9,5,5,1
31915,10,6,6,1
31916,9,5,5,1
31917,10,6,6,1
31918,10,5,5,1
31919,11,6,6,1
31920,8,5,5,1
31921,9,6,6,1
31922,9,6,6,1
31923,10,6,6,1
31924,9,6,6,1
31925,10,7,7,1
31926,10,6,6,1
31927,11,7,7,1
31928,9,5,5,1
31929,10,6,6,1
31930,10,6,6,1
31931,11,6,6,1
31932,10,6,6,1
31933,11,7,7,1
31934,11,6,6,1
31935,12,7,7,1
31936,7,4,4,1
31937,8,5,5,1
31938,8,5,5,1
31939,9,5,5,1
31940,8,5,5,1
31941,9,6,6,1
31942,9,5,5,1
31943,10,6,6,1
31944,8,5,5,1
31945,9,6,6,1
31946,9,5,5,1
31947,10,6,6,1
31948,9,5,5,1
31949,10,6,6,1
31950,10,5,5,1
31951,11,6,6,1
31952,8,5,5,1
31953,9,6,6,1
31954,9,6,6,1
31955,10,6,6,1
31956,9,6,6,1
31957,10,7,7,1
31958,10,6,6,1
31959,11,7,7,1
31960,9,5,5,1
31961,10,6,6,1
31962,10,6,6,1
31963,11,6,6,1
31964,10,6,6,1
31965,11,7,7,1
31966,11,6,6,1
31967,12,7,7,1
31968,8,4,4,1
31969,9,5,5,1
31970,9,5,5,1
31971,10,5,5,1
31972,9,5,5,1
31973,10,6,6,1
31974,10,5,5,1
31975,11,6,6,1
31976,9,5,5,1
31977,10,6,6,1
31978,10,5,5,1
31979,11,6,6,1
31980,10,5,5,1
31981,11,6,6,1
31982,11,5,5,1
31983,12,6,6,1
31984,9,5,5,1
31985,10,6,6,1
31986,10,6,6,1
31987,11,6,6,1
31988,10,6,6,1
31989,11,7,7,1
31990,11,6,6,1
31991,12,7,7,1
31992,10,5,5,1
31993,11,6,6,1
31994,11,6,6,1
31995,12,6,6,1
31996,11,6,6,1
31997,12,7,7,1
31998,12,6,6,1
31999,13,7,7,1
32000,6,4,4,1
32001,7,5,5,1
32002,7,5,5,1
32003,8,5,5,1
32004,7,5,5,1
32005,8,6,6,1
32006,8,5,5,1
32007,9,6,6,1
32008,7,5,5,1
32009,8,6,6,1
32010,8,5,5,1
32011,9,6,6,1
32012,8,5,5,1
32013,9,6,6,1
32014,9,5,5,1
32015,10,6,6,1
32016,7,5,5,1
32017,8,6,6,1
32018,8,6,6,1
32019,9,6,6,1
32020,8,6,6,1
32021,9,7,7,1
32022,9,6,6,1
32023,10,7,7,1
32024,8,5,5,1
32025,9,6,6,1
32026,9,6,6,1
32027,10,6,6,1
32028,9,6,6,1
32029,10,7,7,1
32030,10,6,6,1
32031,11,7,7,1
32032,7,5,5,1
32033,8,6,6,1
32034,8,6,6,1
32035,9,6,6,1
32036,8,6,6,1
32037,9,7,7,1
32038,9,6,6,1
32039,10,7,7,1
32040,8,5,5,1
32041,9,6,6,1
32042,9,6,6,1
32043,10,6,6,1
32044,9,6,6,1
32045,10,7,7,1
32046,10,6,6,1
32047,11,7,7,1
32048,8,5,5,1
32049,9,6,6,1
32050,9,6,6,1
32051,10,6,6,1
32052,9,6,6,1
32053,10,7,7,1
32054,10,6,6,1
32055,11,7,7,1
32056,9,5,5,1
32057,10,6,6,1
32058,10,6,6,1
32059,11,6,6,1
32060,10,6,6,1
32061,11,7,7,1
32062,11,6,6,1
32063,12,7,7,1
32064,7,5,5,1
32065,8,6,6,1
32066,8,6,6,1
32067,9,6,6,1
32068,8,6,6,1
32069,9,7,7,1
32070,9,6,6,1
32071,10,7,7,1
32072,8,6,6,1
32073,9,7,7,1
32074,9,6,6,1
32075,10,7,7,1
32076,9,6,6,1
32077,10,7,7,1
32078,10,6,6,1
32079,11,7,7,1
32080,8,6,6,1
32081,9,7,7,1
32082,9,7,7,1
32083,10,7,7,1
32084,9,7,7,1
32085,10,8,8,1
32086,10,7,7,1
32087,11,8,8,1
32088,9,6,6,1
32089,10,7,7,1
32090,10,7,7,1
32091,11,7,7,1
32092,10,7,7,1
32093,11,8,8,1
32094,11,7,7,1
32095,12,8,8,1
32096,8,5,5,1
32097,9,6,6,1
32098,9,6,6,1
32099,10,6,6,1
32100,9,6,6,1
32101,10,7,7,1
32102,10,6,6,1
32103,11,7,7,1
32104,9,6,6,1
32105,10,7,7,1
32106,10,6,6,1
32107,11,7,7,1
32108,10,6,6,1
32109,11,7,7,1
32110,11,6,6,1
32111,12,7,7,1
32112,9,6,6,1
32113,10,7,7,1
32114,10,7,7,1
32115,11,7,7,1
32116,10,7,7,1
32117,11,8,8,1
32118,11,7,7,1
32119,12,8,8,1
32120,10,6,6,1
32121,11,7,7,1
32122,11,7,7,1
32123,12,7,7,1
32124,11,7,7,1
32125,12,8,8,1
32126,12,7,7,1
32127,13,8,8,1
32128,7,4,4,1
32129,8,5,5,1
32130,8,5,5,1
32131,9,5,5,1
32132,8,5,5,1
32133,9,6,6,1
32134,9,5,5,1
32135,10,6,6,1
32136,8,5,5,1
32137,9,6,6,1
32138,9,5,5,1
32139,10,6,6,1
32140,9,5,5,1
32141,10,6,6,1
32142,10,5,5,1
32143,11,6,6,1
32144,8,5,5,1
32145,9,6,6,1
32146,9,6,6,1
32147,10,6,6,1
32148,9,6,6,1
32149,10,7,7,1
32150,10,6,6,1
32151,11,7,7,1
32152,9,5,5,1
32153,10,6,6,1
32154,10,6,6,1
32155,11,6,6,1
32156,10,6,6,1
32157,11,7,7,1
32158,11,6,6,1
32159,12,7,7,1
32160,8,5,5,1
32161,9,6,6,1
32162,9,6,6,1
32163,10,6,6,1
32164,9,6,6,1
32165,10,7,7,1
32166,10,6,6,1
32167,11,7,7,1
32168,9,5,5,1
32169,10,6,6,1
32170,10,6,6,1
32171,11,6,6,1
32172,10,6,6,1
32173,11,7,7,1
32174,11,6,6,1
32175,12,7,7,1
32176,9,5,5,1
32177,10,6,6,1
32178,10,6,6,1
32179,11,6,6,1
32180,10,6,6,1
32181,11,7,7,1
32182,11,6,6,1
32183,12,7,7,1
32184,10,5,5,1
32185,11,6,6,1
32186,11,6,6,1
32187,12,6,6,1
32188,11,6,6,1
32189,12,7,7,1
32190,12,6,6,1
32191,13,7,7,1
32192,8,5,5,1
32193,9,6,6,1
32194,9,6,6,1
32195,10,6,6,1
32196,9,6,6,1
32197,10,7,7,1
32198,10,6,6,1
32199,11,7,7,1
32200,9,6,6,1
32201,10,7,7,1
32202,10,6,6,1
32203,11,7,7,1
32204,10,6,6,1
32205,11,7,7,1
32206,11,6,6,1
32207,12,7,7,1
32208,9,6,6,1
32209,10,7,7,1
32210,10,7,7,1
32211,11,7,7,1
32212,10,7,7,1
32213,11,8,8,1
32214,11,7,7,1
32215,12,8,8,1
32216,10,6,6,1
32217,11,7,7,1
32218,11,7,7,1
32219,12,7,7,1
32220,11,7,7,1
32221,12,8,8,1
32222,12,7,7,1
32223,13,8,8,1
32224,9,5,5,1
32225,10,6,6,1
32226,10,6,6,1
32227,11,6,6,1
32228,10,6,6,1
32229,11,7,7,1
32230,11,6,6,1
32231,12,7,7,1
32232,10,6,6,1
32233,11,7,7,1
32234,11,6,6,1
32235,12,7,7,1
32236,11,6,6,1
32237,12,7,7,1
32238,12,6,6,1
32239,13,7,7,1
32240,10,6,6,1
32241,11,7,7,1
32242,11,7,7,1
32243,12,7,7,1
32244,11,7,7,1
32245,12,8,8,1
32246,12,7,7,1
32247,13,8,8,1
32248,11,6,6,1
32249,12,7,7,1
32250,12,7,7,1
32251,13,7,7,1
32252,12,7,7,1
32253,13,8,8,1
32254,13,7,7,1
32255,14,8,8,1
32256,6,3,3,1
32257,7,4,4,1
32258,7,4,4,1
32259,8,4,4,1
32260,7,4,4,1
32261,8,5,5,1
32262,8,4,4,1
32263,9,5,5,1
32264,7,4,4,1
32265,8,5,5,1
32266,8,4,4,1
32267,9,5,5,1
32268,8,4,4,1
32269,9,5,5,1
32270,9,4,4,1
32271,10,5,5,1
32272,7,4,4,1
32273,8,5,5,1
32274,8,5,5,1
32275,9,5,5,1
32276,8,5,5,1
32277,9,6,6,1
32278,9,5,5,1
32279,10,6,6,1
32280,8,4,4,1
32281,9,5,5,1
32282,9,5,5,1
32283,10,5,5,1
32284,9,5,5,1
32285,10,6,6,1
32286,10,5,5,1
32287,11,6,6,1
32288,7,4,4,1
32289,8,5,5,1
32290,8,5,5,1
32291,9,5,5,1
32292,8,5,5,1
32293,9,6,6,1
32294,9,5,5,1
32295,10,6,6,1
32296,8,4,4,1
32297,9,5,5,1
32298,9,5,5,1
32299,10,5,5,1
32300,9,5,5,1
32301,10,6,6,1
32302,10,5,5,1
32303,11,6,6,1
32304,8,4,4,1
32305,9,5,5,1
32306,9,5,5,1
32307,10,5,5,1
32308,9,5,5,1
32309,10,6,6,1
32310,10,5,5,1
32311,11,6,6,1
32312,9,4,4,1
32313,10,5,5,1
32314,10,5,5,1
32315,11,5,5,1
32316,10,5,5,1
32317,11,6,6,1
32318,11,5,5,1
32319,12,6,6,1
32320,7,4,4,1
32321,8,5,5,1
32322,8,5,5,1
32323,9,5,5,1
32324,8,5,5,1
32325,9,6,6,1
32326,9,5,5,1
32327,10,6,6,1
32328,8,5,5,1
32329,9,6,6,1
32330,9,5,5,1
32331,10,6,6,1
32332,9,5,5,1
32333,10,6,6,1
32334,10,5,5,1
32335,11,6,6,1
32336,8,5,5,1
32337,9,6,6,1
32338,9,6,6,1
32339,10,6,6,1
32340,9,6,6,1
32341,10,7,7,1
32342,10,6,6,1
32343,11,7,7,1
32344,9,5,5,1
32345,10,6,6,1
32346,10,6,6,1
32347,11,6,6,1
32348,10,6,6,1
32349,11,7,7,1
32350,11,6,6,1
32351,12,7,7,1
32352,8,4,4,1
32353,9,5,5,1
32354,9,5,5,1
32355,10,5,5,1
32356,9,5,5,1
32357,10,6,6,1
32358,10,5,5,1
32359,11,6,6,1
32360,9,5,5,1
32361,10,6,6,1
32362,10,5,5,1
32363,11,6,6,1
32364,10,5,5,1
32365,11,6,6,1
32366,11,5,5,1
32367,12,6,6,1
32368,9,5,5,1
32369,10,6,6,1
32370,10,6,6,1
32371,11,6,6,1
32372,10,6,6,1
32373,11,7,7,1
32374,11,6,6,1
32375,12,7,7,1
32376,10,5,5,1
32377,11,6,6,1
32378,11,6,6,1
32379,12,6,6,1
32380,11,6,6,1
32381,12,7,7,1
32382,12,6,6,1
32383,13,7,7,1
32384,7,4,4,1
32385,8,5,5,1
32386,8,5,5,1
32387,9,5,5,1
32388,8,5,5,1
32389,9,6,6,1
32390,9,5,5,1
32391,10,6,6,1
32392,8,5,5,1
32393,9,6,6,1
32394,9,5,5,1
32395,10,6,6,1
32396,9,5,5,1
32397,10,6,6,1
32398,10,5,5,1
32399,11,6,6,1
32400,8,5,5,1
32401,9,6,6,1
32402,9,6,6,1
32403,10,6,6,1
32404,9,6,6,1
32405,10,7,7,1
32406,10,6,6,1
32407,11,7,7,1
32408,9,5,5,1
32409,10,6,6,1
32410,10,6,6,1
32411,11,6,6,1
32412,10,6,6,1
32413,11,7,7,1
32414,11,6,6,1
32415,12,7,7,1
32416,8,4,4,1
32417,9,5,5,1
32418,9,5,5,1
32419,10,5,5,1
32420,9,5,5,1
32421,10,6,6,1
32422,10,5,5,1
32423,11,6,6,1
32424,9,5,5,1
32425,10,6,6,1
32426,10,5,5,1
32427,11,6,6,1
32428,10,5,5,1
32429,11,6,6,1
32430,11,5,5,1
32431,12,6,6,1
32432,9,5,5,1
32433,10,6,6,1
32434,10,6,6,1
32435,11,6,6,1
32436,10,6,6,1
32437,11,7,7,1
32438,11,6,6,1
32439,12,7,7,1
32440,10,5,5,1
32441,11,6,6,1
32442,11,6,6,1
32443,12,6,6,1
32444,11,6,6,1
32445,12,7,7,1
32446,12,6,6,1
32447,13,7,7,1
32448,8,4,4,1
32449,9,5,5,1
32450,9,5,5,1
32451,10,5,5,1
32452,9,5,5,1
32453,10,6,6,1
32454,10,5,5,1
32455,11,6,6,1
32456,9,5,5,1
32457,10,6,6,1
32458,10,5,5,1
32459,11,6,6,1
32460,10,5,5,1
32461,11,6,6,1
32462,11,5,5,1
32463,12,6,6,1
32464,9,5,5,1
32465,10,6,6,1
32466,10,6,6,1
32467,11,6,6,1
32468,10,6,6,1
32469,11,7,7,1
32470,11,6,6,1
32471,12,7,7,1
32472,10,5,5,1
32473,11,6,6,1
32474,11,6,6,1
32475,12,6,6,1
32476,11,6,6,1
32477,12,7,7,1
32478,12,6,6,1
32479,13,7,7,1
32480,9,4,4,1
32481,10,5,5,1
32482,10,5,5,1
32483,11,5,5,1
32484,10,5,5,1
32485,11,6,6,1
32486,11,5,5,1
32487,12,6,6,1
32488,10,5,5,1
32489,11,6,6,1
32490,11,5,5,1
32491,12,6,6,1
32492,11,5,5,1
32493,12,6,6,1
32494,12,5,5,1
32495,13,6,6,1
32496,10,5,5,1
32497,11,6,6,1
32498,11,6,6,1
32499,12,6,6,1
32500,11,6,6,1
32501,12,7,7,1
32502,12,6,6,1
32503,13,7,7,1
32504,11,5,5,1
32505,12,6,6,1
32506,12,6,6,1
32507,13,6,6,1
32508,12,6,6,1
32509,13,7,7,1
32510,13,6,6,1
32511,14,7,7,1
32512,7,4,4,1
32513,8,5,5,1
32514,8,5,5,1
32515,9,5,5,1
32516,8,5,5,1
32517,9,6,6,1
32518,9,5,5,1
32519,10,6,6,1
32520,8,5,5,1
32521,9,6,6,1
32522,9,5,5,1
32523,10,6,6,1
32524,9,5,5,1
32525,10,6,6,1
32526,10,5,5,1
32527,11,6,6,1
32528,8,5,5,1
32529,9,6,6,1
32530,9,6,6,1
32531,10,6,6,1
32532,9,6,6,1
32533,10,7,7,1
32534,10,6,6,1
32535,11,7,7,1
32536,9,5,5,1
32537,10,6,6,1
32538,10,6,6,1
32539,11,6,6,1
32540,10,6,6,1
32541,11,7,7,1
32542,11,6,6,1
32543,12,7,7,1
32544,8,5,5,1
32545,9,6,6,1
32546,9,6,6,1
32547,10,6,6,1
32548,9,6,6,1
32549,10,7,7,1
32550,10,6,6,1
32551,11,7,7,1
32552,9,5,5,1
32553,10,6,6,1
32554,10,6,6,1
32555,11,6,6,1
32556,10,6,6,1
32557,11,7,7,1
32558,11,6,6,1
32559,12,7,7,1
32560,9,5,5,1
32561,10,6,6,1
32562,10,6,6,1
32563,11,6,6,1
32564,10,6,6,1
32565,11,7,7,1
32566,11,6,6,1
32567,12,7,7,1
32568,10,5,5,1
32569,11,6,6,1
32570,11,6,6,1
32571,12,6,6,1
32572,11,6,6,1
32573,12,7,7,1
32574,12,6,6,1
32575,13,7,7,1
32576,8,5,5,1
32577,9,6,6,1
32578,9,6,6,1
32579,10,6,6,1
32580,9,6,6,1
32581,10,7,7,1
32582,10,6,6,1
32583,11,7,7,1
32584,9,6,6,1
32585,10,7,7,1
32586,10,6,6,1
32587,11,7,7,1
32588,10,6,6,1
32589,11,7,7,1
32590,11,6,6,1
32591,12,7,7,1
32592,9,6,6,1
32593,10,7,7,1
32594,10,7,7,1
32595,11,7,7,1
32596,10,7,7,1
32597,11,8,8,1
32598,11,7,7,1
32599,12,8,8,1
32600,10,6,6,1
32601,11,7,7,1
32602,11,7,7,1
32603,12,7,7,1
32604,11,7,7,1
32605,12,8,8,1
32606,12,7,7,1
32607,13,8,8,1
32608,9,5,5,1
32609,10,6,6,1
32610,10,6,6,1
32611,11,6,6,1
32612,10,6,6,1
32613,11,7,7,1
32614,11,6,6,1
32615,12,7,7,1
32616,10,6,6,1
32617,11,7,7,1
32618,11,6,6,1
32619,12,7,7,1
32620,11,6,6,1
32621,12,7,7,1
32622,12,6,6,1
32623,13,7,7,1
32624,10,6,6,1
32625,11,7,7,1
32626,11,7,7,1
32627,12,7,7,1
32628,11,7,7,1
32629,12,8,8,1
32630,12,7,7,1
32631,13,8,8,1
32632,11,6,6,1
32633,12,7,7,1
32634,12,7,7,1
32635,13,7,7,1
32636,12,7,7,1
32637,13,8,8,1
32638,13,7,7,1
32639,14,8,8,1
32640,8,4,4,1
32641,9,5,5,1
32642,9,5,5,1
32643,10,5,5,1
32644,9,5,5,1
32645,10,6,6,1
32646,10,5,5,1
32647,11,6,6,1
32648,9,5,5,1
32649,10,6,6,1
32650,10,5,5,1
32651,11,6,6,1
32652,10,5,5,1
32653,11,6,6,1
32654,11,5,5,1
32655,12,6,6,1
32656,9,5,5,1
32657,10,6,6,1
32658,10,6,6,1
32659,11,6,6,1
32660,10,6,6,1
32661,11,7,7,1
32662,11,6,6,1
32663,12,7,7,1
32664,10,5,5,1
32665,11,6,6,1
32666,11,6,6,1
32667,12,6,6,1
32668,11,6,6,1
32669,12,7,7,1
32670,12,6,6,1
32671,13,7,7,1
32672,9,5,5,1
32673,10,6,6,1
32674,10,6,6,1
32675,11,6,6,1
32676,10,6,6,1
32677,11,7,7,1
32678,11,6,6,1
32679,12,7,7,1
32680,10,5,5,1
32681,11,6,6,1
32682,11,6,6,1
32683,12,6,6,1
32684,11,6,6,1
32685,12,7,7,1
32686,12,6,6,1
32687,13,7,7,1
32688,10,5,5,1
32689,11,6,6,1
32690,11,6,6,1
32691,12,6,6,1
32692,11,6,6,1
32693,12,7,7,1
32694,12,6,6,1
32695,13,7,7,1
32696,11,5,5,1
32697,12,6,6,1
32698,12,6,6,1
32699,13,6,6,1
32700,12,6,6,1
32701,13,7,7,1
32702,13,6,6,1
32703,14,7,7,1
32704,9,5,5,1
32705,10,6,6,1
32706,10,6,6,1
32707,11,6,6,1
32708,10,6,6,1
32709,11,7,7,1
32710,11,6,6,1
32711,12,7,7,1
32712,10,6,6,1
32713,11,7,7,1
32714,11,6,6,1
32715,12,7,7,1
32716,11,6,6,1
32717,12,7,7,1
32718,12,6,6,1
32719,13,7,7,1
32720,10,6,6,1
32721,11,7,7,1
32722,11,7,7,1
32723,12,7,7,1
32724,11,7,7,1
32725,12,8,8,1
32726,12,7,7,1
32727,13,8,8,1
32728,11,6,6,1
32729,12,7,7,1
32730,12,7,7,1
32731,13,7,7,1
32732,12,7,7,1
32733,13,8,8,1
32734,13,7,7,1
32735,14,8,8,1
32736,10,5,5,1
32737,11,6,6,1
32738,11,6,6,1
32739,12,6,6,1
32740,11,6,6,1
32741,12,7,7,1
32742,12,6,6,1
32743,13,7,7,1
32744,11,6,6,1
32745,12,7,7,1
32746,12,6,6,1
32747,13,7,7,1
32748,12,6,6,1
32749,13,7,7,1
32750,13,6,6,1
32751,14,7,7,1
32752,11,6,6,1
32753,12,7,7,1
32754,12,7,7,1
32755,13,7,7,1
32756,12,7,7,1
32757,13,8,8,1
32758,13,7,7,1
32759,14,8,8,1
32760,12,6,6,1
32761,13,7,7,1
32762,13,7,7,1
32763,14,7,7,1
32764,13,7,7,1
32765,14,8,8,1
32766,14,7,7,1
32767,15,8,8,1
32768,1,1,1,1
32769,2,2,2,1
32770,2,2,2,1
32771,3,2,2,1
32772,2,2,2,1
32773,3,3,3,1
32774,3,2,2,1
32775,4,3,3,1
32776,2,2,2,1
32777,3,3,3,1
32778,3,2,2,1
32779,4,3,3,1
32780,3,2,2,1
32781,4,3,3,1
32782,4,2,2,1
32783,5,3,3,1
32784,2,2,2,1
32785,3,3,3,1
32786,3,3,3,1
32787,4,3,3,1
32788,3,3,3,1
32789,4,4,4,1
32790,4,3,3,1
32791,5,4,4,1
32792,3,2,2,1
32793,4,3,3,1
32794,4,3,3,1
32795,5,3,3,1
32796,4,3,3,1
32797,5,4,4,1
32798,5,3,3,1
32799,6,4,4,1
32800,2,2,2,1
32801,3,3,3,1
32802,3,3,3,1
32803,4,3,3,1
32804,3,3,3,1
32805,4,4,4,1
32806,4,3,3,1
32807,5,4,4,1
32808,3,2,2,1
32809,4,3,3,1
32810,4,3,3,1
32811,5,3,3,1
32812,4,3,3,1
32813,5,4,4,1
32814,5,3,3,1
32815,6,4,4,1
32816,3,2,2,1
32817,4,3,3,1
32818,4,3,3,1
32819,5,3,3,1
32820,4,3,3,1
32821,5,4,4,1
32822,5,3,3,1
32823,6,4,4,1
32824,4,2,2,1
32825,5,3,3,1
32826,5,3,3,1
32827,6,3,3,1
32828,5,3,3,1
32829,6,4,4,1
32830,6,3,3,1
32831,7,4,4,1
32832,2,2,2,1
32833,3,3,3,1
32834,3,3,3,1
32835,4,3,3,1
32836,3,3,3,1
32837,4,4,4,1
32838,4,3,3,1
32839,5,4,4,1
32840,3,3,3,1
32841,4,4,4,1
32842,4,3,3,1
32843,5,4,4,1
32844,4,3,3,1
32845,5,4,4,1
32846,5,3,3,1
32847,6,4,4,1
32848,3,3,3,1
32849,4,4,4,1
32850,4,4,4,1
32851,5,4,4,1
32852,4,4,4,1
32853,5,5,5,1
32854,5,4,4,1
32855,6,5,5,1
32856,4,3,3,1
32857,5,4,4,1
32858,5,4,4,1
32859,6,4,4,1
32860,5,4,4,1
32861,6,5,5,1
32862,6,4,4,1
32863,7,5,5,1
32864,3,2,2,1
32865,4,3,3,1
32866,4,3,3,1
32867,5,3,3,1
32868,4,3,3,1
32869,5,4,4,1
32870,5,3,3,1
32871,6,4,4,1
32872,4,3,3,1
32873,5,4,4,1
32874,5,3,3,1
32875,6,4,4,1
32876,5,3,3,1
32877,6,4,4,1
32878,6,3,3,1
32879,7,4,4,1
32880,4,3,3,1
32881,5,4,4,1
32882,5,4,4,1
32883,6,4,4,1
32884,5,4,4,1
32885,6,5,5,1
32886,6,4,4,1
32887,7,5,5,1
32888,5,3,3,1
32889,6,4,4,1
32890,6,4,4,1
32891,7,4,4,1
32892,6,4,4,1
32893,7,5,5,1
32894,7,4,4,1
32895,8,5,5,1
32896,2,2,2,1
32897,3,3,3,1
32898,3,3,3,1
32899,4,3,3,1
32900,3,3,3,1
32901,4,4,4,1
32902,4,3,3,1
32903,5,4,4,1
32904,3,3,3,1
32905,4,4,4,1
32906,4,3,3,1
32907,5,4,4,1
32908,4,3,3,1
32909,5,4,4,1
32910,5,3,3,1
32911,6,4,4,1
32912,3,3,3,1
32913,4,4,4,1
32914,4,4,4,1
32915,5,4,4,1
32916,4,4,4,1
32917,5,5,5,1
32918,5,4,4,1
32919,6,5,5,1
32920,4,3,3,1
32921,5,4,4,1
32922,5,4,4,1
32923,6,4,4,1
32924,5,4,4,1
32925,6,5,5,1
32926,6,4,4,1
32927,7,5,5,1
32928,3,2,2,1
32929,4,3,3,1
32930,4,3,3,1
32931,5,3,3,1
32932,4,3,3,1
32933,5,4,4,1
32934,5,3,3,1
32935,6,4,4,1
32936,4,3,3,1
32937,5,4,4,1
32938,5,3,3,1
32939,6,4,4,1
32940,5,3,3,1
32941,6,4,4,1
32942,6,3,3,1
32943,7,4,4,1
32944,4,3,3,1
32945,5,4,4,1
32946,5,4,4,1
32947,6,4,4,1
32948,5,4,4,1
32949,6,5,5,1
32950,6,4,4,1
32951,7,5,5,1
32952,5,3,3,1
32953,6,4,4,1
32954,6,4,4,1
32955,7,4,4,1
32956,6,4,4,1
32957,7,5,5,1
32958,7,4,4,1
32959,8,5,5,1
32960,3,2,2,1
32961,4,3,3,1
32962,4,3,3,1
32963,5,3,3,1
32964,4,3,3,1
32965,5,4,4,1
32966,5,3,3,1
32967,6,4,4,1
32968,4,3,3,1
32969,5,4,4,1
32970,5,3,3,1
32971,6,4,4,1
32972,5,3,3,1
32973,6,4,4,1
32974,6,3,3,1
32975,7,4,4,1
32976,4,3,3,1
32977,5,4,4,1
32978,5,4,4,1
32979,6,4,4,1
32980,5,4,4,1
32981,6,5,5,1
32982,6,4,4,1
32983,7,5,5,1
32984,5,3,3,1
32985,6,4,4,1
32986,6,4,4,1
32987,7,4,4,1
32988,6,4,4,1
32989,7,5,5,1
32990,7,4,4,1
32991,8,5,5,1
32992,4,2,2,1
32993,5,3,3,1
32994,5,3,3,1
32995,6,3,3,1
32996,5,3,3,1
32997,6,4,4,1
32998,6,3,3,1
32999,7,4,4,1
33000,5,3,3,1
33001,6,4,4,1
33002,6,3,3,1
33003,7,4,4,1
33004,6,3,3,1
33005,7,4,4,1
33006,7,3,3,1
33007,8,4,4,1
33008,5,3,3,1
33009,6,4,4,1
33010,6,4,4,1
33011,7,4,4,1
33012,6,4,4,1
33013,7,5,5,1
33014,7,4,4,1
33015,8,5,5,1
33016,6,3,3,1
33017,7,4,4,1
33018,7,4,4,1
33019,8,4,4,1
33020,7,4,4,1
33021,8,5,5,1
33022,8,4,4,1
33023,9,5,5,1
33024,2,2,2,1
33025,3,3,3,1
33026,3,3,3,1
33027,4,3,3,1
33028,3,3,3,1
33029,4,4,4,1
33030,4,3,3,1
33031,5,4,4,1
33032,3,3,3,1
33033,4,4,4,1
33034,4,3,3,1
33035,5,4,4,1
33036,4,3,3,1
33037,5,4,4,1
33038,5,3,3,1
33039,6,4,4,1
33040,3,3,3,1
33041,4,4,4,1
33042,4,4,4,1
33043,5,4,4,1
33044,4,4,4,1
33045,5,5,5,1
33046,5,4,4,1
33047,6,5,5,1
33048,4,3,3,1
33049,5,4,4,1
33050,5,4,4,1
33051,6,4,4,1
33052,5,4,4,1
33053,6,5,5,1
33054,6,4,4,1
33055,7,5,5,1
33056,3,3,3,1
33057,4,4,4,1
33058,4,4,4,1
33059,5,4,4,1
33060,4,4,4,1
33061,5,5,5,1
33062,5,4,4,1
33063,6,5,5,1
33064,4,3,3,1
33065,5,4,4,1
33066,5,4,4,1
33067,6,4,4,1
33068,5,4,4,1
33069,6,5,5,1
33070,6,4,4,1
33071,7,5,5,1
33072,4,3,3,1
33073,5,4,4,1
33074,5,4,4,1
33075,6,4,4,1
33076,5,4,4,1
33077,6,5,5,1
33078,6,4,4,1
33079,7,5,5,1
33080,5,3,3,1
33081,6,4,4,1
33082,6,4,4,1
33083,7,4,4,1
33084,6,4,4,1
33085,7,5,5,1
33086,7,4,4,1
33087,8,5,5,1
33088,3,3,3,1
33089,4,4,4,1
33090,4,4,4,1
33091,5,4,4,1
33092,4,4,4,1
33093,5,5,5,1
33094,5,4,4,1
33095,6,5,5,1
33096,4,4,4,1
33097,5,5,5,1
33098,5,4,4,1
33099,6,5,5,1
33100,5,4,4,1
33101,6,5,5,1
33102,6,4,4,1
33103,7,5,5,1
33104,4,4,4,1
33105,5,5,5,1
33106,5,5,5,1
33107,6,5,5,1
33108,5,5,5,1
33109,6,6,6,1
33110,6,5,5,1
33111,7,6,6,1
33112,5,4,4,1
33113,6,5,5,1
33114,6,5,5,1
33115,7,5,5,1
33116,6,5,5,1
33117,7,6,6,1
33118,7,5,5,1
33119,8,6,6,1
33120,4,3,3,1
33121,5,4,4,1
33122,5,4,4,1
33123,6,4,4,1
33124,5,4,4,1
33125,6,5,5,1
33126,6,4,4,1
33127,7,5,5,1
33128,5,4,4,1
33129,6,5,5,1
33130,6,4,4,1
33131,7,5,5,1
33132,6,4,4,1
33133,7,5,5,1
33134,7,4,4,1
33135,8,5,5,1
33136,5,4,4,1
33137,6,5,5,1
33138,6,5,5,1
33139,7,5,5,1
33140,6,5,5,1
33141,7,6,6,1
33142,7,5,5,1
33143,8,6,6,1
33144,6,4,4,1
33145,7,5,5,1
33146,7,5,5,1
33147,8,5,5,1
33148,7,5,5,1
33149,8,6,6,1
33150,8,5,5,1
33151,9,6,6,1
33152,3,2,2,1
33153,4,3,3,1
33154,4,3,3,1
33155,5,3,3,1
33156,4,3,3,1
33157,5,4,4,1
33158,5,3,3,1
33159,6,4,4,1
33160,4,3,3,1
33161,5,4,4,1
33162,5,3,3,1
33163,6,4,4,1
33164,5,3,3,1
33165,6,4,4,1
33166,6,3,3,1
33167,7,4,4,1
33168,4,3,3,1
33169,5,4,4,1
33170,5,4,4,1
33171,6,4,4,1
33172,5,4,4,1
33173,6,5,5,1
33174,6,4,4,1
33175,7,5,5,1
33176,5,3,3,1
33177,6,4,4,1
33178,6,4,4,1
33179,7,4,4,1
33180,6,4,4,1
33181,7,5,5,1
33182,7,4,4,1
33183,8,5,5,1
33184,4,3,3,1
33185,5,4,4,1
33186,5,4,4,1
33187,6,4,4,1
33188,5,4,4,1
33189,6,5,5,1
33190,6,4,4,1
33191,7,5,5,1
33192,5,3,3,1
33193,6,4,4,1
33194,6,4,4,1
33195,7,4,4,1
33196,6,4,4,1
33197,7,5,5,1
33198,7,4,4,1
33199,8,5,5,1
33200,5,3,3,1
33201,6,4,4,1
33202,6,4,4,1
33203,7,4,4,1
33204,6,4,4,1
33205,7,5,5,1
33206,7,4,4,1
33207,8,5,5,1
33208,6,3,3,1
33209,7,4,4,1
33210,7,4,4,1
33211,8,4,4,1
33212,7,4,4,1
33213,8,5,5,1
33214,8,4,4,1
33215,9,5,5,1
33216,4,3,3,1
33217,5,4,4,1
33218,5,4,4,1
33219,6,4,4,1
33220,5,4,4,1
33221,6,5,5,1
33222,6,4,4,1
33223,7,5,5,1
33224,5,4,4,1
33225,6,5,5,1
33226,6,4,4,1
33227,7,5,5,1
33228,6,4,4,1
33229,7,5,5,1
33230,7,4,4,1
33231,8,5,5,1
33232,5,4,4,1
33233,6,5,5,1
33234,6,5,5,1
33235,7,5,5,1
33236,6,5,5,1
33237,7,6,6,1
33238,7,5,5,1
33239,8,6,6,1
33240,6,4,4,1
33241,7,5,5,1
33242,7,5,5,1
33243,8,5,5,1
33244,7,5,5,1
33245,8,6,6,1
33246,8,5,5,1
33247,9,6,6,1
33248,5,3,3,1
33249,6,4,4,1
33250,6,4,4,1
33251,7,4,4,1
33252,6,4,4,1
33253,7,5,5,1
33254,7,4,4,1
33255,8,5,5,1
33256,6,4,4,1
33257,7,5,5,1
33258,7,4,4,1
33259,8,5,5,1
33260,7,4,4,1
33261,8,5,5,1
33262,8,4,4,1
33263,9,5,5,1
33264,6,4,4,1
33265,7,5,5,1
33266,7,5,5,1
33267,8,5,5,1
33268,7,5,5,1
33269,8,6,6,1
33270,8,5,5,1
33271,9,6,6,1
33272,7,4,4,1
33273,8,5,5,1
33274,8,5,5,1
33275,9,5,5,1
33276,8,5,5,1
33277,9,6,6,1
33278,9,5,5,1
33279,10,6,6,1
33280,2,2,2,1
33281,3,3,3,1
33282,3,3,3,1
33283,4,3,3,1
33284,3,3,3,1
33285,4,4,4,1
33286,4,3,3,1
33287,5,4,4,1
33288,3,3,3,1
33289,4,4,4,1
33290,4,3,3,1
33291,5,4,4,1
33292,4,3,3,1
33293,5,4,4,1
33294,5,3,3,1
33295,6,4,4,1
33296,3,3,3,1
33297,4,4,4,1
33298,4,4,4,1
33299,5,4,4,1
33300,4,4,4,1
33301,5,5,5,1
33302,5,4,4,1
33303,6,5,5,1
33304,4,3,3,1
33305,5,4,4,1
33306,5,4,4,1
33307,6,4,4,1
33308,5,4,4,1
33309,6,5,5,1
33310,6,4,4,1
33311,7,5,5,1
33312,3,3,3,1
33313,4,4,4,1
33314,4,4,4,1
33315,5,4,4,1
33316,4,4,4,1
33317,5,5,5,1
33318,5,4,4,1
33319,6,5,5,1
33320,4,3,3,1
33321,5,4,4,1
33322,5,4,4,1
33323,6,4,4,1
33324,5,4,4,1
33325,6,5,5,1
33326,6,4,4,1
33327,7,5,5,1
33328,4,3,3,1
33329,5,4,4,1
33330,5,4,4,1
33331,6,4,4,1
33332,5,4,4,1
33333,6,5,5,1
33334,6,4,4,1
33335,7,5,5,1
33336,5,3,3,1
33337,6,4,4,1
33338,6,4,4,1
33339,7,4,4,1
33340,6,4,4,1
33341,7,5,5,1
33342,7,4,4,1
33343,8,5,5,1
33344,3,3,3,1
33345,4,4,4,1
33346,4,4,4,1
33347,5,4,4,1
33348,4,4,4,1
33349,5,5,5,1
33350,5,4,4,1
33351,6,5,5,1
33352,4,4,4,1
33353,5,5,5,1
33354,5,4,4,1
33355,6,5,5,1
33356,5,4,4,1
33357,6,5,5,1
33358,6,4,4,1
33359,7,5,5,1
33360,4,4,4,1
33361,5,5,5,1
33362,5,5,5,1
33363,6,5,5,1
33364,5,5,5,1
33365,6,6,6,1
33366,6,5,5,1
33367,7,6,6,1
33368,5,4,4,1
33369,6,5,5,1
33370,6,5,5,1
33371,7,5,5,1
33372,6,5,5,1
33373,7,6,6,1
33374,7,5,5,1
33375,8,6,6,1
33376,4,3,3,1
33377,5,4,4,1
33378,5,4,4,1
33379,6,4,4,1
33380,5,4,4,1
33381,6,5,5,1
33382,6,4,4,1
33383,7,5,5,1
33384,5,4,4,1
33385,6,5,5,1
33386,6,4,4,1
33387,7,5,5,1
33388,6,4,4,1
33389,7,5,5,1
33390,7,4,4,1
33391,8,5,5,1
33392,5,4,4,1
33393,6,5,5,1
33394,6,5,5,1
33395,7,5,5,1
33396,6,5,5,1
33397,7,6,6,1
33398,7,5,5,1
33399,8,6,6,1
33400,6,4,4,1
33401,7,5,5,1
33402,7,5,5,1
33403,8,5,5,1
33404,7,5,5,1
33405,8,6,6,1
33406,8,5,5,1
33407,9,6,6,1
33408,3,2,2,1
33409,4,3,3,1
33410,4,3,3,1
33411,5,3,3,1
33412,4,3,3,1
33413,5,4,4,1
33414,5,3,3,1
33415,6,4,4,1
33416,4,3,3,1
33417,5,4,4,1
33418,5,3,3,1
33419,6,4,4,1
33420,5,3,3,1
33421,6,4,4,1
33422,6,3,3,1
33423,7,4,4,1
33424,4,3,3,1
33425,5,4,4,1
33426,5,4,4,1
33427,6,4,4,1
33428,5,4,4,1
33429,6,5,5,1
33430,6,4,4,1
33431,7,5,5,1
33432,5,3,3,1
33433,6,4,4,1
33434,6,4,4,1
33435,7,4,4,1
33436,6,4,4,1
33437,7,5,5,1
33438,7,4,4,1
33439,8,5,5,1
33440,4,3,3,1
33441,5,4,4,1
33442,5,4,4,1
33443,6,4,4,1
33444,5,4,4,1
33445,6,5,5,1
33446,6,4,4,1
33447,7,5,5,1
33448,5,3,3,1
33449,6,4,4,1
33450,6,4,4,1
33451,7,4,4,1
33452,6,4,4,1
33453,7,5,5,1
33454,7,4,4,1
33455,8,5,5,1
33456,5,3,3,1
33457,6,4,4,1
33458,6,4,4,1
33459,7,4,4,1
33460,6,4,4,1
33461,7,5,5,1
33462,7,4,4,1
33463,8,5,5,1
33464,6,3,3,1
33465,7,4,4,1
33466,7,4,4,1
33467,8,4,4,1
33468,7,4,4,1
33469,8,5,5,1
33470,8,4,4,1
33471,9,5,5,1
33472,4,3,3,1
33473,5,4,4,1
33474,5,4,4,1
33475,6,4,4,1
33476,5,4,4,1
33477,6,5,5,1
33478,6,4,4,1
33479,7,5,5,1
33480,5,4,4,1
33481,6,5,5,1
33482,6,4,4,1
33483,7,5,5,1
33484,6,4,4,1
33485,7,5,5,1
33486,7,4,4,1
33487,8,5,5,1
33488,5,4,4,1
33489,6,5,5,1
33490,6,5,5,1
33491,7,5,5,1
33492,6,5,5,1
33493,7,6,6,1
33494,7,5,5,1
33495,8,6,6,1
33496,6,4,4,1
33497,7,5,5,1
33498,7,5,5,1
33499,8,5,5,1
33500,7,5,5,1
33501,8,6,6,1
33502,8,5,5,1
33503,9,6,6,1
33504,5,3,3,1
33505,6,4,4,1
33506,6,4,4,1
33507,7,4,4,1
33508,6,4,4,1
33509,7,5,5,1
33510,7,4,4,1
33511,8,5,5,1
33512,6,4,4,1
33513,7,5,5,1
33514,7,4,4,1
33515,8,5,5,1
33516,7,4,4,1
33517,8,5,5,1
33518,8,4,4,1
33519,9,5,5,1
33520,6,4,4,1
33521,7,5,5,1
33522,7,5,5,1
33523,8,5,5,1
33524,7,5,5,1
33525,8,6,6,1
33526,8,5,5,1
33527,9,6,6,1
33528,7,4,4,1
33529,8,5,5,1
33530,8,5,5,1
33531,9,5,5,1
33532,8,5,5,1
33533,9,6,6,1
33534,9,5,5,1
33535,10,6,6,1
33536,3,2,2,1
33537,4,3,3,1
33538,4,3,3,1
33539,5,3,3,1
33540,4,3,3,1
33541,5,4,4,1
33542,5,3,3,1
33543,6,4,4,1
33544,4,3,3,1
33545,5,4,4,1
33546,5,3,3,1
33547,6,4,4,1
33548,5,3,3,1
33549,6,4,4,1
33550,6,3,3,1
33551,7,4,4,1
33552,4,3,3,1
33553,5,4,4,1
33554,5,4,4,1
33555,6,4,4,1
33556,5,4,4,1
33557,6,5,5,1
33558,6,4,4,1
33559,7,5,5,1
33560,5,3,3,1
33561,6,4,4,1
33562,6,4,4,1
33563,7,4,4,1
33564,6,4,4,1
33565,7,5,5,1
33566,7,4,4,1
33567,8,5,5,1
33568,4,3,3,1
33569,5,4,4,1
33570,5,4,4,1
33571,6,4,4,1
33572,5,4,4,1
33573,6,5,5,1
33574,6,4,4,1
33575,7,5,5,1
33576,5,3,3,1
33577,6,4,4,1
33578,6,4,4,1
33579,7,4,4,1
33580,6,4,4,1
33581,7,5,5,1
33582,7,4,4,1
33583,8,5,5,1
33584,5,3,3,1
33585,6,4,4,1
33586,6,4,4,1
33587,7,4,4,1
33588,6,4,4,1
33589,7,5,5,1
33590,7,4,4,1
33591,8,5,5,1
33592,6,3,3,1
33593,7,4,4,1
33594,7,4,4,1
33595,8,4,4,1
33596,7,4,4,1
33597,8,5,5,1
33598,8,4,4,1
33599,9,5,5,1
33600,4,3,3,1
33601,5,4,4,1
33602,5,4,4,1
33603,6,4,4,1
33604,5,4,4,1
33605,6,5,5,1
33606,6,4,4,1
33607,7,5,5,1
33608,5,4,4,1
33609,6,5,5,1
33610,6,4,4,1
33611,7,5,5,1
33612,6,4,4,1
33613,7,5,5,1
33614,7,4,4,1
33615,8,5,5,1
33616,5,4,4,1
33617,6,5,5,1
33618,6,5,5,1
33619,7,5,5,1
33620,6,5,5,1
33621,7,6,6,1
33622,7,5,5,1
33623,8,6,6,1
33624,6,4,4,1
33625,7,5,5,1
33626,7,5,5,1
33627,8,5,5,1
33628,7,5,5,1
33629,8,6,6,1
33630,8,5,5,1
33631,9,6,6,1
33632,5,3,3,1
33633,6,4,4,1
33634,6,4,4,1
33635,7,4,4,1
33636,6,4,4,1
33637,7,5,5,1
33638,7,4,4,1
33639,8,5,5,1
33640,6,4,4,1
33641,7,5,5,1
33642,7,4,4,1
33643,8,5,5,1
33644,7,4,4,1
33645,8,5,5,1
33646,8,4,4,1
33647,9,5,5,1
33648,6,4,4,1
33649,7,5,5,1
33650,7,5,5,1
33651,8,5,5,1
33652,7,5,5,1
33653,8,6,6,1
33654,8,5,5,1
33655,9,6,6,1
33656,7,4,4,1
33657,8,5,5,1
33658,8,5,5,1
33659,9,5,5,1
33660,8,5,5,1
33661,9,6,6,1
33662,9,5,5,1
33663,10,6,6,1
33664,4,2,2,1
33665,5,3,3,1
33666,5,3,3,1
33667,6,3,3,1
33668,5,3,3,1
33669,6,4,4,1
33670,6,3,3,1
33671,7,4,4,1
33672,5,3,3,1
33673,6,4,4,1
33674,6,3,3,1
33675,7,4,4,1
33676,6,3,3,1
33677,7,4,4,1
33678,7,3,3,1
33679,8,4,4,1
33680,5,3,3,1
33681,6,4,4,1
33682,6,4,4,1
33683,7,4,4,1
33684,6,4,4,1
33685,7,5,5,1
33686,7,4,4,1
33687,8,5,5,1
33688,6,3,3,1
33689,7,4,4,1
33690,7,4,4,1
33691,8,4,4,1
33692,7,4,4,1
33693,8,5,5,1
33694,8,4,4,1
33695,9,5,5,1
33696,5,3,3,1
33697,6,4,4,1
33698,6,4,4,1
33699,7,4,4,1
33700,6,4,4,1
33701,7,5,5,1
33702,7,4,4,1
33703,8,5,5,1
33704,6,3,3,1
33705,7,4,4,1
33706,7,4,4,1
33707,8,4,4,1
33708,7,4,4,1
33709,8,5,5,1
33710,8,4,4,1
33711,9,5,5,1
33712,6,3,3,1
33713,7,4,4,1
33714,7,4,4,1
33715,8,4,4,1
33716,7,4,4,1
33717,8,5,5,1
33718,8,4,4,1
33719,9,5,5,1
33720,7,3,3,1
33721,8,4,4,1
33722,8,4,4,1
33723,9,4,4,1
33724,8,4,4,1
33725,9,5,5,1
33726,9,4,4,1
33727,10,5,5,1
33728,5,3,3,1
33729,6,4,4,1
33730,6,4,4,1
33731,7,4,4,1
33732,6,4,4,1
33733,7,5,5,1
33734,7,4,4,1
33735,8,5,5,1
33736,6,4,4,1
33737,7,5,5,1
33738,7,4,4,1
33739,8,5,5,1
33740,7,4,4,1
33741,8,5,5,1
33742,8,4,4,1
33743,9,5,5,1
33744,6,4,4,1
33745,7,5,5,1
33746,7,5,5,1
33747,8,5,5,1
33748,7,5,5,1
33749,8,6,6,1
33750,8,5,5,1
33751,9,6,6,1
33752,7,4,4,1
33753,8,5,5,1
33754,8,5,5,1
33755,9,5,5,1
33756,8,5,5,1
33757,9,6,6,1
33758,9,5,5,1
33759,10,6,6,1
33760,6,3,3,1
33761,7,4,4,1
33762,7,4,4,1
33763,8,4,4,1
33764,7,4,4,1
33765,8,5,5,1
33766,8,4,4,1
33767,9,5,5,1
33768,7,4,4,1
33769,8,5,5,1
33770,8,4,4,1
33771,9,5,5,1
33772,8,4,4,1
33773,9,5,5,1
33774,9,4,4,1
33775,10,5,5,1
33776,7,4,4,1
33777,8,5,5,1
33778,8,5,5,1
33779,9,5,5,1
33780,8,5,5,1
33781,9,6,6,1
33782,9,5,5,1
33783,10,6,6,1
33784,8,4,4,1
33785,9,5,5,1
33786,9,5,5,1
33787,10,5,5,1
33788,9,5,5,1
33789,10,6,6,1
33790,10,5,5,1
33791,11,6,6,1
33792,2,2,2,1
33793,3,3,3,1
33794,3,3,3,1
33795,4,3,3,1
33796,3,3,3,1
33797,4,4,4,1
33798,4,3,3,1
33799,5,4,4,1
33800,3,3,3,1
33801,4,4,4,1
33802,4,3,3,1
33803,5,4,4,1
33804,4,3,3,1
33805,5,4,4,1
33806,5,3,3,1
33807,6,4,4,1
33808,3,3,3,1
33809,4,4,4,1
33810,4,4,4,1
33811,5,4,4,1
33812,4,4,4,1
33813,5,5,5,1
33814,5,4,4,1
33815,6,5,5,1
33816,4,3,3,1
33817,5,4,4,1
33818,5,4,4,1
33819,6,4,4,1
33820,5,4,4,1
33821,6,5,5,1
33822,6,4,4,1
33823,7,5,5,1
33824,3,3,3,1
33825,4,4,4,1
33826,4,4,4,1
33827,5,4,4,1
33828,4,4,4,1
33829,5,5,5,1
33830,5,4,4,1
33831,6,5,5,1
33832,4,3,3,1
33833,5,4,4,1
33834,5,4,4,1
33835,6,4,4,1
33836,5,4,4,1
33837,6,5,5,1
33838,6,4,4,1
33839,7,5,5,1
33840,4,3,3,1
33841,5,4,4,1
33842,5,4,4,1
33843,6,4,4,1
33844,5,4,4,1
33845,6,5,5,1
33846,6,4,4,1
33847,7,5,5,1
33848,5,3,3,1
33849,6,4,4,1
33850,6,4,4,1
33851,7,4,4,1
33852,6,4,4,1
33853,7,5,5,1
33854,7,4,4,1
33855,8,5,5,1
33856,3,3,3,1
33857,4,4,4,1
33858,4,4,4,1
33859,5,4,4,1
33860,4,4,4,1
33861,5,5,5,1
33862,5,4,4,1
33863,6,5,5,1
33864,4,4,4,1
33865,5,5,5,1
33866,5,4,4,1
33867,6,5,5,1
33868,5,4,4,1
33869,6,5,5,1
33870,6,4,4,1
33871,7,5,5,1
33872,4,4,4,1
33873,5,5,5,1
33874,5,5,5,1
33875,6,5,5,1
33876,5,5,5,1
33877,6,6,6,1
33878,6,5,5,1
33879,7,6,6,1
33880,5,4,4,1
33881,6,5,5,1
33882,6,5,5,1
33883,7,5,5,1
33884,6,5,5,1
33885,7,6,6,1
33886,7,5,5,1
33887,8,6,6,1
33888,4,3,3,1
33889,5,4,4,1
33890,5,4,4,1
33891,6,4,4,1
33892,5,4,4,1
33893,6,5,5,1
33894,6,4,4,1
33895,7,5,5,1
33896,5,4,4,1
33897,6,5,5,1
33898,6,4,4,1
33899,7,5,5,1
33900,6,4,4,1
33901,7,5,5,1
33902,7,4,4,1
33903,8,5,5,1
33904,5,4,4,1
33905,6,5,5,1
33906,6,5,5,1
33907,7,5,5,1
33908,6,5,5,1
33909,7,6,6,1
33910,7,5,5,1
33911,8,6,6,1
33912,6,4,4,1
33913,7,5,5,1
33914,7,5,5,1
33915,8,5,5,1
33916,7,5,5,1
33917,8,6,6,1
33918,8,5,5,1
33919,9,6,6,1
33920,3,3,3,1
33921,4,4,4,1
33922,4,4,4,1
33923,5,4,4,1
33924,4,4,4,1
33925,5,5,5,1
33926,5,4,4,1
33927,6,5,5,1
33928,4,4,4,1
33929,5,5,5,1
33930,5,4,4,1
33931,6,5,5,1
33932,5,4,4,1
33933,6,5,5,1
33934,6,4,4,1
33935,7,5,5,1
33936,4,4,4,1
33937,5,5,5,1
33938,5,5,5,1
33939,6,5,5,1
33940,5,5,5,1
33941,6,6,6,1
33942,6,5,5,1
33943,7,6,6,1
33944,5,4,4,1
33945,6,5,5,1
33946,6,5,5,1
33947,7,5,5,1
33948,6,5,5,1
33949,7,6,6,1
33950,7,5,5,1
33951,8,6,6,1
33952,4,3,3,1
33953,5,4,4,1
33954,5,4,4,1
33955,6,4,4,1
33956,5,4,4,1
33957,6,5,5,1
33958,6,4,4,1
33959,7,5,5,1
33960,5,4,4,1
33961,6,5,5,1
33962,6,4,4,1
33963,7,5,5,1
33964,6,4,4,1
33965,7,5,5,1
33966,7,4,4,1
33967,8,5,5,1
33968,5,4,4,1
33969,6,5,5,1
33970,6,5,5,1
33971,7,5,5,1
33972,6,5,5,1
33973,7,6,6,1
33974,7,5,5,1
33975,8,6,6,1
33976,6,4,4,1
33977,7,5,5,1
33978,7,5,5,1
33979,8,5,5,1
33980,7,5,5,1
33981,8,6,6,1
33982,8,5,5,1
33983,9,6,6,1
33984,4,3,3,1
33985,5,4,4,1
33986,5,4,4,1
33987,6,4,4,1
33988,5,4,4,1
33989,6,5,5,1
33990,6,4,4,1
33991,7,5,5,1
33992,5,4,4,1
33993,6,5,5,1
33994,6,4,4,1
33995,7,5,5,1
33996,6,4,4,1
33997,7,5,5,1
33998,7,4,4,1
33999,8,5,5,1
34000,5,4,4,1
34001,6,5,5,1
34002,6,5,5,1
34003,7,5,5,1
34004,6,5,5,1
34005,7,6,6,1
34006,7,5,5,1
34007,8,6,6,1
34008,6,4,4,1
34009,7,5,5,1
34010,7,5,5,1
34011,8,5,5,1
34012,7,5,5,1
34013,8,6,6,1
34014,8,5,5,1
34015,9,6,6,1
34016,5,3,3,1
34017,6,4,4,1
34018,6,4,4,1
34019,7,4,4,1
34020,6,4,4,1
34021,7,5,5,1
34022,7,4,4,1
34023,8,5,5,1
34024,6,4,4,1
34025,7,5,5,1
34026,7,4,4,1
34027,8,5,5,1
34028,7,4,4,1
34029,8,5,5,1
34030,8,4,4,1
34031,9,5,5,1
34032,6,4,4,1
34033,7,5,5,1
34034,7,5,5,1
34035,8,5,5,1
34036,7,5,5,1
34037,8,6,6,1
34038,8,5,5,1
34039,9,6,6,1
34040,7,4,4,1
34041,8,5,5,1
34042,8,5,5,1
34043,9,5,5,1
34044,8,5,5,1
34045,9,6,6,1
34046,9,5,5,1
34047,10,6,6,1
34048,3,3,3,1
34049,4,4,4,1
34050,4,4,4,1
34051,5,4,4,1
34052,4,4,4,1
34053,5,5,5,1
34054,5,4,4,1
34055,6,5,5,1
34056,4,4,4,1
34057,5,5,5,1
34058,5,4,4,1
34059,6,5,5,1
34060,5,4,4,1
34061,6,5,5,1
34062,6,4,4,1
34063,7,5,5,1
34064,4,4,4,1
34065,5,5,5,1
34066,5,5,5,1
34067,6,5,5,1
34068,5,5,5,1
34069,6,6,6,1
34070,6,5,5,1
34071,7,6,6,1
34072,5,4,4,1
34073,6,5,5,1
34074,6,5,5,1
34075,7,5,5,1
34076,6,5,5,1
34077,7,6,6,1
34078,7,5,5,1
34079,8,6,6,1
34080,4,4,4,1
34081,5,5,5,1
34082,5,5,5,1
34083,6,5,5,1
34084,5,5,5,1
34085,6,6,6,1
34086,6,5,5,1
34087,7,6,6,1
34088,5,4,4,1
34089,6,5,5,1
34090,6,5,5,1
34091,7,5,5,1
34092,6,5,5,1
34093,7,6,6,1
34094,7,5,5,1
34095,8,6,6,1
34096,5,4,4,1
34097,6,5,5,1
34098,6,5,5,1
34099,7,5,5,1
34100,6,5,5,1
34101,7,6,6,1
34102,7,5,5,1
34103,8,6,6,1
34104,6,4,4,1
34105,7,5,5,1
34106,7,5,5,1
34107,8,5,5,1
34108,7,5,5,1
34109,8,6,6,1
34110,8,5,5,1
34111,9,6,6,1
34112,4,4,4,1
34113,5,5,5,1
34114,5,5,5,1
34115,6,5,5,1
34116,5,5,5,1
34117,6,6,6,1
34118,6,5,5,1
34119,7,6,6,1
34120,5,5,5,1
34121,6,6,6,1
34122,6,5,5,1
34123,7,6,6,1
34124,6,5,5,1
34125,7,6,6,1
34126,7,5,5,1
34127,8,6,6,1
34128,5,5,5,1
34129,6,6,6,1
34130,6,6,6,1
34131,7,6,6,1
34132,6,6,6,1
34133,7,7,7,1
34134,7,6,6,1
34135,8,7,7,1
34136,6,5,5,1
34137,7,6,6,1
34138,7,6,6,1
34139,8,6,6,1
34140,7,6,6,1
34141,8,7,7,1
34142,8,6,6,1
34143,9,7,7,1
34144,5,4,4,1
34145,6,5,5,1
34146,6,5,5,1
34147,7,5,5,1
34148,6,5,5,1
34149,7,6,6,1
34150,7,5,5,1
34151,8,6,6,1
34152,6,5,5,1
34153,7,6,6,1
34154,7,5,5,1
34155,8,6,6,1
34156,7,5,5,1
34157,8,6,6,1
34158,8,5,5,1
34159,9,6,6,1
34160,6,5,5,1
34161,7,6,6,1
34162,7,6,6,1
34163,8,6,6,1
34164,7,6,6,1
34165,8,7,7,1
34166,8,6,6,1
34167,9,7,7,1
34168,7,5,5,1
34169,8,6,6,1
34170,8,6,6,1
34171,9,6,6,1
34172,8,6,6,1
34173,9,7,7,1
34174,9,6,6,1
34175,10,7,7,1
34176,4,3,3,1
34177,5,4,4,1
34178,5,4,4,1
34179,6,4,4,1
34180,5,4,4,1
34181,6,5,5,1
34182,6,4,4,1
34183,7,5,5,1
34184,5,4,4,1
34185,6,5,5,1
34186,6,4,4,1
34187,7,5,5,1
34188,6,4,4,1
34189,7,5,5,1
34190,7,4,4,1
34191,8,5,5,1
34192,5,4,4,1
34193,6,5,5,1
34194,6,5,5,1
34195,7,5,5,1
34196,6,5,5,1
34197,7,6,6,1
34198,7,5,5,1
34199,8,6,6,1
34200,6,4,4,1
34201,7,5,5,1
34202,7,5,5,1
34203,8,5,5,1
34204,7,5,5,1
34205,8,6,6,1
34206,8,5,5,1
34207,9,6,6,1
34208,5,4,4,1
34209,6,5,5,1
34210,6,5,5,1
34211,7,5,5,1
34212,6,5,5,1
34213,7,6,6,1
34214,7,5,5,1
34215,8,6,6,1
34216,6,4,4,1
34217,7,5,5,1
34218,7,5,5,1
34219,8,5,5,1
34220,7,5,5,1
34221,8,6,6,1
34222,8,5,5,1
34223,9,6,6,1
34224,6,4,4,1
34225,7,5,5,1
34226,7,5,5,1
34227,8,5,5,1
34228,7,5,5,1
34229,8,6,6,1
34230,8,5,5,1
34231,9,6,6,1
34232,7,4,4,1
34233,8,5,5,1
34234,8,5,5,1
34235,9,5,5,1
34236,8,5,5,1
34237,9,6,6,1
34238,9,5,5,1
34239,10,6,6,1
34240,5,4,4,1
34241,6,5,5,1
34242,6,5,5,1
34243,7,5,5,1
34244,6,5,5,1
34245,7,6,6,1
34246,7,5,5,1
34247,8,6,6,1
34248,6,5,5,1
34249,7,6,6,1
34250,7,5,5,1
34251,8,6,6,1
34252,7,5,5,1
34253,8,6,6,1
34254,8,5,5,1
34255,9,6,6,1
34256,6,5,5,1
34257,7,6,6,1
34258,7,6,6,1
34259,8,6,6,1
34260,7,6,6,1
34261,8,7,7,1
34262,8,6,6,1
34263,9,7,7,1
34264,7,5,5,1
34265,8,6,6,1
34266,8,6,6,1
34267,9,6,6,1
34268,8,6,6,1
34269,9,7,7,1
34270,9,6,6,1
34271,10,7,7,1
34272,6,4,4,1
34273,7,5,5,1
34274,7,5,5,1
34275,8,5,5,1
34276,7,5,5,1
34277,8,6,6,1
34278,8,5,5,1
34279,9,6,6,1
34280,7,5,5,1
34281,8,6,6,1
34282,8,5,5,1
34283,9,6,6,1
34284,8,5,5,1
34285,9,6,6,1
34286,9,5,5,1
34287,10,6,6,1
34288,7,5,5,1
34289,8,6,6,1
34290,8,6,6,1
34291,9,6,6,1
34292,8,6,6,1
34293,9,7,7,1
34294,9,6,6,1
34295,10,7,7,1
34296,8,5,5,1
34297,9,6,6,1
34298,9,6,6,1
34299,10,6,6,1
34300,9,6,6,1
34301,10,7,7,1
34302,10,6,6,1
34303,11,7,7,1
34304,3,2,2,1
34305,4,3,3,1
34306,4,3,3,1
34307,5,3,3,1
34308,4,3,3,1
34309,5,4,4,1
34310,5,3,3,1
34311,6,4,4,1
34312,4,3,3,1
34313,5,4,4,1
34314,5,3,3,1
34315,6,4,4,1
34316,5,3,3,1
34317,6,4,4,1
34318,6,3,3,1
34319,7,4,4,1
34320,4,3,3,1
34321,5,4,4,1
34322,5,4,4,1
34323,6,4,4,1
34324,5,4,4,1
34325,6,5,5,1
34326,6,4,4,1
34327,7,5,5,1
34328,5,3,3,1
34329,6,4,4,1
34330,6,4,4,1
34331,7,4,4,1
34332,6,4,4,1
34333,7,5,5,1
34334,7,4,4,1
34335,8,5,5,1
34336,4,3,3,1
34337,5,4,4,1
34338,5,4,4,1
34339,6,4,4,1
34340,5,4,4,1
34341,6,5,5,1
34342,6,4,4,1
34343,7,5,5,1
34344,5,3,3,1
34345,6,4,4,1
34346,6,4,4,1
34347,7,4,4,1
34348,6,4,4,1
34349,7,5,5,1
34350,7,4,4,1
34351,8,5,5,1
34352,5,3,3,1
34353,6,4,4,1
34354,6,4,4,1
34355,7,4,4,1
34356,6,4,4,1
34357,7,5,5,1
34358,7,4,4,1
34359,8,5,5,1
34360,6,3,3,1
34361,7,4,4,1
34362,7,4,4,1
34363,8,4,4,1
34364,7,4,4,1
34365,8,5,5,1
34366,8,4,4,1
34367,9,5,5,1
34368,4,3,3,1
34369,5,4,4,1
34370,5,4,4,1
34371,6,4,4,1
34372,5,4,4,1
34373,6,5,5,1
34374,6,4,4,1
34375,7,5,5,1
34376,5,4,4,1
34377,6,5,5,1
34378,6,4,4,1
34379,7,5,5,1
34380,6,4,4,1
34381,7,5,5,1
34382,7,4,4,1
34383,8,5,5,1
34384,5,4,4,1
34385,6,5,5,1
34386,6,5,5,1
34387,7,5,5,1
34388,6,5,5,1
34389,7,6,6,1
34390,7,5,5,1
34391,8,6,6,1
34392,6,4,4,1
34393,7,5,5,1
34394,7,5,5,1
34395,8,5,5,1
34396,7,5,5,1
34397,8,6,6,1
34398,8,5,5,1
34399,9,6,6,1
34400,5,3,3,1
34401,6,4,4,1
34402,6,4,4,1
34403,7,4,4,1
34404,6,4,4,1
34405,7,5,5,1
34406,7,4,4,1
34407,8,5,5,1
34408,6,4,4,1
34409,7,5,5,1
34410,7,4,4,1
34411,8,5,5,1
34412,7,4,4,1
34413,8,5,5,1
34414,8,4,4,1
34415,9,5,5,1
34416,6,4,4,1
34417,7,5,5,1
34418,7,5,5,1
34419,8,5,5,1
34420,7,5,5,1
34421,8,6,6,1
34422,8,5,5,1
34423,9,6,6,1
34424,7,4,4,1
34425,8,5,5,1
34426,8,5,5,1
34427,9,5,5,1
34428,8,5,5,1
34429,9,6,6,1
34430,9,5,5,1
34431,10,6,6,1
34432,4,3,3,1
34433,5,4,4,1
34434,5,4,4,1
34435,6,4,4,1
34436,5,4,4,1
34437,6,5,5,1
34438,6,4,4,1
34439,7,5,5,1
34440,5,4,4,1
34441,6,5,5,1
34442,6,4,4,1
34443,7,5,5,1
34444,6,4,4,1
34445,7,5,5,1
34446,7,4,4,1
34447,8,5,5,1
34448,5,4,4,1
34449,6,5,5,1
34450,6,5,5,1
34451,7,5,5,1
34452,6,5,5,1
34453,7,6,6,1
34454,7,5,5,1
34455,8,6,6,1
34456,6,4,4,1
34457,7,5,5,1
34458,7,5,5,1
34459,8,5,5,1
34460,7,5,5,1
34461,8,6,6,1
34462,8,5,5,1
34463,9,6,6,1
34464,5,3,3,1
34465,6,4,4,1
34466,6,4,4,1
34467,7,4,4,1
34468,6,4,4,1
34469,7,5,5,1
34470,7,4,4,1
34471,8,5,5,1
34472,6,4,4,1
34473,7,5,5,1
34474,7,4,4,1
34475,8,5,5,1
34476,7,4,4,1
34477,8,5,5,1
34478,8,4,4,1
34479,9,5,5,1
34480,6,4,4,1
34481,7,5,5,1
34482,7,5,5,1
34483,8,5,5,1
34484,7,5,5,1
34485,8,6,6,1
34486,8,5,5,1
34487,9,6,6,1
34488,7,4,4,1
34489,8,5,5,1
34490,8,5,5,1
34491,9,5,5,1
34492,8,5,5,1
34493,9,6,6,1
34494,9,5,5,1
34495,10,6,6,1
34496,5,3,3,1
34497,6,4,4,1
34498,6,4,4,1
34499,7,4,4,1
34500,6,4,4,1
34501,7,5,5,1
34502,7,4,4,1
34503,8,5,5,1
34504,6,4,4,1
34505,7,5,5,1
34506,7,4,4,1
34507,8,5,5,1
34508,7,4,4,1
34509,8,5,5,1
34510,8,4,4,1
34511,9,5,5,1
34512,6,4,4,1
34513,7,5,5,1
34514,7,5,5,1
34515,8,5,5,1
34516,7,5,5,1
34517,8,6,6,1
34518,8,5,5,1
34519,9,6,6,1
34520,7,4,4,1
34521,8,5,5,1
34522,8,5,5,1
34523,9,5,5,1
34524,8,5,5,1
34525,9,6,6,1
34526,9,5,5,1
34527,10,6,6,1
34528,6,3,3,1
34529,7,4,4,1
34530,7,4,4,1
34531,8,4,4,1
34532,7,4,4,1
34533,8,5,5,1
34534,8,4,4,1
34535,9,5,5,1
34536,7,4,4,1
34537,8,5,5,1
34538,8,4,4,1
34539,9,5,5,1
34540,8,4,4,1
34541,9,5,5,1
34542,9,4,4,1
34543,10,5,5,1
34544,7,4,4,1
34545,8,5,5,1
34546,8,5,5,1
34547,9,5,5,1
34548,8,5,5,1
34549,9,6,6,1
34550,9,5,5,1
34551,10,6,6,1
34552,8,4,4,1
34553,9,5,5,1
34554,9,5,5,1
34555,10,5,5,1
34556,9,5,5,1
34557,10,6,6,1
34558,10,5,5,1
34559,11,6,6,1
34560,4,3,3,1
34561,5,4,4,1
34562,5,4,4,1
34563,6,4,4,1
34564,5,4,4,1
34565,6,5,5,1
34566,6,4,4,1
34567,7,5,5,1
34568,5,4,4,1
34569,6,5,5,1
34570,6,4,4,1
34571,7,5,5,1
34572,6,4,4,1
34573,7,5,5,1
34574,7,4,4,1
34575,8,5,5,1
34576,5,4,4,1
34577,6,5,5,1
34578,6,5,5,1
34579,7,5,5,1
34580,6,5,5,1
34581,7,6,6,1
34582,7,5,5,1
34583,8,6,6,1
34584,6,4,4,1
34585,7,5,5,1
34586,7,5,5,1
34587,8,5,5,1
34588,7,5,5,1
34589,8,6,6,1
34590,8,5,5,1
34591,9,6,6,1
34592,5,4,4,1
34593,6,5,5,1
34594,6,5,5,1
34595,7,5,5,1
34596,6,5,5,1
34597,7,6,6,1
34598,7,5,5,1
34599,8,6,6,1
34600,6,4,4,1
34601,7,5,5,1
34602,7,5,5,1
34603,8,5,5,1
34604,7,5,5,1
34605,8,6,6,1
34606,8,5,5,1
34607,9,6,6,1
34608,6,4,4,1
34609,7,5,5,1
34610,7,5,5,1
34611,8,5,5,1
34612,7,5,5,1
34613,8,6,6,1
34614,8,5,5,1
34615,9,6,6,1
34616,7,4,4,1
34617,8,5,5,1
34618,8,5,5,1
34619,9,5,5,1
34620,8,5,5,1
34621,9,6,6,1
34622,9,5,5,1
34623,10,6,6,1
34624,5,4,4,1
34625,6,5,5,1
34626,6,5,5,1
34627,7,5,5,1
34628,6,5,5,1
34629,7,6,6,1
34630,7,5,5,1
34631,8,6,6,1
34632,6,5,5,1
34633,7,6,6,1
34634,7,5,5,1
34635,8,6,6,1
34636,7,5,5,1
34637,8,6,6,1
34638,8,5,5,1
34639,9,6,6,1
34640,6,5,5,1
34641,7,6,6,1
34642,7,6,6,1
34643,8,6,6,1
34644,7,6,6,1
34645,8,7,7,1
34646,8,6,6,1
34647,9,7,7,1
34648,7,5,5,1
34649,8,6,6,1
34650,8,6,6,1
34651,9,6,6,1
34652,8,6,6,1
34653,9,7,7,1
34654,9,6,6,1
34655,10,7,7,1
34656,6,4,4,1
34657,7,5,5,1
34658,7,5,5,1
34659,8,5,5,1
34660,7,5,5,1
34661,8,6,6,1
34662,8,5,5,1
34663,9,6,6,1
34664,7,5,5,1
34665,8,6,6,1
34666,8,5,5,1
34667,9,6,6,1
34668,8,5,5,1
34669,9,6,6,1
34670,9,5,5,1
34671,10,6,6,1
34672,7,5,5,1
34673,8,6,6,1
34674,8,6,6,1
34675,9,6,6,1
34676,8,6,6,1
34677,9,7,7,1
34678,9,6,6,1
34679,10,7,7,1
34680,8,5,5,1
34681,9,6,6,1
34682,9,6,6,1
34683,10,6,6,1
34684,9,6,6,1
34685,10,7,7,1
34686,10,6,6,1
34687,11,7,7,1
34688,5,3,3,1
34689,6,4,4,1
34690,6,4,4,1
34691,7,4,4,1
34692,6,4,4,1
34693,7,5,5,1
34694,7,4,4,1
34695,8,5,5,1
34696,6,4,4,1
34697,7,5,5,1
34698,7,4,4,1
34699,8,5,5,1
34700,7,4,4,1
34701,8,5,5,1
34702,8,4,4,1
34703,9,5,5,1
34704,6,4,4,1
34705,7,5,5,1
34706,7,5,5,1
34707,8,5,5,1
34708,7,5,5,1
34709,8,6,6,1
34710,8,5,5,1
34711,9,6,6,1
34712,7,4,4,1
34713,8,5,5,1
34714,8,5,5,1
34715,9,5,5,1
34716,8,5,5,1
34717,9,6,6,1
34718,9,5,5,1
34719,10,6,6,1
34720,6,4,4,1
34721,7,5,5,1
34722,7,5,5,1
34723,8,5,5,1
34724,7,5,5,1
34725,8,6,6,1
34726,8,5,5,1
34727,9,6,6,1
34728,7,4,4,1
34729,8,5,5,1
34730,8,5,5,1
34731,9,5,5,1
34732,8,5,5,1
34733,9,6,6,1
34734,9,5,5,1
34735,10,6,6,1
34736,7,4,4,1
34737,8,5,5,1
34738,8,5,5,1
34739,9,5,5,1
34740,8,5,5,1
34741,9,6,6,1
34742,9,5,5,1
34743,10,6,6,1
34744,8,4,4,1
34745,9,5,5,1
34746,9,5,5,1
34747,10,5,5,1
34748,9,5,5,1
34749,10,6,6,1
34750,10,5,5,1
34751,11,6,6,1
34752,6,4,4,1
34753,7,5,5,1
34754,7,5,5,1
34755,8,5,5,1
34756,7,5,5,1
34757,8,6,6,1
34758,8,5,5,1
34759,9,6,6,1
34760,7,5,5,1
34761,8,6,6,1
34762,8,5,5,1
34763,9,6,6,1
34764,8,5,5,1
34765,9,6,6,1
34766,9,5,5,1
34767,10,6,6,1
34768,7,5,5,1
34769,8,6,6,1
34770,8,6,6,1
34771,9,6,6,1
34772,8,6,6,1
34773,9,7,7,1
34774,9,6,6,1
34775,10,7,7,1
34776,8,5,5,1
34777,9,6,6,1
34778,9,6,6,1
34779,10,6,6,1
34780,9,6,6,1
34781,10,7,7,1
34782,10,6,6,1
34783,11,7,7,1
34784,7,4,4,1
34785,8,5,5,1
34786,8,5,5,1
34787,9,5,5,1
34788,8,5,5,1
34789,9,6,6,1
34790,9,5,5,1
34791,10,6,6,1
34792,8,5,5,1
34793,9,6,6,1
34794,9,5,5,1
34795,10,6,6,1
34796,9,5,5,1
34797,10,6,6,1
34798,10,5,5,1
34799,11,6,6,1
34800,8,5,5,1
34801,9,6,6,1
34802,9,6,6,1
34803,10,6,6,1
34804,9,6,6,1
34805,10,7,7,1
34806,10,6,6,1
34807,11,7,7,1
34808,9,5,5,1
34809,10,6,6,1
34810,10,6,6,1
34811,11,6,6,1
34812,10,6,6,1
34813,11,7,7,1
34814,11,6,6,1
34815,12,7,7,1
34816,2,2,2,1
34817,3,3,3,1
34818,3,3,3,1
34819,4,3,3,1
34820,3,3,3,1
34821,4,4,4,1
34822,4,3,3,1
34823,5,4,4,1
34824,3,3,3,1
34825,4,4,4,1
34826,4,3,3,1
34827,5,4,4,1
34828,4,3,3,1
34829,5,4,4,1
34830,5,3,3,1
34831,6,4,4,1
34832,3,3,3,1
34833,4,4,4,1
34834,4,4,4,1
34835,5,4,4,1
34836,4,4,4,1
34837,5,5,5,1
34838,5,4,4,1
34839,6,5,5,1
34840,4,3,3,1
34841,5,4,4,1
34842,5,4,4,1
34843,6,4,4,1
34844,5,4,4,1
34845,6,5,5,1
34846,6,4,4,1
34847,7,5,5,1
34848,3,3,3,1
34849,4,4,4,1
34850,4,4,4,1
34851,5,4,4,1
34852,4,4,4,1
34853,5,5,5,1
34854,5,4,4,1
34855,6,5,5,1
34856,4,3,3,1
34857,5,4,4,1
34858,5,4,4,1
34859,6,4,4,1
34860,5,4,4,1
34861,6,5,5,1
34862,6,4,4,1
34863,7,5,5,1
34864,4,3,3,1
34865,5,4,4,1
34866,5,4,4,1
34867,6,4,4,1
34868,5,4,4,1
34869,6,5,5,1
34870,6,4,4,1
34871,7,5,5,1
34872,5,3,3,1
34873,6,4,4,1
34874,6,4,4,1
34875,7,4,4,1
34876,6,4,4,1
34877,7,5,5,1
34878,7,4,4,1
34879,8,5,5,1
34880,3,3,3,1
34881,4,4,4,1
34882,4,4,4,1
34883,5,4,4,1
34884,4,4,4,1
34885,5,5,5,1
34886,5,4,4,1
34887,6,5,5,1
34888,4,4,4,1
34889,5,5,5,1
34890,5,4,4,1
34891,6,5,5,1
34892,5,4,4,1
34893,6,5,5,1
34894,6,4,4,1
34895,7,5,5,1
34896,4,4,4,1
34897,5,5,5,1
34898,5,5,5,1
34899,6,5,5,1
34900,5,5,5,1
34901,6,6,6,1
34902,6,5,5,1
34903,7,6,6,1
34904,5,4,4,1
34905,6,5,5,1
34906,6,5,5,1
34907,7,5,5,1
34908,6,5,5,1
34909,7,6,6,1
34910,7,5,5,1
34911,8,6,6,1
34912,4,3,3,1
34913,5,4,4,1
34914,5,4,4,1
34915,6,4,4,1
34916,5,4,4,1
34917,6,5,5,1
34918,6,4,4,1
34919,7,5,5,1
34920,5,4,4,1
34921,6,5,5,1
34922,6,4,4,1
34923,7,5,5,1
34924,6,4,4,1
34925,7,5,5,1
34926,7,4,4,1
34927,8,5,5,1
34928,5,4,4,1
34929,6,5,5,1
34930,6,5,5,1
34931,7,5,5,1
34932,6,5,5,1
34933,7,6,6,1
34934,7,5,5,1
34935,8,6,6,1
34936,6,4,4,1
34937,7,5,5,1
34938,7,5,5,1
34939,8,5,5,1
34940,7,5,5,1
34941,8,6,6,1
34942,8,5,5,1
34943,9,6,6,1
34944,3,3,3,1
34945,4,4,4,1
34946,4,4,4,1
34947,5,4,4,1
34948,4,4,4,1
34949,5,5,5,1
34950,5,4,4,1
34951,6,5,5,1
34952,4,4,4,1
34953,5,5,5,1
34954,5,4,4,1
34955,6,5,5,1
34956,5,4,4,1
34957,6,5,5,1
34958,6,4,4,1
34959,7,5,5,1
34960,4,4,4,1
34961,5,5,5,1
34962,5,5,5,1
34963,6,5,5,1
34964,5,5,5,1
34965,6,6,6,1
34966,6,5,5,1
34967,7,6,6,1
34968,5,4,4,1
34969,6,5,5,1
34970,6,5,5,1
34971,7,5,5,1
34972,6,5,5,1
34973,7,6,6,1
34974,7,5,5,1
34975,8,6,6,1
34976,4,3,3,1
34977,5,4,4,1
34978,5,4,4,1
34979,6,4,4,1
34980,5,4,4,1
34981,6,5,5,1
34982,6,4,4,1
34983,7,5,5,1
34984,5,4,4,1
34985,6,5,5,1
34986,6,4,4,1
34987,7,5,5,1
34988,6,4,4,1
34989,7,5,5,1
34990,7,4,4,1
34991,8,5,5,1
34992,5,4,4,1
34993,6,5,5,1
34994,6,5,5,1
34995,7,5,5,1
34996,6,5,5,1
34997,7,6,6,1
34998,7,5,5,1
34999,8,6,6,1
35000,6,4,4,1
35001,7,5,5,1
35002,7,5,5,1
35003,8,5,5,1
35004,7,5,5,1
35005,8,6,6,1
35006,8,5,5,1
35007,9,6,6,1
35008,4,3,3,1
35009,5,4,4,1
35010,5,4,4,1
35011,6,4,4,1
35012,5,4,4,1
35013,6,5,5,1
35014,6,4,4,1
35015,7,5,5,1
35016,5,4,4,1
35017,6,5,5,1
35018,6,4,4,1
35019,7,5,5,1
35020,6,4,4,1
35021,7,5,5,1
35022,7,4,4,1
35023,8,5,5,1
35024,5,4,4,1
35025,6,5,5,1
35026,6,5,5,1
35027,7,5,5,1
35028,6,5,5,1
35029,7,6,6,1
35030,7,5,5,1
35031,8,6,6,1
35032,6,4,4,1
35033,7,5,5,1
35034,7,5,5,1
35035,8,5,5,1
35036,7,5,5,1
35037,8,6,6,1
35038,8,5,5,1
35039,9,6,6,1
35040,5,3,3,1
35041,6,4,4,1
35042,6,4,4,1
35043,7,4,4,1
35044,6,4,4,1
35045,7,5,5,1
35046,7,4,4,1
35047,8,5,5,1
35048,6,4,4,1
35049,7,5,5,1
35050,7,4,4,1
35051,8,5,5,1
35052,7,4,4,1
35053,8,5,5,1
35054,8,4,4,1
35055,9,5,5,1
35056,6,4,4,1
35057,7,5,5,1
35058,7,5,5,1
35059,8,5,5,1
35060,7,5,5,1
35061,8,6,6,1
35062,8,5,5,1
35063,9,6,6,1
35064,7,4,4,1
35065,8,5,5,1
35066,8,5,5,1
35067,9,5,5,1
35068,8,5,5,1
35069,9,6,6,1
35070,9,5,5,1
35071,10,6,6,1
35072,3,3,3,1
35073,4,4,4,1
35074,4,4,4,1
35075,5,4,4,1
35076,4,4,4,1
35077,5,5,5,1
35078,5,4,4,1
35079,6,5,5,1
35080,4,4,4,1
35081,5,5,5,1
35082,5,4,4,1
35083,6,5,5,1
35084,5,4,4,1
35085,6,5,5,1
35086,6,4,4,1
35087,7,5,5,1
35088,4,4,4,1
35089,5,5,5,1
35090,5,5,5,1
35091,6,5,5,1
35092,5,5,5,1
35093,6,6,6,1
35094,6,5,5,1
35095,7,6,6,1
35096,5,4,4,1
35097,6,5,5,1
35098,6,5,5,1
35099,7,5,5,1
35100,6,5,5,1
35101,7,6,6,1
35102,7,5,5,1
35103,8,6,6,1
35104,4,4,4,1
35105,5,5,5,1
35106,5,5,5,1
35107,6,5,5,1
35108,5,5,5,1
35109,6,6,6,1
35110,6,5,5,1
35111,7,6,6,1
35112,5,4,4,1
35113,6,5,5,1
35114,6,5,5,1
35115,7,5,5,1
35116,6,5,5,1
35117,7,6,6,1
35118,7,5,5,1
35119,8,6,6,1
35120,5,4,4,1
35121,6,5,5,1
35122,6,5,5,1
35123,7,5,5,1
35124,6,5,5,1
35125,7,6,6,1
35126,7,5,5,1
35127,8,6,6,1
35128,6,4,4,1
35129,7,5,5,1
35130,7,5,5,1
35131,8,5,5,1
35132,7,5,5,1
35133,8,6,6,1
35134,8,5,5,1
35135,9,6,6,1
35136,4,4,4,1
35137,5,5,5,1
35138,5,5,5,1
35139,6,5,5,1
35140,5,5,5,1
35141,6,6,6,1
35142,6,5,5,1
35143,7,6,6,1
35144,5,5,5,1
35145,6,6,6,1
35146,6,5,5,1
35147,7,6,6,1
35148,6,5,5,1
35149,7,6,6,1
35150,7,5,5,1
35151,8,6,6,1
35152,5,5,5,1
35153,6,6,6,1
35154,6,6,6,1
35155,7,6,6,1
35156,6,6,6,1
35157,7,7,7,1
35158,7,6,6,1
35159,8,7,7,1
35160,6,5,5,1
35161,7,6,6,1
35162,7,6,6,1
35163,8,6,6,1
35164,7,6,6,1
35165,8,7,7,1
35166,8,6,6,1
35167,9,7,7,1
35168,5,4,4,1
35169,6,5,5,1
35170,6,5,5,1
35171,7,5,5,1
35172,6,5,5,1
35173,7,6,6,1
35174,7,5,5,1
35175,8,6,6,1
35176,6,5,5,1
35177,7,6,6,1
35178,7,5,5,1
35179,8,6,6,1
35180,7,5,5,1
35181,8,6,6,1
35182,8,5,5,1
35183,9,6,6,1
35184,6,5,5,1
35185,7,6,6,1
35186,7,6,6,1
35187,8,6,6,1
35188,7,6,6,1
35189,8,7,7,1
35190,8,6,6,1
35191,9,7,7,1
35192,7,5,5,1
35193,8,6,6,1
35194,8,6,6,1
35195,9,6,6,1
35196,8,6,6,1
35197,9,7,7,1
35198,9,6,6,1
35199,10,7,7,1
35200,4,3,3,1
35201,5,4,4,1
35202,5,4,4,1
35203,6,4,4,1
35204,5,4,4,1
35205,6,5,5,1
35206,6,4,4,1
35207,7,5,5,1
35208,5,4,4,1
35209,6,5,5,1
35210,6,4,4,1
35211,7,5,5,1
35212,6,4,4,1
35213,7,5,5,1
35214,7,4,4,1
35215,8,5,5,1
35216,5,4,4,1
35217,6,5,5,1
35218,6,5,5,1
35219,7,5,5,1
35220,6,5,5,1
35221,7,6,6,1
35222,7,5,5,1
35223,8,6,6,1
35224,6,4,4,1
35225,7,5,5,1
35226,7,5,5,1
35227,8,5,5,1
35228,7,5,5,1
35229,8,6,6,1
35230,8,5,5,1
35231,9,6,6,1
35232,5,4,4,1
35233,6,5,5,1
35234,6,5,5,1
35235,7,5,5,1
35236,6,5,5,1
35237,7,6,6,1
35238,7,5,5,1
35239,8,6,6,1
35240,6,4,4,1
35241,7,5,5,1
35242,7,5,5,1
35243,8,5,5,1
35244,7,5,5,1
35245,8,6,6,1
35246,8,5,5,1
35247,9,6,6,1
35248,6,4,4,1
35249,7,5,5,1
35250,7,5,5,1
35251,8,5,5,1
35252,7,5,5,1
35253,8,6,6,1
35254,8,5,5,1
35255,9,6,6,1
35256,7,4,4,1
35257,8,5,5,1
35258,8,5,5,1
35259,9,5,5,1
35260,8,5,5,1
35261,9,6,6,1
35262,9,5,5,1
35263,10,6,6,1
35264,5,4,4,1
35265,6,5,5,1
35266,6,5,5,1
35267,7,5,5,1
35268,6,5,5,1
35269,7,6,6,1
35270,7,5,5,1
35271,8,6,6,1
35272,6,5,5,1
35273,7,6,6,1
35274,7,5,5,1
35275,8,6,6,1
35276,7,5,5,1
35277,8,6,6,1
35278,8,5,5,1
35279,9,6,6,1
35280,6,5,5,1
35281,7,6,6,1
35282,7,6,6,1
35283,8,6,6,1
35284,7,6,6,1
35285,8,7,7,1
35286,8,6,6,1
35287,9,7,7,1
35288,7,5,5,1
35289,8,6,6,1
35290,8,6,6,1
35291,9,6,6,1
35292,8,6,6,1
35293,9,7,7,1
35294,9,6,6,1
35295,10,7,7,1
35296,6,4,4,1
35297,7,5,5,1
35298,7,5,5,1
35299,8,5,5,1
35300,7,5,5,1
35301,8,6,6,1
35302,8,5,5,1
35303,9,6,6,1
35304,7,5,5,1
35305,8,6,6,1
35306,8,5,5,1
35307,9,6,6,1
35308,8,5,5,1
35309,9,6,6,1
35310,9,5,5,1
35311,10,6,6,1
35312,7,5,5,1
35313,8,6,6,1
35314,8,6,6,1
35315,9,6,6,1
35316,8,6,6,1
35317,9,7,7,1
35318,9,6,6,1
35319,10,7,7,1
35320,8,5,5,1
35321,9,6,6,1
35322,9,6,6,1
35323,10,6,6,1
35324,9,6,6,1
35325,10,7,7,1
35326,10,6,6,1
35327,11,7,7,1
35328,3,2,2,1
35329,4,3,3,1
35330,4,3,3,1
35331,5,3,3,1
35332,4,3,3,1
35333,5,4,4,1
35334,5,3,3,1
35335,6,4,4,1
35336,4,3,3,1
35337,5,4,4,1
35338,5,3,3,1
35339,6,4,4,1
35340,5,3,3,1
35341,6,4,4,1
35342,6,3,3,1
35343,7,4,4,1
35344,4,3,3,1
35345,5,4,4,1
35346,5,4,4,1
35347,6,4,4,1
35348,5,4,4,1
35349,6,5,5,1
35350,6,4,4,1
35351,7,5,5,1
35352,5,3,3,1
35353,6,4,4,1
35354,6,4,4,1
35355,7,4,4,1
35356,6,4,4,1
35357,7,5,5,1
35358,7,4,4,1
35359,8,5,5,1
35360,4,3,3,1
35361,5,4,4,1
35362,5,4,4,1
35363,6,4,4,1
35364,5,4,4,1
35365,6,5,5,1
35366,6,4,4,1
35367,7,5,5,1
35368,5,3,3,1
35369,6,4,4,1
35370,6,4,4,1
35371,7,4,4,1
35372,6,4,4,1
35373,7,5,5,1
35374,7,4,4,1
35375,8,5,5,1
35376,5,3,3,1
35377,6,4,4,1
35378,6,4,4,1
35379,7,4,4,1
35380,6,4,4,1
35381,7,5,5,1
35382,7,4,4,1
35383,8,5,5,1
35384,6,3,3,1
35385,7,4,4,1
35386,7,4,4,1
35387,8,4,4,1
35388,7,4,4,1
35389,8,5,5,1
35390,8,4,4,1
35391,9,5,5,1
35392,4,3,3,1
35393,5,4,4,1
35394,5,4,4,1
35395,6,4,4,1
35396,5,4,4,1
35397,6,5,5,1
35398,6,4,4,1
35399,7,5,5,1
35400,5,4,4,1
35401,6,5,5,1
35402,6,4,4,1
35403,7,5,5,1
35404,6,4,4,1
35405,7,5,5,1
35406,7,4,4,1
35407,8,5,5,1
35408,5,4,4,1
35409,6,5,5,1
35410,6,5,5,1
35411,7,5,5,1
35412,6,5,5,1
35413,7,6,6,1
35414,7,5,5,1
35415,8,6,6,1
35416,6,4,4,1
35417,7,5,5,1
35418,7,5,5,1
35419,8,5,5,1
35420,7,5,5,1
35421,8,6,6,1
35422,8,5,5,1
35423,9,6,6,1
35424,5,3,3,1
35425,6,4,4,1
35426,6,4,4,1
35427,7,4,4,1
35428,6,4,4,1
35429,7,5,5,1
35430,7,4,4,1
35431,8,5,5,1
35432,6,4,4,1
35433,7,5,5,1
35434,7,4,4,1
35435,8,5,5,1
35436,7,4,4,1
35437,8,5,5,1
35438,8,4,4,1
35439,9,5,5,1
35440,6,4,4,1
35441,7,5,5,1
35442,7,5,5,1
35443,8,5,5,1
35444,7,5,5,1
35445,8,6,6,1
35446,8,5,5,1
35447,9,6,6,1
35448,7,4,4,1
35449,8,5,5,1
35450,8,5,5,1
35451,9,5,5,1
35452,8,5,5,1
35453,9,6,6,1
35454,9,5,5,1
35455,10,6,6,1
35456,4,3,3,1
35457,5,4,4,1
35458,5,4,4,1
35459,6,4,4,1
35460,5,4,4,1
35461,6,5,5,1
35462,6,4,4,1
35463,7,5,5,1
35464,5,4,4,1
35465,6,5,5,1
35466,6,4,4,1
35467,7,5,5,1
35468,6,4,4,1
35469,7,5,5,1
35470,7,4,4,1
35471,8,5,5,1
35472,5,4,4,1
35473,6,5,5,1
35474,6,5,5,1
35475,7,5,5,1
35476,6,5,5,1
35477,7,6,6,1
35478,7,5,5,1
35479,8,6,6,1
35480,6,4,4,1
35481,7,5,5,1
35482,7,5,5,1
35483,8,5,5,1
35484,7,5,5,1
35485,8,6,6,1
35486,8,5,5,1
35487,9,6,6,1
35488,5,3,3,1
35489,6,4,4,1
35490,6,4,4,1
35491,7,4,4,1
35492,6,4,4,1
35493,7,5,5,1
35494,7,4,4,1
35495,8,5,5,1
35496,6,4,4,1
35497,7,5,5,1
35498,7,4,4,1
35499,8,5,5,1
35500,7,4,4,1
35501,8,5,5,1
35502,8,4,4,1
35503,9,5,5,1
35504,6,4,4,1
35505,7,5,5,1
35506,7,5,5,1
35507,8,5,5,1
35508,7,5,5,1
35509,8,6,6,1
35510,8,5,5,1
35511,9,6,6,1
35512,7,4,4,1
35513,8,5,5,1
35514,8,5,5,1
35515,9,5,5,1
35516,8,5,5,1
35517,9,6,6,1
35518,9,5,5,1
35519,10,6,6,1
35520,5,3,3,1
35521,6,4,4,1
35522,6,4,4,1
35523,7,4,4,1
35524,6,4,4,1
35525,7,5,5,1
35526,7,4,4,1
35527,8,5,5,1
35528,6,4,4,1
35529,7,5,5,1
35530,7,4,4,1
35531,8,5,5,1
35532,7,4,4,1
35533,8,5,5,1
35534,8,4,4,1
35535,9,5,5,1
35536,6,4,4,1
35537,7,5,5,1
35538,7,5,5,1
35539,8,5,5,1
35540,7,5,5,1
35541,8,6,6,1
35542,8,5,5,1
35543,9,6,6,1
35544,7,4,4,1
35545,8,5,5,1
35546,8,5,5,1
35547,9,5,5,1
35548,8,5,5,1
35549,9,6,6,1
35550,9,5,5,1
35551,10,6,6,1
35552,6,3,3,1
35553,7,4,4,1
35554,7,4,4,1
35555,8,4,4,1
35556,7,4,4,1
35557,8,5,5,1
35558,8,4,4,1
35559,9,5,5,1
35560,7,4,4,1
35561,8,5,5,1
35562,8,4,4,1
35563,9,5,5,1
35564,8,4,4,1
35565,9,5,5,1
35566,9,4,4,1
35567,10,5,5,1
35568,7,4,4,1
35569,8,5,5,1
35570,8,5,5,1
35571,9,5,5,1
35572,8,5,5,1
35573,9,6,6,1
35574,9,5,5,1
35575,10,6,6,1
35576,8,4,4,1
35577,9,5,5,1
35578,9,5,5,1
35579,10,5,5,1
35580,9,5,5,1
35581,10,6,6,1
35582,10,5,5,1
35583,11,6,6,1
35584,4,3,3,1
35585,5,4,4,1
35586,5,4,4,1
35587,6,4,4,1
35588,5,4,4,1
35589,6,5,5,1
35590,6,4,4,1
35591,7,5,5,1
35592,5,4,4,1
35593,6,5,5,1
35594,6,4,4,1
35595,7,5,5,1
35596,6,4,4,1
35597,7,5,5,1
35598,7,4,4,1
35599,8,5,5,1
35600,5,4,4,1
35601,6,5,5,1
35602,6,5,5,1
35603,7,5,5,1
35604,6,5,5,1
35605,7,6,6,1
35606,7,5,5,1
35607,8,6,6,1
35608,6,4,4,1
35609,7,5,5,1
35610,7,5,5,1
35611,8,5,5,1
35612,7,5,5,1
35613,8,6,6,1
35614,8,5,5,1
35615,9,6,6,1
35616,5,4,4,1
35617,6,5,5,1
35618,6,5,5,1
35619,7,5,5,1
35620,6,5,5,1
35621,7,6,6,1
35622,7,5,5,1
35623,8,6,6,1
35624,6,4,4,1
35625,7,5,5,1
35626,7,5,5,1
35627,8,5,5,1
35628,7,5,5,1
35629,8,6,6,1
35630,8,5,5,1
35631,9,6,6,1
35632,6,4,4,1
35633,7,5,5,1
35634,7,5,5,1
35635,8,5,5,1
35636,7,5,5,1
35637,8,6,6,1
35638,8,5,5,1
35639,9,6,6,1
35640,7,4,4,1
35641,8,5,5,1
35642,8,5,5,1
35643,9,5,5,1
35644,8,5,5,1
35645,9,6,6,1
35646,9,5,5,1
35647,10,6,6,1
35648,5,4,4,1
35649,6,5,5,1
35650,6,5,5,1
35651,7,5,5,1
35652,6,5,5,1
35653,7,6,6,1
35654,7,5,5,1
35655,8,6,6,1
35656,6,5,5,1
35657,7,6,6,1
35658,7,5,5,1
35659,8,6,6,1
35660,7,5,5,1
35661,8,6,6,1
35662,8,5,5,1
35663,9,6,6,1
35664,6,5,5,1
35665,7,6,6,1
35666,7,6,6,1
35667,8,6,6,1
35668,7,6,6,1
35669,8,7,7,1
35670,8,6,6,1
35671,9,7,7,1
35672,7,5,5,1
35673,8,6,6,1
35674,8,6,6,1
35675,9,6,6,1
35676,8,6,6,1
35677,9,7,7,1
35678,9,6,6,1
35679,10,7,7,1
35680,6,4,4,1
35681,7,5,5,1
35682,7,5,5,1
35683,8,5,5,1
35684,7,5,5,1
35685,8,6,6,1
35686,8,5,5,1
35687,9,6,6,1
35688,7,5,5,1
35689,8,6,6,1
35690,8,5,5,1
35691,9,6,6,1
35692,8,5,5,1
35693,9,6,6,1
35694,9,5,5,1
35695,10,6,6,1
35696,7,5,5,1
35697,8,6,6,1
35698,8,6,6,1
35699,9,6,6,1
35700,8,6,6,1
35701,9,7,7,1
35702,9,6,6,1
35703,10,7,7,1
35704,8,5,5,1
35705,9,6,6,1
35706,9,6,6,1
35707,10,6,6,1
35708,9,6,6,1
35709,10,7,7,1
35710,10,6,6,1
35711,11,7,7,1
35712,5,3,3,1
35713,6,4,4,1
35714,6,4,4,1
35715,7,4,4,1
35716,6,4,4,1
35717,7,5,5,1
35718,7,4,4,1
35719,8,5,5,1
35720,6,4,4,1
35721,7,5,5,1
35722,7,4,4,1
35723,8,5,5,1
35724,7,4,4,1
35725,8,5,5,1
35726,8,4,4,1
35727,9,5,5,1
35728,6,4,4,1
35729,7,5,5,1
35730,7,5,5,1
35731,8,5,5,1
35732,7,5,5,1
35733,8,6,6,1
35734,8,5,5,1
35735,9,6,6,1
35736,7,4,4,1
35737,8,5,5,1
35738,8,5,5,1
35739,9,5,5,1
35740,8,5,5,1
35741,9,6,6,1
35742,9,5,5,1
35743,10,6,6,1
35744,6,4,4,1
35745,7,5,5,1
35746,7,5,5,1
35747,8,5,5,1
35748,7,5,5,1
35749,8,6,6,1
35750,8,5,5,1
35751,9,6,6,1
35752,7,4,4,1
35753,8,5,5,1
35754,8,5,5,1
35755,9,5,5,1
35756,8,5,5,1
35757,9,6,6,1
35758,9,5,5,1
35759,10,6,6,1
35760,7,4,4,1
35761,8,5,5,1
35762,8,5,5,1
35763,9,5,5,1
35764,8,5,5,1
35765,9,6,6,1
35766,9,5,5,1
35767,10,6,6,1
35768,8,4,4,1
35769,9,5,5,1
35770,9,5,5,1
35771,10,5,5,1
35772,9,5,5,1
35773,10,6,6,1
35774,10,5,5,1
35775,11,6,6,1
35776,6,4,4,1
35777,7,5,5,1
35778,7,5,5,1
35779,8,5,5,1
35780,7,5,5,1
35781,8,6,6,1
35782,8,5,5,1
35783,9,6,6,1
35784,7,5,5,1
35785,8,6,6,1
35786,8,5,5,1
35787,9,6,6,1
35788,8,5,5,1
35789,9,6,6,1
35790,9,5,5,1
35791,10,6,6,1
35792,7,5,5,1
35793,8,6,6,1
35794,8,6,6,1
35795,9,6,6,1
35796,8,6,6,1
35797,9,7,7,1
35798,9,6,6,1
35799,10,7,7,1
35800,8,5,5,1
35801,9,6,6,1
35802,9,6,6,1
35803,10,6,6,1
35804,9,6,6,1
35805,10,7,7,1
35806,10,6,6,1
35807,11,7,7,1
35808,7,4,4,1
35809,8,5,5,1
35810,8,5,5,1
35811,9,5,5,1
35812,8,5,5,1
35813,9,6,6,1
35814,9,5,5,1
35815,10,6,6,1
35816,8,5,5,1
35817,9,6,6,1
35818,9,5,5,1
35819,10,6,6,1
35820,9,5,5,1
35821,10,6,6,1
35822,10,5,5,1
35823,11,6,6,1
35824,8,5,5,1
35825,9,6,6,1
35826,9,6,6,1
35827,10,6,6,1
35828,9,6,6,1
35829,10,7,7,1
35830,10,6,6,1
35831,11,7,7,1
35832,9,5,5,1
35833,10,6,6,1
35834,10,6,6,1
35835,11,6,6,1
35836,10,6,6,1
35837,11,7,7,1
35838,11,6,6,1
35839,12,7,7,1
35840,3,2,2,1
35841,4,3,3,1
35842,4,3,3,1
35843,5,3,3,1
35844,4,3,3,1
35845,5,4,4,1
35846,5,3,3,1
35847,6,4,4,1
35848,4,3,3,1
35849,5,4,4,1
35850,5,3,3,1
35851,6,4,4,1
35852,5,3,3,1
35853,6,4,4,1
35854,6,3,3,1
35855,7,4,4,1
35856,4,3,3,1
35857,5,4,4,1
35858,5,4,4,1
35859,6,4,4,1
35860,5,4,4,1
35861,6,5,5,1
35862,6,4,4,1
35863,7,5,5,1
35864,5,3,3,1
35865,6,4,4,1
35866,6,4,4,1
35867,7,4,4,1
35868,6,4,4,1
35869,7,5,5,1
35870,7,4,4,1
35871,8,5,5,1
35872,4,3,3,1
35873,5,4,4,1
35874,5,4,4,1
35875,6,4,4,1
35876,5,4,4,1
35877,6,5,5,1
35878,6,4,4,1
35879,7,5,5,1
35880,5,3,3,1
35881,6,4,4,1
35882,6,4,4,1
35883,7,4,4,1
35884,6,4,4,1
35885,7,5,5,1
35886,7,4,4,1
35887,8,5,5,1
35888,5,3,3,1
35889,6,4,4,1
35890,6,4,4,1
35891,7,4,4,1
35892,6,4,4,1
35893,7,5,5,1
35894,7,4,4,1
35895,8,5,5,1
35896,6,3,3,1
35897,7,4,4,1
35898,7,4,4,1
35899,8,4,4,1
35900,7,4,4,1
35901,8,5,5,1
35902,8,4,4,1
35903,9,5,5,1
35904,4,3,3,1
35905,5,4,4,1
35906,5,4,4,1
35907,6,4,4,1
35908,5,4,4,1
35909,6,5,5,1
35910,6,4,4,1
35911,7,5,5,1
35912,5,4,4,1
35913,6,5,5,1
35914,6,4,4,1
35915,7,5,5,1
35916,6,4,4,1
35917,7,5,5,1
35918,7,4,4,1
35919,8,5,5,1
35920,5,4,4,1
35921,6,5,5,1
35922,6,5,5,1
35923,7,5,5,1
35924,6,5,5,1
35925,7,6,6,1
35926,7,5,5,1
35927,8,6,6,1
35928,6,4,4,1
35929,7,5,5,1
35930,7,5,5,1
35931,8,5,5,1
35932,7,5,5,1
35933,8,6,6,1
35934,8,5,5,1
35935,9,6,6,1
35936,5,3,3,1
35937,6,4,4,1
35938,6,4,4,1
35939,7,4,4,1
35940,6,4,4,1
35941,7,5,5,1
35942,7,4,4,1
35943,8,5,5,1
35944,6,4,4,1
35945,7,5,5,1
35946,7,4,4,1
35947,8,5,5,1
35948,7,4,4,1
35949,8,5,5,1
35950,8,4,4,1
35951,9,5,5,1
35952,6,4,4,1
35953,7,5,5,1
35954,7,5,5,1
35955,8,5,5,1
35956,7,5,5,1
35957,8,6,6,1
35958,8,5,5,1
35959,9,6,6,1
35960,7,4,4,1
35961,8,5,5,1
35962,8,5,5,1
35963,9,5,5,1
35964,8,5,5,1
35965,9,6,6,1
35966,9,5,5,1
35967,10,6,6,1
35968,4,3,3,1
35969,5,4,4,1
35970,5,4,4,1
35971,6,4,4,1
35972,5,4,4,1
35973,6,5,5,1
35974,6,4,4,1
35975,7,5,5,1
35976,5,4,4,1
35977,6,5,5,1
35978,6,4,4,1
35979,7,5,5,1
35980,6,4,4,1
35981,7,5,5,1
35982,7,4,4,1
35983,8,5,5,1
35984,5,4,4,1
35985,6,5,5,1
35986,6,5,5,1
35987,7,5,5,1
35988,6,5,5,1
35989,7,6,6,1
35990,7,5,5,1
35991,8,6,6,1
35992,6,4,4,1
35993,7,5,5,1
35994,7,5,5,1
35995,8,5,5,1
35996,7,5,5,1
35997,8,6,6,1
35998,8,5,5,1
35999,9,6,6,1
36000,5,3,3,1
36001,6,4,4,1
36002,6,4,4,1
36003,7,4,4,1
36004,6,4,4,1
36005,7,5,5,1
36006,7,4,4,1
36007,8,5,5,1
36008,6,4,4,1
36009,7,5,5,1
36010,7,4,4,1
36011,8,5,5,1
36012,7,4,4,1
36013,8,5,5,1
36014,8,4,4,1
36015,9,5,5,1
36016,6,4,4,1
36017,7,5,5,1
36018,7,5,5,1
36019,8,5,5,1
36020,7,5,5,1
36021,8,6,6,1
36022,8,5,5,1
36023,9,6,6,1
36024,7,4,4,1
36025,8,5,5,1
36026,8,5,5,1
36027,9,5,5,1
36028,8,5,5,1
36029,9,6,6,1
36030,9,5,5,1
36031,10,6,6,1
36032,5,3,3,1
36033,6,4,4,1
36034,6,4,4,1
36035,7,4,4,1
36036,6,4,4,1
36037,7,5,5,1
36038,7,4,4,1
36039,8,5,5,1
36040,6,4,4,1
36041,7,5,5,1
36042,7,4,4,1
36043,8,5,5,1
36044,7,4,4,1
36045,8,5,5,1
36046,8,4,4,1
36047,9,5,5,1
36048,6,4,4,1
36049,7,5,5,1
36050,7,5,5,1
36051,8,5,5,1
36052,7,5,5,1
36053,8,6,6,1
36054,8,5,5,1
36055,9,6,6,1
36056,7,4,4,1
36057,8,5,5,1
36058,8,5,5,1
36059,9,5,5,1
36060,8,5,5,1
36061,9,6,6,1
36062,9,5,5,1
36063,10,6,6,1
36064,6,3,3,1
36065,7,4,4,1
36066,7,4,4,1
36067,8,4,4,1
36068,7,4,4,1
36069,8,5,5,1
36070,8,4,4,1
36071,9,5,5,1
36072,7,4,4,1
36073,8,5,5,1
36074,8,4,4,1
36075,9,5,5,1
36076,8,4,4,1
36077,9,5,5,1
36078,9,4,4,1
36079,10,5,5,1
36080,7,4,4,1
36081,8,5,5,1
36082,8,5,5,1
36083,9,5,5,1
36084,8,5,5,1
36085,9,6,6,1
36086,9,5,5,1
36087,10,6,6,1
36088,8,4,4,1
36089,9,5,5,1
36090,9,5,5,1
36091,10,5,5,1
36092,9,5,5,1
36093,10,6,6,1
36094,10,5,5,1
36095,11,6,6,1
36096,4,3,3,1
36097,5,4,4,1
36098,5,4,4,1
36099,6,4,4,1
36100,5,4,4,1
36101,6,5,5,1
36102,6,4,4,1
36103,7,5,5,1
36104,5,4,4,1
36105,6,5,5,1
36106,6,4,4,1
36107,7,5,5,1
36108,6,4,4,1
36109,7,5,5,1
36110,7,4,4,1
36111,8,5,5,1
36112,5,4,4,1
36113,6,5,5,1
36114,6,5,5,1
36115,7,5,5,1
36116,6,5,5,1
36117,7,6,6,1
36118,7,5,5,1
36119,8,6,6,1
36120,6,4,4,1
36121,7,5,5,1
36122,7,5,5,1
36123,8,5,5,1
36124,7,5,5,1
36125,8,6,6,1
36126,8,5,5,1
36127,9,6,6,1
36128,5,4,4,1
36129,6,5,5,1
36130,6,5,5,1
36131,7,5,5,1
36132,6,5,5,1
36133,7,6,6,1
36134,7,5,5,1
36135,8,6,6,1
36136,6,4,4,1
36137,7,5,5,1
36138,7,5,5,1
36139,8,5,5,1
36140,7,5,5,1
36141,8,6,6,1
36142,8,5,5,1
36143,9,6,6,1
36144,6,4,4,1
36145,7,5,5,1
36146,7,5,5,1
36147,8,5,5,1
36148,7,5,5,1
36149,8,6,6,1
36150,8,5,5,1
36151,9,6,6,1
36152,7,4,4,1
36153,8,5,5,1
36154,8,5,5,1
36155,9,5,5,1
36156,8,5,5,1
36157,9,6,6,1
36158,9,5,5,1
36159,10,6,6,1
36160,5,4,4,1
36161,6,5,5,1
36162,6,5,5,1
36163,7,5,5,1
36164,6,5,5,1
36165,7,6,6,1
36166,7,5,5,1
36167,8,6,6,1
36168,6,5,5,1
36169,7,6,6,1
36170,7,5,5,1
36171,8,6,6,1
36172,7,5,5,1
36173,8,6,6,1
36174,8,5,5,1
36175,9,6,6,1
36176,6,5,5,1
36177,7,6,6,1
36178,7,6,6,1
36179,8,6,6,1
36180,7,6,6,1
36181,8,7,7,1
36182,8,6,6,1
36183,9,7,7,1
36184,7,5,5,1
36185,8,6,6,1
36186,8,6,6,1
36187,9,6,6,1
36188,8,6,6,1
36189,9,7,7,1
36190,9,6,6,1
36191,10,7,7,1
36192,6,4,4,1
36193,7,5,5,1
36194,7,5,5,1
36195,8,5,5,1
36196,7,5,5,1
36197,8,6,6,1
36198,8,5,5,1
36199,9,6,6,1
36200,7,5,5,1
36201,8,6,6,1
36202,8,5,5,1
36203,9,6,6,1
36204,8,5,5,1
36205,9,6,6,1
36206,9,5,5,1
36207,10,6,6,1
36208,7,5,5,1
36209,8,6,6,1
36210,8,6,6,1
36211,9,6,6,1
36212,8,6,6,1
36213,9,7,7,1
36214,9,6,6,1
36215,10,7,7,1
36216,8,5,5,1
36217,9,6,6,1
36218,9,6,6,1
36219,10,6,6,1
36220,9,6,6,1
36221,10,7,7,1
36222,10,6,6,1
36223,11,7,7,1
36224,5,3,3,1
36225,6,4,4,1
36226,6,4,4,1
36227,7,4,4,1
36228,6,4,4,1
36229,7,5,5,1
36230,7,4,4,1
36231,8,5,5,1
36232,6,4,4,1
36233,7,5,5,1
36234,7,4,4,1
36235,8,5,5,1
36236,7,4,4,1
36237,8,5,5,1
36238,8,4,4,1
36239,9,5,5,1
36240,6,4,4,1
36241,7,5,5,1
36242,7,5,5,1
36243,8,5,5,1
36244,7,5,5,1
36245,8,6,6,1
36246,8,5,5,1
36247,9,6,6,1
36248,7,4,4,1
36249,8,5,5,1
36250,8,5,5,1
36251,9,5,5,1
36252,8,5,5,1
36253,9,6,6,1
36254,9,5,5,1
36255,10,6,6,1
36256,6,4,4,1
36257,7,5,5,1
36258,7,5,5,1
36259,8,5,5,1
36260,7,5,5,1
36261,8,6,6,1
36262,8,5,5,1
36263,9,6,6,1
36264,7,4,4,1
36265,8,5,5,1
36266,8,5,5,1
36267,9,5,5,1
36268,8,5,5,1
36269,9,6,6,1
36270,9,5,5,1
36271,10,6,6,1
36272,7,4,4,1
36273,8,5,5,1
36274,8,5,5,1
36275,9,5,5,1
36276,8,5,5,1
36277,9,6,6,1
36278,9,5,5,1
36279,10,6,6,1
36280,8,4,4,1
36281,9,5,5,1
36282,9,5,5,1
36283,10,5,5,1
36284,9,5,5,1
36285,10,6,6,1
36286,10,5,5,1
36287,11,6,6,1
36288,6,4,4,1
36289,7,5,5,1
36290,7,5,5,1
36291,8,5,5,1
36292,7,5,5,1
36293,8,6,6,1
36294,8,5,5,1
36295,9,6,6,1
36296,7,5,5,1
36297,8,6,6,1
36298,8,5,5,1
36299,9,6,6,1
36300,8,5,5,1
36301,9,6,6,1
36302,9,5,5,1
36303,10,6,6,1
36304,7,5,5,1
36305,8,6,6,1
36306,8,6,6,1
36307,9,6,6,1
36308,8,6,6,1
36309,9,7,7,1
36310,9,6,6,1
36311,10,7,7,1
36312,8,5,5,1
36313,9,6,6,1
36314,9,6,6,1
36315,10,6,6,1
36316,9,6,6,1
36317,10,7,7,1
36318,10,6,6,1
36319,11,7,7,1
36320,7,4,4,1
36321,8,5,5,1
36322,8,5,5,1
36323,9,5,5,1
36324,8,5,5,1
36325,9,6,6,1
36326,9,5,5,1
36327,10,6,6,1
36328,8,5,5,1
36329,9,6,6,1
36330,9,5,5,1
36331,10,6,6,1
36332,9,5,5,1
36333,10,6,6,1
36334,10,5,5,1
36335,11,6,6,1
36336,8,5,5,1
36337,9,6,6,1
36338,9,6,6,1
36339,10,6,6,1
36340,9,6,6,1
36341,10,7,7,1
36342,10,6,6,1
36343,11,7,7,1
36344,9,5,5,1
36345,10,6,6,1
36346,10,6,6,1
36347,11,6,6,1
36348,10,6,6,1
36349,11,7,7,1
36350,11,6,6,1
36351,12,7,7,1
36352,4,2,2,1
36353,5,3,3,1
36354,5,3,3,1
36355,6,3,3,1
36356,5,3,3,1
36357,6,4,4,1
36358,6,3,3,1
36359,7,4,4,1
36360,5,3,3,1
36361,6,4,4,1
36362,6,3,3,1
36363,7,4,4,1
36364,6,3,3,1
36365,7,4,4,1
36366,7,3,3,1
36367,8,4,4,1
36368,5,3,3,1
36369,6,4,4,1
36370,6,4,4,1
36371,7,4,4,1
36372,6,4,4,1
36373,7,5,5,1
36374,7,4,4,1
36375,8,5,5,1
36376,6,3,3,1
36377,7,4,4,1
36378,7,4,4,1
36379,8,4,4,1
36380,7,4,4,1
36381,8,5,5,1
36382,8,4,4,1
36383,9,5,5,1
36384,5,3,3,1
36385,6,4,4,1
36386,6,4,4,1
36387,7,4,4,1
36388,6,4,4,1
36389,7,5,5,1
36390,7,4,4,1
36391,8,5,5,1
36392,6,3,3,1
36393,7,4,4,1
36394,7,4,4,1
36395,8,4,4,1
36396,7,4,4,1
36397,8,5,5,1
36398,8,4,4,1
36399,9,5,5,1
36400,6,3,3,1
36401,7,4,4,1
36402,7,4,4,1
36403,8,4,4,1
36404,7,4,4,1
36405,8,5,5,1
36406,8,4,4,1
36407,9,5,5,1
36408,7,3,3,1
36409,8,4,4,1
36410,8,4,4,1
36411,9,4,4,1
36412,8,4,4,1
36413,9,5,5,1
36414,9,4,4,1
36415,10,5,5,1
36416,5,3,3,1
36417,6,4,4,1
36418,6,4,4,1
36419,7,4,4,1
36420,6,4,4,1
36421,7,5,5,1
36422,7,4,4,1
36423,8,5,5,1
36424,6,4,4,1
36425,7,5,5,1
36426,7,4,4,1
36427,8,5,5,1
36428,7,4,4,1
36429,8,5,5,1
36430,8,4,4,1
36431,9,5,5,1
36432,6,4,4,1
36433,7,5,5,1
36434,7,5,5,1
36435,8,5,5,1
36436,7,5,5,1
36437,8,6,6,1
36438,8,5,5,1
36439,9,6,6,1
36440,7,4,4,1
36441,8,5,5,1
36442,8,5,5,1
36443,9,5,5,1
36444,8,5,5,1
36445,9,6,6,1
36446,9,5,5,1
36447,10,6,6,1
36448,6,3,3,1
36449,7,4,4,1
36450,7,4,4,1
36451,8,4,4,1
36452,7,4,4,1
36453,8,5,5,1
36454,8,4,4,1
36455,9,5,5,1
36456,7,4,4,1
36457,8,5,5,1
36458,8,4,4,1
36459,9,5,5,1
36460,8,4,4,1
36461,9,5,5,1
36462,9,4,4,1
36463,10,5,5,1
36464,7,4,4,1
36465,8,5,5,1
36466,8,5,5,1
36467,9,5,5,1
36468,8,5,5,1
36469,9,6,6,1
36470,9,5,5,1
36471,10,6,6,1
36472,8,4,4,1
36473,9,5,5,1
36474,9,5,5,1
36475,10,5,5,1
36476,9,5,5,1
36477,10,6,6,1
36478,10,5,5,1
36479,11,6,6,1
36480,5,3,3,1
36481,6,4,4,1
36482,6,4,4,1
36483,7,4,4,1
36484,6,4,4,1
36485,7,5,5,1
36486,7,4,4,1
36487,8,5,5,1
36488,6,4,4,1
36489,7,5,5,1
36490,7,4,4,1
36491,8,5,5,1
36492,7,4,4,1
36493,8,5,5,1
36494,8,4,4,1
36495,9,5,5,1
36496,6,4,4,1
36497,7,5,5,1
36498,7,5,5,1
36499,8,5,5,1
36500,7,5,5,1
36501,8,6,6,1
36502,8,5,5,1
36503,9,6,6,1
36504,7,4,4,1
36505,8,5,5,1
36506,8,5,5,1
36507,9,5,5,1
36508,8,5,5,1
36509,9,6,6,1
36510,9,5,5,1
36511,10,6,6,1
36512,6,3,3,1
36513,7,4,4,1
36514,7,4,4,1
36515,8,4,4,1
36516,7,4,4,1
36517,8,5,5,1
36518,8,4,4,1
36519,9,5,5,1
36520,7,4,4,1
36521,8,5,5,1
36522,8,4,4,1
36523,9,5,5,1
36524,8,4,4,1
36525,9,5,5,1
36526,9,4,4,1
36527,10,5,5,1
36528,7,4,4,1
36529,8,5,5,1
36530,8,5,5,1
36531,9,5,5,1
36532,8,5,5,1
36533,9,6,6,1
36534,9,5,5,1
36535,10,6,6,1
36536,8,4,4,1
36537,9,5,5,1
36538,9,5,5,1
36539,10,5,5,1
36540,9,5,5,1
36541,10,6,6,1
36542,10,5,5,1
36543,11,6,6,1
36544,6,3,3,1
36545,7,4,4,1
36546,7,4,4,1
36547,8,4,4,1
36548,7,4,4,1
36549,8,5,5,1
36550,8,4,4,1
36551,9,5,5,1
36552,7,4,4,1
36553,8,5,5,1
36554,8,4,4,1
36555,9,5,5,1
36556,8,4,4,1
36557,9,5,5,1
36558,9,4,4,1
36559,10,5,5,1
36560,7,4,4,1
36561,8,5,5,1
36562,8,5,5,1
36563,9,5,5,1
36564,8,5,5,1
36565,9,6,6,1
36566,9,5,5,1
36567,10,6,6,1
36568,8,4,4,1
36569,9,5,5,1
36570,9,5,5,1
36571,10,5,5,1
36572,9,5,5,1
36573,10,6,6,1
36574,10,5,5,1
36575,11,6,6,1
36576,7,3,3,1
36577,8,4,4,1
36578,8,4,4,1
36579,9,4,4,1
36580,8,4,4,1
36581,9,5,5,1
36582,9,4,4,1
36583,10,5,5,1
36584,8,4,4,1
36585,9,5,5,1
36586,9,4,4,1
36587,10,5,5,1
36588,9,4,4,1
36589,10,5,5,1
36590,10,4,4,1
36591,11,5,5,1
36592,8,4,4,1
36593,9,5,5,1
36594,9,5,5,1
36595,10,5,5,1
36596,9,5,5,1
36597,10,6,6,1
36598,10,5,5,1
36599,11,6,6,1
36600,9,4,4,1
36601,10,5,5,1
36602,10,5,5,1
36603,11,5,5,1
36604,10,5,5,1
36605,11,6,6,1
36606,11,5,5,1
36607,12,6,6,1
36608,5,3,3,1
36609,6,4,4,1
36610,6,4,4,1
36611,7,4,4,1
36612,6,4,4,1
36613,7,5,5,1
36614,7,4,4,1
36615,8,5,5,1
36616,6,4,4,1
36617,7,5,5,1
36618,7,4,4,1
36619,8,5,5,1
36620,7,4,4,1
36621,8,5,5,1
36622,8,4,4,1
36623,9,5,5,1
36624,6,4,4,1
36625,7,5,5,1
36626,7,5,5,1
36627,8,5,5,1
36628,7,5,5,1
36629,8,6,6,1
36630,8,5,5,1
36631,9,6,6,1
36632,7,4,4,1
36633,8,5,5,1
36634,8,5,5,1
36635,9,5,5,1
36636,8,5,5,1
36637,9,6,6,1
36638,9,5,5,1
36639,10,6,6,1
36640,6,4,4,1
36641,7,5,5,1
36642,7,5,5,1
36643,8,5,5,1
36644,7,5,5,1
36645,8,6,6,1
36646,8,5,5,1
36647,9,6,6,1
36648,7,4,4,1
36649,8,5,5,1
36650,8,5,5,1
36651,9,5,5,1
36652,8,5,5,1
36653,9,6,6,1
36654,9,5,5,1
36655,10,6,6,1
36656,7,4,4,1
36657,8,5,5,1
36658,8,5,5,1
36659,9,5,5,1
36660,8,5,5,1
36661,9,6,6,1
36662,9,5,5,1
36663,10,6,6,1
36664,8,4,4,1
36665,9,5,5,1
36666,9,5,5,1
36667,10,5,5,1
36668,9,5,5,1
36669,10,6,6,1
36670,10,5,5,1
36671,11,6,6,1
36672,6,4,4,1
36673,7,5,5,1
36674,7,5,5,1
36675,8,5,5,1
36676,7,5,5,1
36677,8,6,6,1
36678,8,5,5,1
36679,9,6,6,1
36680,7,5,5,1
36681,8,6,6,1
36682,8,5,5,1
36683,9,6,6,1
36684,8,5,5,1
36685,9,6,6,1
36686,9,5,5,1
36687,10,6,6,1
36688,7,5,5,1
36689,8,6,6,1
36690,8,6,6,1
36691,9,6,6,1
36692,8,6,6,1
36693,9,7,7,1
36694,9,6,6,1
36695,10,7,7,1
36696,8,5,5,1
36697,9,6,6,1
36698,9,6,6,1
36699,10,6,6,1
36700,9,6,6,1
36701,10,7,7,1
36702,10,6,6,1
36703,11,7,7,1
36704,7,4,4,1
36705,8,5,5,1
36706,8,5,5,1
36707,9,5,5,1
36708,8,5,5,1
36709,9,6,6,1
36710,9,5,5,1
36711,10,6,6,1
36712,8,5,5,1
36713,9,6,6,1
36714,9,5,5,1
36715,10,6,6,1
36716,9,5,5,1
36717,10,6,6,1
36718,10,5,5,1
36719,11,6,6,1
36720,8,5,5,1
36721,9,6,6,1
36722,9,6,6,1
36723,10,6,6,1
36724,9,6,6,1
36725,10,7,7,1
36726,10,6,6,1
36727,11,7,7,1
36728,9,5,5,1
36729,10,6,6,1
36730,10,6,6,1
36731,11,6,6,1
36732,10,6,6,1
36733,11,7,7,1
36734,11,6,6,1
36735,12,7,7,1
36736,6,3,3,1
36737,7,4,4,1
36738,7,4,4,1
36739,8,4,4,1
36740,7,4,4,1
36741,8,5,5,1
36742,8,4,4,1
36743,9,5,5,1
36744,7,4,4,1
36745,8,5,5,1
36746,8,4,4,1
36747,9,5,5,1
36748,8,4,4,1
36749,9,5,5,1
36750,9,4,4,1
36751,10,5,5,1
36752,7,4,4,1
36753,8,5,5,1
36754,8,5,5,1
36755,9,5,5,1
36756,8,5,5,1
36757,9,6,6,1
36758,9,5,5,1
36759,10,6,6,1
36760,8,4,4,1
36761,9,5,5,1
36762,9,5,5,1
36763,10,5,5,1
36764,9,5,5,1
36765,10,6,6,1
36766,10,5,5,1
36767,11,6,6,1
36768,7,4,4,1
36769,8,5,5,1
36770,8,5,5,1
36771,9,5,5,1
36772,8,5,5,1
36773,9,6,6,1
36774,9,5,5,1
36775,10,6,6,1
36776,8,4,4,1
36777,9,5,5,1
36778,9,5,5,1
36779,10,5,5,1
36780,9,5,5,1
36781,10,6,6,1
36782,10,5,5,1
36783,11,6,6,1
36784,8,4,4,1
36785,9,5,5,1
36786,9,5,5,1
36787,10,5,5,1
36788,9,5,5,1
36789,10,6,6,1
36790,10,5,5,1
36791,11,6,6,1
36792,9,4,4,1
36793,10,5,5,1
36794,10,5,5,1
36795,11,5,5,1
36796,10,5,5,1
36797,11,6,6,1
36798,11,5,5,1
36799,12,6,6,1
36800,7,4,4,1
36801,8,5,5,1
36802,8,5,5,1
36803,9,5,5,1
36804,8,5,5,1
36805,9,6,6,1
36806,9,5,5,1
36807,10,6,6,1
36808,8,5,5,1
36809,9,6,6,1
36810,9,5,5,1
36811,10,6,6,1
36812,9,5,5,1
36813,10,6,6,1
36814,10,5,5,1
36815,11,6,6,1
36816,8,5,5,1
36817,9,6,6,1
36818,9,6,6,1
36819,10,6,6,1
36820,9,6,6,1
36821,10,7,7,1
36822,10,6,6,1
36823,11,7,7,1
36824,9,5,5,1
36825,10,6,6,1
36826,10,6,6,1
36827,11,6,6,1
36828,10,6,6,1
36829,11,7,7,1
36830,11,6,6,1
36831,12,7,7,1
36832,8,4,4,1
36833,9,5,5,1
36834,9,5,5,1
36835,10,5,5,1
36836,9,5,5,1
36837,10,6,6,1
36838,10,5,5,1
36839,11,6,6,1
36840,9,5,5,1
36841,10,6,6,1
36842,10,5,5,1
36843,11,6,6,1
36844,10,5,5,1
36845,11,6,6,1
36846,11,5,5,1
36847,12,6,6,1
36848,9,5,5,1
36849,10,6,6,1
36850,10,6,6,1
36851,11,6,6,1
36852,10,6,6,1
36853,11,7,7,1
36854,11,6,6,1
36855,12,7,7,1
36856,10,5,5,1
36857,11,6,6,1
36858,11,6,6,1
36859,12,6,6,1
36860,11,6,6,1
36861,12,7,7,1
36862,12,6,6,1
36863,13,7,7,1
36864,2,2,2,1
36865,3,3,3,1
36866,3,3,3,1
36867,4,3,3,1
36868,3,3,3,1
36869,4,4,4,1
36870,4,3,3,1
36871,5,4,4,1
36872,3,3,3,1
36873,4,4,4,1
36874,4,3,3,1
36875,5,4,4,1
36876,4,3,3,1
36877,5,4,4,1
36878,5,3,3,1
36879,6,4,4,1
36880,3,3,3,1
36881,4,4,4,1
36882,4,4,4,1
36883,5,4,4,1
36884,4,4,4,1
36885,5,5,5,1
36886,5,4,4,1
36887,6,5,5,1
36888,4,3,3,1
36889,5,4,4,1
36890,5,4,4,1
36891,6,4,4,1
36892,5,4,4,1
36893,6,5,5,1
36894,6,4,4,1
36895,7,5,5,1
36896,3,3,3,1
36897,4,4,4,1
36898,4,4,4,1
36899,5,4,4,1
36900,4,4,4,1
36901,5,5,5,1
36902,5,4,4,1
36903,6,5,5,1
36904,4,3,3,1
36905,5,4,4,1
36906,5,4,4,1
36907,6,4,4,1
36908,5,4,4,1
36909,6,5,5,1
36910,6,4,4,1
36911,7,5,5,1
36912,4,3,3,1
36913,5,4,4,1
36914,5,4,4,1
36915,6,4,4,1
36916,5,4,4,1
36917,6,5,5,1
36918,6,4,4,1
36919,7,5,5,1
36920,5,3,3,1
36921,6,4,4,1
36922,6,4,4,1
36923,7,4,4,1
36924,6,4,4,1
36925,7,5,5,1
36926,7,4,4,1
36927,8,5,5,1
36928,3,3,3,1
36929,4,4,4,1
36930,4,4,4,1
36931,5,4,4,1
36932,4,4,4,1
36933,5,5,5,1
36934,5,4,4,1
36935,6,5,5,1
36936,4,4,4,1
36937,5,5,5,1
36938,5,4,4,1
36939,6,5,5,1
36940,5,4,4,1
36941,6,5,5,1
36942,6,4,4,1
36943,7,5,5,1
36944,4,4,4,1
36945,5,5,5,1
36946,5,5,5,1
36947,6,5,5,1
36948,5,5,5,1
36949,6,6,6,1
36950,6,5,5,1
36951,7,6,6,1
36952,5,4,4,1
36953,6,5,5,1
36954,6,5,5,1
36955,7,5,5,1
36956,6,5,5,1
36957,7,6,6,1
36958,7,5,5,1
36959,8,6,6,1
36960,4,3,3,1
36961,5,4,4,1
36962,5,4,4,1
36963,6,4,4,1
36964,5,4,4,1
36965,6,5,5,1
36966,6,4,4,1
36967,7,5,5,1
36968,5,4,4,1
36969,6,5,5,1
36970,6,4,4,1
36971,7,5,5,1
36972,6,4,4,1
36973,7,5,5,1
36974,7,4,4,1
36975,8,5,5,1
36976,5,4,4,1
36977,6,5,5,1
36978,6,5,5,1
36979,7,5,5,1
36980,6,5,5,1
36981,7,6,6,1
36982,7,5,5,1
36983,8,6,6,1
36984,6,4,4,1
36985,7,5,5,1
36986,7,5,5,1
36987,8,5,5,1
36988,7,5,5,1
36989,8,6,6,1
36990,8,5,5,1
36991,9,6,6,1
36992,3,3,3,1
36993,4,4,4,1
36994,4,4,4,1
36995,5,4,4,1
36996,4,4,4,1
36997,5,5,5,1
36998,5,4,4,1
36999,6,5,5,1
37000,4,4,4,1
37001,5,5,5,1
37002,5,4,4,1
37003,6,5,5,1
37004,5,4,4,1
37005,6,5,5,1
37006,6,4,4,1
37007,7,5,5,1
37008,4,4,4,1
37009,5,5,5,1
37010,5,5,5,1
37011,6,5,5,1
37012,5,5,5,1
37013,6,6,6,1
37014,6,5,5,1
37015,7,6,6,1
37016,5,4,4,1
37017,6,5,5,1
37018,6,5,5,1
37019,7,5,5,1
37020,6,5,5,1
37021,7,6,6,1
37022,7,5,5,1
37023,8,6,6,1
37024,4,3,3,1
37025,5,4,4,1
37026,5,4,4,1
37027,6,4,4,1
37028,5,4,4,1
37029,6,5,5,1
37030,6,4,4,1
37031,7,5,5,1
37032,5,4,4,1
37033,6,5,5,1
37034,6,4,4,1
37035,7,5,5,1
37036,6,4,4,1
37037,7,5,5,1
37038,7,4,4,1
37039,8,5,5,1
37040,5,4,4,1
37041,6,5,5,1
37042,6,5,5,1
37043,7,5,5,1
37044,6,5,5,1
37045,7,6,6,1
37046,7,5,5,1
37047,8,6,6,1
37048,6,4,4,1
37049,7,5,5,1
37050,7,5,5,1
37051,8,5,5,1
37052,7,5,5,1
37053,8,6,6,1
37054,8,5,5,1
37055,9,6,6,1
37056,4,3,3,1
37057,5,4,4,1
37058,5,4,4,1
37059,6,4,4,1
37060,5,4,4,1
37061,6,5,5,1
37062,6,4,4,1
37063,7,5,5,1
37064,5,4,4,1
37065,6,5,5,1
37066,6,4,4,1
37067,7,5,5,1
37068,6,4,4,1
37069,7,5,5,1
37070,7,4,4,1
37071,8,5,5,1
37072,5,4,4,1
37073,6,5,5,1
37074,6,5,5,1
37075,7,5,5,1
37076,6,5,5,1
37077,7,6,6,1
37078,7,5,5,1
37079,8,6,6,1
37080,6,4,4,1
37081,7,5,5,1
37082,7,5,5,1
37083,8,5,5,1
37084,7,5,5,1
37085,8,6,6,1
37086,8,5,5,1
37087,9,6,6,1
37088,5,3,3,1
37089,6,4,4,1
37090,6,4,4,1
37091,7,4,4,1
37092,6,4,4,1
37093,7,5,5,1
37094,7,4,4,1
37095,8,5,5,1
37096,6,4,4,1
37097,7,5,5,1
37098,7,4,4,1
37099,8,5,5,1
37100,7,4,4,1
37101,8,5,5,1
37102,8,4,4,1
37103,9,5,5,1
37104,6,4,4,1
37105,7,5,5,1
37106,7,5,5,1
37107,8,5,5,1
37108,7,5,5,1
37109,8,6,6,1
37110,8,5,5,1
37111,9,6,6,1
37112,7,4,4,1
37113,8,5,5,1
37114,8,5,5,1
37115,9,5,5,1
37116,8,5,5,1
37117,9,6,6,1
37118,9,5,5,1
37119,10,6,6,1
37120,3,3,3,1
37121,4,4,4,1
37122,4,4,4,1
37123,5,4,4,1
37124,4,4,4,1
37125,5,5,5,1
37126,5,4,4,1
37127,6,5,5,1
37128,4,4,4,1
37129,5,5,5,1
37130,5,4,4,1
37131,6,5,5,1
37132,5,4,4,1
37133,6,5,5,1
37134,6,4,4,1
37135,7,5,5,1
37136,4,4,4,1
37137,5,5,5,1
37138,5,5,5,1
37139,6,5,5,1
37140,5,5,5,1
37141,6,6,6,1
37142,6,5,5,1
37143,7,6,6,1
37144,5,4,4,1
37145,6,5,5,1
37146,6,5,5,1
37147,7,5,5,1
37148,6,5,5,1
37149,7,6,6,1
37150,7,5,5,1
37151,8,6,6,1
37152,4,4,4,1
37153,5,5,5,1
37154,5,5,5,1
37155,6,5,5,1
37156,5,5,5,1
37157,6,6,6,1
37158,6,5,5,1
37159,7,6,6,1
37160,5,4,4,1
37161,6,5,5,1
37162,6,5,5,1
37163,7,5,5,1
37164,6,5,5,1
37165,7,6,6,1
37166,7,5,5,1
37167,8,6,6,1
37168,5,4,4,1
37169,6,5,5,1
37170,6,5,5,1
37171,7,5,5,1
37172,6,5,5,1
37173,7,6,6,1
37174,7,5,5,1
37175,8,6,6,1
37176,6,4,4,1
37177,7,5,5,1
37178,7,5,5,1
37179,8,5,5,1
37180,7,5,5,1
37181,8,6,6,1
37182,8,5,5,1
37183,9,6,6,1
37184,4,4,4,1
37185,5,5,5,1
37186,5,5,5,1
37187,6,5,5,1
37188,5,5,5,1
37189,6,6,6,1
37190,6,5,5,1
37191,7,6,6,1
37192,5,5,5,1
37193,6,6,6,1
37194,6,5,5,1
37195,7,6,6,1
37196,6,5,5,1
37197,7,6,6,1
37198,7,5,5,1
37199,8,6,6,1
37200,5,5,5,1
37201,6,6,6,1
37202,6,6,6,1
37203,7,6,6,1
37204,6,6,6,1
37205,7,7,7,1
37206,7,6,6,1
37207,8,7,7,1
37208,6,5,5,1
37209,7,6,6,1
37210,7,6,6,1
37211,8,6,6,1
37212,7,6,6,1
37213,8,7,7,1
37214,8,6,6,1
37215,9,7,7,1
37216,5,4,4,1
37217,6,5,5,1
37218,6,5,5,1
37219,7,5,5,1
37220,6,5,5,1
37221,7,6,6,1
37222,7,5,5,1
37223,8,6,6,1
37224,6,5,5,1
37225,7,6,6,1
37226,7,5,5,1
37227,8,6,6,1
37228,7,5,5,1
37229,8,6,6,1
37230,8,5,5,1
37231,9,6,6,1
37232,6,5,5,1
37233,7,6,6,1
37234,7,6,6,1
37235,8,6,6,1
37236,7,6,6,1
37237,8,7,7,1
37238,8,6,6,1
37239,9,7,7,1
37240,7,5,5,1
37241,8,6,6,1
37242,8,6,6,1
37243,9,6,6,1
37244,8,6,6,1
37245,9,7,7,1
37246,9,6,6,1
37247,10,7,7,1
37248,4,3,3,1
37249,5,4,4,1
37250,5,4,4,1
37251,6,4,4,1
37252,5,4,4,1
37253,6,5,5,1
37254,6,4,4,1
37255,7,5,5,1
37256,5,4,4,1
37257,6,5,5,1
37258,6,4,4,1
37259,7,5,5,1
37260,6,4,4,1
37261,7,5,5,1
37262,7,4,4,1
37263,8,5,5,1
37264,5,4,4,1
37265,6,5,5,1
37266,6,5,5,1
37267,7,5,5,1
37268,6,5,5,1
37269,7,6,6,1
37270,7,5,5,1
37271,8,6,6,1
37272,6,4,4,1
37273,7,5,5,1
37274,7,5,5,1
37275,8,5,5,1
37276,7,5,5,1
37277,8,6,6,1
37278,8,5,5,1
37279,9,6,6,1
37280,5,4,4,1
37281,6,5,5,1
37282,6,5,5,1
37283,7,5,5,1
37284,6,5,5,1
37285,7,6,6,1
37286,7,5,5,1
37287,8,6,6,1
37288,6,4,4,1
37289,7,5,5,1
37290,7,5,5,1
37291,8,5,5,1
37292,7,5,5,1
37293,8,6,6,1
37294,8,5,5,1
37295,9,6,6,1
37296,6,4,4,1
37297,7,5,5,1
37298,7,5,5,1
37299,8,5,5,1
37300,7,5,5,1
37301,8,6,6,1
37302,8,5,5,1
37303,9,6,6,1
37304,7,4,4,1
37305,8,5,5,1
37306,8,5,5,1
37307,9,5,5,1
37308,8,5,5,1
37309,9,6,6,1
37310,9,5,5,1
37311,10,6,6,1
37312,5,4,4,1
37313,6,5,5,1
37314,6,5,5,1
37315,7,5,5,1
37316,6,5,5,1
37317,7,6,6,1
37318,7,5,5,1
37319,8,6,6,1
37320,6,5,5,1
37321,7,6,6,1
37322,7,5,5,1
37323,8,6,6,1
37324,7,5,5,1
37325,8,6,6,1
37326,8,5,5,1
37327,9,6,6,1
37328,6,5,5,1
37329,7,6,6,1
37330,7,6,6,1
37331,8,6,6,1
37332,7,6,6,1
37333,8,7,7,1
37334,8,6,6,1
37335,9,7,7,1
37336,7,5,5,1
37337,8,6,6,1
37338,8,6,6,1
37339,9,6,6,1
37340,8,6,6,1
37341,9,7,7,1
37342,9,6,6,1
37343,10,7,7,1
37344,6,4,4,1
37345,7,5,5,1
37346,7,5,5,1
37347,8,5,5,1
37348,7,5,5,1
37349,8,6,6,1
37350,8,5,5,1
37351,9,6,6,1
37352,7,5,5,1
37353,8,6,6,1
37354,8,5,5,1
37355,9,6,6,1
37356,8,5,5,1
37357,9,6,6,1
37358,9,5,5,1
37359,10,6,6,1
37360,7,5,5,1
37361,8,6,6,1
37362,8,6,6,1
37363,9,6,6,1
37364,8,6,6,1
37365,9,7,7,1
37366,9,6,6,1
37367,10,7,7,1
37368,8,5,5,1
37369,9,6,6,1
37370,9,6,6,1
37371,10,6,6,1
37372,9,6,6,1
37373,10,7,7,1
37374,10,6,6,1
37375,11,7,7,1
37376,3,3,3,1
37377,4,4,4,1
37378,4,4,4,1
37379,5,4,4,1
37380,4,4,4,1
37381,5,5,5,1
37382,5,4,4,1
37383,6,5,5,1
37384,4,4,4,1
37385,5,5,5,1
37386,5,4,4,1
37387,6,5,5,1
37388,5,4,4,1
37389,6,5,5,1
37390,6,4,4,1
37391,7,5,5,1
37392,4,4,4,1
37393,5,5,5,1
37394,5,5,5,1
37395,6,5,5,1
37396,5,5,5,1
37397,6,6,6,1
37398,6,5,5,1
37399,7,6,6,1
37400,5,4,4,1
37401,6,5,5,1
37402,6,5,5,1
37403,7,5,5,1
37404,6,5,5,1
37405,7,6,6,1
37406,7,5,5,1
37407,8,6,6,1
37408,4,4,4,1
37409,5,5,5,1
37410,5,5,5,1
37411,6,5,5,1
37412,5,5,5,1
37413,6,6,6,1
37414,6,5,5,1
37415,7,6,6,1
37416,5,4,4,1
37417,6,5,5,1
37418,6,5,5,1
37419,7,5,5,1
37420,6,5,5,1
37421,7,6,6,1
37422,7,5,5,1
37423,8,6,6,1
37424,5,4,4,1
37425,6,5,5,1
37426,6,5,5,1
37427,7,5,5,1
37428,6,5,5,1
37429,7,6,6,1
37430,7,5,5,1
37431,8,6,6,1
37432,6,4,4,1
37433,7,5,5,1
37434,7,5,5,1
37435,8,5,5,1
37436,7,5,5,1
37437,8,6,6,1
37438,8,5,5,1
37439,9,6,6,1
37440,4,4,4,1
37441,5,5,5,1
37442,5,5,5,1
37443,6,5,5,1
37444,5,5,5,1
37445,6,6,6,1
37446,6,5,5,1
37447,7,6,6,1
37448,5,5,5,1
37449,6,6,6,1
37450,6,5,5,1
37451,7,6,6,1
37452,6,5,5,1
37453,7,6,6,1
37454,7,5,5,1
37455,8,6,6,1
37456,5,5,5,1
37457,6,6,6,1
37458,6,6,6,1
37459,7,6,6,1
37460,6,6,6,1
37461,7,7,7,1
37462,7,6,6,1
37463,8,7,7,1
37464,6,5,5,1
37465,7,6,6,1
37466,7,6,6,1
37467,8,6,6,1
37468,7,6,6,1
37469,8,7,7,1
37470,8,6,6,1
37471,9,7,7,1
37472,5,4,4,1
37473,6,5,5,1
37474,6,5,5,1
37475,7,5,5,1
37476,6,5,5,1
37477,7,6,6,1
37478,7,5,5,1
37479,8,6,6,1
37480,6,5,5,1
37481,7,6,6,1
37482,7,5,5,1
37483,8,6,6,1
37484,7,5,5,1
37485,8,6,6,1
37486,8,5,5,1
37487,9,6,6,1
37488,6,5,5,1
37489,7,6,6,1
37490,7,6,6,1
37491,8,6,6,1
37492,7,6,6,1
37493,8,7,7,1
37494,8,6,6,1
37495,9,7,7,1
37496,7,5,5,1
37497,8,6,6,1
37498,8,6,6,1
37499,9,6,6,1
37500,8,6,6,1
37501,9,7,7,1
37502,9,6,6,1
37503,10,7,7,1
37504,4,3,3,1
37505,5,4,4,1
37506,5,4,4,1
37507,6,4,4,1
37508,5,4,4,1
37509,6,5,5,1
37510,6,4,4,1
37511,7,5,5,1
37512,5,4,4,1
37513,6,5,5,1
37514,6,4,4,1
37515,7,5,5,1
37516,6,4,4,1
37517,7,5,5,1
37518,7,4,4,1
37519,8,5,5,1
37520,5,4,4,1
37521,6,5,5,1
37522,6,5,5,1
37523,7,5,5,1
37524,6,5,5,1
37525,7,6,6,1
37526,7,5,5,1
37527,8,6,6,1
37528,6,4,4,1
37529,7,5,5,1
37530,7,5,5,1
37531,8,5,5,1
37532,7,5,5,1
37533,8,6,6,1
37534,8,5,5,1
37535,9,6,6,1
37536,5,4,4,1
37537,6,5,5,1
37538,6,5,5,1
37539,7,5,5,1
37540,6,5,5,1
37541,7,6,6,1
37542,7,5,5,1
37543,8,6,6,1
37544,6,4,4,1
37545,7,5,5,1
37546,7,5,5,1
37547,8,5,5,1
37548,7,5,5,1
37549,8,6,6,1
37550,8,5,5,1
37551,9,6,6,1
37552,6,4,4,1
37553,7,5,5,1
37554,7,5,5,1
37555,8,5,5,1
37556,7,5,5,1
37557,8,6,6,1
37558,8,5,5,1
37559,9,6,6,1
37560,7,4,4,1
37561,8,5,5,1
37562,8,5,5,1
37563,9,5,5,1
37564,8,5,5,1
37565,9,6,6,1
37566,9,5,5,1
37567,10,6,6,1
37568,5,4,4,1
37569,6,5,5,1
37570,6,5,5,1
37571,7,5,5,1
37572,6,5,5,1
37573,7,6,6,1
37574,7,5,5,1
37575,8,6,6,1
37576,6,5,5,1
37577,7,6,6,1
37578,7,5,5,1
37579,8,6,6,1
37580,7,5,5,1
37581,8,6,6,1
37582,8,5,5,1
37583,9,6,6,1
37584,6,5,5,1
37585,7,6,6,1
37586,7,6,6,1
37587,8,6,6,1
37588,7,6,6,1
37589,8,7,7,1
37590,8,6,6,1
37591,9,7,7,1
37592,7,5,5,1
37593,8,6,6,1
37594,8,6,6,1
37595,9,6,6,1
37596,8,6,6,1
37597,9,7,7,1
37598,9,6,6,1
37599,10,7,7,1
37600,6,4,4,1
37601,7,5,5,1
37602,7,5,5,1
37603,8,5,5,1
37604,7,5,5,1
37605,8,6,6,1
37606,8,5,5,1
37607,9,6,6,1
37608,7,5,5,1
37609,8,6,6,1
37610,8,5,5,1
37611,9,6,6,1
37612,8,5,5,1
37613,9,6,6,1
37614,9,5,5,1
37615,10,6,6,1
37616,7,5,5,1
37617,8,6,6,1
37618,8,6,6,1
37619,9,6,6,1
37620,8,6,6,1
37621,9,7,7,1
37622,9,6,6,1
37623,10,7,7,1
37624,8,5,5,1
37625,9,6,6,1
37626,9,6,6,1
37627,10,6,6,1
37628,9,6,6,1
37629,10,7,7,1
37630,10,6,6,1
37631,11,7,7,1
37632,4,3,3,1
37633,5,4,4,1
37634,5,4,4,1
37635,6,4,4,1
37636,5,4,4,1
37637,6,5,5,1
37638,6,4,4,1
37639,7,5,5,1
37640,5,4,4,1
37641,6,5,5,1
37642,6,4,4,1
37643,7,5,5,1
37644,6,4,4,1
37645,7,5,5,1
37646,7,4,4,1
37647,8,5,5,1
37648,5,4,4,1
37649,6,5,5,1
37650,6,5,5,1
37651,7,5,5,1
37652,6,5,5,1
37653,7,6,6,1
37654,7,5,5,1
37655,8,6,6,1
37656,6,4,4,1
37657,7,5,5,1
37658,7,5,5,1
37659,8,5,5,1
37660,7,5,5,1
37661,8,6,6,1
37662,8,5,5,1
37663,9,6,6,1
37664,5,4,4,1
37665,6,5,5,1
37666,6,5,5,1
37667,7,5,5,1
37668,6,5,5,1
37669,7,6,6,1
37670,7,5,5,1
37671,8,6,6,1
37672,6,4,4,1
37673,7,5,5,1
37674,7,5,5,1
37675,8,5,5,1
37676,7,5,5,1
37677,8,6,6,1
37678,8,5,5,1
37679,9,6,6,1
37680,6,4,4,1
37681,7,5,5,1
37682,7,5,5,1
37683,8,5,5,1
37684,7,5,5,1
37685,8,6,6,1
37686,8,5,5,1
37687,9,6,6,1
37688,7,4,4,1
37689,8,5,5,1
37690,8,5,5,1
37691,9,5,5,1
37692,8,5,5,1
37693,9,6,6,1
37694,9,5,5,1
37695,10,6,6,1
37696,5,4,4,1
37697,6,5,5,1
37698,6,5,5,1
37699,7,5,5,1
37700,6,5,5,1
37701,7,6,6,1
37702,7,5,5,1
37703,8,6,6,1
37704,6,5,5,1
37705,7,6,6,1
37706,7,5,5,1
37707,8,6,6,1
37708,7,5,5,1
37709,8,6,6,1
37710,8,5,5,1
37711,9,6,6,1
37712,6,5,5,1
37713,7,6,6,1
37714,7,6,6,1
37715,8,6,6,1
37716,7,6,6,1
37717,8,7,7,1
37718,8,6,6,1
37719,9,7,7,1
37720,7,5,5,1
37721,8,6,6,1
37722,8,6,6,1
37723,9,6,6,1
37724,8,6,6,1
37725,9,7,7,1
37726,9,6,6,1
37727,10,7,7,1
37728,6,4,4,1
37729,7,5,5,1
37730,7,5,5,1
37731,8,5,5,1
37732,7,5,5,1
37733,8,6,6,1
37734,8,5,5,1
37735,9,6,6,1
37736,7,5,5,1
37737,8,6,6,1
37738,8,5,5,1
37739,9,6,6,1
37740,8,5,5,1
37741,9,6,6,1
37742,9,5,5,1
37743,10,6,6,1
37744,7,5,5,1
37745,8,6,6,1
37746,8,6,6,1
37747,9,6,6,1
37748,8,6,6,1
37749,9,7,7,1
37750,9,6,6,1
37751,10,7,7,1
37752,8,5,5,1
37753,9,6,6,1
37754,9,6,6,1
37755,10,6,6,1
37756,9,6,6,1
37757,10,7,7,1
37758,10,6,6,1
37759,11,7,7,1
37760,5,3,3,1
37761,6,4,4,1
37762,6,4,4,1
37763,7,4,4,1
37764,6,4,4,1
37765,7,5,5,1
37766,7,4,4,1
37767,8,5,5,1
37768,6,4,4,1
37769,7,5,5,1
37770,7,4,4,1
37771,8,5,5,1
37772,7,4,4,1
37773,8,5,5,1
37774,8,4,4,1
37775,9,5,5,1
37776,6,4,4,1
37777,7,5,5,1
37778,7,5,5,1
37779,8,5,5,1
37780,7,5,5,1
37781,8,6,6,1
37782,8,5,5,1
37783,9,6,6,1
37784,7,4,4,1
37785,8,5,5,1
37786,8,5,5,1
37787,9,5,5,1
37788,8,5,5,1
37789,9,6,6,1
37790,9,5,5,1
37791,10,6,6,1
37792,6,4,4,1
37793,7,5,5,1
37794,7,5,5,1
37795,8,5,5,1
37796,7,5,5,1
37797,8,6,6,1
37798,8,5,5,1
37799,9,6,6,1
37800,7,4,4,1
37801,8,5,5,1
37802,8,5,5,1
37803,9,5,5,1
37804,8,5,5,1
37805,9,6,6,1
37806,9,5,5,1
37807,10,6,6,1
37808,7,4,4,1
37809,8,5,5,1
37810,8,5,5,1
37811,9,5,5,1
37812,8,5,5,1
37813,9,6,6,1
37814,9,5,5,1
37815,10,6,6,1
37816,8,4,4,1
37817,9,5,5,1
37818,9,5,5,1
37819,10,5,5,1
37820,9,5,5,1
37821,10,6,6,1
37822,10,5,5,1
37823,11,6,6,1
37824,6,4,4,1
37825,7,5,5,1
37826,7,5,5,1
37827,8,5,5,1
37828,7,5,5,1
37829,8,6,6,1
37830,8,5,5,1
37831,9,6,6,1
37832,7,5,5,1
37833,8,6,6,1
37834,8,5,5,1
37835,9,6,6,1
37836,8,5,5,1
37837,9,6,6,1
37838,9,5,5,1
37839,10,6,6,1
37840,7,5,5,1
37841,8,6,6,1
37842,8,6,6,1
37843,9,6,6,1
37844,8,6,6,1
37845,9,7,7,1
37846,9,6,6,1
37847,10,7,7,1
37848,8,5,5,1
37849,9,6,6,1
37850,9,6,6,1
37851,10,6,6,1
37852,9,6,6,1
37853,10,7,7,1
37854,10,6,6,1
37855,11,7,7,1
37856,7,4,4,1
37857,8,5,5,1
37858,8,5,5,1
37859,9,5,5,1
37860,8,5,5,1
37861,9,6,6,1
37862,9,5,5,1
37863,10,6,6,1
37864,8,5,5,1
37865,9,6,6,1
37866,9,5,5,1
37867,10,6,6,1
37868,9,5,5,1
37869,10,6,6,1
37870,10,5,5,1
37871,11,6,6,1
37872,8,5,5,1
37873,9,6,6,1
37874,9,6,6,1
37875,10,6,6,1
37876,9,6,6,1
37877,10,7,7,1
37878,10,6,6,1
37879,11,7,7,1
37880,9,5,5,1
37881,10,6,6,1
37882,10,6,6,1
37883,11,6,6,1
37884,10,6,6,1
37885,11,7,7,1
37886,11,6,6,1
37887,12,7,7,1
37888,3,3,3,1
37889,4,4,4,1
37890,4,4,4,1
37891,5,4,4,1
37892,4,4,4,1
37893,5,5,5,1
37894,5,4,4,1
37895,6,5,5,1
37896,4,4,4,1
37897,5,5,5,1
37898,5,4,4,1
37899,6,5,5,1
37900,5,4,4,1
37901,6,5,5,1
37902,6,4,4,1
37903,7,5,5,1
37904,4,4,4,1
37905,5,5,5,1
37906,5,5,5,1
37907,6,5,5,1
37908,5,5,5,1
37909,6,6,6,1
37910,6,5,5,1
37911,7,6,6,1
37912,5,4,4,1
37913,6,5,5,1
37914,6,5,5,1
37915,7,5,5,1
37916,6,5,5,1
37917,7,6,6,1
37918,7,5,5,1
37919,8,6,6,1
37920,4,4,4,1
37921,5,5,5,1
37922,5,5,5,1
37923,6,5,5,1
37924,5,5,5,1
37925,6,6,6,1
37926,6,5,5,1
37927,7,6,6,1
37928,5,4,4,1
37929,6,5,5,1
37930,6,5,5,1
37931,7,5,5,1
37932,6,5,5,1
37933,7,6,6,1
37934,7,5,5,1
37935,8,6,6,1
37936,5,4,4,1
37937,6,5,5,1
37938,6,5,5,1
37939,7,5,5,1
37940,6,5,5,1
37941,7,6,6,1
37942,7,5,5,1
37943,8,6,6,1
37944,6,4,4,1
37945,7,5,5,1
37946,7,5,5,1
37947,8,5,5,1
37948,7,5,5,1
37949,8,6,6,1
37950,8,5,5,1
37951,9,6,6,1
37952,4,4,4,1
37953,5,5,5,1
37954,5,5,5,1
37955,6,5,5,1
37956,5,5,5,1
37957,6,6,6,1
37958,6,5,5,1
37959,7,6,6,1
37960,5,5,5,1
37961,6,6,6,1
37962,6,5,5,1
37963,7,6,6,1
37964,6,5,5,1
37965,7,6,6,1
37966,7,5,5,1
37967,8,6,6,1
37968,5,5,5,1
37969,6,6,6,1
37970,6,6,6,1
37971,7,6,6,1
37972,6,6,6,1
37973,7,7,7,1
37974,7,6,6,1
37975,8,7,7,1
37976,6,5,5,1
37977,7,6,6,1
37978,7,6,6,1
37979,8,6,6,1
37980,7,6,6,1
37981,8,7,7,1
37982,8,6,6,1
37983,9,7,7,1
37984,5,4,4,1
37985,6,5,5,1
37986,6,5,5,1
37987,7,5,5,1
37988,6,5,5,1
37989,7,6,6,1
37990,7,5,5,1
37991,8,6,6,1
37992,6,5,5,1
37993,7,6,6,1
37994,7,5,5,1
37995,8,6,6,1
37996,7,5,5,1
37997,8,6,6,1
37998,8,5,5,1
37999,9,6,6,1
38000,6,5,5,1
38001,7,6,6,1
38002,7,6,6,1
38003,8,6,6,1
38004,7,6,6,1
38005,8,7,7,1
38006,8,6,6,1
38007,9,7,7,1
38008,7,5,5,1
38009,8,6,6,1
38010,8,6,6,1
38011,9,6,6,1
38012,8,6,6,1
38013,9,7,7,1
38014,9,6,6,1
38015,10,7,7,1
38016,4,4,4,1
38017,5,5,5,1
38018,5,5,5,1
38019,6,5,5,1
38020,5,5,5,1
38021,6,6,6,1
38022,6,5,5,1
38023,7,6,6,1
38024,5,5,5,1
38025,6,6,6,1
38026,6,5,5,1
38027,7,6,6,1
38028,6,5,5,1
38029,7,6,6,1
38030,7,5,5,1
38031,8,6,6,1
38032,5,5,5,1
38033,6,6,6,1
38034,6,6,6,1
38035,7,6,6,1
38036,6,6,6,1
38037,7,7,7,1
38038,7,6,6,1
38039,8,7,7,1
38040,6,5,5,1
38041,7,6,6,1
38042,7,6,6,1
38043,8,6,6,1
38044,7,6,6,1
38045,8,7,7,1
38046,8,6,6,1
38047,9,7,7,1
38048,5,4,4,1
38049,6,5,5,1
38050,6,5,5,1
38051,7,5,5,1
38052,6,5,5,1
38053,7,6,6,1
38054,7,5,5,1
38055,8,6,6,1
38056,6,5,5,1
38057,7,6,6,1
38058,7,5,5,1
38059,8,6,6,1
38060,7,5,5,1
38061,8,6,6,1
38062,8,5,5,1
38063,9,6,6,1
38064,6,5,5,1
38065,7,6,6,1
38066,7,6,6,1
38067,8,6,6,1
38068,7,6,6,1
38069,8,7,7,1
38070,8,6,6,1
38071,9,7,7,1
38072,7,5,5,1
38073,8,6,6,1
38074,8,6,6,1
38075,9,6,6,1
38076,8,6,6,1
38077,9,7,7,1
38078,9,6,6,1
38079,10,7,7,1
38080,5,4,4,1
38081,6,5,5,1
38082,6,5,5,1
38083,7,5,5,1
38084,6,5,5,1
38085,7,6,6,1
38086,7,5,5,1
38087,8,6,6,1
38088,6,5,5,1
38089,7,6,6,1
38090,7,5,5,1
38091,8,6,6,1
38092,7,5,5,1
38093,8,6,6,1
38094,8,5,5,1
38095,9,6,6,1
38096,6,5,5,1
38097,7,6,6,1
38098,7,6,6,1
38099,8,6,6,1
38100,7,6,6,1
38101,8,7,7,1
38102,8,6,6,1
38103,9,7,7,1
38104,7,5,5,1
38105,8,6,6,1
38106,8,6,6,1
38107,9,6,6,1
38108,8,6,6,1
38109,9,7,7,1
38110,9,6,6,1
38111,10,7,7,1
38112,6,4,4,1
38113,7,5,5,1
38114,7,5,5,1
38115,8,5,5,1
38116,7,5,5,1
38117,8,6,6,1
38118,8,5,5,1
38119,9,6,6,1
38120,7,5,5,1
38121,8,6,6,1
38122,8,5,5,1
38123,9,6,6,1
38124,8,5,5,1
38125,9,6,6,1
38126,9,5,5,1
38127,10,6,6,1
38128,7,5,5,1
38129,8,6,6,1
38130,8,6,6,1
38131,9,6,6,1
38132,8,6,6,1
38133,9,7,7,1
38134,9,6,6,1
38135,10,7,7,1
38136,8,5,5,1
38137,9,6,6,1
38138,9,6,6,1
38139,10,6,6,1
38140,9,6,6,1
38141,10,7,7,1
38142,10,6,6,1
38143,11,7,7,1
38144,4,4,4,1
38145,5,5,5,1
38146,5,5,5,1
38147,6,5,5,1
38148,5,5,5,1
38149,6,6,6,1
38150,6,5,5,1
38151,7,6,6,1
38152,5,5,5,1
38153,6,6,6,1
38154,6,5,5,1
38155,7,6,6,1
38156,6,5,5,1
38157,7,6,6,1
38158,7,5,5,1
38159,8,6,6,1
38160,5,5,5,1
38161,6,6,6,1
38162,6,6,6,1
38163,7,6,6,1
38164,6,6,6,1
38165,7,7,7,1
38166,7,6,6,1
38167,8,7,7,1
38168,6,5,5,1
38169,7,6,6,1
38170,7,6,6,1
38171,8,6,6,1
38172,7,6,6,1
38173,8,7,7,1
38174,8,6,6,1
38175,9,7,7,1
38176,5,5,5,1
38177,6,6,6,1
38178,6,6,6,1
38179,7,6,6,1
38180,6,6,6,1
38181,7,7,7,1
38182,7,6,6,1
38183,8,7,7,1
38184,6,5,5,1
38185,7,6,6,1
38186,7,6,6,1
38187,8,6,6,1
38188,7,6,6,1
38189,8,7,7,1
38190,8,6,6,1
38191,9,7,7,1
38192,6,5,5,1
38193,7,6,6,1
38194,7,6,6,1
38195,8,6,6,1
38196,7,6,6,1
38197,8,7,7,1
38198,8,6,6,1
38199,9,7,7,1
38200,7,5,5,1
38201,8,6,6,1
38202,8,6,6,1
38203,9,6,6,1
38204,8,6,6,1
38205,9,7,7,1
38206,9,6,6,1
38207,10,7,7,1
38208,5,5,5,1
38209,6,6,6,1
38210,6,6,6,1
38211,7,6,6,1
38212,6,6,6,1
38213,7,7,7,1
38214,7,6,6,1
38215,8,7,7,1
38216,6,6,6,1
38217,7,7,7,1
38218,7,6,6,1
38219,8,7,7,1
38220,7,6,6,1
38221,8,7,7,1
38222,8,6,6,1
38223,9,7,7,1
38224,6,6,6,1
38225,7,7,7,1
38226,7,7,7,1
38227,8,7,7,1
38228,7,7,7,1
38229,8,8,8,1
38230,8,7,7,1
38231,9,8,8,1
38232,7,6,6,1
38233,8,7,7,1
38234,8,7,7,1
38235,9,7,7,1
38236,8,7,7,1
38237,9,8,8,1
38238,9,7,7,1
38239,10,8,8,1
38240,6,5,5,1
38241,7,6,6,1
38242,7,6,6,1
38243,8,6,6,1
38244,7,6,6,1
38245,8,7,7,1
38246,8,6,6,1
38247,9,7,7,1
38248,7,6,6,1
38249,8,7,7,1
38250,8,6,6,1
38251,9,7,7,1
38252,8,6,6,1
38253,9,7,7,1
38254,9,6,6,1
38255,10,7,7,1
38256,7,6,6,1
38257,8,7,7,1
38258,8,7,7,1
38259,9,7,7,1
38260,8,7,7,1
38261,9,8,8,1
38262,9,7,7,1
38263,10,8,8,1
38264,8,6,6,1
38265,9,7,7,1
38266,9,7,7,1
38267,10,7,7,1
38268,9,7,7,1
38269,10,8,8,1
38270,10,7,7,1
38271,11,8,8,1
38272,5,4,4,1
38273,6,5,5,1
38274,6,5,5,1
38275,7,5,5,1
38276,6,5,5,1
38277,7,6,6,1
38278,7,5,5,1
38279,8,6,6,1
38280,6,5,5,1
38281,7,6,6,1
38282,7,5,5,1
38283,8,6,6,1
38284,7,5,5,1
38285,8,6,6,1
38286,8,5,5,1
38287,9,6,6,1
38288,6,5,5,1
38289,7,6,6,1
38290,7,6,6,1
38291,8,6,6,1
38292,7,6,6,1
38293,8,7,7,1
38294,8,6,6,1
38295,9,7,7,1
38296,7,5,5,1
38297,8,6,6,1
38298,8,6,6,1
38299,9,6,6,1
38300,8,6,6,1
38301,9,7,7,1
38302,9,6,6,1
38303,10,7,7,1
38304,6,5,5,1
38305,7,6,6,1
38306,7,6,6,1
38307,8,6,6,1
38308,7,6,6,1
38309,8,7,7,1
38310,8,6,6,1
38311,9,7,7,1
38312,7,5,5,1
38313,8,6,6,1
38314,8,6,6,1
38315,9,6,6,1
38316,8,6,6,1
38317,9,7,7,1
38318,9,6,6,1
38319,10,7,7,1
38320,7,5,5,1
38321,8,6,6,1
38322,8,6,6,1
38323,9,6,6,1
38324,8,6,6,1
38325,9,7,7,1
38326,9,6,6,1
38327,10,7,7,1
38328,8,5,5,1
38329,9,6,6,1
38330,9,6,6,1
38331,10,6,6,1
38332,9,6,6,1
38333,10,7,7,1
38334,10,6,6,1
38335,11,7,7,1
38336,6,5,5,1
38337,7,6,6,1
38338,7,6,6,1
38339,8,6,6,1
38340,7,6,6,1
38341,8,7,7,1
38342,8,6,6,1
38343,9,7,7,1
38344,7,6,6,1
38345,8,7,7,1
38346,8,6,6,1
38347,9,7,7,1
38348,8,6,6,1
38349,9,7,7,1
38350,9,6,6,1
38351,10,7,7,1
38352,7,6,6,1
38353,8,7,7,1
38354,8,7,7,1
38355,9,7,7,1
38356,8,7,7,1
38357,9,8,8,1
38358,9,7,7,1
38359,10,8,8,1
38360,8,6,6,1
38361,9,7,7,1
38362,9,7,7,1
38363,10,7,7,1
38364,9,7,7,1
38365,10,8,8,1
38366,10,7,7,1
38367,11,8,8,1
38368,7,5,5,1
38369,8,6,6,1
38370,8,6,6,1
38371,9,6,6,1
38372,8,6,6,1
38373,9,7,7,1
38374,9,6,6,1
38375,10,7,7,1
38376,8,6,6,1
38377,9,7,7,1
38378,9,6,6,1
38379,10,7,7,1
38380,9,6,6,1
38381,10,7,7,1
38382,10,6,6,1
38383,11,7,7,1
38384,8,6,6,1
38385,9,7,7,1
38386,9,7,7,1
38387,10,7,7,1
38388,9,7,7,1
38389,10,8,8,1
38390,10,7,7,1
38391,11,8,8,1
38392,9,6,6,1
38393,10,7,7,1
38394,10,7,7,1
38395,11,7,7,1
38396,10,7,7,1
38397,11,8,8,1
38398,11,7,7,1
38399,12,8,8,1
38400,4,3,3,1
38401,5,4,4,1
38402,5,4,4,1
38403,6,4,4,1
38404,5,4,4,1
38405,6,5,5,1
38406,6,4,4,1
38407,7,5,5,1
38408,5,4,4,1
38409,6,5,5,1
38410,6,4,4,1
38411,7,5,5,1
38412,6,4,4,1
38413,7,5,5,1
38414,7,4,4,1
38415,8,5,5,1
38416,5,4,4,1
38417,6,5,5,1
38418,6,5,5,1
38419,7,5,5,1
38420,6,5,5,1
38421,7,6,6,1
38422,7,5,5,1
38423,8,6,6,1
38424,6,4,4,1
38425,7,5,5,1
38426,7,5,5,1
38427,8,5,5,1
38428,7,5,5,1
38429,8,6,6,1
38430,8,5,5,1
38431,9,6,6,1
38432,5,4,4,1
38433,6,5,5,1
38434,6,5,5,1
38435,7,5,5,1
38436,6,5,5,1
38437,7,6,6,1
38438,7,5,5,1
38439,8,6,6,1
38440,6,4,4,1
38441,7,5,5,1
38442,7,5,5,1
38443,8,5,5,1
38444,7,5,5,1
38445,8,6,6,1
38446,8,5,5,1
38447,9,6,6,1
38448,6,4,4,1
38449,7,5,5,1
38450,7,5,5,1
38451,8,5,5,1
38452,7,5,5,1
38453,8,6,6,1
38454,8,5,5,1
38455,9,6,6,1
38456,7,4,4,1
38457,8,5,5,1
38458,8,5,5,1
38459,9,5,5,1
38460,8,5,5,1
38461,9,6,6,1
38462,9,5,5,1
38463,10,6,6,1
38464,5,4,4,1
38465,6,5,5,1
38466,6,5,5,1
38467,7,5,5,1
38468,6,5,5,1
38469,7,6,6,1
38470,7,5,5,1
38471,8,6,6,1
38472,6,5,5,1
38473,7,6,6,1
38474,7,5,5,1
38475,8,6,6,1
38476,7,5,5,1
38477,8,6,6,1
38478,8,5,5,1
38479,9,6,6,1
38480,6,5,5,1
38481,7,6,6,1
38482,7,6,6,1
38483,8,6,6,1
38484,7,6,6,1
38485,8,7,7,1
38486,8,6,6,1
38487,9,7,7,1
38488,7,5,5,1
38489,8,6,6,1
38490,8,6,6,1
38491,9,6,6,1
38492,8,6,6,1
38493,9,7,7,1
38494,9,6,6,1
38495,10,7,7,1
38496,6,4,4,1
38497,7,5,5,1
38498,7,5,5,1
38499,8,5,5,1
38500,7,5,5,1
38501,8,6,6,1
38502,8,5,5,1
38503,9,6,6,1
38504,7,5,5,1
38505,8,6,6,1
38506,8,5,5,1
38507,9,6,6,1
38508,8,5,5,1
38509,9,6,6,1
38510,9,5,5,1
38511,10,6,6,1
38512,7,5,5,1
38513,8,6,6,1
38514,8,6,6,1
38515,9,6,6,1
38516,8,6,6,1
38517,9,7,7,1
38518,9,6,6,1
38519,10,7,7,1
38520,8,5,5,1
38521,9,6,6,1
38522,9,6,6,1
38523,10,6,6,1
38524,9,6,6,1
38525,10,7,7,1
38526,10,6,6,1
38527,11,7,7,1
38528,5,4,4,1
38529,6,5,5,1
38530,6,5,5,1
38531,7,5,5,1
38532,6,5,5,1
38533,7,6,6,1
38534,7,5,5,1
38535,8,6,6,1
38536,6,5,5,1
38537,7,6,6,1
38538,7,5,5,1
38539,8,6,6,1
38540,7,5,5,1
38541,8,6,6,1
38542,8,5,5,1
38543,9,6,6,1
38544,6,5,5,1
38545,7,6,6,1
38546,7,6,6,1
38547,8,6,6,1
38548,7,6,6,1
38549,8,7,7,1
38550,8,6,6,1
38551,9,7,7,1
38552,7,5,5,1
38553,8,6,6,1
38554,8,6,6,1
38555,9,6,6,1
38556,8,6,6,1
38557,9,7,7,1
38558,9,6,6,1
38559,10,7,7,1
38560,6,4,4,1
38561,7,5,5,1
38562,7,5,5,1
38563,8,5,5,1
38564,7,5,5,1
38565,8,6,6,1
38566,8,5,5,1
38567,9,6,6,1
38568,7,5,5,1
38569,8,6,6,1
38570,8,5,5,1
38571,9,6,6,1
38572,8,5,5,1
38573,9,6,6,1
38574,9,5,5,1
38575,10,6,6,1
38576,7,5,5,1
38577,8,6,6,1
38578,8,6,6,1
38579,9,6,6,1
38580,8,6,6,1
38581,9,7,7,1
38582,9,6,6,1
38583,10,7,7,1
38584,8,5,5,1
38585,9,6,6,1
38586,9,6,6,1
38587,10,6,6,1
38588,9,6,6,1
38589,10,7,7,1
38590,10,6,6,1
38591,11,7,7,1
38592,6,4,4,1
38593,7,5,5,1
38594,7,5,5,1
38595,8,5,5,1
38596,7,5,5,1
38597,8,6,6,1
38598,8,5,5,1
38599,9,6,6,1
38600,7,5,5,1
38601,8,6,6,1
38602,8,5,5,1
38603,9,6,6,1
38604,8,5,5,1
38605,9,6,6,1
38606,9,5,5,1
38607,10,6,6,1
38608,7,5,5,1
38609,8,6,6,1
38610,8,6,6,1
38611,9,6,6,1
38612,8,6,6,1
38613,9,7,7,1
38614,9,6,6,1
38615,10,7,7,1
38616,8,5,5,1
38617,9,6,6,1
38618,9,6,6,1
38619,10,6,6,1
38620,9,6,6,1
38621,10,7,7,1
38622,10,6,6,1
38623,11,7,7,1
38624,7,4,4,1
38625,8,5,5,1
38626,8,5,5,1
38627,9,5,5,1
38628,8,5,5,1
38629,9,6,6,1
38630,9,5,5,1
38631,10,6,6,1
38632,8,5,5,1
38633,9,6,6,1
38634,9,5,5,1
38635,10,6,6,1
38636,9,5,5,1
38637,10,6,6,1
38638,10,5,5,1
38639,11,6,6,1
38640,8,5,5,1
38641,9,6,6,1
38642,9,6,6,1
38643,10,6,6,1
38644,9,6,6,1
38645,10,7,7,1
38646,10,6,6,1
38647,11,7,7,1
38648,9,5,5,1
38649,10,6,6,1
38650,10,6,6,1
38651,11,6,6,1
38652,10,6,6,1
38653,11,7,7,1
38654,11,6,6,1
38655,12,7,7,1
38656,5,4,4,1
38657,6,5,5,1
38658,6,5,5,1
38659,7,5,5,1
38660,6,5,5,1
38661,7,6,6,1
38662,7,5,5,1
38663,8,6,6,1
38664,6,5,5,1
38665,7,6,6,1
38666,7,5,5,1
38667,8,6,6,1
38668,7,5,5,1
38669,8,6,6,1
38670,8,5,5,1
38671,9,6,6,1
38672,6,5,5,1
38673,7,6,6,1
38674,7,6,6,1
38675,8,6,6,1
38676,7,6,6,1
38677,8,7,7,1
38678,8,6,6,1
38679,9,7,7,1
38680,7,5,5,1
38681,8,6,6,1
38682,8,6,6,1
38683,9,6,6,1
38684,8,6,6,1
38685,9,7,7,1
38686,9,6,6,1
38687,10,7,7,1
38688,6,5,5,1
38689,7,6,6,1
38690,7,6,6,1
38691,8,6,6,1
38692,7,6,6,1
38693,8,7,7,1
38694,8,6,6,1
38695,9,7,7,1
38696,7,5,5,1
38697,8,6,6,1
38698,8,6,6,1
38699,9,6,6,1
38700,8,6,6,1
38701,9,7,7,1
38702,9,6,6,1
38703,10,7,7,1
38704,7,5,5,1
38705,8,6,6,1
38706,8,6,6,1
38707,9,6,6,1
38708,8,6,6,1
38709,9,7,7,1
38710,9,6,6,1
38711,10,7,7,1
38712,8,5,5,1
38713,9,6,6,1
38714,9,6,6,1
38715,10,6,6,1
38716,9,6,6,1
38717,10,7,7,1
38718,10,6,6,1
38719,11,7,7,1
38720,6,5,5,1
38721,7,6,6,1
38722,7,6,6,1
38723,8,6,6,1
38724,7,6,6,1
38725,8,7,7,1
38726,8,6,6,1
38727,9,7,7,1
38728,7,6,6,1
38729,8,7,7,1
38730,8,6,6,1
38731,9,7,7,1
38732,8,6,6,1
38733,9,7,7,1
38734,9,6,6,1
38735,10,7,7,1
38736,7,6,6,1
38737,8,7,7,1
38738,8,7,7,1
38739,9,7,7,1
38740,8,7,7,1
38741,9,8,8,1
38742,9,7,7,1
38743,10,8,8,1
38744,8,6,6,1
38745,9,7,7,1
38746,9,7,7,1
38747,10,7,7,1
38748,9,7,7,1
38749,10,8,8,1
38750,10,7,7,1
38751,11,8,8,1
38752,7,5,5,1
38753,8,6,6,1
38754,8,6,6,1
38755,9,6,6,1
38756,8,6,6,1
38757,9,7,7,1
38758,9,6,6,1
38759,10,7,7,1
38760,8,6,6,1
38761,9,7,7,1
38762,9,6,6,1
38763,10,7,7,1
38764,9,6,6,1
38765,10,7,7,1
38766,10,6,6,1
38767,11,7,7,1
38768,8,6,6,1
38769,9,7,7,1
38770,9,7,7,1
38771,10,7,7,1
38772,9,7,7,1
38773,10,8,8,1
38774,10,7,7,1
38775,11,8,8,1
38776,9,6,6,1
38777,10,7,7,1
38778,10,7,7,1
38779,11,7,7,1
38780,10,7,7,1
38781,11,8,8,1
38782,11,7,7,1
38783,12,8,8,1
38784,6,4,4,1
38785,7,5,5,1
38786,7,5,5,1
38787,8,5,5,1
38788,7,5,5,1
38789,8,6,6,1
38790,8,5,5,1
38791,9,6,6,1
38792,7,5,5,1
38793,8,6,6,1
38794,8,5,5,1
38795,9,6,6,1
38796,8,5,5,1
38797,9,6,6,1
38798,9,5,5,1
38799,10,6,6,1
38800,7,5,5,1
38801,8,6,6,1
38802,8,6,6,1
38803,9,6,6,1
38804,8,6,6,1
38805,9,7,7,1
38806,9,6,6,1
38807,10,7,7,1
38808,8,5,5,1
38809,9,6,6,1
38810,9,6,6,1
38811,10,6,6,1
38812,9,6,6,1
38813,10,7,7,1
38814,10,6,6,1
38815,11,7,7,1
38816,7,5,5,1
38817,8,6,6,1
38818,8,6,6,1
38819,9,6,6,1
38820,8,6,6,1
38821,9,7,7,1
38822,9,6,6,1
38823,10,7,7,1
38824,8,5,5,1
38825,9,6,6,1
38826,9,6,6,1
38827,10,6,6,1
38828,9,6,6,1
38829,10,7,7,1
38830,10,6,6,1
38831,11,7,7,1
38832,8,5,5,1
38833,9,6,6,1
38834,9,6,6,1
38835,10,6,6,1
38836,9,6,6,1
38837,10,7,7,1
38838,10,6,6,1
38839,11,7,7,1
38840,9,5,5,1
38841,10,6,6,1
38842,10,6,6,1
38843,11,6,6,1
38844,10,6,6,1
38845,11,7,7,1
38846,11,6,6,1
38847,12,7,7,1
38848,7,5,5,1
38849,8,6,6,1
38850,8,6,6,1
38851,9,6,6,1
38852,8,6,6,1
38853,9,7,7,1
38854,9,6,6,1
38855,10,7,7,1
38856,8,6,6,1
38857,9,7,7,1
38858,9,6,6,1
38859,10,7,7,1
38860,9,6,6,1
38861,10,7,7,1
38862,10,6,6,1
38863,11,7,7,1
38864,8,6,6,1
38865,9,7,7,1
38866,9,7,7,1
38867,10,7,7,1
38868,9,7,7,1
38869,10,8,8,1
38870,10,7,7,1
38871,11,8,8,1
38872,9,6,6,1
38873,10,7,7,1
38874,10,7,7,1
38875,11,7,7,1
38876,10,7,7,1
38877,11,8,8,1
38878,11,7,7,1
38879,12,8,8,1
38880,8,5,5,1
38881,9,6,6,1
38882,9,6,6,1
38883,10,6,6,1
38884,9,6,6,1
38885,10,7,7,1
38886,10,6,6,1
38887,11,7,7,1
38888,9,6,6,1
38889,10,7,7,1
38890,10,6,6,1
38891,11,7,7,1
38892,10,6,6,1
38893,11,7,7,1
38894,11,6,6,1
38895,12,7,7,1
38896,9,6,6,1
38897,10,7,7,1
38898,10,7,7,1
38899,11,7,7,1
38900,10,7,7,1
38901,11,8,8,1
38902,11,7,7,1
38903,12,8,8,1
38904,10,6,6,1
38905,11,7,7,1
38906,11,7,7,1
38907,12,7,7,1
38908,11,7,7,1
38909,12,8,8,1
38910,12,7,7,1
38911,13,8,8,1
38912,3,2,2,1
38913,4,3,3,1
38914,4,3,3,1
38915,5,3,3,1
38916,4,3,3,1
38917,5,4,4,1
38918,5,3,3,1
38919,6,4,4,1
38920,4,3,3,1
38921,5,4,4,1
38922,5,3,3,1
38923,6,4,4,1
38924,5,3,3,1
38925,6,4,4,1
38926,6,3,3,1
38927,7,4,4,1
38928,4,3,3,1
38929,5,4,4,1
38930,5,4,4,1
38931,6,4,4,1
38932,5,4,4,1
38933,6,5,5,1
38934,6,4,4,1
38935,7,5,5,1
38936,5,3,3,1
38937,6,4,4,1
38938,6,4,4,1
38939,7,4,4,1
38940,6,4,4,1
38941,7,5,5,1
38942,7,4,4,1
38943,8,5,5,1
38944,4,3,3,1
38945,5,4,4,1
38946,5,4,4,1
38947,6,4,4,1
38948,5,4,4,1
38949,6,5,5,1
38950,6,4,4,1
38951,7,5,5,1
38952,5,3,3,1
38953,6,4,4,1
38954,6,4,4,1
38955,7,4,4,1
38956,6,4,4,1
38957,7,5,5,1
38958,7,4,4,1
38959,8,5,5,1
38960,5,3,3,1
38961,6,4,4,1
38962,6,4,4,1
38963,7,4,4,1
38964,6,4,4,1
38965,7,5,5,1
38966,7,4,4,1
38967,8,5,5,1
38968,6,3,3,1
38969,7,4,4,1
38970,7,4,4,1
38971,8,4,4,1
38972,7,4,4,1
38973,8,5,5,1
38974,8,4,4,1
38975,9,5,5,1
38976,4,3,3,1
38977,5,4,4,1
38978,5,4,4,1
38979,6,4,4,1
38980,5,4,4,1
38981,6,5,5,1
38982,6,4,4,1
38983,7,5,5,1
38984,5,4,4,1
38985,6,5,5,1
38986,6,4,4,1
38987,7,5,5,1
38988,6,4,4,1
38989,7,5,5,1
38990,7,4,4,1
38991,8,5,5,1
38992,5,4,4,1
38993,6,5,5,1
38994,6,5,5,1
38995,7,5,5,1
38996,6,5,5,1
38997,7,6,6,1
38998,7,5,5,1
38999,8,6,6,1
39000,6,4,4,1
39001,7,5,5,1
39002,7,5,5,1
39003,8,5,5,1
39004,7,5,5,1
39005,8,6,6,1
39006,8,5,5,1
39007,9,6,6,1
39008,5,3,3,1
39009,6,4,4,1
39010,6,4,4,1
39011,7,4,4,1
39012,6,4,4,1
39013,7,5,5,1
39014,7,4,4,1
39015,8,5,5,1
39016,6,4,4,1
39017,7,5,5,1
39018,7,4,4,1
39019,8,5,5,1
39020,7,4,4,1
39021,8,5,5,1
39022,8,4,4,1
39023,9,5,5,1
39024,6,4,4,1
39025,7,5,5,1
39026,7,5,5,1
39027,8,5,5,1
39028,7,5,5,1
39029,8,6,6,1
39030,8,5,5,1
39031,9,6,6,1
39032,7,4,4,1
39033,8,5,5,1
39034,8,5,5,1
39035,9,5,5,1
39036,8,5,5,1
39037,9,6,6,1
39038,9,5,5,1
39039,10,6,6,1
39040,4,3,3,1
39041,5,4,4,1
39042,5,4,4,1
39043,6,4,4,1
39044,5,4,4,1
39045,6,5,5,1
39046,6,4,4,1
39047,7,5,5,1
39048,5,4,4,1
39049,6,5,5,1
39050,6,4,4,1
39051,7,5,5,1
39052,6,4,4,1
39053,7,5,5,1
39054,7,4,4,1
39055,8,5,5,1
39056,5,4,4,1
39057,6,5,5,1
39058,6,5,5,1
39059,7,5,5,1
39060,6,5,5,1
39061,7,6,6,1
39062,7,5,5,1
39063,8,6,6,1
39064,6,4,4,1
39065,7,5,5,1
39066,7,5,5,1
39067,8,5,5,1
39068,7,5,5,1
39069,8,6,6,1
39070,8,5,5,1
39071,9,6,6,1
39072,5,3,3,1
39073,6,4,4,1
39074,6,4,4,1
39075,7,4,4,1
39076,6,4,4,1
39077,7,5,5,1
39078,7,4,4,1
39079,8,5,5,1
39080,6,4,4,1
39081,7,5,5,1
39082,7,4,4,1
39083,8,5,5,1
39084,7,4,4,1
39085,8,5,5,1
39086,8,4,4,1
39087,9,5,5,1
39088,6,4,4,1
39089,7,5,5,1
39090,7,5,5,1
39091,8,5,5,1
39092,7,5,5,1
39093,8,6,6,1
39094,8,5,5,1
39095,9,6,6,1
39096,7,4,4,1
39097,8,5,5,1
39098,8,5,5,1
39099,9,5,5,1
39100,8,5,5,1
39101,9,6,6,1
39102,9,5,5,1
39103,10,6,6,1
39104,5,3,3,1
39105,6,4,4,1
39106,6,4,4,1
39107,7,4,4,1
39108,6,4,4,1
39109,7,5,5,1
39110,7,4,4,1
39111,8,5,5,1
39112,6,4,4,1
39113,7,5,5,1
39114,7,4,4,1
39115,8,5,5,1
39116,7,4,4,1
39117,8,5,5,1
39118,8,4,4,1
39119,9,5,5,1
39120,6,4,4,1
39121,7,5,5,1
39122,7,5,5,1
39123,8,5,5,1
39124,7,5,5,1
39125,8,6,6,1
39126,8,5,5,1
39127,9,6,6,1
39128,7,4,4,1
39129,8,5,5,1
39130,8,5,5,1
39131,9,5,5,1
39132,8,5,5,1
39133,9,6,6,1
39134,9,5,5,1
39135,10,6,6,1
39136,6,3,3,1
39137,7,4,4,1
39138,7,4,4,1
39139,8,4,4,1
39140,7,4,4,1
39141,8,5,5,1
39142,8,4,4,1
39143,9,5,5,1
39144,7,4,4,1
39145,8,5,5,1
39146,8,4,4,1
39147,9,5,5,1
39148,8,4,4,1
39149,9,5,5,1
39150,9,4,4,1
39151,10,5,5,1
39152,7,4,4,1
39153,8,5,5,1
39154,8,5,5,1
39155,9,5,5,1
39156,8,5,5,1
39157,9,6,6,1
39158,9,5,5,1
39159,10,6,6,1
39160,8,4,4,1
39161,9,5,5,1
39162,9,5,5,1
39163,10,5,5,1
39164,9,5,5,1
39165,10,6,6,1
39166,10,5,5,1
39167,11,6,6,1
39168,4,3,3,1
39169,5,4,4,1
39170,5,4,4,1
39171,6,4,4,1
39172,5,4,4,1
39173,6,5,5,1
39174,6,4,4,1
39175,7,5,5,1
39176,5,4,4,1
39177,6,5,5,1
39178,6,4,4,1
39179,7,5,5,1
39180,6,4,4,1
39181,7,5,5,1
39182,7,4,4,1
39183,8,5,5,1
39184,5,4,4,1
39185,6,5,5,1
39186,6,5,5,1
39187,7,5,5,1
39188,6,5,5,1
39189,7,6,6,1
39190,7,5,5,1
39191,8,6,6,1
39192,6,4,4,1
39193,7,5,5,1
39194,7,5,5,1
39195,8,5,5,1
39196,7,5,5,1
39197,8,6,6,1
39198,8,5,5,1
39199,9,6,6,1
39200,5,4,4,1
39201,6,5,5,1
39202,6,5,5,1
39203,7,5,5,1
39204,6,5,5,1
39205,7,6,6,1
39206,7,5,5,1
39207,8,6,6,1
39208,6,4,4,1
39209,7,5,5,1
39210,7,5,5,1
39211,8,5,5,1
39212,7,5,5,1
39213,8,6,6,1
39214,8,5,5,1
39215,9,6,6,1
39216,6,4,4,1
39217,7,5,5,1
39218,7,5,5,1
39219,8,5,5,1
39220,7,5,5,1
39221,8,6,6,1
39222,8,5,5,1
39223,9,6,6,1
39224,7,4,4,1
39225,8,5,5,1
39226,8,5,5,1
39227,9,5,5,1
39228,8,5,5,1
39229,9,6,6,1
39230,9,5,5,1
39231,10,6,6,1
39232,5,4,4,1
39233,6,5,5,1
39234,6,5,5,1
39235,7,5,5,1
39236,6,5,5,1
39237,7,6,6,1
39238,7,5,5,1
39239,8,6,6,1
39240,6,5,5,1
39241,7,6,6,1
39242,7,5,5,1
39243,8,6,6,1
39244,7,5,5,1
39245,8,6,6,1
39246,8,5,5,1
39247,9,6,6,1
39248,6,5,5,1
39249,7,6,6,1
39250,7,6,6,1
39251,8,6,6,1
39252,7,6,6,1
39253,8,7,7,1
39254,8,6,6,1
39255,9,7,7,1
39256,7,5,5,1
39257,8,6,6,1
39258,8,6,6,1
39259,9,6,6,1
39260,8,6,6,1
39261,9,7,7,1
39262,9,6,6,1
39263,10,7,7,1
39264,6,4,4,1
39265,7,5,5,1
39266,7,5,5,1
39267,8,5,5,1
39268,7,5,5,1
39269,8,6,6,1
39270,8,5,5,1
39271,9,6,6,1
39272,7,5,5,1
39273,8,6,6,1
39274,8,5,5,1
39275,9,6,6,1
39276,8,5,5,1
39277,9,6,6,1
39278,9,5,5,1
39279,10,6,6,1
39280,7,5,5,1
39281,8,6,6,1
39282,8,6,6,1
39283,9,6,6,1
39284,8,6,6,1
39285,9,7,7,1
39286,9,6,6,1
39287,10,7,7,1
39288,8,5,5,1
39289,9,6,6,1
39290,9,6,6,1
39291,10,6,6,1
39292,9,6,6,1
39293,10,7,7,1
39294,10,6,6,1
39295,11,7,7,1
39296,5,3,3,1
39297,6,4,4,1
39298,6,4,4,1
39299,7,4,4,1
39300,6,4,4,1
39301,7,5,5,1
39302,7,4,4,1
39303,8,5,5,1
39304,6,4,4,1
39305,7,5,5,1
39306,7,4,4,1
39307,8,5,5,1
39308,7,4,4,1
39309,8,5,5,1
39310,8,4,4,1
39311,9,5,5,1
39312,6,4,4,1
39313,7,5,5,1
39314,7,5,5,1
39315,8,5,5,1
39316,7,5,5,1
39317,8,6,6,1
39318,8,5,5,1
39319,9,6,6,1
39320,7,4,4,1
39321,8,5,5,1
39322,8,5,5,1
39323,9,5,5,1
39324,8,5,5,1
39325,9,6,6,1
39326,9,5,5,1
39327,10,6,6,1
39328,6,4,4,1
39329,7,5,5,1
39330,7,5,5,1
39331,8,5,5,1
39332,7,5,5,1
39333,8,6,6,1
39334,8,5,5,1
39335,9,6,6,1
39336,7,4,4,1
39337,8,5,5,1
39338,8,5,5,1
39339,9,5,5,1
39340,8,5,5,1
39341,9,6,6,1
39342,9,5,5,1
39343,10,6,6,1
39344,7,4,4,1
39345,8,5,5,1
39346,8,5,5,1
39347,9,5,5,1
39348,8,5,5,1
39349,9,6,6,1
39350,9,5,5,1
39351,10,6,6,1
39352,8,4,4,1
39353,9,5,5,1
39354,9,5,5,1
39355,10,5,5,1
39356,9,5,5,1
39357,10,6,6,1
39358,10,5,5,1
39359,11,6,6,1
39360,6,4,4,1
39361,7,5,5,1
39362,7,5,5,1
39363,8,5,5,1
39364,7,5,5,1
39365,8,6,6,1
39366,8,5,5,1
39367,9,6,6,1
39368,7,5,5,1
39369,8,6,6,1
39370,8,5,5,1
39371,9,6,6,1
39372,8,5,5,1
39373,9,6,6,1
39374,9,5,5,1
39375,10,6,6,1
39376,7,5,5,1
39377,8,6,6,1
39378,8,6,6,1
39379,9,6,6,1
39380,8,6,6,1
39381,9,7,7,1
39382,9,6,6,1
39383,10,7,7,1
39384,8,5,5,1
39385,9,6,6,1
39386,9,6,6,1
39387,10,6,6,1
39388,9,6,6,1
39389,10,7,7,1
39390,10,6,6,1
39391,11,7,7,1
39392,7,4,4,1
39393,8,5,5,1
39394,8,5,5,1
39395,9,5,5,1
39396,8,5,5,1
39397,9,6,6,1
39398,9,5,5,1
39399,10,6,6,1
39400,8,5,5,1
39401,9,6,6,1
39402,9,5,5,1
39403,10,6,6,1
39404,9,5,5,1
39405,10,6,6,1
39406,10,5,5,1
39407,11,6,6,1
39408,8,5,5,1
39409,9,6,6,1
39410,9,6,6,1
39411,10,6,6,1
39412,9,6,6,1
39413,10,7,7,1
39414,10,6,6,1
39415,11,7,7,1
39416,9,5,5,1
39417,10,6,6,1
39418,10,6,6,1
39419,11,6,6,1
39420,10,6,6,1
39421,11,7,7,1
39422,11,6,6,1
39423,12,7,7,1
39424,4,3,3,1
39425,5,4,4,1
39426,5,4,4,1
39427,6,4,4,1
39428,5,4,4,1
39429,6,5,5,1
39430,6,4,4,1
39431,7,5,5,1
39432,5,4,4,1
39433,6,5,5,1
39434,6,4,4,1
39435,7,5,5,1
39436,6,4,4,1
39437,7,5,5,1
39438,7,4,4,1
39439,8,5,5,1
39440,5,4,4,1
39441,6,5,5,1
39442,6,5,5,1
39443,7,5,5,1
39444,6,5,5,1
39445,7,6,6,1
39446,7,5,5,1
39447,8,6,6,1
39448,6,4,4,1
39449,7,5,5,1
39450,7,5,5,1
39451,8,5,5,1
39452,7,5,5,1
39453,8,6,6,1
39454,8,5,5,1
39455,9,6,6,1
39456,5,4,4,1
39457,6,5,5,1
39458,6,5,5,1
39459,7,5,5,1
39460,6,5,5,1
39461,7,6,6,1
39462,7,5,5,1
39463,8,6,6,1
39464,6,4,4,1
39465,7,5,5,1
39466,7,5,5,1
39467,8,5,5,1
39468,7,5,5,1
39469,8,6,6,1
39470,8,5,5,1
39471,9,6,6,1
39472,6,4,4,1
39473,7,5,5,1
39474,7,5,5,1
39475,8,5,5,1
39476,7,5,5,1
39477,8,6,6,1
39478,8,5,5,1
39479,9,6,6,1
39480,7,4,4,1
39481,8,5,5,1
39482,8,5,5,1
39483,9,5,5,1
39484,8,5,5,1
39485,9,6,6,1
39486,9,5,5,1
39487,10,6,6,1
39488,5,4,4,1
39489,6,5,5,1
39490,6,5,5,1
39491,7,5,5,1
39492,6,5,5,1
39493,7,6,6,1
39494,7,5,5,1
39495,8,6,6,1
39496,6,5,5,1
39497,7,6,6,1
39498,7,5,5,1
39499,8,6,6,1
39500,7,5,5,1
39501,8,6,6,1
39502,8,5,5,1
39503,9,6,6,1
39504,6,5,5,1
39505,7,6,6,1
39506,7,6,6,1
39507,8,6,6,1
39508,7,6,6,1
39509,8,7,7,1
39510,8,6,6,1
39511,9,7,7,1
39512,7,5,5,1
39513,8,6,6,1
39514,8,6,6,1
39515,9,6,6,1
39516,8,6,6,1
39517,9,7,7,1
39518,9,6,6,1
39519,10,7,7,1
39520,6,4,4,1
39521,7,5,5,1
39522,7,5,5,1
39523,8,5,5,1
39524,7,5,5,1
39525,8,6,6,1
39526,8,5,5,1
39527,9,6,6,1
39528,7,5,5,1
39529,8,6,6,1
39530,8,5,5,1
39531,9,6,6,1
39532,8,5,5,1
39533,9,6,6,1
39534,9,5,5,1
39535,10,6,6,1
39536,7,5,5,1
39537,8,6,6,1
39538,8,6,6,1
39539,9,6,6,1
39540,8,6,6,1
39541,9,7,7,1
39542,9,6,6,1
39543,10,7,7,1
39544,8,5,5,1
39545,9,6,6,1
39546,9,6,6,1
39547,10,6,6,1
39548,9,6,6,1
39549,10,7,7,1
39550,10,6,6,1
39551,11,7,7,1
39552,5,3,3,1
39553,6,4,4,1
39554,6,4,4,1
39555,7,4,4,1
39556,6,4,4,1
39557,7,5,5,1
39558,7,4,4,1
39559,8,5,5,1
39560,6,4,4,1
39561,7,5,5,1
39562,7,4,4,1
39563,8,5,5,1
39564,7,4,4,1
39565,8,5,5,1
39566,8,4,4,1
39567,9,5,5,1
39568,6,4,4,1
39569,7,5,5,1
39570,7,5,5,1
39571,8,5,5,1
39572,7,5,5,1
39573,8,6,6,1
39574,8,5,5,1
39575,9,6,6,1
39576,7,4,4,1
39577,8,5,5,1
39578,8,5,5,1
39579,9,5,5,1
39580,8,5,5,1
39581,9,6,6,1
39582,9,5,5,1
39583,10,6,6,1
39584,6,4,4,1
39585,7,5,5,1
39586,7,5,5,1
39587,8,5,5,1
39588,7,5,5,1
39589,8,6,6,1
39590,8,5,5,1
39591,9,6,6,1
39592,7,4,4,1
39593,8,5,5,1
39594,8,5,5,1
39595,9,5,5,1
39596,8,5,5,1
39597,9,6,6,1
39598,9,5,5,1
39599,10,6,6,1
39600,7,4,4,1
39601,8,5,5,1
39602,8,5,5,1
39603,9,5,5,1
39604,8,5,5,1
39605,9,6,6,1
39606,9,5,5,1
39607,10,6,6,1
39608,8,4,4,1
39609,9,5,5,1
39610,9,5,5,1
39611,10,5,5,1
39612,9,5,5,1
39613,10,6,6,1
39614,10,5,5,1
39615,11,6,6,1
39616,6,4,4,1
39617,7,5,5,1
39618,7,5,5,1
39619,8,5,5,1
39620,7,5,5,1
39621,8,6,6,1
39622,8,5,5,1
39623,9,6,6,1
39624,7,5,5,1
39625,8,6,6,1
39626,8,5,5,1
39627,9,6,6,1
39628,8,5,5,1
39629,9,6,6,1
39630,9,5,5,1
39631,10,6,6,1
39632,7,5,5,1
39633,8,6,6,1
39634,8,6,6,1
39635,9,6,6,1
39636,8,6,6,1
39637,9,7,7,1
39638,9,6,6,1
39639,10,7,7,1
39640,8,5,5,1
39641,9,6,6,1
39642,9,6,6,1
39643,10,6,6,1
39644,9,6,6,1
39645,10,7,7,1
39646,10,6,6,1
39647,11,7,7,1
39648,7,4,4,1
39649,8,5,5,1
39650,8,5,5,1
39651,9,5,5,1
39652,8,5,5,1
39653,9,6,6,1
39654,9,5,5,1
39655,10,6,6,1
39656,8,5,5,1
39657,9,6,6,1
39658,9,5,5,1
39659,10,6,6,1
39660,9,5,5,1
39661,10,6,6,1
39662,10,5,5,1
39663,11,6,6,1
39664,8,5,5,1
39665,9,6,6,1
39666,9,6,6,1
39667,10,6,6,1
39668,9,6,6,1
39669,10,7,7,1
39670,10,6,6,1
39671,11,7,7,1
39672,9,5,5,1
39673,10,6,6,1
39674,10,6,6,1
39675,11,6,6,1
39676,10,6,6,1
39677,11,7,7,1
39678,11,6,6,1
39679,12,7,7,1
39680,5,3,3,1
39681,6,4,4,1
39682,6,4,4,1
39683,7,4,4,1
39684,6,4,4,1
39685,7,5,5,1
39686,7,4,4,1
39687,8,5,5,1
39688,6,4,4,1
39689,7,5,5,1
39690,7,4,4,1
39691,8,5,5,1
39692,7,4,4,1
39693,8,5,5,1
39694,8,4,4,1
39695,9,5,5,1
39696,6,4,4,1
39697,7,5,5,1
39698,7,5,5,1
39699,8,5,5,1
39700,7,5,5,1
39701,8,6,6,1
39702,8,5,5,1
39703,9,6,6,1
39704,7,4,4,1
39705,8,5,5,1
39706,8,5,5,1
39707,9,5,5,1
39708,8,5,5,1
39709,9,6,6,1
39710,9,5,5,1
39711,10,6,6,1
39712,6,4,4,1
39713,7,5,5,1
39714,7,5,5,1
39715,8,5,5,1
39716,7,5,5,1
39717,8,6,6,1
39718,8,5,5,1
39719,9,6,6,1
39720,7,4,4,1
39721,8,5,5,1
39722,8,5,5,1
39723,9,5,5,1
39724,8,5,5,1
39725,9,6,6,1
39726,9,5,5,1
39727,10,6,6,1
39728,7,4,4,1
39729,8,5,5,1
39730,8,5,5,1
39731,9,5,5,1
39732,8,5,5,1
39733,9,6,6,1
39734,9,5,5,1
39735,10,6,6,1
39736,8,4,4,1
39737,9,5,5,1
39738,9,5,5,1
39739,10,5,5,1
39740,9,5,5,1
39741,10,6,6,1
39742,10,5,5,1
39743,11,6,6,1
39744,6,4,4,1
39745,7,5,5,1
39746,7,5,5,1
39747,8,5,5,1
39748,7,5,5,1
39749,8,6,6,1
39750,8,5,5,1
39751,9,6,6,1
39752,7,5,5,1
39753,8,6,6,1
39754,8,5,5,1
39755,9,6,6,1
39756,8,5,5,1
39757,9,6,6,1
39758,9,5,5,1
39759,10,6,6,1
39760,7,5,5,1
39761,8,6,6,1
39762,8,6,6,1
39763,9,6,6,1
39764,8,6,6,1
39765,9,7,7,1
39766,9,6,6,1
39767,10,7,7,1
39768,8,5,5,1
39769,9,6,6,1
39770,9,6,6,1
39771,10,6,6,1
39772,9,6,6,1
39773,10,7,7,1
39774,10,6,6,1
39775,11,7,7,1
39776,7,4,4,1
39777,8,5,5,1
39778,8,5,5,1
39779,9,5,5,1
39780,8,5,5,1
39781,9,6,6,1
39782,9,5,5,1
39783,10,6,6,1
39784,8,5,5,1
39785,9,6,6,1
39786,9,5,5,1
39787,10,6,6,1
39788,9,5,5,1
39789,10,6,6,1
39790,10,5,5,1
39791,11,6,6,1
39792,8,5,5,1
39793,9,6,6,1
39794,9,6,6,1
39795,10,6,6,1
39796,9,6,6,1
39797,10,7,7,1
39798,10,6,6,1
39799,11,7,7,1
39800,9,5,5,1
39801,10,6,6,1
39802,10,6,6,1
39803,11,6,6,1
39804,10,6,6,1
39805,11,7,7,1
39806,11,6,6,1
39807,12,7,7,1
39808,6,3,3,1
39809,7,4,4,1
39810,7,4,4,1
39811,8,4,4,1
39812,7,4,4,1
39813,8,5,5,1
39814,8,4,4,1
39815,9,5,5,1
39816,7,4,4,1
39817,8,5,5,1
39818,8,4,4,1
39819,9,5,5,1
39820,8,4,4,1
39821,9,5,5,1
39822,9,4,4,1
39823,10,5,5,1
39824,7,4,4,1
39825,8,5,5,1
39826,8,5,5,1
39827,9,5,5,1
39828,8,5,5,1
39829,9,6,6,1
39830,9,5,5,1
39831,10,6,6,1
39832,8,4,4,1
39833,9,5,5,1
39834,9,5,5,1
39835,10,5,5,1
39836,9,5,5,1
39837,10,6,6,1
39838,10,5,5,1
39839,11,6,6,1
39840,7,4,4,1
39841,8,5,5,1
39842,8,5,5,1
39843,9,5,5,1
39844,8,5,5,1
39845,9,6,6,1
39846,9,5,5,1
39847,10,6,6,1
39848,8,4,4,1
39849,9,5,5,1
39850,9,5,5,1
39851,10,5,5,1
39852,9,5,5,1
39853,10,6,6,1
39854,10,5,5,1
39855,11,6,6,1
39856,8,4,4,1
39857,9,5,5,1
39858,9,5,5,1
39859,10,5,5,1
39860,9,5,5,1
39861,10,6,6,1
39862,10,5,5,1
39863,11,6,6,1
39864,9,4,4,1
39865,10,5,5,1
39866,10,5,5,1
39867,11,5,5,1
39868,10,5,5,1
39869,11,6,6,1
39870,11,5,5,1
39871,12,6,6,1
39872,7,4,4,1
39873,8,5,5,1
39874,8,5,5,1
39875,9,5,5,1
39876,8,5,5,1
39877,9,6,6,1
39878,9,5,5,1
39879,10,6,6,1
39880,8,5,5,1
39881,9,6,6,1
39882,9,5,5,1
39883,10,6,6,1
39884,9,5,5,1
39885,10,6,6,1
39886,10,5,5,1
39887,11,6,6,1
39888,8,5,5,1
39889,9,6,6,1
39890,9,6,6,1
39891,10,6,6,1
39892,9,6,6,1
39893,10,7,7,1
39894,10,6,6,1
39895,11,7,7,1
39896,9,5,5,1
39897,10,6,6,1
39898,10,6,6,1
39899,11,6,6,1
39900,10,6,6,1
39901,11,7,7,1
39902,11,6,6,1
39903,12,7,7,1
39904,8,4,4,1
39905,9,5,5,1
39906,9,5,5,1
39907,10,5,5,1
39908,9,5,5,1
39909,10,6,6,1
39910,10,5,5,1
39911,11,6,6,1
39912,9,5,5,1
39913,10,6,6,1
39914,10,5,5,1
39915,11,6,6,1
39916,10,5,5,1
39917,11,6,6,1
39918,11,5,5,1
39919,12,6,6,1
39920,9,5,5,1
39921,10,6,6,1
39922,10,6,6,1
39923,11,6,6,1
39924,10,6,6,1
39925,11,7,7,1
39926,11,6,6,1
39927,12,7,7,1
39928,10,5,5,1
39929,11,6,6,1
39930,11,6,6,1
39931,12,6,6,1
39932,11,6,6,1
39933,12,7,7,1
39934,12,6,6,1
39935,13,7,7,1
39936,4,3,3,1
39937,5,4,4,1
39938,5,4,4,1
39939,6,4,4,1
39940,5,4,4,1
39941,6,5,5,1
39942,6,4,4,1
39943,7,5,5,1
39944,5,4,4,1
39945,6,5,5,1
39946,6,4,4,1
39947,7,5,5,1
39948,6,4,4,1
39949,7,5,5,1
39950,7,4,4,1
39951,8,5,5,1
39952,5,4,4,1
39953,6,5,5,1
39954,6,5,5,1
39955,7,5,5,1
39956,6,5,5,1
39957,7,6,6,1
39958,7,5,5,1
39959,8,6,6,1
39960,6,4,4,1
39961,7,5,5,1
39962,7,5,5,1
39963,8,5,5,1
39964,7,5,5,1
39965,8,6,6,1
39966,8,5,5,1
39967,9,6,6,1
39968,5,4,4,1
39969,6,5,5,1
39970,6,5,5,1
39971,7,5,5,1
39972,6,5,5,1
39973,7,6,6,1
39974,7,5,5,1
39975,8,6,6,1
39976,6,4,4,1
39977,7,5,5,1
39978,7,5,5,1
39979,8,5,5,1
39980,7,5,5,1
39981,8,6,6,1
39982,8,5,5,1
39983,9,6,6,1
39984,6,4,4,1
39985,7,5,5,1
39986,7,5,5,1
39987,8,5,5,1
39988,7,5,5,1
39989,8,6,6,1
39990,8,5,5,1
39991,9,6,6,1
39992,7,4,4,1
39993,8,5,5,1
39994,8,5,5,1
39995,9,5,5,1
39996,8,5,5,1
39997,9,6,6,1
39998,9,5,5,1
39999,10,6,6,1
40000,5,4,4,1
40001,6,5,5,1
40002,6,5,5,1
40003,7,5,5,1
40004,6,5,5,1
40005,7,6,6,1
40006,7,5,5,1
40007,8,6,6,1
40008,6,5,5,1
40009,7,6,6,1
40010,7,5,5,1
40011,8,6,6,1
40012,7,5,5,1
40013,8,6,6,1
40014,8,5,5,1
40015,9,6,6,1
40016,6,5,5,1
40017,7,6,6,1
40018,7,6,6,1
40019,8,6,6,1
40020,7,6,6,1
40021,8,7,7,1
40022,8,6,6,1
40023,9,7,7,1
40024,7,5,5,1
40025,8,6,6,1
40026,8,6,6,1
40027,9,6,6,1
40028,8,6,6,1
40029,9,7,7,1
40030,9,6,6,1
40031,10,7,7,1
40032,6,4,4,1
40033,7,5,5,1
40034,7,5,5,1
40035,8,5,5,1
40036,7,5,5,1
40037,8,6,6,1
40038,8,5,5,1
40039,9,6,6,1
40040,7,5,5,1
40041,8,6,6,1
40042,8,5,5,1
40043,9,6,6,1
40044,8,5,5,1
40045,9,6,6,1
40046,9,5,5,1
40047,10,6,6,1
40048,7,5,5,1
40049,8,6,6,1
40050,8,6,6,1
40051,9,6,6,1
40052,8,6,6,1
40053,9,7,7,1
40054,9,6,6,1
40055,10,7,7,1
40056,8,5,5,1
40057,9,6,6,1
40058,9,6,6,1
40059,10,6,6,1
40060,9,6,6,1
40061,10,7,7,1
40062,10,6,6,1
40063,11,7,7,1
40064,5,4,4,1
40065,6,5,5,1
40066,6,5,5,1
40067,7,5,5,1
40068,6,5,5,1
40069,7,6,6,1
40070,7,5,5,1
40071,8,6,6,1
40072,6,5,5,1
40073,7,6,6,1
40074,7,5,5,1
40075,8,6,6,1
40076,7,5,5,1
40077,8,6,6,1
40078,8,5,5,1
40079,9,6,6,1
40080,6,5,5,1
40081,7,6,6,1
40082,7,6,6,1
40083,8,6,6,1
40084,7,6,6,1
40085,8,7,7,1
40086,8,6,6,1
40087,9,7,7,1
40088,7,5,5,1
40089,8,6,6,1
40090,8,6,6,1
40091,9,6,6,1
40092,8,6,6,1
40093,9,7,7,1
40094,9,6,6,1
40095,10,7,7,1
40096,6,4,4,1
40097,7,5,5,1
40098,7,5,5,1
40099,8,5,5,1
40100,7,5,5,1
40101,8,6,6,1
40102,8,5,5,1
40103,9,6,6,1
40104,7,5,5,1
40105,8,6,6,1
40106,8,5,5,1
40107,9,6,6,1
40108,8,5,5,1
40109,9,6,6,1
40110,9,5,5,1
40111,10,6,6,1
40112,7,5,5,1
40113,8,6,6,1
40114,8,6,6,1
40115,9,6,6,1
40116,8,6,6,1
40117,9,7,7,1
40118,9,6,6,1
40119,10,7,7,1
40120,8,5,5,1
40121,9,6,6,1
40122,9,6,6,1
40123,10,6,6,1
40124,9,6,6,1
40125,10,7,7,1
40126,10,6,6,1
40127,11,7,7,1
40128,6,4,4,1
40129,7,5,5,1
40130,7,5,5,1
40131,8,5,5,1
40132,7,5,5,1
40133,8,6,6,1
40134,8,5,5,1
40135,9,6,6,1
40136,7,5,5,1
40137,8,6,6,1
40138,8,5,5,1
40139,9,6,6,1
40140,8,5,5,1
40141,9,6,6,1
40142,9,5,5,1
40143,10,6,6,1
40144,7,5,5,1
40145,8,6,6,1
40146,8,6,6,1
40147,9,6,6,1
40148,8,6,6,1
40149,9,7,7,1
40150,9,6,6,1
40151,10,7,7,1
40152,8,5,5,1
40153,9,6,6,1
40154,9,6,6,1
40155,10,6,6,1
40156,9,6,6,1
40157,10,7,7,1
40158,10,6,6,1
40159,11,7,7,1
40160,7,4,4,1
40161,8,5,5,1
40162,8,5,5,1
40163,9,5,5,1
40164,8,5,5,1
40165,9,6,6,1
40166,9,5,5,1
40167,10,6,6,1
40168,8,5,5,1
40169,9,6,6,1
40170,9,5,5,1
40171,10,6,6,1
40172,9,5,5,1
40173,10,6,6,1
40174,10,5,5,1
40175,11,6,6,1
40176,8,5,5,1
40177,9,6,6,1
40178,9,6,6,1
40179,10,6,6,1
40180,9,6,6,1
40181,10,7,7,1
40182,10,6,6,1
40183,11,7,7,1
40184,9,5,5,1
40185,10,6,6,1
40186,10,6,6,1
40187,11,6,6,1
40188,10,6,6,1
40189,11,7,7,1
40190,11,6,6,1
40191,12,7,7,1
40192,5,4,4,1
40193,6,5,5,1
40194,6,5,5,1
40195,7,5,5,1
40196,6,5,5,1
40197,7,6,6,1
40198,7,5,5,1
40199,8,6,6,1
40200,6,5,5,1
40201,7,6,6,1
40202,7,5,5,1
40203,8,6,6,1
40204,7,5,5,1
40205,8,6,6,1
40206,8,5,5,1
40207,9,6,6,1
40208,6,5,5,1
40209,7,6,6,1
40210,7,6,6,1
40211,8,6,6,1
40212,7,6,6,1
40213,8,7,7,1
40214,8,6,6,1
40215,9,7,7,1
40216,7,5,5,1
40217,8,6,6,1
40218,8,6,6,1
40219,9,6,6,1
40220,8,6,6,1
40221,9,7,7,1
40222,9,6,6,1
40223,10,7,7,1
40224,6,5,5,1
40225,7,6,6,1
40226,7,6,6,1
40227,8,6,6,1
40228,7,6,6,1
40229,8,7,7,1
40230,8,6,6,1
40231,9,7,7,1
40232,7,5,5,1
40233,8,6,6,1
40234,8,6,6,1
40235,9,6,6,1
40236,8,6,6,1
40237,9,7,7,1
40238,9,6,6,1
40239,10,7,7,1
40240,7,5,5,1
40241,8,6,6,1
40242,8,6,6,1
40243,9,6,6,1
40244,8,6,6,1
40245,9,7,7,1
40246,9,6,6,1
40247,10,7,7,1
40248,8,5,5,1
40249,9,6,6,1
40250,9,6,6,1
40251,10,6,6,1
40252,9,6,6,1
40253,10,7,7,1
40254,10,6,6,1
40255,11,7,7,1
40256,6,5,5,1
40257,7,6,6,1
40258,7,6,6,1
40259,8,6,6,1
40260,7,6,6,1
40261,8,7,7,1
40262,8,6,6,1
40263,9,7,7,1
40264,7,6,6,1
40265,8,7,7,1
40266,8,6,6,1
40267,9,7,7,1
40268,8,6,6,1
40269,9,7,7,1
40270,9,6,6,1
40271,10,7,7,1
40272,7,6,6,1
40273,8,7,7,1
40274,8,7,7,1
40275,9,7,7,1
40276,8,7,7,1
40277,9,8,8,1
40278,9,7,7,1
40279,10,8,8,1
40280,8,6,6,1
40281,9,7,7,1
40282,9,7,7,1
40283,10,7,7,1
40284,9,7,7,1
40285,10,8,8,1
40286,10,7,7,1
40287,11,8,8,1
40288,7,5,5,1
40289,8,6,6,1
40290,8,6,6,1
40291,9,6,6,1
40292,8,6,6,1
40293,9,7,7,1
40294,9,6,6,1
40295,10,7,7,1
40296,8,6,6,1
40297,9,7,7,1
40298,9,6,6,1
40299,10,7,7,1
40300,9,6,6,1
40301,10,7,7,1
40302,10,6,6,1
40303,11,7,7,1
40304,8,6,6,1
40305,9,7,7,1
40306,9,7,7,1
40307,10,7,7,1
40308,9,7,7,1
40309,10,8,8,1
40310,10,7,7,1
40311,11,8,8,1
40312,9,6,6,1
40313,10,7,7,1
40314,10,7,7,1
40315,11,7,7,1
40316,10,7,7,1
40317,11,8,8,1
40318,11,7,7,1
40319,12,8,8,1
40320,6,4,4,1
40321,7,5,5,1
40322,7,5,5,1
40323,8,5,5,1
40324,7,5,5,1
40325,8,6,6,1
40326,8,5,5,1
40327,9,6,6,1
40328,7,5,5,1
40329,8,6,6,1
40330,8,5,5,1
40331,9,6,6,1
40332,8,5,5,1
40333,9,6,6,1
40334,9,5,5,1
40335,10,6,6,1
40336,7,5,5,1
40337,8,6,6,1
40338,8,6,6,1
40339,9,6,6,1
40340,8,6,6,1
40341,9,7,7,1
40342,9,6,6,1
40343,10,7,7,1
40344,8,5,5,1
40345,9,6,6,1
40346,9,6,6,1
40347,10,6,6,1
40348,9,6,6,1
40349,10,7,7,1
40350,10,6,6,1
40351,11,7,7,1
40352,7,5,5,1
40353,8,6,6,1
40354,8,6,6,1
40355,9,6,6,1
40356,8,6,6,1
40357,9,7,7,1
40358,9,6,6,1
40359,10,7,7,1
40360,8,5,5,1
40361,9,6,6,1
40362,9,6,6,1
40363,10,6,6,1
40364,9,6,6,1
40365,10,7,7,1
40366,10,6,6,1
40367,11,7,7,1
40368,8,5,5,1
40369,9,6,6,1
40370,9,6,6,1
40371,10,6,6,1
40372,9,6,6,1
40373,10,7,7,1
40374,10,6,6,1
40375,11,7,7,1
40376,9,5,5,1
40377,10,6,6,1
40378,10,6,6,1
40379,11,6,6,1
40380,10,6,6,1
40381,11,7,7,1
40382,11,6,6,1
40383,12,7,7,1
40384,7,5,5,1
40385,8,6,6,1
40386,8,6,6,1
40387,9,6,6,1
40388,8,6,6,1
40389,9,7,7,1
40390,9,6,6,1
40391,10,7,7,1
40392,8,6,6,1
40393,9,7,7,1
40394,9,6,6,1
40395,10,7,7,1
40396,9,6,6,1
40397,10,7,7,1
40398,10,6,6,1
40399,11,7,7,1
40400,8,6,6,1
40401,9,7,7,1
40402,9,7,7,1
40403,10,7,7,1
40404,9,7,7,1
40405,10,8,8,1
40406,10,7,7,1
40407,11,8,8,1
40408,9,6,6,1
40409,10,7,7,1
40410,10,7,7,1
40411,11,7,7,1
40412,10,7,7,1
40413,11,8,8,1
40414,11,7,7,1
40415,12,8,8,1
40416,8,5,5,1
40417,9,6,6,1
40418,9,6,6,1
40419,10,6,6,1
40420,9,6,6,1
40421,10,7,7,1
40422,10,6,6,1
40423,11,7,7,1
40424,9,6,6,1
40425,10,7,7,1
40426,10,6,6,1
40427,11,7,7,1
40428,10,6,6,1
40429,11,7,7,1
40430,11,6,6,1
40431,12,7,7,1
40432,9,6,6,1
40433,10,7,7,1
40434,10,7,7,1
40435,11,7,7,1
40436,10,7,7,1
40437,11,8,8,1
40438,11,7,7,1
40439,12,8,8,1
40440,10,6,6,1
40441,11,7,7,1
40442,11,7,7,1
40443,12,7,7,1
40444,11,7,7,1
40445,12,8,8,1
40446,12,7,7,1
40447,13,8,8,1
40448,5,3,3,1
40449,6,4,4,1
40450,6,4,4,1
40451,7,4,4,1
40452,6,4,4,1
40453,7,5,5,1
40454,7,4,4,1
40455,8,5,5,1
40456,6,4,4,1
40457,7,5,5,1
40458,7,4,4,1
40459,8,5,5,1
40460,7,4,4,1
40461,8,5,5,1
40462,8,4,4,1
40463,9,5,5,1
40464,6,4,4,1
40465,7,5,5,1
40466,7,5,5,1
40467,8,5,5,1
40468,7,5,5,1
40469,8,6,6,1
40470,8,5,5,1
40471,9,6,6,1
40472,7,4,4,1
40473,8,5,5,1
40474,8,5,5,1
40475,9,5,5,1
40476,8,5,5,1
40477,9,6,6,1
40478,9,5,5,1
40479,10,6,6,1
40480,6,4,4,1
40481,7,5,5,1
40482,7,5,5,1
40483,8,5,5,1
40484,7,5,5,1
40485,8,6,6,1
40486,8,5,5,1
40487,9,6,6,1
40488,7,4,4,1
40489,8,5,5,1
40490,8,5,5,1
40491,9,5,5,1
40492,8,5,5,1
40493,9,6,6,1
40494,9,5,5,1
40495,10,6,6,1
40496,7,4,4,1
40497,8,5,5,1
40498,8,5,5,1
40499,9,5,5,1
40500,8,5,5,1
40501,9,6,6,1
40502,9,5,5,1
40503,10,6,6,1
40504,8,4,4,1
40505,9,5,5,1
40506,9,5,5,1
40507,10,5,5,1
40508,9,5,5,1
40509,10,6,6,1
40510,10,5,5,1
40511,11,6,6,1
40512,6,4,4,1
40513,7,5,5,1
40514,7,5,5,1
40515,8,5,5,1
40516,7,5,5,1
40517,8,6,6,1
40518,8,5,5,1
40519,9,6,6,1
40520,7,5,5,1
40521,8,6,6,1
40522,8,5,5,1
40523,9,6,6,1
40524,8,5,5,1
40525,9,6,6,1
40526,9,5,5,1
40527,10,6,6,1
40528,7,5,5,1
40529,8,6,6,1
40530,8,6,6,1
40531,9,6,6,1
40532,8,6,6,1
40533,9,7,7,1
40534,9,6,6,1
40535,10,7,7,1
40536,8,5,5,1
40537,9,6,6,1
40538,9,6,6,1
40539,10,6,6,1
40540,9,6,6,1
40541,10,7,7,1
40542,10,6,6,1
40543,11,7,7,1
40544,7,4,4,1
40545,8,5,5,1
40546,8,5,5,1
40547,9,5,5,1
40548,8,5,5,1
40549,9,6,6,1
40550,9,5,5,1
40551,10,6,6,1
40552,8,5,5,1
40553,9,6,6,1
40554,9,5,5,1
40555,10,6,6,1
40556,9,5,5,1
40557,10,6,6,1
40558,10,5,5,1
40559,11,6,6,1
40560,8,5,5,1
40561,9,6,6,1
40562,9,6,6,1
40563,10,6,6,1
40564,9,6,6,1
40565,10,7,7,1
40566,10,6,6,1
40567,11,7,7,1
40568,9,5,5,1
40569,10,6,6,1
40570,10,6,6,1
40571,11,6,6,1
40572,10,6,6,1
40573,11,7,7,1
40574,11,6,6,1
40575,12,7,7,1
40576,6,4,4,1
40577,7,5,5,1
40578,7,5,5,1
40579,8,5,5,1
40580,7,5,5,1
40581,8,6,6,1
40582,8,5,5,1
40583,9,6,6,1
40584,7,5,5,1
40585,8,6,6,1
40586,8,5,5,1
40587,9,6,6,1
40588,8,5,5,1
40589,9,6,6,1
40590,9,5,5,1
40591,10,6,6,1
40592,7,5,5,1
40593,8,6,6,1
40594,8,6,6,1
40595,9,6,6,1
40596,8,6,6,1
40597,9,7,7,1
40598,9,6,6,1
40599,10,7,7,1
40600,8,5,5,1
40601,9,6,6,1
40602,9,6,6,1
40603,10,6,6,1
40604,9,6,6,1
40605,10,7,7,1
40606,10,6,6,1
40607,11,7,7,1
40608,7,4,4,1
40609,8,5,5,1
40610,8,5,5,1
40611,9,5,5,1
40612,8,5,5,1
40613,9,6,6,1
40614,9,5,5,1
40615,10,6,6,1
40616,8,5,5,1
40617,9,6,6,1
40618,9,5,5,1
40619,10,6,6,1
40620,9,5,5,1
40621,10,6,6,1
40622,10,5,5,1
40623,11,6,6,1
40624,8,5,5,1
40625,9,6,6,1
40626,9,6,6,1
40627,10,6,6,1
40628,9,6,6,1
40629,10,7,7,1
40630,10,6,6,1
40631,11,7,7,1
40632,9,5,5,1
40633,10,6,6,1
40634,10,6,6,1
40635,11,6,6,1
40636,10,6,6,1
40637,11,7,7,1
40638,11,6,6,1
40639,12,7,7,1
40640,7,4,4,1
40641,8,5,5,1
40642,8,5,5,1
40643,9,5,5,1
40644,8,5,5,1
40645,9,6,6,1
40646,9,5,5,1
40647,10,6,6,1
40648,8,5,5,1
40649,9,6,6,1
40650,9,5,5,1
40651,10,6,6,1
40652,9,5,5,1
40653,10,6,6,1
40654,10,5,5,1
40655,11,6,6,1
40656,8,5,5,1
40657,9,6,6,1
40658,9,6,6,1
40659,10,6,6,1
40660,9,6,6,1
40661,10,7,7,1
40662,10,6,6,1
40663,11,7,7,1
40664,9,5,5,1
40665,10,6,6,1
40666,10,6,6,1
40667,11,6,6,1
40668,10,6,6,1
40669,11,7,7,1
40670,11,6,6,1
40671,12,7,7,1
40672,8,4,4,1
40673,9,5,5,1
40674,9,5,5,1
40675,10,5,5,1
40676,9,5,5,1
40677,10,6,6,1
40678,10,5,5,1
40679,11,6,6,1
40680,9,5,5,1
40681,10,6,6,1
40682,10,5,5,1
40683,11,6,6,1
40684,10,5,5,1
40685,11,6,6,1
40686,11,5,5,1
40687,12,6,6,1
40688,9,5,5,1
40689,10,6,6,1
40690,10,6,6,1
40691,11,6,6,1
40692,10,6,6,1
40693,11,7,7,1
40694,11,6,6,1
40695,12,7,7,1
40696,10,5,5,1
40697,11,6,6,1
40698,11,6,6,1
40699,12,6,6,1
40700,11,6,6,1
40701,12,7,7,1
40702,12,6,6,1
40703,13,7,7,1
40704,6,4,4,1
40705,7,5,5,1
40706,7,5,5,1
40707,8,5,5,1
40708,7,5,5,1
40709,8,6,6,1
40710,8,5,5,1
40711,9,6,6,1
40712,7,5,5,1
40713,8,6,6,1
40714,8,5,5,1
40715,9,6,6,1
40716,8,5,5,1
40717,9,6,6,1
40718,9,5,5,1
40719,10,6,6,1
40720,7,5,5,1
40721,8,6,6,1
40722,8,6,6,1
40723,9,6,6,1
40724,8,6,6,1
40725,9,7,7,1
40726,9,6,6,1
40727,10,7,7,1
40728,8,5,5,1
40729,9,6,6,1
40730,9,6,6,1
40731,10,6,6,1
40732,9,6,6,1
40733,10,7,7,1
40734,10,6,6,1
40735,11,7,7,1
40736,7,5,5,1
40737,8,6,6,1
40738,8,6,6,1
40739,9,6,6,1
40740,8,6,6,1
40741,9,7,7,1
40742,9,6,6,1
40743,10,7,7,1
40744,8,5,5,1
40745,9,6,6,1
40746,9,6,6,1
40747,10,6,6,1
40748,9,6,6,1
40749,10,7,7,1
40750,10,6,6,1
40751,11,7,7,1
40752,8,5,5,1
40753,9,6,6,1
40754,9,6,6,1
40755,10,6,6,1
40756,9,6,6,1
40757,10,7,7,1
40758,10,6,6,1
40759,11,7,7,1
40760,9,5,5,1
40761,10,6,6,1
40762,10,6,6,1
40763,11,6,6,1
40764,10,6,6,1
40765,11,7,7,1
40766,11,6,6,1
40767,12,7,7,1
40768,7,5,5,1
40769,8,6,6,1
40770,8,6,6,1
40771,9,6,6,1
40772,8,6,6,1
40773,9,7,7,1
40774,9,6,6,1
40775,10,7,7,1
40776,8,6,6,1
40777,9,7,7,1
40778,9,6,6,1
40779,10,7,7,1
40780,9,6,6,1
40781,10,7,7,1
40782,10,6,6,1
40783,11,7,7,1
40784,8,6,6,1
40785,9,7,7,1
40786,9,7,7,1
40787,10,7,7,1
40788,9,7,7,1
40789,10,8,8,1
40790,10,7,7,1
40791,11,8,8,1
40792,9,6,6,1
40793,10,7,7,1
40794,10,7,7,1
40795,11,7,7,1
40796,10,7,7,1
40797,11,8,8,1
40798,11,7,7,1
40799,12,8,8,1
40800,8,5,5,1
40801,9,6,6,1
40802,9,6,6,1
40803,10,6,6,1
40804,9,6,6,1
40805,10,7,7,1
40806,10,6,6,1
40807,11,7,7,1
40808,9,6,6,1
40809,10,7,7,1
40810,10,6,6,1
40811,11,7,7,1
40812,10,6,6,1
40813,11,7,7,1
40814,11,6,6,1
40815,12,7,7,1
40816,9,6,6,1
40817,10,7,7,1
40818,10,7,7,1
40819,11,7,7,1
40820,10,7,7,1
40821,11,8,8,1
40822,11,7,7,1
40823,12,8,8,1
40824,10,6,6,1
40825,11,7,7,1
40826,11,7,7,1
40827,12,7,7,1
40828,11,7,7,1
40829,12,8,8,1
40830,12,7,7,1
40831,13,8,8,1
40832,7,4,4,1
40833,8,5,5,1
40834,8,5,5,1
40835,9,5,5,1
40836,8,5,5,1
40837,9,6,6,1
40838,9,5,5,1
40839,10,6,6,1
40840,8,5,5,1
40841,9,6,6,1
40842,9,5,5,1
40843,10,6,6,1
40844,9,5,5,1
40845,10,6,6,1
40846,10,5,5,1
40847,11,6,6,1
40848,8,5,5,1
40849,9,6,6,1
40850,9,6,6,1
40851,10,6,6,1
40852,9,6,6,1
40853,10,7,7,1
40854,10,6,6,1
40855,11,7,7,1
40856,9,5,5,1
40857,10,6,6,1
40858,10,6,6,1
40859,11,6,6,1
40860,10,6,6,1
40861,11,7,7,1
40862,11,6,6,1
40863,12,7,7,1
40864,8,5,5,1
40865,9,6,6,1
40866,9,6,6,1
40867,10,6,6,1
40868,9,6,6,1
40869,10,7,7,1
40870,10,6,6,1
40871,11,7,7,1
40872,9,5,5,1
40873,10,6,6,1
40874,10,6,6,1
40875,11,6,6,1
40876,10,6,6,1
40877,11,7,7,1
40878,11,6,6,1
40879,12,7,7,1
40880,9,5,5,1
40881,10,6,6,1
40882,10,6,6,1
40883,11,6,6,1
40884,10,6,6,1
40885,11,7,7,1
40886,11,6,6,1
40887,12,7,7,1
40888,10,5,5,1
40889,11,6,6,1
40890,11,6,6,1
40891,12,6,6,1
40892,11,6,6,1
40893,12,7,7,1
40894,12,6,6,1
40895,13,7,7,1
40896,8,5,5,1
40897,9,6,6,1
40898,9,6,6,1
40899,10,6,6,1
40900,9,6,6,1
40901,10,7,7,1
40902,10,6,6,1
40903,11,7,7,1
40904,9,6,6,1
40905,10,7,7,1
40906,10,6,6,1
40907,11,7,7,1
40908,10,6,6,1
40909,11,7,7,1
40910,11,6,6,1
40911,12,7,7,1
40912,9,6,6,1
40913,10,7,7,1
40914,10,7,7,1
40915,11,7,7,1
40916,10,7,7,1
40917,11,8,8,1
40918,11,7,7,1
40919,12,8,8,1
40920,10,6,6,1
40921,11,7,7,1
40922,11,7,7,1
40923,12,7,7,1
40924,11,7,7,1
40925,12,8,8,1
40926,12,7,7,1
40927,13,8,8,1
40928,9,5,5,1
40929,10,6,6,1
40930,10,6,6,1
40931,11,6,6,1
40932,10,6,6,1
40933,11,7,7,1
40934,11,6,6,1
40935,12,7,7,1
40936,10,6,6,1
40937,11,7,7,1
40938,11,6,6,1
40939,12,7,7,1
40940,11,6,6,1
40941,12,7,7,1
40942,12,6,6,1
40943,13,7,7,1
40944,10,6,6,1
40945,11,7,7,1
40946,11,7,7,1
40947,12,7,7,1
40948,11,7,7,1
40949,12,8,8,1
40950,12,7,7,1
40951,13,8,8,1
40952,11,6,6,1
40953,12,7,7,1
40954,12,7,7,1
40955,13,7,7,1
40956,12,7,7,1
40957,13,8,8,1
40958,13,7,7,1
40959,14,8,8,1
40960,2,1,1,1
40961,3,2,2,1
40962,3,2,2,1
40963,4,2,2,1
40964,3,2,2,1
40965,4,3,3,1
40966,4,2,2,1
40967,5,3,3,1
40968,3,2,2,1
40969,4,3,3,1
40970,4,2,2,1
40971,5,3,3,1
40972,4,2,2,1
40973,5,3,3,1
40974,5,2,2,1
40975,6,3,3,1
40976,3,2,2,1
40977,4,3,3,1
40978,4,3,3,1
40979,5,3,3,1
40980,4,3,3,1
40981,5,4,4,1
40982,5,3,3,1
40983,6,4,4,1
40984,4,2,2,1
40985,5,3,3,1
40986,5,3,3,1
40987,6,3,3,1
40988,5,3,3,1
40989,6,4,4,1
40990,6,3,3,1
40991,7,4,4,1
40992,3,2,2,1
40993,4,3,3,1
40994,4,3,3,1
40995,5,3,3,1
40996,4,3,3,1
40997,5,4,4,1
40998,5,3,3,1
40999,6,4,4,1
41000,4,2,2,1
41001,5,3,3,1
41002,5,3,3,1
41003,6,3,3,1
41004,5,3,3,1
41005,6,4,4,1
41006,6,3,3,1
41007,7,4,4,1
41008,4,2,2,1
41009,5,3,3,1
41010,5,3,3,1
41011,6,3,3,1
41012,5,3,3,1
41013,6,4,4,1
41014,6,3,3,1
41015,7,4,4,1
41016,5,2,2,1
41017,6,3,3,1
41018,6,3,3,1
41019,7,3,3,1
41020,6,3,3,1
41021,7,4,4,1
41022,7,3,3,1
41023,8,4,4,1
41024,3,2,2,1
41025,4,3,3,1
41026,4,3,3,1
41027,5,3,3,1
41028,4,3,3,1
41029,5,4,4,1
41030,5,3,3,1
41031,6,4,4,1
41032,4,3,3,1
41033,5,4,4,1
41034,5,3,3,1
41035,6,4,4,1
41036,5,3,3,1
41037,6,4,4,1
41038,6,3,3,1
41039,7,4,4,1
41040,4,3,3,1
41041,5,4,4,1
41042,5,4,4,1
41043,6,4,4,1
41044,5,4,4,1
41045,6,5,5,1
41046,6,4,4,1
41047,7,5,5,1
41048,5,3,3,1
41049,6,4,4,1
41050,6,4,4,1
41051,7,4,4,1
41052,6,4,4,1
41053,7,5,5,1
41054,7,4,4,1
41055,8,5,5,1
41056,4,2,2,1
41057,5,3,3,1
41058,5,3,3,1
41059,6,3,3,1
41060,5,3,3,1
41061,6,4,4,1
41062,6,3,3,1
41063,7,4,4,1
41064,5,3,3,1
41065,6,4,4,1
41066,6,3,3,1
41067,7,4,4,1
41068,6,3,3,1
41069,7,4,4,1
41070,7,3,3,1
41071,8,4,4,1
41072,5,3,3,1
41073,6,4,4,1
41074,6,4,4,1
41075,7,4,4,1
41076,6,4,4,1
41077,7,5,5,1
41078,7,4,4,1
41079,8,5,5,1
41080,6,3,3,1
41081,7,4,4,1
41082,7,4,4,1
41083,8,4,4,1
41084,7,4,4,1
41085,8,5,5,1
41086,8,4,4,1
41087,9,5,5,1
41088,3,2,2,1
41089,4,3,3,1
41090,4,3,3,1
41091,5,3,3,1
41092,4,3,3,1
41093,5,4,4,1
41094,5,3,3,1
41095,6,4,4,1
41096,4,3,3,1
41097,5,4,4,1
41098,5,3,3,1
41099,6,4,4,1
41100,5,3,3,1
41101,6,4,4,1
41102,6,3,3,1
41103,7,4,4,1
41104,4,3,3,1
41105,5,4,4,1
41106,5,4,4,1
41107,6,4,4,1
41108,5,4,4,1
41109,6,5,5,1
41110,6,4,4,1
41111,7,5,5,1
41112,5,3,3,1
41113,6,4,4,1
41114,6,4,4,1
41115,7,4,4,1
41116,6,4,4,1
41117,7,5,5,1
41118,7,4,4,1
41119,8,5,5,1
41120,4,2,2,1
41121,5,3,3,1
41122,5,3,3,1
41123,6,3,3,1
41124,5,3,3,1
41125,6,4,4,1
41126,6,3,3,1
41127,7,4,4,1
41128,5,3,3,1
41129,6,4,4,1
41130,6,3,3,1
41131,7,4,4,1
41132,6,3,3,1
41133,7,4,4,1
41134,7,3,3,1
41135,8,4,4,1
41136,5,3,3,1
41137,6,4,4,1
41138,6,4,4,1
41139,7,4,4,1
41140,6,4,4,1
41141,7,5,5,1
41142,7,4,4,1
41143,8,5,5,1
41144,6,3,3,1
41145,7,4,4,1
41146,7,4,4,1
41147,8,4,4,1
41148,7,4,4,1
41149,8,5,5,1
41150,8,4,4,1
41151,9,5,5,1
41152,4,2,2,1
41153,5,3,3,1
41154,5,3,3,1
41155,6,3,3,1
41156,5,3,3,1
41157,6,4,4,1
41158,6,3,3,1
41159,7,4,4,1
41160,5,3,3,1
41161,6,4,4,1
41162,6,3,3,1
41163,7,4,4,1
41164,6,3,3,1
41165,7,4,4,1
41166,7,3,3,1
41167,8,4,4,1
41168,5,3,3,1
41169,6,4,4,1
41170,6,4,4,1
41171,7,4,4,1
41172,6,4,4,1
41173,7,5,5,1
41174,7,4,4,1
41175,8,5,5,1
41176,6,3,3,1
41177,7,4,4,1
41178,7,4,4,1
41179,8,4,4,1
41180,7,4,4,1
41181,8,5,5,1
41182,8,4,4,1
41183,9,5,5,1
41184,5,2,2,1
41185,6,3,3,1
41186,6,3,3,1
41187,7,3,3,1
41188,6,3,3,1
41189,7,4,4,1
41190,7,3,3,1
41191,8,4,4,1
41192,6,3,3,1
41193,7,4,4,1
41194,7,3,3,1
41195,8,4,4,1
41196,7,3,3,1
41197,8,4,4,1
41198,8,3,3,1
41199,9,4,4,1
41200,6,3,3,1
41201,7,4,4,1
41202,7,4,4,1
41203,8,4,4,1
41204,7,4,4,1
41205,8,5,5,1
41206,8,4,4,1
41207,9,5,5,1
41208,7,3,3,1
41209,8,4,4,1
41210,8,4,4,1
41211,9,4,4,1
41212,8,4,4,1
41213,9,5,5,1
41214,9,4,4,1
41215,10,5,5,1
41216,3,2,2,1
41217,4,3,3,1
41218,4,3,3,1
41219,5,3,3,1
41220,4,3,3,1
41221,5,4,4,1
41222,5,3,3,1
41223,6,4,4,1
41224,4,3,3,1
41225,5,4,4,1
41226,5,3,3,1
41227,6,4,4,1
41228,5,3,3,1
41229,6,4,4,1
41230,6,3,3,1
41231,7,4,4,1
41232,4,3,3,1
41233,5,4,4,1
41234,5,4,4,1
41235,6,4,4,1
41236,5,4,4,1
41237,6,5,5,1
41238,6,4,4,1
41239,7,5,5,1
41240,5,3,3,1
41241,6,4,4,1
41242,6,4,4,1
41243,7,4,4,1
41244,6,4,4,1
41245,7,5,5,1
41246,7,4,4,1
41247,8,5,5,1
41248,4,3,3,1
41249,5,4,4,1
41250,5,4,4,1
41251,6,4,4,1
41252,5,4,4,1
41253,6,5,5,1
41254,6,4,4,1
41255,7,5,5,1
41256,5,3,3,1
41257,6,4,4,1
41258,6,4,4,1
41259,7,4,4,1
41260,6,4,4,1
41261,7,5,5,1
41262,7,4,4,1
41263,8,5,5,1
41264,5,3,3,1
41265,6,4,4,1
41266,6,4,4,1
41267,7,4,4,1
41268,6,4,4,1
41269,7,5,5,1
41270,7,4,4,1
41271,8,5,5,1
41272,6,3,3,1
41273,7,4,4,1
41274,7,4,4,1
41275,8,4,4,1
41276,7,4,4,1
41277,8,5,5,1
41278,8,4,4,1
41279,9,5,5,1
41280,4,3,3,1
41281,5,4,4,1
41282,5,4,4,1
41283,6,4,4,1
41284,5,4,4,1
41285,6,5,5,1
41286,6,4,4,1
41287,7,5,5,1
41288,5,4,4,1
41289,6,5,5,1
41290,6,4,4,1
41291,7,5,5,1
41292,6,4,4,1
41293,7,5,5,1
41294,7,4,4,1
41295,8,5,5,1
41296,5,4,4,1
41297,6,5,5,1
41298,6,5,5,1
41299,7,5,5,1
41300,6,5,5,1
41301,7,6,6,1
41302,7,5,5,1
41303,8,6,6,1
41304,6,4,4,1
41305,7,5,5,1
41306,7,5,5,1
41307,8,5,5,1
41308,7,5,5,1
41309,8,6,6,1
41310,8,5,5,1
41311,9,6,6,1
41312,5,3,3,1
41313,6,4,4,1
41314,6,4,4,1
41315,7,4,4,1
41316,6,4,4,1
41317,7,5,5,1
41318,7,4,4,1
41319,8,5,5,1
41320,6,4,4,1
41321,7,5,5,1
41322,7,4,4,1
41323,8,5,5,1
41324,7,4,4,1
41325,8,5,5,1
41326,8,4,4,1
41327,9,5,5,1
41328,6,4,4,1
41329,7,5,5,1
41330,7,5,5,1
41331,8,5,5,1
41332,7,5,5,1
41333,8,6,6,1
41334,8,5,5,1
41335,9,6,6,1
41336,7,4,4,1
41337,8,5,5,1
41338,8,5,5,1
41339,9,5,5,1
41340,8,5,5,1
41341,9,6,6,1
41342,9,5,5,1
41343,10,6,6,1
41344,4,2,2,1
41345,5,3,3,1
41346,5,3,3,1
41347,6,3,3,1
41348,5,3,3,1
41349,6,4,4,1
41350,6,3,3,1
41351,7,4,4,1
41352,5,3,3,1
41353,6,4,4,1
41354,6,3,3,1
41355,7,4,4,1
41356,6,3,3,1
41357,7,4,4,1
41358,7,3,3,1
41359,8,4,4,1
41360,5,3,3,1
41361,6,4,4,1
41362,6,4,4,1
41363,7,4,4,1
41364,6,4,4,1
41365,7,5,5,1
41366,7,4,4,1
41367,8,5,5,1
41368,6,3,3,1
41369,7,4,4,1
41370,7,4,4,1
41371,8,4,4,1
41372,7,4,4,1
41373,8,5,5,1
41374,8,4,4,1
41375,9,5,5,1
41376,5,3,3,1
41377,6,4,4,1
41378,6,4,4,1
41379,7,4,4,1
41380,6,4,4,1
41381,7,5,5,1
41382,7,4,4,1
41383,8,5,5,1
41384,6,3,3,1
41385,7,4,4,1
41386,7,4,4,1
41387,8,4,4,1
41388,7,4,4,1
41389,8,5,5,1
41390,8,4,4,1
41391,9,5,5,1
41392,6,3,3,1
41393,7,4,4,1
41394,7,4,4,1
41395,8,4,4,1
41396,7,4,4,1
41397,8,5,5,1
41398,8,4,4,1
41399,9,5,5,1
41400,7,3,3,1
41401,8,4,4,1
41402,8,4,4,1
41403,9,4,4,1
41404,8,4,4,1
41405,9,5,5,1
41406,9,4,4,1
41407,10,5,5,1
41408,5,3,3,1
41409,6,4,4,1
41410,6,4,4,1
41411,7,4,4,1
41412,6,4,4,1
41413,7,5,5,1
41414,7,4,4,1
41415,8,5,5,1
41416,6,4,4,1
41417,7,5,5,1
41418,7,4,4,1
41419,8,5,5,1
41420,7,4,4,1
41421,8,5,5,1
41422,8,4,4,1
41423,9,5,5,1
41424,6,4,4,1
41425,7,5,5,1
41426,7,5,5,1
41427,8,5,5,1
41428,7,5,5,1
41429,8,6,6,1
41430,8,5,5,1
41431,9,6,6,1
41432,7,4,4,1
41433,8,5,5,1
41434,8,5,5,1
41435,9,5,5,1
41436,8,5,5,1
41437,9,6,6,1
41438,9,5,5,1
41439,10,6,6,1
41440,6,3,3,1
41441,7,4,4,1
41442,7,4,4,1
41443,8,4,4,1
41444,7,4,4,1
41445,8,5,5,1
41446,8,4,4,1
41447,9,5,5,1
41448,7,4,4,1
41449,8,5,5,1
41450,8,4,4,1
41451,9,5,5,1
41452,8,4,4,1
41453,9,5,5,1
41454,9,4,4,1
41455,10,5,5,1
41456,7,4,4,1
41457,8,5,5,1
41458,8,5,5,1
41459,9,5,5,1
41460,8,5,5,1
41461,9,6,6,1
41462,9,5,5,1
41463,10,6,6,1
41464,8,4,4,1
41465,9,5,5,1
41466,9,5,5,1
41467,10,5,5,1
41468,9,5,5,1
41469,10,6,6,1
41470,10,5,5,1
41471,11,6,6,1
41472,3,2,2,1
41473,4,3,3,1
41474,4,3,3,1
41475,5,3,3,1
41476,4,3,3,1
41477,5,4,4,1
41478,5,3,3,1
41479,6,4,4,1
41480,4,3,3,1
41481,5,4,4,1
41482,5,3,3,1
41483,6,4,4,1
41484,5,3,3,1
41485,6,4,4,1
41486,6,3,3,1
41487,7,4,4,1
41488,4,3,3,1
41489,5,4,4,1
41490,5,4,4,1
41491,6,4,4,1
41492,5,4,4,1
41493,6,5,5,1
41494,6,4,4,1
41495,7,5,5,1
41496,5,3,3,1
41497,6,4,4,1
41498,6,4,4,1
41499,7,4,4,1
41500,6,4,4,1
41501,7,5,5,1
41502,7,4,4,1
41503,8,5,5,1
41504,4,3,3,1
41505,5,4,4,1
41506,5,4,4,1
41507,6,4,4,1
41508,5,4,4,1
41509,6,5,5,1
41510,6,4,4,1
41511,7,5,5,1
41512,5,3,3,1
41513,6,4,4,1
41514,6,4,4,1
41515,7,4,4,1
41516,6,4,4,1
41517,7,5,5,1
41518,7,4,4,1
41519,8,5,5,1
41520,5,3,3,1
41521,6,4,4,1
41522,6,4,4,1
41523,7,4,4,1
41524,6,4,4,1
41525,7,5,5,1
41526,7,4,4,1
41527,8,5,5,1
41528,6,3,3,1
41529,7,4,4,1
41530,7,4,4,1
41531,8,4,4,1
41532,7,4,4,1
41533,8,5,5,1
41534,8,4,4,1
41535,9,5,5,1
41536,4,3,3,1
41537,5,4,4,1
41538,5,4,4,1
41539,6,4,4,1
41540,5,4,4,1
41541,6,5,5,1
41542,6,4,4,1
41543,7,5,5,1
41544,5,4,4,1
41545,6,5,5,1
41546,6,4,4,1
41547,7,5,5,1
41548,6,4,4,1
41549,7,5,5,1
41550,7,4,4,1
41551,8,5,5,1
41552,5,4,4,1
41553,6,5,5,1
41554,6,5,5,1
41555,7,5,5,1
41556,6,5,5,1
41557,7,6,6,1
41558,7,5,5,1
41559,8,6,6,1
41560,6,4,4,1
41561,7,5,5,1
41562,7,5,5,1
41563,8,5,5,1
41564,7,5,5,1
41565,8,6,6,1
41566,8,5,5,1
41567,9,6,6,1
41568,5,3,3,1
41569,6,4,4,1
41570,6,4,4,1
41571,7,4,4,1
41572,6,4,4,1
41573,7,5,5,1
41574,7,4,4,1
41575,8,5,5,1
41576,6,4,4,1
41577,7,5,5,1
41578,7,4,4,1
41579,8,5,5,1
41580,7,4,4,1
41581,8,5,5,1
41582,8,4,4,1
41583,9,5,5,1
41584,6,4,4,1
41585,7,5,5,1
41586,7,5,5,1
41587,8,5,5,1
41588,7,5,5,1
41589,8,6,6,1
41590,8,5,5,1
41591,9,6,6,1
41592,7,4,4,1
41593,8,5,5,1
41594,8,5,5,1
41595,9,5,5,1
41596,8,5,5,1
41597,9,6,6,1
41598,9,5,5,1
41599,10,6,6,1
41600,4,2,2,1
41601,5,3,3,1
41602,5,3,3,1
41603,6,3,3,1
41604,5,3,3,1
41605,6,4,4,1
41606,6,3,3,1
41607,7,4,4,1
41608,5,3,3,1
41609,6,4,4,1
41610,6,3,3,1
41611,7,4,4,1
41612,6,3,3,1
41613,7,4,4,1
41614,7,3,3,1
41615,8,4,4,1
41616,5,3,3,1
41617,6,4,4,1
41618,6,4,4,1
41619,7,4,4,1
41620,6,4,4,1
41621,7,5,5,1
41622,7,4,4,1
41623,8,5,5,1
41624,6,3,3,1
41625,7,4,4,1
41626,7,4,4,1
41627,8,4,4,1
41628,7,4,4,1
41629,8,5,5,1
41630,8,4,4,1
41631,9,5,5,1
41632,5,3,3,1
41633,6,4,4,1
41634,6,4,4,1
41635,7,4,4,1
41636,6,4,4,1
41637,7,5,5,1
41638,7,4,4,1
41639,8,5,5,1
41640,6,3,3,1
41641,7,4,4,1
41642,7,4,4,1
41643,8,4,4,1
41644,7,4,4,1
41645,8,5,5,1
41646,8,4,4,1
41647,9,5,5,1
41648,6,3,3,1
41649,7,4,4,1
41650,7,4,4,1
41651,8,4,4,1
41652,7,4,4,1
41653,8,5,5,1
41654,8,4,4,1
41655,9,5,5,1
41656,7,3,3,1
41657,8,4,4,1
41658,8,4,4,1
41659,9,4,4,1
41660,8,4,4,1
41661,9,5,5,1
41662,9,4,4,1
41663,10,5,5,1
41664,5,3,3,1
41665,6,4,4,1
41666,6,4,4,1
41667,7,4,4,1
41668,6,4,4,1
41669,7,5,5,1
41670,7,4,4,1
41671,8,5,5,1
41672,6,4,4,1
41673,7,5,5,1
41674,7,4,4,1
41675,8,5,5,1
41676,7,4,4,1
41677,8,5,5,1
41678,8,4,4,1
41679,9,5,5,1
41680,6,4,4,1
41681,7,5,5,1
41682,7,5,5,1
41683,8,5,5,1
41684,7,5,5,1
41685,8,6,6,1
41686,8,5,5,1
41687,9,6,6,1
41688,7,4,4,1
41689,8,5,5,1
41690,8,5,5,1
41691,9,5,5,1
41692,8,5,5,1
41693,9,6,6,1
41694,9,5,5,1
41695,10,6,6,1
41696,6,3,3,1
41697,7,4,4,1
41698,7,4,4,1
41699,8,4,4,1
41700,7,4,4,1
41701,8,5,5,1
41702,8,4,4,1
41703,9,5,5,1
41704,7,4,4,1
41705,8,5,5,1
41706,8,4,4,1
41707,9,5,5,1
41708,8,4,4,1
41709,9,5,5,1
41710,9,4,4,1
41711,10,5,5,1
41712,7,4,4,1
41713,8,5,5,1
41714,8,5,5,1
41715,9,5,5,1
41716,8,5,5,1
41717,9,6,6,1
41718,9,5,5,1
41719,10,6,6,1
41720,8,4,4,1
41721,9,5,5,1
41722,9,5,5,1
41723,10,5,5,1
41724,9,5,5,1
41725,10,6,6,1
41726,10,5,5,1
41727,11,6,6,1
41728,4,2,2,1
41729,5,3,3,1
41730,5,3,3,1
41731,6,3,3,1
41732,5,3,3,1
41733,6,4,4,1
41734,6,3,3,1
41735,7,4,4,1
41736,5,3,3,1
41737,6,4,4,1
41738,6,3,3,1
41739,7,4,4,1
41740,6,3,3,1
41741,7,4,4,1
41742,7,3,3,1
41743,8,4,4,1
41744,5,3,3,1
41745,6,4,4,1
41746,6,4,4,1
41747,7,4,4,1
41748,6,4,4,1
41749,7,5,5,1
41750,7,4,4,1
41751,8,5,5,1
41752,6,3,3,1
41753,7,4,4,1
41754,7,4,4,1
41755,8,4,4,1
41756,7,4,4,1
41757,8,5,5,1
41758,8,4,4,1
41759,9,5,5,1
41760,5,3,3,1
41761,6,4,4,1
41762,6,4,4,1
41763,7,4,4,1
41764,6,4,4,1
41765,7,5,5,1
41766,7,4,4,1
41767,8,5,5,1
41768,6,3,3,1
41769,7,4,4,1
41770,7,4,4,1
41771,8,4,4,1
41772,7,4,4,1
41773,8,5,5,1
41774,8,4,4,1
41775,9,5,5,1
41776,6,3,3,1
41777,7,4,4,1
41778,7,4,4,1
41779,8,4,4,1
41780,7,4,4,1
41781,8,5,5,1
41782,8,4,4,1
41783,9,5,5,1
41784,7,3,3,1
41785,8,4,4,1
41786,8,4,4,1
41787,9,4,4,1
41788,8,4,4,1
41789,9,5,5,1
41790,9,4,4,1
41791,10,5,5,1
41792,5,3,3,1
41793,6,4,4,1
41794,6,4,4,1
41795,7,4,4,1
41796,6,4,4,1
41797,7,5,5,1
41798,7,4,4,1
41799,8,5,5,1
41800,6,4,4,1
41801,7,5,5,1
41802,7,4,4,1
41803,8,5,5,1
41804,7,4,4,1
41805,8,5,5,1
41806,8,4,4,1
41807,9,5,5,1
41808,6,4,4,1
41809,7,5,5,1
41810,7,5,5,1
41811,8,5,5,1
41812,7,5,5,1
41813,8,6,6,1
41814,8,5,5,1
41815,9,6,6,1
41816,7,4,4,1
41817,8,5,5,1
41818,8,5,5,1
41819,9,5,5,1
41820,8,5,5,1
41821,9,6,6,1
41822,9,5,5,1
41823,10,6,6,1
41824,6,3,3,1
41825,7,4,4,1
41826,7,4,4,1
41827,8,4,4,1
41828,7,4,4,1
41829,8,5,5,1
41830,8,4,4,1
41831,9,5,5,1
41832,7,4,4,1
41833,8,5,5,1
41834,8,4,4,1
41835,9,5,5,1
41836,8,4,4,1
41837,9,5,5,1
41838,9,4,4,1
41839,10,5,5,1
41840,7,4,4,1
41841,8,5,5,1
41842,8,5,5,1
41843,9,5,5,1
41844,8,5,5,1
41845,9,6,6,1
41846,9,5,5,1
41847,10,6,6,1
41848,8,4,4,1
41849,9,5,5,1
41850,9,5,5,1
41851,10,5,5,1
41852,9,5,5,1
41853,10,6,6,1
41854,10,5,5,1
41855,11,6,6,1
41856,5,2,2,1
41857,6,3,3,1
41858,6,3,3,1
41859,7,3,3,1
41860,6,3,3,1
41861,7,4,4,1
41862,7,3,3,1
41863,8,4,4,1
41864,6,3,3,1
41865,7,4,4,1
41866,7,3,3,1
41867,8,4,4,1
41868,7,3,3,1
41869,8,4,4,1
41870,8,3,3,1
41871,9,4,4,1
41872,6,3,3,1
41873,7,4,4,1
41874,7,4,4,1
41875,8,4,4,1
41876,7,4,4,1
41877,8,5,5,1
41878,8,4,4,1
41879,9,5,5,1
41880,7,3,3,1
41881,8,4,4,1
41882,8,4,4,1
41883,9,4,4,1
41884,8,4,4,1
41885,9,5,5,1
41886,9,4,4,1
41887,10,5,5,1
41888,6,3,3,1
41889,7,4,4,1
41890,7,4,4,1
41891,8,4,4,1
41892,7,4,4,1
41893,8,5,5,1
41894,8,4,4,1
41895,9,5,5,1
41896,7,3,3,1
41897,8,4,4,1
41898,8,4,4,1
41899,9,4,4,1
41900,8,4,4,1
41901,9,5,5,1
41902,9,4,4,1
41903,10,5,5,1
41904,7,3,3,1
41905,8,4,4,1
41906,8,4,4,1
41907,9,4,4,1
41908,8,4,4,1
41909,9,5,5,1
41910,9,4,4,1
41911,10,5,5,1
41912,8,3,3,1
41913,9,4,4,1
41914,9,4,4,1
41915,10,4,4,1
41916,9,4,4,1
41917,10,5,5,1
41918,10,4,4,1
41919,11,5,5,1
41920,6,3,3,1
41921,7,4,4,1
41922,7,4,4,1
41923,8,4,4,1
41924,7,4,4,1
41925,8,5,5,1
41926,8,4,4,1
41927,9,5,5,1
41928,7,4,4,1
41929,8,5,5,1
41930,8,4,4,1
41931,9,5,5,1
41932,8,4,4,1
41933,9,5,5,1
41934,9,4,4,1
41935,10,5,5,1
41936,7,4,4,1
41937,8,5,5,1
41938,8,5,5,1
41939,9,5,5,1
41940,8,5,5,1
41941,9,6,6,1
41942,9,5,5,1
41943,10,6,6,1
41944,8,4,4,1
41945,9,5,5,1
41946,9,5,5,1
41947,10,5,5,1
41948,9,5,5,1
41949,10,6,6,1
41950,10,5,5,1
41951,11,6,6,1
41952,7,3,3,1
41953,8,4,4,1
41954,8,4,4,1
41955,9,4,4,1
41956,8,4,4,1
41957,9,5,5,1
41958,9,4,4,1
41959,10,5,5,1
41960,8,4,4,1
41961,9,5,5,1
41962,9,4,4,1
41963,10,5,5,1
41964,9,4,4,1
41965,10,5,5,1
41966,10,4,4,1
41967,11,5,5,1
41968,8,4,4,1
41969,9,5,5,1
41970,9,5,5,1
41971,10,5,5,1
41972,9,5,5,1
41973,10,6,6,1
41974,10,5,5,1
41975,11,6,6,1
41976,9,4,4,1
41977,10,5,5,1
41978,10,5,5,1
41979,11,5,5,1
41980,10,5,5,1
41981,11,6,6,1
41982,11,5,5,1
41983,12,6,6,1
41984,3,2,2,1
41985,4,3,3,1
41986,4,3,3,1
41987,5,3,3,1
41988,4,3,3,1
41989,5,4,4,1
41990,5,3,3,1
41991,6,4,4,1
41992,4,3,3,1
41993,5,4,4,1
41994,5,3,3,1
41995,6,4,4,1
41996,5,3,3,1
41997,6,4,4,1
41998,6,3,3,1
41999,7,4,4,1
42000,4,3,3,1
42001,5,4,4,1
42002,5,4,4,1
42003,6,4,4,1
42004,5,4,4,1
42005,6,5,5,1
42006,6,4,4,1
42007,7,5,5,1
42008,5,3,3,1
42009,6,4,4,1
42010,6,4,4,1
42011,7,4,4,1
42012,6,4,4,1
42013,7,5,5,1
42014,7,4,4,1
42015,8,5,5,1
42016,4,3,3,1
42017,5,4,4,1
42018,5,4,4,1
42019,6,4,4,1
42020,5,4,4,1
42021,6,5,5,1
42022,6,4,4,1
42023,7,5,5,1
42024,5,3,3,1
42025,6,4,4,1
42026,6,4,4,1
42027,7,4,4,1
42028,6,4,4,1
42029,7,5,5,1
42030,7,4,4,1
42031,8,5,5,1
42032,5,3,3,1
42033,6,4,4,1
42034,6,4,4,1
42035,7,4,4,1
42036,6,4,4,1
42037,7,5,5,1
42038,7,4,4,1
42039,8,5,5,1
42040,6,3,3,1
42041,7,4,4,1
42042,7,4,4,1
42043,8,4,4,1
42044,7,4,4,1
42045,8,5,5,1
42046,8,4,4,1
42047,9,5,5,1
42048,4,3,3,1
42049,5,4,4,1
42050,5,4,4,1
42051,6,4,4,1
42052,5,4,4,1
42053,6,5,5,1
42054,6,4,4,1
42055,7,5,5,1
42056,5,4,4,1
42057,6,5,5,1
42058,6,4,4,1
42059,7,5,5,1
42060,6,4,4,1
42061,7,5,5,1
42062,7,4,4,1
42063,8,5,5,1
42064,5,4,4,1
42065,6,5,5,1
42066,6,5,5,1
42067,7,5,5,1
42068,6,5,5,1
42069,7,6,6,1
42070,7,5,5,1
42071,8,6,6,1
42072,6,4,4,1
42073,7,5,5,1
42074,7,5,5,1
42075,8,5,5,1
42076,7,5,5,1
42077,8,6,6,1
42078,8,5,5,1
42079,9,6,6,1
42080,5,3,3,1
42081,6,4,4,1
42082,6,4,4,1
42083,7,4,4,1
42084,6,4,4,1
42085,7,5,5,1
42086,7,4,4,1
42087,8,5,5,1
42088,6,4,4,1
42089,7,5,5,1
42090,7,4,4,1
42091,8,5,5,1
42092,7,4,4,1
42093,8,5,5,1
42094,8,4,4,1
42095,9,5,5,1
42096,6,4,4,1
42097,7,5,5,1
42098,7,5,5,1
42099,8,5,5,1
42100,7,5,5,1
42101,8,6,6,1
42102,8,5,5,1
42103,9,6,6,1
42104,7,4,4,1
42105,8,5,5,1
42106,8,5,5,1
42107,9,5,5,1
42108,8,5,5,1
42109,9,6,6,1
42110,9,5,5,1
42111,10,6,6,1
42112,4,3,3,1
42113,5,4,4,1
42114,5,4,4,1
42115,6,4,4,1
42116,5,4,4,1
42117,6,5,5,1
42118,6,4,4,1
42119,7,5,5,1
42120,5,4,4,1
42121,6,5,5,1
42122,6,4,4,1
42123,7,5,5,1
42124,6,4,4,1
42125,7,5,5,1
42126,7,4,4,1
42127,8,5,5,1
42128,5,4,4,1
42129,6,5,5,1
42130,6,5,5,1
42131,7,5,5,1
42132,6,5,5,1
42133,7,6,6,1
42134,7,5,5,1
42135,8,6,6,1
42136,6,4,4,1
42137,7,5,5,1
42138,7,5,5,1
42139,8,5,5,1
42140,7,5,5,1
42141,8,6,6,1
42142,8,5,5,1
42143,9,6,6,1
42144,5,3,3,1
42145,6,4,4,1
42146,6,4,4,1
42147,7,4,4,1
42148,6,4,4,1
42149,7,5,5,1
42150,7,4,4,1
42151,8,5,5,1
42152,6,4,4,1
42153,7,5,5,1
42154,7,4,4,1
42155,8,5,5,1
42156,7,4,4,1
42157,8,5,5,1
42158,8,4,4,1
42159,9,5,5,1
42160,6,4,4,1
42161,7,5,5,1
42162,7,5,5,1
42163,8,5,5,1
42164,7,5,5,1
42165,8,6,6,1
42166,8,5,5,1
42167,9,6,6,1
42168,7,4,4,1
42169,8,5,5,1
42170,8,5,5,1
42171,9,5,5,1
42172,8,5,5,1
42173,9,6,6,1
42174,9,5,5,1
42175,10,6,6,1
42176,5,3,3,1
42177,6,4,4,1
42178,6,4,4,1
42179,7,4,4,1
42180,6,4,4,1
42181,7,5,5,1
42182,7,4,4,1
42183,8,5,5,1
42184,6,4,4,1
42185,7,5,5,1
42186,7,4,4,1
42187,8,5,5,1
42188,7,4,4,1
42189,8,5,5,1
42190,8,4,4,1
42191,9,5,5,1
42192,6,4,4,1
42193,7,5,5,1
42194,7,5,5,1
42195,8,5,5,1
42196,7,5,5,1
42197,8,6,6,1
42198,8,5,5,1
42199,9,6,6,1
42200,7,4,4,1
42201,8,5,5,1
42202,8,5,5,1
42203,9,5,5,1
42204,8,5,5,1
42205,9,6,6,1
42206,9,5,5,1
42207,10,6,6,1
42208,6,3,3,1
42209,7,4,4,1
42210,7,4,4,1
42211,8,4,4,1
42212,7,4,4,1
42213,8,5,5,1
42214,8,4,4,1
42215,9,5,5,1
42216,7,4,4,1
42217,8,5,5,1
42218,8,4,4,1
42219,9,5,5,1
42220,8,4,4,1
42221,9,5,5,1
42222,9,4,4,1
42223,10,5,5,1
42224,7,4,4,1
42225,8,5,5,1
42226,8,5,5,1
42227,9,5,5,1
42228,8,5,5,1
42229,9,6,6,1
42230,9,5,5,1
42231,10,6,6,1
42232,8,4,4,1
42233,9,5,5,1
42234,9,5,5,1
42235,10,5,5,1
42236,9,5,5,1
42237,10,6,6,1
42238,10,5,5,1
42239,11,6,6,1
42240,4,3,3,1
42241,5,4,4,1
42242,5,4,4,1
42243,6,4,4,1
42244,5,4,4,1
42245,6,5,5,1
42246,6,4,4,1
42247,7,5,5,1
42248,5,4,4,1
42249,6,5,5,1
42250,6,4,4,1
42251,7,5,5,1
42252,6,4,4,1
42253,7,5,5,1
42254,7,4,4,1
42255,8,5,5,1
42256,5,4,4,1
42257,6,5,5,1
42258,6,5,5,1
42259,7,5,5,1
42260,6,5,5,1
42261,7,6,6,1
42262,7,5,5,1
42263,8,6,6,1
42264,6,4,4,1
42265,7,5,5,1
42266,7,5,5,1
42267,8,5,5,1
42268,7,5,5,1
42269,8,6,6,1
42270,8,5,5,1
42271,9,6,6,1
42272,5,4,4,1
42273,6,5,5,1
42274,6,5,5,1
42275,7,5,5,1
42276,6,5,5,1
42277,7,6,6,1
42278,7,5,5,1
42279,8,6,6,1
42280,6,4,4,1
42281,7,5,5,1
42282,7,5,5,1
42283,8,5,5,1
42284,7,5,5,1
42285,8,6,6,1
42286,8,5,5,1
42287,9,6,6,1
42288,6,4,4,1
42289,7,5,5,1
42290,7,5,5,1
42291,8,5,5,1
42292,7,5,5,1
42293,8,6,6,1
42294,8,5,5,1
42295,9,6,6,1
42296,7,4,4,1
42297,8,5,5,1
42298,8,5,5,1
42299,9,5,5,1
42300,8,5,5,1
42301,9,6,6,1
42302,9,5,5,1
42303,10,6,6,1
42304,5,4,4,1
42305,6,5,5,1
42306,6,5,5,1
42307,7,5,5,1
42308,6,5,5,1
42309,7,6,6,1
42310,7,5,5,1
42311,8,6,6,1
42312,6,5,5,1
42313,7,6,6,1
42314,7,5,5,1
42315,8,6,6,1
42316,7,5,5,1
42317,8,6,6,1
42318,8,5,5,1
42319,9,6,6,1
42320,6,5,5,1
42321,7,6,6,1
42322,7,6,6,1
42323,8,6,6,1
42324,7,6,6,1
42325,8,7,7,1
42326,8,6,6,1
42327,9,7,7,1
42328,7,5,5,1
42329,8,6,6,1
42330,8,6,6,1
42331,9,6,6,1
42332,8,6,6,1
42333,9,7,7,1
42334,9,6,6,1
42335,10,7,7,1
42336,6,4,4,1
42337,7,5,5,1
42338,7,5,5,1
42339,8,5,5,1
42340,7,5,5,1
42341,8,6,6,1
42342,8,5,5,1
42343,9,6,6,1
42344,7,5,5,1
42345,8,6,6,1
42346,8,5,5,1
42347,9,6,6,1
42348,8,5,5,1
42349,9,6,6,1
42350,9,5,5,1
42351,10,6,6,1
42352,7,5,5,1
42353,8,6,6,1
42354,8,6,6,1
42355,9,6,6,1
42356,8,6,6,1
42357,9,7,7,1
42358,9,6,6,1
42359,10,7,7,1
42360,8,5,5,1
42361,9,6,6,1
42362,9,6,6,1
42363,10,6,6,1
42364,9,6,6,1
42365,10,7,7,1
42366,10,6,6,1
42367,11,7,7,1
42368,5,3,3,1
42369,6,4,4,1
42370,6,4,4,1
42371,7,4,4,1
42372,6,4,4,1
42373,7,5,5,1
42374,7,4,4,1
42375,8,5,5,1
42376,6,4,4,1
42377,7,5,5,1
42378,7,4,4,1
42379,8,5,5,1
42380,7,4,4,1
42381,8,5,5,1
42382,8,4,4,1
42383,9,5,5,1
42384,6,4,4,1
42385,7,5,5,1
42386,7,5,5,1
42387,8,5,5,1
42388,7,5,5,1
42389,8,6,6,1
42390,8,5,5,1
42391,9,6,6,1
42392,7,4,4,1
42393,8,5,5,1
42394,8,5,5,1
42395,9,5,5,1
42396,8,5,5,1
42397,9,6,6,1
42398,9,5,5,1
42399,10,6,6,1
42400,6,4,4,1
42401,7,5,5,1
42402,7,5,5,1
42403,8,5,5,1
42404,7,5,5,1
42405,8,6,6,1
42406,8,5,5,1
42407,9,6,6,1
42408,7,4,4,1
42409,8,5,5,1
42410,8,5,5,1
42411,9,5,5,1
42412,8,5,5,1
42413,9,6,6,1
42414,9,5,5,1
42415,10,6,6,1
42416,7,4,4,1
42417,8,5,5,1
42418,8,5,5,1
42419,9,5,5,1
42420,8,5,5,1
42421,9,6,6,1
42422,9,5,5,1
42423,10,6,6,1
42424,8,4,4,1
42425,9,5,5,1
42426,9,5,5,1
42427,10,5,5,1
42428,9,5,5,1
42429,10,6,6,1
42430,10,5,5,1
42431,11,6,6,1
42432,6,4,4,1
42433,7,5,5,1
42434,7,5,5,1
42435,8,5,5,1
42436,7,5,5,1
42437,8,6,6,1
42438,8,5,5,1
42439,9,6,6,1
42440,7,5,5,1
42441,8,6,6,1
42442,8,5,5,1
42443,9,6,6,1
42444,8,5,5,1
42445,9,6,6,1
42446,9,5,5,1
42447,10,6,6,1
42448,7,5,5,1
42449,8,6,6,1
42450,8,6,6,1
42451,9,6,6,1
42452,8,6,6,1
42453,9,7,7,1
42454,9,6,6,1
42455,10,7,7,1
42456,8,5,5,1
42457,9,6,6,1
42458,9,6,6,1
42459,10,6,6,1
42460,9,6,6,1
42461,10,7,7,1
42462,10,6,6,1
42463,11,7,7,1
42464,7,4,4,1
42465,8,5,5,1
42466,8,5,5,1
42467,9,5,5,1
42468,8,5,5,1
42469,9,6,6,1
42470,9,5,5,1
42471,10,6,6,1
42472,8,5,5,1
42473,9,6,6,1
42474,9,5,5,1
42475,10,6,6,1
42476,9,5,5,1
42477,10,6,6,1
42478,10,5,5,1
42479,11,6,6,1
42480,8,5,5,1
42481,9,6,6,1
42482,9,6,6,1
42483,10,6,6,1
42484,9,6,6,1
42485,10,7,7,1
42486,10,6,6,1
42487,11,7,7,1
42488,9,5,5,1
42489,10,6,6,1
42490,10,6,6,1
42491,11,6,6,1
42492,10,6,6,1
42493,11,7,7,1
42494,11,6,6,1
42495,12,7,7,1
42496,4,2,2,1
42497,5,3,3,1
42498,5,3,3,1
42499,6,3,3,1
42500,5,3,3,1
42501,6,4,4,1
42502,6,3,3,1
42503,7,4,4,1
42504,5,3,3,1
42505,6,4,4,1
42506,6,3,3,1
42507,7,4,4,1
42508,6,3,3,1
42509,7,4,4,1
42510,7,3,3,1
42511,8,4,4,1
42512,5,3,3,1
42513,6,4,4,1
42514,6,4,4,1
42515,7,4,4,1
42516,6,4,4,1
42517,7,5,5,1
42518,7,4,4,1
42519,8,5,5,1
42520,6,3,3,1
42521,7,4,4,1
42522,7,4,4,1
42523,8,4,4,1
42524,7,4,4,1
42525,8,5,5,1
42526,8,4,4,1
42527,9,5,5,1
42528,5,3,3,1
42529,6,4,4,1
42530,6,4,4,1
42531,7,4,4,1
42532,6,4,4,1
42533,7,5,5,1
42534,7,4,4,1
42535,8,5,5,1
42536,6,3,3,1
42537,7,4,4,1
42538,7,4,4,1
42539,8,4,4,1
42540,7,4,4,1
42541,8,5,5,1
42542,8,4,4,1
42543,9,5,5,1
42544,6,3,3,1
42545,7,4,4,1
42546,7,4,4,1
42547,8,4,4,1
42548,7,4,4,1
42549,8,5,5,1
42550,8,4,4,1
42551,9,5,5,1
42552,7,3,3,1
42553,8,4,4,1
42554,8,4,4,1
42555,9,4,4,1
42556,8,4,4,1
42557,9,5,5,1
42558,9,4,4,1
42559,10,5,5,1
42560,5,3,3,1
42561,6,4,4,1
42562,6,4,4,1
42563,7,4,4,1
42564,6,4,4,1
42565,7,5,5,1
42566,7,4,4,1
42567,8,5,5,1
42568,6,4,4,1
42569,7,5,5,1
42570,7,4,4,1
42571,8,5,5,1
42572,7,4,4,1
42573,8,5,5,1
42574,8,4,4,1
42575,9,5,5,1
42576,6,4,4,1
42577,7,5,5,1
42578,7,5,5,1
42579,8,5,5,1
42580,7,5,5,1
42581,8,6,6,1
42582,8,5,5,1
42583,9,6,6,1
42584,7,4,4,1
42585,8,5,5,1
42586,8,5,5,1
42587,9,5,5,1
42588,8,5,5,1
42589,9,6,6,1
42590,9,5,5,1
42591,10,6,6,1
42592,6,3,3,1
42593,7,4,4,1
42594,7,4,4,1
42595,8,4,4,1
42596,7,4,4,1
42597,8,5,5,1
42598,8,4,4,1
42599,9,5,5,1
42600,7,4,4,1
42601,8,5,5,1
42602,8,4,4,1
42603,9,5,5,1
42604,8,4,4,1
42605,9,5,5,1
42606,9,4,4,1
42607,10,5,5,1
42608,7,4,4,1
42609,8,5,5,1
42610,8,5,5,1
42611,9,5,5,1
42612,8,5,5,1
42613,9,6,6,1
42614,9,5,5,1
42615,10,6,6,1
42616,8,4,4,1
42617,9,5,5,1
42618,9,5,5,1
42619,10,5,5,1
42620,9,5,5,1
42621,10,6,6,1
42622,10,5,5,1
42623,11,6,6,1
42624,5,3,3,1
42625,6,4,4,1
42626,6,4,4,1
42627,7,4,4,1
42628,6,4,4,1
42629,7,5,5,1
42630,7,4,4,1
42631,8,5,5,1
42632,6,4,4,1
42633,7,5,5,1
42634,7,4,4,1
42635,8,5,5,1
42636,7,4,4,1
42637,8,5,5,1
42638,8,4,4,1
42639,9,5,5,1
42640,6,4,4,1
42641,7,5,5,1
42642,7,5,5,1
42643,8,5,5,1
42644,7,5,5,1
42645,8,6,6,1
42646,8,5,5,1
42647,9,6,6,1
42648,7,4,4,1
42649,8,5,5,1
42650,8,5,5,1
42651,9,5,5,1
42652,8,5,5,1
42653,9,6,6,1
42654,9,5,5,1
42655,10,6,6,1
42656,6,3,3,1
42657,7,4,4,1
42658,7,4,4,1
42659,8,4,4,1
42660,7,4,4,1
42661,8,5,5,1
42662,8,4,4,1
42663,9,5,5,1
42664,7,4,4,1
42665,8,5,5,1
42666,8,4,4,1
42667,9,5,5,1
42668,8,4,4,1
42669,9,5,5,1
42670,9,4,4,1
42671,10,5,5,1
42672,7,4,4,1
42673,8,5,5,1
42674,8,5,5,1
42675,9,5,5,1
42676,8,5,5,1
42677,9,6,6,1
42678,9,5,5,1
42679,10,6,6,1
42680,8,4,4,1
42681,9,5,5,1
42682,9,5,5,1
42683,10,5,5,1
42684,9,5,5,1
42685,10,6,6,1
42686,10,5,5,1
42687,11,6,6,1
42688,6,3,3,1
42689,7,4,4,1
42690,7,4,4,1
42691,8,4,4,1
42692,7,4,4,1
42693,8,5,5,1
42694,8,4,4,1
42695,9,5,5,1
42696,7,4,4,1
42697,8,5,5,1
42698,8,4,4,1
42699,9,5,5,1
42700,8,4,4,1
42701,9,5,5,1
42702,9,4,4,1
42703,10,5,5,1
42704,7,4,4,1
42705,8,5,5,1
42706,8,5,5,1
42707,9,5,5,1
42708,8,5,5,1
42709,9,6,6,1
42710,9,5,5,1
42711,10,6,6,1
42712,8,4,4,1
42713,9,5,5,1
42714,9,5,5,1
42715,10,5,5,1
42716,9,5,5,1
42717,10,6,6,1
42718,10,5,5,1
42719,11,6,6,1
42720,7,3,3,1
42721,8,4,4,1
42722,8,4,4,1
42723,9,4,4,1
42724,8,4,4,1
42725,9,5,5,1
42726,9,4,4,1
42727,10,5,5,1
42728,8,4,4,1
42729,9,5,5,1
42730,9,4,4,1
42731,10,5,5,1
42732,9,4,4,1
42733,10,5,5,1
42734,10,4,4,1
42735,11,5,5,1
42736,8,4,4,1
42737,9,5,5,1
42738,9,5,5,1
42739,10,5,5,1
42740,9,5,5,1
42741,10,6,6,1
42742,10,5,5,1
42743,11,6,6,1
42744,9,4,4,1
42745,10,5,5,1
42746,10,5,5,1
42747,11,5,5,1
42748,10,5,5,1
42749,11,6,6,1
42750,11,5,5,1
42751,12,6,6,1
42752,5,3,3,1
42753,6,4,4,1
42754,6,4,4,1
42755,7,4,4,1
42756,6,4,4,1
42757,7,5,5,1
42758,7,4,4,1
42759,8,5,5,1
42760,6,4,4,1
42761,7,5,5,1
42762,7,4,4,1
42763,8,5,5,1
42764,7,4,4,1
42765,8,5,5,1
42766,8,4,4,1
42767,9,5,5,1
42768,6,4,4,1
42769,7,5,5,1
42770,7,5,5,1
42771,8,5,5,1
42772,7,5,5,1
42773,8,6,6,1
42774,8,5,5,1
42775,9,6,6,1
42776,7,4,4,1
42777,8,5,5,1
42778,8,5,5,1
42779,9,5,5,1
42780,8,5,5,1
42781,9,6,6,1
42782,9,5,5,1
42783,10,6,6,1
42784,6,4,4,1
42785,7,5,5,1
42786,7,5,5,1
42787,8,5,5,1
42788,7,5,5,1
42789,8,6,6,1
42790,8,5,5,1
42791,9,6,6,1
42792,7,4,4,1
42793,8,5,5,1
42794,8,5,5,1
42795,9,5,5,1
42796,8,5,5,1
42797,9,6,6,1
42798,9,5,5,1
42799,10,6,6,1
42800,7,4,4,1
42801,8,5,5,1
42802,8,5,5,1
42803,9,5,5,1
42804,8,5,5,1
42805,9,6,6,1
42806,9,5,5,1
42807,10,6,6,1
42808,8,4,4,1
42809,9,5,5,1
42810,9,5,5,1
42811,10,5,5,1
42812,9,5,5,1
42813,10,6,6,1
42814,10,5,5,1
42815,11,6,6,1
42816,6,4,4,1
42817,7,5,5,1
42818,7,5,5,1
42819,8,5,5,1
42820,7,5,5,1
42821,8,6,6,1
42822,8,5,5,1
42823,9,6,6,1
42824,7,5,5,1
42825,8,6,6,1
42826,8,5,5,1
42827,9,6,6,1
42828,8,5,5,1
42829,9,6,6,1
42830,9,5,5,1
42831,10,6,6,1
42832,7,5,5,1
42833,8,6,6,1
42834,8,6,6,1
42835,9,6,6,1
42836,8,6,6,1
42837,9,7,7,1
42838,9,6,6,1
42839,10,7,7,1
42840,8,5,5,1
42841,9,6,6,1
42842,9,6,6,1
42843,10,6,6,1
42844,9,6,6,1
42845,10,7,7,1
42846,10,6,6,1
42847,11,7,7,1
42848,7,4,4,1
42849,8,5,5,1
42850,8,5,5,1
42851,9,5,5,1
42852,8,5,5,1
42853,9,6,6,1
42854,9,5,5,1
42855,10,6,6,1
42856,8,5,5,1
42857,9,6,6,1
42858,9,5,5,1
42859,10,6,6,1
42860,9,5,5,1
42861,10,6,6,1
42862,10,5,5,1
42863,11,6,6,1
42864,8,5,5,1
42865,9,6,6,1
42866,9,6,6,1
42867,10,6,6,1
42868,9,6,6,1
42869,10,7,7,1
42870,10,6,6,1
42871,11,7,7,1
42872,9,5,5,1
42873,10,6,6,1
42874,10,6,6,1
42875,11,6,6,1
42876,10,6,6,1
42877,11,7,7,1
42878,11,6,6,1
42879,12,7,7,1
42880,6,3,3,1
42881,7,4,4,1
42882,7,4,4,1
42883,8,4,4,1
42884,7,4,4,1
42885,8,5,5,1
42886,8,4,4,1
42887,9,5,5,1
42888,7,4,4,1
42889,8,5,5,1
42890,8,4,4,1
42891,9,5,5,1
42892,8,4,4,1
42893,9,5,5,1
42894,9,4,4,1
42895,10,5,5,1
42896,7,4,4,1
42897,8,5,5,1
42898,8,5,5,1
42899,9,5,5,1
42900,8,5,5,1
42901,9,6,6,1
42902,9,5,5,1
42903,10,6,6,1
42904,8,4,4,1
42905,9,5,5,1
42906,9,5,5,1
42907,10,5,5,1
42908,9,5,5,1
42909,10,6,6,1
42910,10,5,5,1
42911,11,6,6,1
42912,7,4,4,1
42913,8,5,5,1
42914,8,5,5,1
42915,9,5,5,1
42916,8,5,5,1
42917,9,6,6,1
42918,9,5,5,1
42919,10,6,6,1
42920,8,4,4,1
42921,9,5,5,1
42922,9,5,5,1
42923,10,5,5,1
42924,9,5,5,1
42925,10,6,6,1
42926,10,5,5,1
42927,11,6,6,1
42928,8,4,4,1
42929,9,5,5,1
42930,9,5,5,1
42931,10,5,5,1
42932,9,5,5,1
42933,10,6,6,1
42934,10,5,5,1
42935,11,6,6,1
42936,9,4,4,1
42937,10,5,5,1
42938,10,5,5,1
42939,11,5,5,1
42940,10,5,5,1
42941,11,6,6,1
42942,11,5,5,1
42943,12,6,6,1
42944,7,4,4,1
42945,8,5,5,1
42946,8,5,5,1
42947,9,5,5,1
42948,8,5,5,1
42949,9,6,6,1
42950,9,5,5,1
42951,10,6,6,1
42952,8,5,5,1
42953,9,6,6,1
42954,9,5,5,1
42955,10,6,6,1
42956,9,5,5,1
42957,10,6,6,1
42958,10,5,5,1
42959,11,6,6,1
42960,8,5,5,1
42961,9,6,6,1
42962,9,6,6,1
42963,10,6,6,1
42964,9,6,6,1
42965,10,7,7,1
42966,10,6,6,1
42967,11,7,7,1
42968,9,5,5,1
42969,10,6,6,1
42970,10,6,6,1
42971,11,6,6,1
42972,10,6,6,1
42973,11,7,7,1
42974,11,6,6,1
42975,12,7,7,1
42976,8,4,4,1
42977,9,5,5,1
42978,9,5,5,1
42979,10,5,5,1
42980,9,5,5,1
42981,10,6,6,1
42982,10,5,5,1
42983,11,6,6,1
42984,9,5,5,1
42985,10,6,6,1
42986,10,5,5,1
42987,11,6,6,1
42988,10,5,5,1
42989,11,6,6,1
42990,11,5,5,1
42991,12,6,6,1
42992,9,5,5,1
42993,10,6,6,1
42994,10,6,6,1
42995,11,6,6,1
42996,10,6,6,1
42997,11,7,7,1
42998,11,6,6,1
42999,12,7,7,1
43000,10,5,5,1
43001,11,6,6,1
43002,11,6,6,1
43003,12,6,6,1
43004,11,6,6,1
43005,12,7,7,1
43006,12,6,6,1
43007,13,7,7,1
43008,3,2,2,1
43009,4,3,3,1
43010,4,3,3,1
43011,5,3,3,1
43012,4,3,3,1
43013,5,4,4,1
43014,5,3,3,1
43015,6,4,4,1
43016,4,3,3,1
43017,5,4,4,1
43018,5,3,3,1
43019,6,4,4,1
43020,5,3,3,1
43021,6,4,4,1
43022,6,3,3,1
43023,7,4,4,1
43024,4,3,3,1
43025,5,4,4,1
43026,5,4,4,1
43027,6,4,4,1
43028,5,4,4,1
43029,6,5,5,1
43030,6,4,4,1
43031,7,5,5,1
43032,5,3,3,1
43033,6,4,4,1
43034,6,4,4,1
43035,7,4,4,1
43036,6,4,4,1
43037,7,5,5,1
43038,7,4,4,1
43039,8,5,5,1
43040,4,3,3,1
43041,5,4,4,1
43042,5,4,4,1
43043,6,4,4,1
43044,5,4,4,1
43045,6,5,5,1
43046,6,4,4,1
43047,7,5,5,1
43048,5,3,3,1
43049,6,4,4,1
43050,6,4,4,1
43051,7,4,4,1
43052,6,4,4,1
43053,7,5,5,1
43054,7,4,4,1
43055,8,5,5,1
43056,5,3,3,1
43057,6,4,4,1
43058,6,4,4,1
43059,7,4,4,1
43060,6,4,4,1
43061,7,5,5,1
43062,7,4,4,1
43063,8,5,5,1
43064,6,3,3,1
43065,7,4,4,1
43066,7,4,4,1
43067,8,4,4,1
43068,7,4,4,1
43069,8,5,5,1
43070,8,4,4,1
43071,9,5,5,1
43072,4,3,3,1
43073,5,4,4,1
43074,5,4,4,1
43075,6,4,4,1
43076,5,4,4,1
43077,6,5,5,1
43078,6,4,4,1
43079,7,5,5,1
43080,5,4,4,1
43081,6,5,5,1
43082,6,4,4,1
43083,7,5,5,1
43084,6,4,4,1
43085,7,5,5,1
43086,7,4,4,1
43087,8,5,5,1
43088,5,4,4,1
43089,6,5,5,1
43090,6,5,5,1
43091,7,5,5,1
43092,6,5,5,1
43093,7,6,6,1
43094,7,5,5,1
43095,8,6,6,1
43096,6,4,4,1
43097,7,5,5,1
43098,7,5,5,1
43099,8,5,5,1
43100,7,5,5,1
43101,8,6,6,1
43102,8,5,5,1
43103,9,6,6,1
43104,5,3,3,1
43105,6,4,4,1
43106,6,4,4,1
43107,7,4,4,1
43108,6,4,4,1
43109,7,5,5,1
43110,7,4,4,1
43111,8,5,5,1
43112,6,4,4,1
43113,7,5,5,1
43114,7,4,4,1
43115,8,5,5,1
43116,7,4,4,1
43117,8,5,5,1
43118,8,4,4,1
43119,9,5,5,1
43120,6,4,4,1
43121,7,5,5,1
43122,7,5,5,1
43123,8,5,5,1
43124,7,5,5,1
43125,8,6,6,1
43126,8,5,5,1
43127,9,6,6,1
43128,7,4,4,1
43129,8,5,5,1
43130,8,5,5,1
43131,9,5,5,1
43132,8,5,5,1
43133,9,6,6,1
43134,9,5,5,1
43135,10,6,6,1
43136,4,3,3,1
43137,5,4,4,1
43138,5,4,4,1
43139,6,4,4,1
43140,5,4,4,1
43141,6,5,5,1
43142,6,4,4,1
43143,7,5,5,1
43144,5,4,4,1
43145,6,5,5,1
43146,6,4,4,1
43147,7,5,5,1
43148,6,4,4,1
43149,7,5,5,1
43150,7,4,4,1
43151,8,5,5,1
43152,5,4,4,1
43153,6,5,5,1
43154,6,5,5,1
43155,7,5,5,1
43156,6,5,5,1
43157,7,6,6,1
43158,7,5,5,1
43159,8,6,6,1
43160,6,4,4,1
43161,7,5,5,1
43162,7,5,5,1
43163,8,5,5,1
43164,7,5,5,1
43165,8,6,6,1
43166,8,5,5,1
43167,9,6,6,1
43168,5,3,3,1
43169,6,4,4,1
43170,6,4,4,1
43171,7,4,4,1
43172,6,4,4,1
43173,7,5,5,1
43174,7,4,4,1
43175,8,5,5,1
43176,6,4,4,1
43177,7,5,5,1
43178,7,4,4,1
43179,8,5,5,1
43180,7,4,4,1
43181,8,5,5,1
43182,8,4,4,1
43183,9,5,5,1
43184,6,4,4,1
43185,7,5,5,1
43186,7,5,5,1
43187,8,5,5,1
43188,7,5,5,1
43189,8,6,6,1
43190,8,5,5,1
43191,9,6,6,1
43192,7,4,4,1
43193,8,5,5,1
43194,8,5,5,1
43195,9,5,5,1
43196,8,5,5,1
43197,9,6,6,1
43198,9,5,5,1
43199,10,6,6,1
43200,5,3,3,1
43201,6,4,4,1
43202,6,4,4,1
43203,7,4,4,1
43204,6,4,4,1
43205,7,5,5,1
43206,7,4,4,1
43207,8,5,5,1
43208,6,4,4,1
43209,7,5,5,1
43210,7,4,4,1
43211,8,5,5,1
43212,7,4,4,1
43213,8,5,5,1
43214,8,4,4,1
43215,9,5,5,1
43216,6,4,4,1
43217,7,5,5,1
43218,7,5,5,1
43219,8,5,5,1
43220,7,5,5,1
43221,8,6,6,1
43222,8,5,5,1
43223,9,6,6,1
43224,7,4,4,1
43225,8,5,5,1
43226,8,5,5,1
43227,9,5,5,1
43228,8,5,5,1
43229,9,6,6,1
43230,9,5,5,1
43231,10,6,6,1
43232,6,3,3,1
43233,7,4,4,1
43234,7,4,4,1
43235,8,4,4,1
43236,7,4,4,1
43237,8,5,5,1
43238,8,4,4,1
43239,9,5,5,1
43240,7,4,4,1
43241,8,5,5,1
43242,8,4,4,1
43243,9,5,5,1
43244,8,4,4,1
43245,9,5,5,1
43246,9,4,4,1
43247,10,5,5,1
43248,7,4,4,1
43249,8,5,5,1
43250,8,5,5,1
43251,9,5,5,1
43252,8,5,5,1
43253,9,6,6,1
43254,9,5,5,1
43255,10,6,6,1
43256,8,4,4,1
43257,9,5,5,1
43258,9,5,5,1
43259,10,5,5,1
43260,9,5,5,1
43261,10,6,6,1
43262,10,5,5,1
43263,11,6,6,1
43264,4,3,3,1
43265,5,4,4,1
43266,5,4,4,1
43267,6,4,4,1
43268,5,4,4,1
43269,6,5,5,1
43270,6,4,4,1
43271,7,5,5,1
43272,5,4,4,1
43273,6,5,5,1
43274,6,4,4,1
43275,7,5,5,1
43276,6,4,4,1
43277,7,5,5,1
43278,7,4,4,1
43279,8,5,5,1
43280,5,4,4,1
43281,6,5,5,1
43282,6,5,5,1
43283,7,5,5,1
43284,6,5,5,1
43285,7,6,6,1
43286,7,5,5,1
43287,8,6,6,1
43288,6,4,4,1
43289,7,5,5,1
43290,7,5,5,1
43291,8,5,5,1
43292,7,5,5,1
43293,8,6,6,1
43294,8,5,5,1
43295,9,6,6,1
43296,5,4,4,1
43297,6,5,5,1
43298,6,5,5,1
43299,7,5,5,1
43300,6,5,5,1
43301,7,6,6,1
43302,7,5,5,1
43303,8,6,6,1
43304,6,4,4,1
43305,7,5,5,1
43306,7,5,5,1
43307,8,5,5,1
43308,7,5,5,1
43309,8,6,6,1
43310,8,5,5,1
43311,9,6,6,1
43312,6,4,4,1
43313,7,5,5,1
43314,7,5,5,1
43315,8,5,5,1
43316,7,5,5,1
43317,8,6,6,1
43318,8,5,5,1
43319,9,6,6,1
43320,7,4,4,1
43321,8,5,5,1
43322,8,5,5,1
43323,9,5,5,1
43324,8,5,5,1
43325,9,6,6,1
43326,9,5,5,1
43327,10,6,6,1
43328,5,4,4,1
43329,6,5,5,1
43330,6,5,5,1
43331,7,5,5,1
43332,6,5,5,1
43333,7,6,6,1
43334,7,5,5,1
43335,8,6,6,1
43336,6,5,5,1
43337,7,6,6,1
43338,7,5,5,1
43339,8,6,6,1
43340,7,5,5,1
43341,8,6,6,1
43342,8,5,5,1
43343,9,6,6,1
43344,6,5,5,1
43345,7,6,6,1
43346,7,6,6,1
43347,8,6,6,1
43348,7,6,6,1
43349,8,7,7,1
43350,8,6,6,1
43351,9,7,7,1
43352,7,5,5,1
43353,8,6,6,1
43354,8,6,6,1
43355,9,6,6,1
43356,8,6,6,1
43357,9,7,7,1
43358,9,6,6,1
43359,10,7,7,1
43360,6,4,4,1
43361,7,5,5,1
43362,7,5,5,1
43363,8,5,5,1
43364,7,5,5,1
43365,8,6,6,1
43366,8,5,5,1
43367,9,6,6,1
43368,7,5,5,1
43369,8,6,6,1
43370,8,5,5,1
43371,9,6,6,1
43372,8,5,5,1
43373,9,6,6,1
43374,9,5,5,1
43375,10,6,6,1
43376,7,5,5,1
43377,8,6,6,1
43378,8,6,6,1
43379,9,6,6,1
43380,8,6,6,1
43381,9,7,7,1
43382,9,6,6,1
43383,10,7,7,1
43384,8,5,5,1
43385,9,6,6,1
43386,9,6,6,1
43387,10,6,6,1
43388,9,6,6,1
43389,10,7,7,1
43390,10,6,6,1
43391,11,7,7,1
43392,5,3,3,1
43393,6,4,4,1
43394,6,4,4,1
43395,7,4,4,1
43396,6,4,4,1
43397,7,5,5,1
43398,7,4,4,1
43399,8,5,5,1
43400,6,4,4,1
43401,7,5,5,1
43402,7,4,4,1
43403,8,5,5,1
43404,7,4,4,1
43405,8,5,5,1
43406,8,4,4,1
43407,9,5,5,1
43408,6,4,4,1
43409,7,5,5,1
43410,7,5,5,1
43411,8,5,5,1
43412,7,5,5,1
43413,8,6,6,1
43414,8,5,5,1
43415,9,6,6,1
43416,7,4,4,1
43417,8,5,5,1
43418,8,5,5,1
43419,9,5,5,1
43420,8,5,5,1
43421,9,6,6,1
43422,9,5,5,1
43423,10,6,6,1
43424,6,4,4,1
43425,7,5,5,1
43426,7,5,5,1
43427,8,5,5,1
43428,7,5,5,1
43429,8,6,6,1
43430,8,5,5,1
43431,9,6,6,1
43432,7,4,4,1
43433,8,5,5,1
43434,8,5,5,1
43435,9,5,5,1
43436,8,5,5,1
43437,9,6,6,1
43438,9,5,5,1
43439,10,6,6,1
43440,7,4,4,1
43441,8,5,5,1
43442,8,5,5,1
43443,9,5,5,1
43444,8,5,5,1
43445,9,6,6,1
43446,9,5,5,1
43447,10,6,6,1
43448,8,4,4,1
43449,9,5,5,1
43450,9,5,5,1
43451,10,5,5,1
43452,9,5,5,1
43453,10,6,6,1
43454,10,5,5,1
43455,11,6,6,1
43456,6,4,4,1
43457,7,5,5,1
43458,7,5,5,1
43459,8,5,5,1
43460,7,5,5,1
43461,8,6,6,1
43462,8,5,5,1
43463,9,6,6,1
43464,7,5,5,1
43465,8,6,6,1
43466,8,5,5,1
43467,9,6,6,1
43468,8,5,5,1
43469,9,6,6,1
43470,9,5,5,1
43471,10,6,6,1
43472,7,5,5,1
43473,8,6,6,1
43474,8,6,6,1
43475,9,6,6,1
43476,8,6,6,1
43477,9,7,7,1
43478,9,6,6,1
43479,10,7,7,1
43480,8,5,5,1
43481,9,6,6,1
43482,9,6,6,1
43483,10,6,6,1
43484,9,6,6,1
43485,10,7,7,1
43486,10,6,6,1
43487,11,7,7,1
43488,7,4,4,1
43489,8,5,5,1
43490,8,5,5,1
43491,9,5,5,1
43492,8,5,5,1
43493,9,6,6,1
43494,9,5,5,1
43495,10,6,6,1
43496,8,5,5,1
43497,9,6,6,1
43498,9,5,5,1
43499,10,6,6,1
43500,9,5,5,1
43501,10,6,6,1
43502,10,5,5,1
43503,11,6,6,1
43504,8,5,5,1
43505,9,6,6,1
43506,9,6,6,1
43507,10,6,6,1
43508,9,6,6,1
43509,10,7,7,1
43510,10,6,6,1
43511,11,7,7,1
43512,9,5,5,1
43513,10,6,6,1
43514,10,6,6,1
43515,11,6,6,1
43516,10,6,6,1
43517,11,7,7,1
43518,11,6,6,1
43519,12,7,7,1
43520,4,2,2,1
43521,5,3,3,1
43522,5,3,3,1
43523,6,3,3,1
43524,5,3,3,1
43525,6,4,4,1
43526,6,3,3,1
43527,7,4,4,1
43528,5,3,3,1
43529,6,4,4,1
43530,6,3,3,1
43531,7,4,4,1
43532,6,3,3,1
43533,7,4,4,1
43534,7,3,3,1
43535,8,4,4,1
43536,5,3,3,1
43537,6,4,4,1
43538,6,4,4,1
43539,7,4,4,1
43540,6,4,4,1
43541,7,5,5,1
43542,7,4,4,1
43543,8,5,5,1
43544,6,3,3,1
43545,7,4,4,1
43546,7,4,4,1
43547,8,4,4,1
43548,7,4,4,1
43549,8,5,5,1
43550,8,4,4,1
43551,9,5,5,1
43552,5,3,3,1
43553,6,4,4,1
43554,6,4,4,1
43555,7,4,4,1
43556,6,4,4,1
43557,7,5,5,1
43558,7,4,4,1
43559,8,5,5,1
43560,6,3,3,1
43561,7,4,4,1
43562,7,4,4,1
43563,8,4,4,1
43564,7,4,4,1
43565,8,5,5,1
43566,8,4,4,1
43567,9,5,5,1
43568,6,3,3,1
43569,7,4,4,1
43570,7,4,4,1
43571,8,4,4,1
43572,7,4,4,1
43573,8,5,5,1
43574,8,4,4,1
43575,9,5,5,1
43576,7,3,3,1
43577,8,4,4,1
43578,8,4,4,1
43579,9,4,4,1
43580,8,4,4,1
43581,9,5,5,1
43582,9,4,4,1
43583,10,5,5,1
43584,5,3,3,1
43585,6,4,4,1
43586,6,4,4,1
43587,7,4,4,1
43588,6,4,4,1
43589,7,5,5,1
43590,7,4,4,1
43591,8,5,5,1
43592,6,4,4,1
43593,7,5,5,1
43594,7,4,4,1
43595,8,5,5,1
43596,7,4,4,1
43597,8,5,5,1
43598,8,4,4,1
43599,9,5,5,1
43600,6,4,4,1
43601,7,5,5,1
43602,7,5,5,1
43603,8,5,5,1
43604,7,5,5,1
43605,8,6,6,1
43606,8,5,5,1
43607,9,6,6,1
43608,7,4,4,1
43609,8,5,5,1
43610,8,5,5,1
43611,9,5,5,1
43612,8,5,5,1
43613,9,6,6,1
43614,9,5,5,1
43615,10,6,6,1
43616,6,3,3,1
43617,7,4,4,1
43618,7,4,4,1
43619,8,4,4,1
43620,7,4,4,1
43621,8,5,5,1
43622,8,4,4,1
43623,9,5,5,1
43624,7,4,4,1
43625,8,5,5,1
43626,8,4,4,1
43627,9,5,5,1
43628,8,4,4,1
43629,9,5,5,1
43630,9,4,4,1
43631,10,5,5,1
43632,7,4,4,1
43633,8,5,5,1
43634,8,5,5,1
43635,9,5,5,1
43636,8,5,5,1
43637,9,6,6,1
43638,9,5,5,1
43639,10,6,6,1
43640,8,4,4,1
43641,9,5,5,1
43642,9,5,5,1
43643,10,5,5,1
43644,9,5,5,1
43645,10,6,6,1
43646,10,5,5,1
43647,11,6,6,1
43648,5,3,3,1
43649,6,4,4,1
43650,6,4,4,1
43651,7,4,4,1
43652,6,4,4,1
43653,7,5,5,1
43654,7,4,4,1
43655,8,5,5,1
43656,6,4,4,1
43657,7,5,5,1
43658,7,4,4,1
43659,8,5,5,1
43660,7,4,4,1
43661,8,5,5,1
43662,8,4,4,1
43663,9,5,5,1
43664,6,4,4,1
43665,7,5,5,1
43666,7,5,5,1
43667,8,5,5,1
43668,7,5,5,1
43669,8,6,6,1
43670,8,5,5,1
43671,9,6,6,1
43672,7,4,4,1
43673,8,5,5,1
43674,8,5,5,1
43675,9,5,5,1
43676,8,5,5,1
43677,9,6,6,1
43678,9,5,5,1
43679,10,6,6,1
43680,6,3,3,1
43681,7,4,4,1
43682,7,4,4,1
43683,8,4,4,1
43684,7,4,4,1
43685,8,5,5,1
43686,8,4,4,1
43687,9,5,5,1
43688,7,4,4,1
43689,8,5,5,1
43690,8,4,4,1
43691,9,5,5,1
43692,8,4,4,1
43693,9,5,5,1
43694,9,4,4,1
43695,10,5,5,1
43696,7,4,4,1
43697,8,5,5,1
43698,8,5,5,1
43699,9,5,5,1
43700,8,5,5,1
43701,9,6,6,1
43702,9,5,5,1
43703,10,6,6,1
43704,8,4,4,1
43705,9,5,5,1
43706,9,5,5,1
43707,10,5,5,1
43708,9,5,5,1
43709,10,6,6,1
43710,10,5,5,1
43711,11,6,6,1
43712,6,3,3,1
43713,7,4,4,1
43714,7,4,4,1
43715,8,4,4,1
43716,7,4,4,1
43717,8,5,5,1
43718,8,4,4,1
43719,9,5,5,1
43720,7,4,4,1
43721,8,5,5,1
43722,8,4,4,1
43723,9,5,5,1
43724,8,4,4,1
43725,9,5,5,1
43726,9,4,4,1
43727,10,5,5,1
43728,7,4,4,1
43729,8,5,5,1
43730,8,5,5,1
43731,9,5,5,1
43732,8,5,5,1
43733,9,6,6,1
43734,9,5,5,1
43735,10,6,6,1
43736,8,4,4,1
43737,9,5,5,1
43738,9,5,5,1
43739,10,5,5,1
43740,9,5,5,1
43741,10,6,6,1
43742,10,5,5,1
43743,11,6,6,1
43744,7,3,3,1
43745,8,4,4,1
43746,8,4,4,1
43747,9,4,4,1
43748,8,4,4,1
43749,9,5,5,1
43750,9,4,4,1
43751,10,5,5,1
43752,8,4,4,1
43753,9,5,5,1
43754,9,4,4,1
43755,10,5,5,1
43756,9,4,4,1
43757,10,5,5,1
43758,10,4,4,1
43759,11,5,5,1
43760,8,4,4,1
43761,9,5,5,1
43762,9,5,5,1
43763,10,5,5,1
43764,9,5,5,1
43765,10,6,6,1
43766,10,5,5,1
43767,11,6,6,1
43768,9,4,4,1
43769,10,5,5,1
43770,10,5,5,1
43771,11,5,5,1
43772,10,5,5,1
43773,11,6,6,1
43774,11,5,5,1
43775,12,6,6,1
43776,5,3,3,1
43777,6,4,4,1
43778,6,4,4,1
43779,7,4,4,1
43780,6,4,4,1
43781,7,5,5,1
43782,7,4,4,1
43783,8,5,5,1
43784,6,4,4,1
43785,7,5,5,1
43786,7,4,4,1
43787,8,5,5,1
43788,7,4,4,1
43789,8,5,5,1
43790,8,4,4,1
43791,9,5,5,1
43792,6,4,4,1
43793,7,5,5,1
43794,7,5,5,1
43795,8,5,5,1
43796,7,5,5,1
43797,8,6,6,1
43798,8,5,5,1
43799,9,6,6,1
43800,7,4,4,1
43801,8,5,5,1
43802,8,5,5,1
43803,9,5,5,1
43804,8,5,5,1
43805,9,6,6,1
43806,9,5,5,1
43807,10,6,6,1
43808,6,4,4,1
43809,7,5,5,1
43810,7,5,5,1
43811,8,5,5,1
43812,7,5,5,1
43813,8,6,6,1
43814,8,5,5,1
43815,9,6,6,1
43816,7,4,4,1
43817,8,5,5,1
43818,8,5,5,1
43819,9,5,5,1
43820,8,5,5,1
43821,9,6,6,1
43822,9,5,5,1
43823,10,6,6,1
43824,7,4,4,1
43825,8,5,5,1
43826,8,5,5,1
43827,9,5,5,1
43828,8,5,5,1
43829,9,6,6,1
43830,9,5,5,1
43831,10,6,6,1
43832,8,4,4,1
43833,9,5,5,1
43834,9,5,5,1
43835,10,5,5,1
43836,9,5,5,1
43837,10,6,6,1
43838,10,5,5,1
43839,11,6,6,1
43840,6,4,4,1
43841,7,5,5,1
43842,7,5,5,1
43843,8,5,5,1
43844,7,5,5,1
43845,8,6,6,1
43846,8,5,5,1
43847,9,6,6,1
43848,7,5,5,1
43849,8,6,6,1
43850,8,5,5,1
43851,9,6,6,1
43852,8,5,5,1
43853,9,6,6,1
43854,9,5,5,1
43855,10,6,6,1
43856,7,5,5,1
43857,8,6,6,1
43858,8,6,6,1
43859,9,6,6,1
43860,8,6,6,1
43861,9,7,7,1
43862,9,6,6,1
43863,10,7,7,1
43864,8,5,5,1
43865,9,6,6,1
43866,9,6,6,1
43867,10,6,6,1
43868,9,6,6,1
43869,10,7,7,1
43870,10,6,6,1
43871,11,7,7,1
43872,7,4,4,1
43873,8,5,5,1
43874,8,5,5,1
43875,9,5,5,1
43876,8,5,5,1
43877,9,6,6,1
43878,9,5,5,1
43879,10,6,6,1
43880,8,5,5,1
43881,9,6,6,1
43882,9,5,5,1
43883,10,6,6,1
43884,9,5,5,1
43885,10,6,6,1
43886,10,5,5,1
43887,11,6,6,1
43888,8,5,5,1
43889,9,6,6,1
43890,9,6,6,1
43891,10,6,6,1
43892,9,6,6,1
43893,10,7,7,1
43894,10,6,6,1
43895,11,7,7,1
43896,9,5,5,1
43897,10,6,6,1
43898,10,6,6,1
43899,11,6,6,1
43900,10,6,6,1
43901,11,7,7,1
43902,11,6,6,1
43903,12,7,7,1
43904,6,3,3,1
43905,7,4,4,1
43906,7,4,4,1
43907,8,4,4,1
43908,7,4,4,1
43909,8,5,5,1
43910,8,4,4,1
43911,9,5,5,1
43912,7,4,4,1
43913,8,5,5,1
43914,8,4,4,1
43915,9,5,5,1
43916,8,4,4,1
43917,9,5,5,1
43918,9,4,4,1
43919,10,5,5,1
43920,7,4,4,1
43921,8,5,5,1
43922,8,5,5,1
43923,9,5,5,1
43924,8,5,5,1
43925,9,6,6,1
43926,9,5,5,1
43927,10,6,6,1
43928,8,4,4,1
43929,9,5,5,1
43930,9,5,5,1
43931,10,5,5,1
43932,9,5,5,1
43933,10,6,6,1
43934,10,5,5,1
43935,11,6,6,1
43936,7,4,4,1
43937,8,5,5,1
43938,8,5,5,1
43939,9,5,5,1
43940,8,5,5,1
43941,9,6,6,1
43942,9,5,5,1
43943,10,6,6,1
43944,8,4,4,1
43945,9,5,5,1
43946,9,5,5,1
43947,10,5,5,1
43948,9,5,5,1
43949,10,6,6,1
43950,10,5,5,1
43951,11,6,6,1
43952,8,4,4,1
43953,9,5,5,1
43954,9,5,5,1
43955,10,5,5,1
43956,9,5,5,1
43957,10,6,6,1
43958,10,5,5,1
43959,11,6,6,1
43960,9,4,4,1
43961,10,5,5,1
43962,10,5,5,1
43963,11,5,5,1
43964,10,5,5,1
43965,11,6,6,1
43966,11,5,5,1
43967,12,6,6,1
43968,7,4,4,1
43969,8,5,5,1
43970,8,5,5,1
43971,9,5,5,1
43972,8,5,5,1
43973,9,6,6,1
43974,9,5,5,1
43975,10,6,6,1
43976,8,5,5,1
43977,9,6,6,1
43978,9,5,5,1
43979,10,6,6,1
43980,9,5,5,1
43981,10,6,6,1
43982,10,5,5,1
43983,11,6,6,1
43984,8,5,5,1
43985,9,6,6,1
43986,9,6,6,1
43987,10,6,6,1
43988,9,6,6,1
43989,10,7,7,1
43990,10,6,6,1
43991,11,7,7,1
43992,9,5,5,1
43993,10,6,6,1
43994,10,6,6,1
43995,11,6,6,1
43996,10,6,6,1
43997,11,7,7,1
43998,11,6,6,1
43999,12,7,7,1
44000,8,4,4,1
44001,9,5,5,1
44002,9,5,5,1
44003,10,5,5,1
44004,9,5,5,1
44005,10,6,6,1
44006,10,5,5,1
44007,11,6,6,1
44008,9,5,5,1
44009,10,6,6,1
44010,10,5,5,1
44011,11,6,6,1
44012,10,5,5,1
44013,11,6,6,1
44014,11,5,5,1
44015,12,6,6,1
44016,9,5,5,1
44017,10,6,6,1
44018,10,6,6,1
44019,11,6,6,1
44020,10,6,6,1
44021,11,7,7,1
44022,11,6,6,1
44023,12,7,7,1
44024,10,5,5,1
44025,11,6,6,1
44026,11,6,6,1
44027,12,6,6,1
44028,11,6,6,1
44029,12,7,7,1
44030,12,6,6,1
44031,13,7,7,1
44032,4,2,2,1
44033,5,3,3,1
44034,5,3,3,1
44035,6,3,3,1
44036,5,3,3,1
44037,6,4,4,1
44038,6,3,3,1
44039,7,4,4,1
44040,5,3,3,1
44041,6,4,4,1
44042,6,3,3,1
44043,7,4,4,1
44044,6,3,3,1
44045,7,4,4,1
44046,7,3,3,1
44047,8,4,4,1
44048,5,3,3,1
44049,6,4,4,1
44050,6,4,4,1
44051,7,4,4,1
44052,6,4,4,1
44053,7,5,5,1
44054,7,4,4,1
44055,8,5,5,1
44056,6,3,3,1
44057,7,4,4,1
44058,7,4,4,1
44059,8,4,4,1
44060,7,4,4,1
44061,8,5,5,1
44062,8,4,4,1
44063,9,5,5,1
44064,5,3,3,1
44065,6,4,4,1
44066,6,4,4,1
44067,7,4,4,1
44068,6,4,4,1
44069,7,5,5,1
44070,7,4,4,1
44071,8,5,5,1
44072,6,3,3,1
44073,7,4,4,1
44074,7,4,4,1
44075,8,4,4,1
44076,7,4,4,1
44077,8,5,5,1
44078,8,4,4,1
44079,9,5,5,1
44080,6,3,3,1
44081,7,4,4,1
44082,7,4,4,1
44083,8,4,4,1
44084,7,4,4,1
44085,8,5,5,1
44086,8,4,4,1
44087,9,5,5,1
44088,7,3,3,1
44089,8,4,4,1
44090,8,4,4,1
44091,9,4,4,1
44092,8,4,4,1
44093,9,5,5,1
44094,9,4,4,1
44095,10,5,5,1
44096,5,3,3,1
44097,6,4,4,1
44098,6,4,4,1
44099,7,4,4,1
44100,6,4,4,1
44101,7,5,5,1
44102,7,4,4,1
44103,8,5,5,1
44104,6,4,4,1
44105,7,5,5,1
44106,7,4,4,1
44107,8,5,5,1
44108,7,4,4,1
44109,8,5,5,1
44110,8,4,4,1
44111,9,5,5,1
44112,6,4,4,1
44113,7,5,5,1
44114,7,5,5,1
44115,8,5,5,1
44116,7,5,5,1
44117,8,6,6,1
44118,8,5,5,1
44119,9,6,6,1
44120,7,4,4,1
44121,8,5,5,1
44122,8,5,5,1
44123,9,5,5,1
44124,8,5,5,1
44125,9,6,6,1
44126,9,5,5,1
44127,10,6,6,1
44128,6,3,3,1
44129,7,4,4,1
44130,7,4,4,1
44131,8,4,4,1
44132,7,4,4,1
44133,8,5,5,1
44134,8,4,4,1
44135,9,5,5,1
44136,7,4,4,1
44137,8,5,5,1
44138,8,4,4,1
44139,9,5,5,1
44140,8,4,4,1
44141,9,5,5,1
44142,9,4,4,1
44143,10,5,5,1
44144,7,4,4,1
44145,8,5,5,1
44146,8,5,5,1
44147,9,5,5,1
44148,8,5,5,1
44149,9,6,6,1
44150,9,5,5,1
44151,10,6,6,1
44152,8,4,4,1
44153,9,5,5,1
44154,9,5,5,1
44155,10,5,5,1
44156,9,5,5,1
44157,10,6,6,1
44158,10,5,5,1
44159,11,6,6,1
44160,5,3,3,1
44161,6,4,4,1
44162,6,4,4,1
44163,7,4,4,1
44164,6,4,4,1
44165,7,5,5,1
44166,7,4,4,1
44167,8,5,5,1
44168,6,4,4,1
44169,7,5,5,1
44170,7,4,4,1
44171,8,5,5,1
44172,7,4,4,1
44173,8,5,5,1
44174,8,4,4,1
44175,9,5,5,1
44176,6,4,4,1
44177,7,5,5,1
44178,7,5,5,1
44179,8,5,5,1
44180,7,5,5,1
44181,8,6,6,1
44182,8,5,5,1
44183,9,6,6,1
44184,7,4,4,1
44185,8,5,5,1
44186,8,5,5,1
44187,9,5,5,1
44188,8,5,5,1
44189,9,6,6,1
44190,9,5,5,1
44191,10,6,6,1
44192,6,3,3,1
44193,7,4,4,1
44194,7,4,4,1
44195,8,4,4,1
44196,7,4,4,1
44197,8,5,5,1
44198,8,4,4,1
44199,9,5,5,1
44200,7,4,4,1
44201,8,5,5,1
44202,8,4,4,1
44203,9,5,5,1
44204,8,4,4,1
44205,9,5,5,1
44206,9,4,4,1
44207,10,5,5,1
44208,7,4,4,1
44209,8,5,5,1
44210,8,5,5,1
44211,9,5,5,1
44212,8,5,5,1
44213,9,6,6,1
44214,9,5,5,1
44215,10,6,6,1
44216,8,4,4,1
44217,9,5,5,1
44218,9,5,5,1
44219,10,5,5,1
44220,9,5,5,1
44221,10,6,6,1
44222,10,5,5,1
44223,11,6,6,1
44224,6,3,3,1
44225,7,4,4,1
44226,7,4,4,1
44227,8,4,4,1
44228,7,4,4,1
44229,8,5,5,1
44230,8,4,4,1
44231,9,5,5,1
44232,7,4,4,1
44233,8,5,5,1
44234,8,4,4,1
44235,9,5,5,1
44236,8,4,4,1
44237,9,5,5,1
44238,9,4,4,1
44239,10,5,5,1
44240,7,4,4,1
44241,8,5,5,1
44242,8,5,5,1
44243,9,5,5,1
44244,8,5,5,1
44245,9,6,6,1
44246,9,5,5,1
44247,10,6,6,1
44248,8,4,4,1
44249,9,5,5,1
44250,9,5,5,1
44251,10,5,5,1
44252,9,5,5,1
44253,10,6,6,1
44254,10,5,5,1
44255,11,6,6,1
44256,7,3,3,1
44257,8,4,4,1
44258,8,4,4,1
44259,9,4,4,1
44260,8,4,4,1
44261,9,5,5,1
44262,9,4,4,1
44263,10,5,5,1
44264,8,4,4,1
44265,9,5,5,1
44266,9,4,4,1
44267,10,5,5,1
44268,9,4,4,1
44269,10,5,5,1
44270,10,4,4,1
44271,11,5,5,1
44272,8,4,4,1
44273,9,5,5,1
44274,9,5,5,1
44275,10,5,5,1
44276,9,5,5,1
44277,10,6,6,1
44278,10,5,5,1
44279,11,6,6,1
44280,9,4,4,1
44281,10,5,5,1
44282,10,5,5,1
44283,11,5,5,1
44284,10,5,5,1
44285,11,6,6,1
44286,11,5,5,1
44287,12,6,6,1
44288,5,3,3,1
44289,6,4,4,1
44290,6,4,4,1
44291,7,4,4,1
44292,6,4,4,1
44293,7,5,5,1
44294,7,4,4,1
44295,8,5,5,1
44296,6,4,4,1
44297,7,5,5,1
44298,7,4,4,1
44299,8,5,5,1
44300,7,4,4,1
44301,8,5,5,1
44302,8,4,4,1
44303,9,5,5,1
44304,6,4,4,1
44305,7,5,5,1
44306,7,5,5,1
44307,8,5,5,1
44308,7,5,5,1
44309,8,6,6,1
44310,8,5,5,1
44311,9,6,6,1
44312,7,4,4,1
44313,8,5,5,1
44314,8,5,5,1
44315,9,5,5,1
44316,8,5,5,1
44317,9,6,6,1
44318,9,5,5,1
44319,10,6,6,1
44320,6,4,4,1
44321,7,5,5,1
44322,7,5,5,1
44323,8,5,5,1
44324,7,5,5,1
44325,8,6,6,1
44326,8,5,5,1
44327,9,6,6,1
44328,7,4,4,1
44329,8,5,5,1
44330,8,5,5,1
44331,9,5,5,1
44332,8,5,5,1
44333,9,6,6,1
44334,9,5,5,1
44335,10,6,6,1
44336,7,4,4,1
44337,8,5,5,1
44338,8,5,5,1
44339,9,5,5,1
44340,8,5,5,1
44341,9,6,6,1
44342,9,5,5,1
44343,10,6,6,1
44344,8,4,4,1
44345,9,5,5,1
44346,9,5,5,1
44347,10,5,5,1
44348,9,5,5,1
44349,10,6,6,1
44350,10,5,5,1
44351,11,6,6,1
44352,6,4,4,1
44353,7,5,5,1
44354,7,5,5,1
44355,8,5,5,1
44356,7,5,5,1
44357,8,6,6,1
44358,8,5,5,1
44359,9,6,6,1
44360,7,5,5,1
44361,8,6,6,1
44362,8,5,5,1
44363,9,6,6,1
44364,8,5,5,1
44365,9,6,6,1
44366,9,5,5,1
44367,10,6,6,1
44368,7,5,5,1
44369,8,6,6,1
44370,8,6,6,1
44371,9,6,6,1
44372,8,6,6,1
44373,9,7,7,1
44374,9,6,6,1
44375,10,7,7,1
44376,8,5,5,1
44377,9,6,6,1
44378,9,6,6,1
44379,10,6,6,1
44380,9,6,6,1
44381,10,7,7,1
44382,10,6,6,1
44383,11,7,7,1
44384,7,4,4,1
44385,8,5,5,1
44386,8,5,5,1
44387,9,5,5,1
44388,8,5,5,1
44389,9,6,6,1
44390,9,5,5,1
44391,10,6,6,1
44392,8,5,5,1
44393,9,6,6,1
44394,9,5,5,1
44395,10,6,6,1
44396,9,5,5,1
44397,10,6,6,1
44398,10,5,5,1
44399,11,6,6,1
44400,8,5,5,1
44401,9,6,6,1
44402,9,6,6,1
44403,10,6,6,1
44404,9,6,6,1
44405,10,7,7,1
44406,10,6,6,1
44407,11,7,7,1
44408,9,5,5,1
44409,10,6,6,1
44410,10,6,6,1
44411,11,6,6,1
44412,10,6,6,1
44413,11,7,7,1
44414,11,6,6,1
44415,12,7,7,1
44416,6,3,3,1
44417,7,4,4,1
44418,7,4,4,1
44419,8,4,4,1
44420,7,4,4,1
44421,8,5,5,1
44422,8,4,4,1
44423,9,5,5,1
44424,7,4,4,1
44425,8,5,5,1
44426,8,4,4,1
44427,9,5,5,1
44428,8,4,4,1
44429,9,5,5,1
44430,9,4,4,1
44431,10,5,5,1
44432,7,4,4,1
44433,8,5,5,1
44434,8,5,5,1
44435,9,5,5,1
44436,8,5,5,1
44437,9,6,6,1
44438,9,5,5,1
44439,10,6,6,1
44440,8,4,4,1
44441,9,5,5,1
44442,9,5,5,1
44443,10,5,5,1
44444,9,5,5,1
44445,10,6,6,1
44446,10,5,5,1
44447,11,6,6,1
44448,7,4,4,1
44449,8,5,5,1
44450,8,5,5,1
44451,9,5,5,1
44452,8,5,5,1
44453,9,6,6,1
44454,9,5,5,1
44455,10,6,6,1
44456,8,4,4,1
44457,9,5,5,1
44458,9,5,5,1
44459,10,5,5,1
44460,9,5,5,1
44461,10,6,6,1
44462,10,5,5,1
44463,11,6,6,1
44464,8,4,4,1
44465,9,5,5,1
44466,9,5,5,1
44467,10,5,5,1
44468,9,5,5,1
44469,10,6,6,1
44470,10,5,5,1
44471,11,6,6,1
44472,9,4,4,1
44473,10,5,5,1
44474,10,5,5,1
44475,11,5,5,1
44476,10,5,5,1
44477,11,6,6,1
44478,11,5,5,1
44479,12,6,6,1
44480,7,4,4,1
44481,8,5,5,1
44482,8,5,5,1
44483,9,5,5,1
44484,8,5,5,1
44485,9,6,6,1
44486,9,5,5,1
44487,10,6,6,1
44488,8,5,5,1
44489,9,6,6,1
44490,9,5,5,1
44491,10,6,6,1
44492,9,5,5,1
44493,10,6,6,1
44494,10,5,5,1
44495,11,6,6,1
44496,8,5,5,1
44497,9,6,6,1
44498,9,6,6,1
44499,10,6,6,1
44500,9,6,6,1
44501,10,7,7,1
44502,10,6,6,1
44503,11,7,7,1
44504,9,5,5,1
44505,10,6,6,1
44506,10,6,6,1
44507,11,6,6,1
44508,10,6,6,1
44509,11,7,7,1
44510,11,6,6,1
44511,12,7,7,1
44512,8,4,4,1
44513,9,5,5,1
44514,9,5,5,1
44515,10,5,5,1
44516,9,5,5,1
44517,10,6,6,1
44518,10,5,5,1
44519,11,6,6,1
44520,9,5,5,1
44521,10,6,6,1
44522,10,5,5,1
44523,11,6,6,1
44524,10,5,5,1
44525,11,6,6,1
44526,11,5,5,1
44527,12,6,6,1
44528,9,5,5,1
44529,10,6,6,1
44530,10,6,6,1
44531,11,6,6,1
44532,10,6,6,1
44533,11,7,7,1
44534,11,6,6,1
44535,12,7,7,1
44536,10,5,5,1
44537,11,6,6,1
44538,11,6,6,1
44539,12,6,6,1
44540,11,6,6,1
44541,12,7,7,1
44542,12,6,6,1
44543,13,7,7,1
44544,5,2,2,1
44545,6,3,3,1
44546,6,3,3,1
44547,7,3,3,1
44548,6,3,3,1
44549,7,4,4,1
44550,7,3,3,1
44551,8,4,4,1
44552,6,3,3,1
44553,7,4,4,1
44554,7,3,3,1
44555,8,4,4,1
44556,7,3,3,1
44557,8,4,4,1
44558,8,3,3,1
44559,9,4,4,1
44560,6,3,3,1
44561,7,4,4,1
44562,7,4,4,1
44563,8,4,4,1
44564,7,4,4,1
44565,8,5,5,1
44566,8,4,4,1
44567,9,5,5,1
44568,7,3,3,1
44569,8,4,4,1
44570,8,4,4,1
44571,9,4,4,1
44572,8,4,4,1
44573,9,5,5,1
44574,9,4,4,1
44575,10,5,5,1
44576,6,3,3,1
44577,7,4,4,1
44578,7,4,4,1
44579,8,4,4,1
44580,7,4,4,1
44581,8,5,5,1
44582,8,4,4,1
44583,9,5,5,1
44584,7,3,3,1
44585,8,4,4,1
44586,8,4,4,1
44587,9,4,4,1
44588,8,4,4,1
44589,9,5,5,1
44590,9,4,4,1
44591,10,5,5,1
44592,7,3,3,1
44593,8,4,4,1
44594,8,4,4,1
44595,9,4,4,1
44596,8,4,4,1
44597,9,5,5,1
44598,9,4,4,1
44599,10,5,5,1
44600,8,3,3,1
44601,9,4,4,1
44602,9,4,4,1
44603,10,4,4,1
44604,9,4,4,1
44605,10,5,5,1
44606,10,4,4,1
44607,11,5,5,1
44608,6,3,3,1
44609,7,4,4,1
44610,7,4,4,1
44611,8,4,4,1
44612,7,4,4,1
44613,8,5,5,1
44614,8,4,4,1
44615,9,5,5,1
44616,7,4,4,1
44617,8,5,5,1
44618,8,4,4,1
44619,9,5,5,1
44620,8,4,4,1
44621,9,5,5,1
44622,9,4,4,1
44623,10,5,5,1
44624,7,4,4,1
44625,8,5,5,1
44626,8,5,5,1
44627,9,5,5,1
44628,8,5,5,1
44629,9,6,6,1
44630,9,5,5,1
44631,10,6,6,1
44632,8,4,4,1
44633,9,5,5,1
44634,9,5,5,1
44635,10,5,5,1
44636,9,5,5,1
44637,10,6,6,1
44638,10,5,5,1
44639,11,6,6,1
44640,7,3,3,1
44641,8,4,4,1
44642,8,4,4,1
44643,9,4,4,1
44644,8,4,4,1
44645,9,5,5,1
44646,9,4,4,1
44647,10,5,5,1
44648,8,4,4,1
44649,9,5,5,1
44650,9,4,4,1
44651,10,5,5,1
44652,9,4,4,1
44653,10,5,5,1
44654,10,4,4,1
44655,11,5,5,1
44656,8,4,4,1
44657,9,5,5,1
44658,9,5,5,1
44659,10,5,5,1
44660,9,5,5,1
44661,10,6,6,1
44662,10,5,5,1
44663,11,6,6,1
44664,9,4,4,1
44665,10,5,5,1
44666,10,5,5,1
44667,11,5,5,1
44668,10,5,5,1
44669,11,6,6,1
44670,11,5,5,1
44671,12,6,6,1
44672,6,3,3,1
44673,7,4,4,1
44674,7,4,4,1
44675,8,4,4,1
44676,7,4,4,1
44677,8,5,5,1
44678,8,4,4,1
44679,9,5,5,1
44680,7,4,4,1
44681,8,5,5,1
44682,8,4,4,1
44683,9,5,5,1
44684,8,4,4,1
44685,9,5,5,1
44686,9,4,4,1
44687,10,5,5,1
44688,7,4,4,1
44689,8,5,5,1
44690,8,5,5,1
44691,9,5,5,1
44692,8,5,5,1
44693,9,6,6,1
44694,9,5,5,1
44695,10,6,6,1
44696,8,4,4,1
44697,9,5,5,1
44698,9,5,5,1
44699,10,5,5,1
44700,9,5,5,1
44701,10,6,6,1
44702,10,5,5,1
44703,11,6,6,1
44704,7,3,3,1
44705,8,4,4,1
44706,8,4,4,1
44707,9,4,4,1
44708,8,4,4,1
44709,9,5,5,1
44710,9,4,4,1
44711,10,5,5,1
44712,8,4,4,1
44713,9,5,5,1
44714,9,4,4,1
44715,10,5,5,1
44716,9,4,4,1
44717,10,5,5,1
44718,10,4,4,1
44719,11,5,5,1
44720,8,4,4,1
44721,9,5,5,1
44722,9,5,5,1
44723,10,5,5,1
44724,9,5,5,1
44725,10,6,6,1
44726,10,5,5,1
44727,11,6,6,1
44728,9,4,4,1
44729,10,5,5,1
44730,10,5,5,1
44731,11,5,5,1
44732,10,5,5,1
44733,11,6,6,1
44734,11,5,5,1
44735,12,6,6,1
44736,7,3,3,1
44737,8,4,4,1
44738,8,4,4,1
44739,9,4,4,1
44740,8,4,4,1
44741,9,5,5,1
44742,9,4,4,1
44743,10,5,5,1
44744,8,4,4,1
44745,9,5,5,1
44746,9,4,4,1
44747,10,5,5,1
44748,9,4,4,1
44749,10,5,5,1
44750,10,4,4,1
44751,11,5,5,1
44752,8,4,4,1
44753,9,5,5,1
44754,9,5,5,1
44755,10,5,5,1
44756,9,5,5,1
44757,10,6,6,1
44758,10,5,5,1
44759,11,6,6,1
44760,9,4,4,1
44761,10,5,5,1
44762,10,5,5,1
44763,11,5,5,1
44764,10,5,5,1
44765,11,6,6,1
44766,11,5,5,1
44767,12,6,6,1
44768,8,3,3,1
44769,9,4,4,1
44770,9,4,4,1
44771,10,4,4,1
44772,9,4,4,1
44773,10,5,5,1
44774,10,4,4,1
44775,11,5,5,1
44776,9,4,4,1
44777,10,5,5,1
44778,10,4,4,1
44779,11,5,5,1
44780,10,4,4,1
44781,11,5,5,1
44782,11,4,4,1
44783,12,5,5,1
44784,9,4,4,1
44785,10,5,5,1
44786,10,5,5,1
44787,11,5,5,1
44788,10,5,5,1
44789,11,6,6,1
44790,11,5,5,1
44791,12,6,6,1
44792,10,4,4,1
44793,11,5,5,1
44794,11,5,5,1
44795,12,5,5,1
44796,11,5,5,1
44797,12,6,6,1
44798,12,5,5,1
44799,13,6,6,1
44800,6,3,3,1
44801,7,4,4,1
44802,7,4,4,1
44803,8,4,4,1
44804,7,4,4,1
44805,8,5,5,1
44806,8,4,4,1
44807,9,5,5,1
44808,7,4,4,1
44809,8,5,5,1
44810,8,4,4,1
44811,9,5,5,1
44812,8,4,4,1
44813,9,5,5,1
44814,9,4,4,1
44815,10,5,5,1
44816,7,4,4,1
44817,8,5,5,1
44818,8,5,5,1
44819,9,5,5,1
44820,8,5,5,1
44821,9,6,6,1
44822,9,5,5,1
44823,10,6,6,1
44824,8,4,4,1
44825,9,5,5,1
44826,9,5,5,1
44827,10,5,5,1
44828,9,5,5,1
44829,10,6,6,1
44830,10,5,5,1
44831,11,6,6,1
44832,7,4,4,1
44833,8,5,5,1
44834,8,5,5,1
44835,9,5,5,1
44836,8,5,5,1
44837,9,6,6,1
44838,9,5,5,1
44839,10,6,6,1
44840,8,4,4,1
44841,9,5,5,1
44842,9,5,5,1
44843,10,5,5,1
44844,9,5,5,1
44845,10,6,6,1
44846,10,5,5,1
44847,11,6,6,1
44848,8,4,4,1
44849,9,5,5,1
44850,9,5,5,1
44851,10,5,5,1
44852,9,5,5,1
44853,10,6,6,1
44854,10,5,5,1
44855,11,6,6,1
44856,9,4,4,1
44857,10,5,5,1
44858,10,5,5,1
44859,11,5,5,1
44860,10,5,5,1
44861,11,6,6,1
44862,11,5,5,1
44863,12,6,6,1
44864,7,4,4,1
44865,8,5,5,1
44866,8,5,5,1
44867,9,5,5,1
44868,8,5,5,1
44869,9,6,6,1
44870,9,5,5,1
44871,10,6,6,1
44872,8,5,5,1
44873,9,6,6,1
44874,9,5,5,1
44875,10,6,6,1
44876,9,5,5,1
44877,10,6,6,1
44878,10,5,5,1
44879,11,6,6,1
44880,8,5,5,1
44881,9,6,6,1
44882,9,6,6,1
44883,10,6,6,1
44884,9,6,6,1
44885,10,7,7,1
44886,10,6,6,1
44887,11,7,7,1
44888,9,5,5,1
44889,10,6,6,1
44890,10,6,6,1
44891,11,6,6,1
44892,10,6,6,1
44893,11,7,7,1
44894,11,6,6,1
44895,12,7,7,1
44896,8,4,4,1
44897,9,5,5,1
44898,9,5,5,1
44899,10,5,5,1
44900,9,5,5,1
44901,10,6,6,1
44902,10,5,5,1
44903,11,6,6,1
44904,9,5,5,1
44905,10,6,6,1
44906,10,5,5,1
44907,11,6,6,1
44908,10,5,5,1
44909,11,6,6,1
44910,11,5,5,1
44911,12,6,6,1
44912,9,5,5,1
44913,10,6,6,1
44914,10,6,6,1
44915,11,6,6,1
44916,10,6,6,1
44917,11,7,7,1
44918,11,6,6,1
44919,12,7,7,1
44920,10,5,5,1
44921,11,6,6,1
44922,11,6,6,1
44923,12,6,6,1
44924,11,6,6,1
44925,12,7,7,1
44926,12,6,6,1
44927,13,7,7,1
44928,7,3,3,1
44929,8,4,4,1
44930,8,4,4,1
44931,9,4,4,1
44932,8,4,4,1
44933,9,5,5,1
44934,9,4,4,1
44935,10,5,5,1
44936,8,4,4,1
44937,9,5,5,1
44938,9,4,4,1
44939,10,5,5,1
44940,9,4,4,1
44941,10,5,5,1
44942,10,4,4,1
44943,11,5,5,1
44944,8,4,4,1
44945,9,5,5,1
44946,9,5,5,1
44947,10,5,5,1
44948,9,5,5,1
44949,10,6,6,1
44950,10,5,5,1
44951,11,6,6,1
44952,9,4,4,1
44953,10,5,5,1
44954,10,5,5,1
44955,11,5,5,1
44956,10,5,5,1
44957,11,6,6,1
44958,11,5,5,1
44959,12,6,6,1
44960,8,4,4,1
44961,9,5,5,1
44962,9,5,5,1
44963,10,5,5,1
44964,9,5,5,1
44965,10,6,6,1
44966,10,5,5,1
44967,11,6,6,1
44968,9,4,4,1
44969,10,5,5,1
44970,10,5,5,1
44971,11,5,5,1
44972,10,5,5,1
44973,11,6,6,1
44974,11,5,5,1
44975,12,6,6,1
44976,9,4,4,1
44977,10,5,5,1
44978,10,5,5,1
44979,11,5,5,1
44980,10,5,5,1
44981,11,6,6,1
44982,11,5,5,1
44983,12,6,6,1
44984,10,4,4,1
44985,11,5,5,1
44986,11,5,5,1
44987,12,5,5,1
44988,11,5,5,1
44989,12,6,6,1
44990,12,5,5,1
44991,13,6,6,1
44992,8,4,4,1
44993,9,5,5,1
44994,9,5,5,1
44995,10,5,5,1
44996,9,5,5,1
44997,10,6,6,1
44998,10,5,5,1
44999,11,6,6,1
45000,9,5,5,1
45001,10,6,6,1
45002,10,5,5,1
45003,11,6,6,1
45004,10,5,5,1
45005,11,6,6,1
45006,11,5,5,1
45007,12,6,6,1
45008,9,5,5,1
45009,10,6,6,1
45010,10,6,6,1
45011,11,6,6,1
45012,10,6,6,1
45013,11,7,7,1
45014,11,6,6,1
45015,12,7,7,1
45016,10,5,5,1
45017,11,6,6,1
45018,11,6,6,1
45019,12,6,6,1
45020,11,6,6,1
45021,12,7,7,1
45022,12,6,6,1
45023,13,7,7,1
45024,9,4,4,1
45025,10,5,5,1
45026,10,5,5,1
45027,11,5,5,1
45028,10,5,5,1
45029,11,6,6,1
45030,11,5,5,1
45031,12,6,6,1
45032,10,5,5,1
45033,11,6,6,1
45034,11,5,5,1
45035,12,6,6,1
45036,11,5,5,1
45037,12,6,6,1
45038,12,5,5,1
45039,13,6,6,1
45040,10,5,5,1
45041,11,6,6,1
45042,11,6,6,1
45043,12,6,6,1
45044,11,6,6,1
45045,12,7,7,1
45046,12,6,6,1
45047,13,7,7,1
45048,11,5,5,1
45049,12,6,6,1
45050,12,6,6,1
45051,13,6,6,1
45052,12,6,6,1
45053,13,7,7,1
45054,13,6,6,1
45055,14,7,7,1
45056,3,2,2,1
45057,4,3,3,1
45058,4,3,3,1
45059,5,3,3,1
45060,4,3,3,1
45061,5,4,4,1
45062,5,3,3,1
45063,6,4,4,1
45064,4,3,3,1
45065,5,4,4,1
45066,5,3,3,1
45067,6,4,4,1
45068,5,3,3,1
45069,6,4,4,1
45070,6,3,3,1
45071,7,4,4,1
45072,4,3,3,1
45073,5,4,4,1
45074,5,4,4,1
45075,6,4,4,1
45076,5,4,4,1
45077,6,5,5,1
45078,6,4,4,1
45079,7,5,5,1
45080,5,3,3,1
45081,6,4,4,1
45082,6,4,4,1
45083,7,4,4,1
45084,6,4,4,1
45085,7,5,5,1
45086,7,4,4,1
45087,8,5,5,1
45088,4,3,3,1
45089,5,4,4,1
45090,5,4,4,1
45091,6,4,4,1
45092,5,4,4,1
45093,6,5,5,1
45094,6,4,4,1
45095,7,5,5,1
45096,5,3,3,1
45097,6,4,4,1
45098,6,4,4,1
45099,7,4,4,1
45100,6,4,4,1
45101,7,5,5,1
45102,7,4,4,1
45103,8,5,5,1
45104,5,3,3,1
45105,6,4,4,1
45106,6,4,4,1
45107,7,4,4,1
45108,6,4,4,1
45109,7,5,5,1
45110,7,4,4,1
45111,8,5,5,1
45112,6,3,3,1
45113,7,4,4,1
45114,7,4,4,1
45115,8,4,4,1
45116,7,4,4,1
45117,8,5,5,1
45118,8,4,4,1
45119,9,5,5,1
45120,4,3,3,1
45121,5,4,4,1
45122,5,4,4,1
45123,6,4,4,1
45124,5,4,4,1
45125,6,5,5,1
45126,6,4,4,1
45127,7,5,5,1
45128,5,4,4,1
45129,6,5,5,1
45130,6,4,4,1
45131,7,5,5,1
45132,6,4,4,1
45133,7,5,5,1
45134,7,4,4,1
45135,8,5,5,1
45136,5,4,4,1
45137,6,5,5,1
45138,6,5,5,1
45139,7,5,5,1
45140,6,5,5,1
45141,7,6,6,1
45142,7,5,5,1
45143,8,6,6,1
45144,6,4,4,1
45145,7,5,5,1
45146,7,5,5,1
45147,8,5,5,1
45148,7,5,5,1
45149,8,6,6,1
45150,8,5,5,1
45151,9,6,6,1
45152,5,3,3,1
45153,6,4,4,1
45154,6,4,4,1
45155,7,4,4,1
45156,6,4,4,1
45157,7,5,5,1
45158,7,4,4,1
45159,8,5,5,1
45160,6,4,4,1
45161,7,5,5,1
45162,7,4,4,1
45163,8,5,5,1
45164,7,4,4,1
45165,8,5,5,1
45166,8,4,4,1
45167,9,5,5,1
45168,6,4,4,1
45169,7,5,5,1
45170,7,5,5,1
45171,8,5,5,1
45172,7,5,5,1
45173,8,6,6,1
45174,8,5,5,1
45175,9,6,6,1
45176,7,4,4,1
45177,8,5,5,1
45178,8,5,5,1
45179,9,5,5,1
45180,8,5,5,1
45181,9,6,6,1
45182,9,5,5,1
45183,10,6,6,1
45184,4,3,3,1
45185,5,4,4,1
45186,5,4,4,1
45187,6,4,4,1
45188,5,4,4,1
45189,6,5,5,1
45190,6,4,4,1
45191,7,5,5,1
45192,5,4,4,1
45193,6,5,5,1
45194,6,4,4,1
45195,7,5,5,1
45196,6,4,4,1
45197,7,5,5,1
45198,7,4,4,1
45199,8,5,5,1
45200,5,4,4,1
45201,6,5,5,1
45202,6,5,5,1
45203,7,5,5,1
45204,6,5,5,1
45205,7,6,6,1
45206,7,5,5,1
45207,8,6,6,1
45208,6,4,4,1
45209,7,5,5,1
45210,7,5,5,1
45211,8,5,5,1
45212,7,5,5,1
45213,8,6,6,1
45214,8,5,5,1
45215,9,6,6,1
45216,5,3,3,1
45217,6,4,4,1
45218,6,4,4,1
45219,7,4,4,1
45220,6,4,4,1
45221,7,5,5,1
45222,7,4,4,1
45223,8,5,5,1
45224,6,4,4,1
45225,7,5,5,1
45226,7,4,4,1
45227,8,5,5,1
45228,7,4,4,1
45229,8,5,5,1
45230,8,4,4,1
45231,9,5,5,1
45232,6,4,4,1
45233,7,5,5,1
45234,7,5,5,1
45235,8,5,5,1
45236,7,5,5,1
45237,8,6,6,1
45238,8,5,5,1
45239,9,6,6,1
45240,7,4,4,1
45241,8,5,5,1
45242,8,5,5,1
45243,9,5,5,1
45244,8,5,5,1
45245,9,6,6,1
45246,9,5,5,1
45247,10,6,6,1
45248,5,3,3,1
45249,6,4,4,1
45250,6,4,4,1
45251,7,4,4,1
45252,6,4,4,1
45253,7,5,5,1
45254,7,4,4,1
45255,8,5,5,1
45256,6,4,4,1
45257,7,5,5,1
45258,7,4,4,1
45259,8,5,5,1
45260,7,4,4,1
45261,8,5,5,1
45262,8,4,4,1
45263,9,5,5,1
45264,6,4,4,1
45265,7,5,5,1
45266,7,5,5,1
45267,8,5,5,1
45268,7,5,5,1
45269,8,6,6,1
45270,8,5,5,1
45271,9,6,6,1
45272,7,4,4,1
45273,8,5,5,1
45274,8,5,5,1
45275,9,5,5,1
45276,8,5,5,1
45277,9,6,6,1
45278,9,5,5,1
45279,10,6,6,1
45280,6,3,3,1
45281,7,4,4,1
45282,7,4,4,1
45283,8,4,4,1
45284,7,4,4,1
45285,8,5,5,1
45286,8,4,4,1
45287,9,5,5,1
45288,7,4,4,1
45289,8,5,5,1
45290,8,4,4,1
45291,9,5,5,1
45292,8,4,4,1
45293,9,5,5,1
45294,9,4,4,1
45295,10,5,5,1
45296,7,4,4,1
45297,8,5,5,1
45298,8,5,5,1
45299,9,5,5,1
45300,8,5,5,1
45301,9,6,6,1
45302,9,5,5,1
45303,10,6,6,1
45304,8,4,4,1
45305,9,5,5,1
45306,9,5,5,1
45307,10,5,5,1
45308,9,5,5,1
45309,10,6,6,1
45310,10,5,5,1
45311,11,6,6,1
45312,4,3,3,1
45313,5,4,4,1
45314,5,4,4,1
45315,6,4,4,1
45316,5,4,4,1
45317,6,5,5,1
45318,6,4,4,1
45319,7,5,5,1
45320,5,4,4,1
45321,6,5,5,1
45322,6,4,4,1
45323,7,5,5,1
45324,6,4,4,1
45325,7,5,5,1
45326,7,4,4,1
45327,8,5,5,1
45328,5,4,4,1
45329,6,5,5,1
45330,6,5,5,1
45331,7,5,5,1
45332,6,5,5,1
45333,7,6,6,1
45334,7,5,5,1
45335,8,6,6,1
45336,6,4,4,1
45337,7,5,5,1
45338,7,5,5,1
45339,8,5,5,1
45340,7,5,5,1
45341,8,6,6,1
45342,8,5,5,1
45343,9,6,6,1
45344,5,4,4,1
45345,6,5,5,1
45346,6,5,5,1
45347,7,5,5,1
45348,6,5,5,1
45349,7,6,6,1
45350,7,5,5,1
45351,8,6,6,1
45352,6,4,4,1
45353,7,5,5,1
45354,7,5,5,1
45355,8,5,5,1
45356,7,5,5,1
45357,8,6,6,1
45358,8,5,5,1
45359,9,6,6,1
45360,6,4,4,1
45361,7,5,5,1
45362,7,5,5,1
45363,8,5,5,1
45364,7,5,5,1
45365,8,6,6,1
45366,8,5,5,1
45367,9,6,6,1
45368,7,4,4,1
45369,8,5,5,1
45370,8,5,5,1
45371,9,5,5,1
45372,8,5,5,1
45373,9,6,6,1
45374,9,5,5,1
45375,10,6,6,1
45376,5,4,4,1
45377,6,5,5,1
45378,6,5,5,1
45379,7,5,5,1
45380,6,5,5,1
45381,7,6,6,1
45382,7,5,5,1
45383,8,6,6,1
45384,6,5,5,1
45385,7,6,6,1
45386,7,5,5,1
45387,8,6,6,1
45388,7,5,5,1
45389,8,6,6,1
45390,8,5,5,1
45391,9,6,6,1
45392,6,5,5,1
45393,7,6,6,1
45394,7,6,6,1
45395,8,6,6,1
45396,7,6,6,1
45397,8,7,7,1
45398,8,6,6,1
45399,9,7,7,1
45400,7,5,5,1
45401,8,6,6,1
45402,8,6,6,1
45403,9,6,6,1
45404,8,6,6,1
45405,9,7,7,1
45406,9,6,6,1
45407,10,7,7,1
45408,6,4,4,1
45409,7,5,5,1
45410,7,5,5,1
45411,8,5,5,1
45412,7,5,5,1
45413,8,6,6,1
45414,8,5,5,1
45415,9,6,6,1
45416,7,5,5,1
45417,8,6,6,1
45418,8,5,5,1
45419,9,6,6,1
45420,8,5,5,1
45421,9,6,6,1
45422,9,5,5,1
45423,10,6,6,1
45424,7,5,5,1
45425,8,6,6,1
45426,8,6,6,1
45427,9,6,6,1
45428,8,6,6,1
45429,9,7,7,1
45430,9,6,6,1
45431,10,7,7,1
45432,8,5,5,1
45433,9,6,6,1
45434,9,6,6,1
45435,10,6,6,1
45436,9,6,6,1
45437,10,7,7,1
45438,10,6,6,1
45439,11,7,7,1
45440,5,3,3,1
45441,6,4,4,1
45442,6,4,4,1
45443,7,4,4,1
45444,6,4,4,1
45445,7,5,5,1
45446,7,4,4,1
45447,8,5,5,1
45448,6,4,4,1
45449,7,5,5,1
45450,7,4,4,1
45451,8,5,5,1
45452,7,4,4,1
45453,8,5,5,1
45454,8,4,4,1
45455,9,5,5,1
45456,6,4,4,1
45457,7,5,5,1
45458,7,5,5,1
45459,8,5,5,1
45460,7,5,5,1
45461,8,6,6,1
45462,8,5,5,1
45463,9,6,6,1
45464,7,4,4,1
45465,8,5,5,1
45466,8,5,5,1
45467,9,5,5,1
45468,8,5,5,1
45469,9,6,6,1
45470,9,5,5,1
45471,10,6,6,1
45472,6,4,4,1
45473,7,5,5,1
45474,7,5,5,1
45475,8,5,5,1
45476,7,5,5,1
45477,8,6,6,1
45478,8,5,5,1
45479,9,6,6,1
45480,7,4,4,1
45481,8,5,5,1
45482,8,5,5,1
45483,9,5,5,1
45484,8,5,5,1
45485,9,6,6,1
45486,9,5,5,1
45487,10,6,6,1
45488,7,4,4,1
45489,8,5,5,1
45490,8,5,5,1
45491,9,5,5,1
45492,8,5,5,1
45493,9,6,6,1
45494,9,5,5,1
45495,10,6,6,1
45496,8,4,4,1
45497,9,5,5,1
45498,9,5,5,1
45499,10,5,5,1
45500,9,5,5,1
45501,10,6,6,1
45502,10,5,5,1
45503,11,6,6,1
45504,6,4,4,1
45505,7,5,5,1
45506,7,5,5,1
45507,8,5,5,1
45508,7,5,5,1
45509,8,6,6,1
45510,8,5,5,1
45511,9,6,6,1
45512,7,5,5,1
45513,8,6,6,1
45514,8,5,5,1
45515,9,6,6,1
45516,8,5,5,1
45517,9,6,6,1
45518,9,5,5,1
45519,10,6,6,1
45520,7,5,5,1
45521,8,6,6,1
45522,8,6,6,1
45523,9,6,6,1
45524,8,6,6,1
45525,9,7,7,1
45526,9,6,6,1
45527,10,7,7,1
45528,8,5,5,1
45529,9,6,6,1
45530,9,6,6,1
45531,10,6,6,1
45532,9,6,6,1
45533,10,7,7,1
45534,10,6,6,1
45535,11,7,7,1
45536,7,4,4,1
45537,8,5,5,1
45538,8,5,5,1
45539,9,5,5,1
45540,8,5,5,1
45541,9,6,6,1
45542,9,5,5,1
45543,10,6,6,1
45544,8,5,5,1
45545,9,6,6,1
45546,9,5,5,1
45547,10,6,6,1
45548,9,5,5,1
45549,10,6,6,1
45550,10,5,5,1
45551,11,6,6,1
45552,8,5,5,1
45553,9,6,6,1
45554,9,6,6,1
45555,10,6,6,1
45556,9,6,6,1
45557,10,7,7,1
45558,10,6,6,1
45559,11,7,7,1
45560,9,5,5,1
45561,10,6,6,1
45562,10,6,6,1
45563,11,6,6,1
45564,10,6,6,1
45565,11,7,7,1
45566,11,6,6,1
45567,12,7,7,1
45568,4,3,3,1
45569,5,4,4,1
45570,5,4,4,1
45571,6,4,4,1
45572,5,4,4,1
45573,6,5,5,1
45574,6,4,4,1
45575,7,5,5,1
45576,5,4,4,1
45577,6,5,5,1
45578,6,4,4,1
45579,7,5,5,1
45580,6,4,4,1
45581,7,5,5,1
45582,7,4,4,1
45583,8,5,5,1
45584,5,4,4,1
45585,6,5,5,1
45586,6,5,5,1
45587,7,5,5,1
45588,6,5,5,1
45589,7,6,6,1
45590,7,5,5,1
45591,8,6,6,1
45592,6,4,4,1
45593,7,5,5,1
45594,7,5,5,1
45595,8,5,5,1
45596,7,5,5,1
45597,8,6,6,1
45598,8,5,5,1
45599,9,6,6,1
45600,5,4,4,1
45601,6,5,5,1
45602,6,5,5,1
45603,7,5,5,1
45604,6,5,5,1
45605,7,6,6,1
45606,7,5,5,1
45607,8,6,6,1
45608,6,4,4,1
45609,7,5,5,1
45610,7,5,5,1
45611,8,5,5,1
45612,7,5,5,1
45613,8,6,6,1
45614,8,5,5,1
45615,9,6,6,1
45616,6,4,4,1
45617,7,5,5,1
45618,7,5,5,1
45619,8,5,5,1
45620,7,5,5,1
45621,8,6,6,1
45622,8,5,5,1
45623,9,6,6,1
45624,7,4,4,1
45625,8,5,5,1
45626,8,5,5,1
45627,9,5,5,1
45628,8,5,5,1
45629,9,6,6,1
45630,9,5,5,1
45631,10,6,6,1
45632,5,4,4,1
45633,6,5,5,1
45634,6,5,5,1
45635,7,5,5,1
45636,6,5,5,1
45637,7,6,6,1
45638,7,5,5,1
45639,8,6,6,1
45640,6,5,5,1
45641,7,6,6,1
45642,7,5,5,1
45643,8,6,6,1
45644,7,5,5,1
45645,8,6,6,1
45646,8,5,5,1
45647,9,6,6,1
45648,6,5,5,1
45649,7,6,6,1
45650,7,6,6,1
45651,8,6,6,1
45652,7,6,6,1
45653,8,7,7,1
45654,8,6,6,1
45655,9,7,7,1
45656,7,5,5,1
45657,8,6,6,1
45658,8,6,6,1
45659,9,6,6,1
45660,8,6,6,1
45661,9,7,7,1
45662,9,6,6,1
45663,10,7,7,1
45664,6,4,4,1
45665,7,5,5,1
45666,7,5,5,1
45667,8,5,5,1
45668,7,5,5,1
45669,8,6,6,1
45670,8,5,5,1
45671,9,6,6,1
45672,7,5,5,1
45673,8,6,6,1
45674,8,5,5,1
45675,9,6,6,1
45676,8,5,5,1
45677,9,6,6,1
45678,9,5,5,1
45679,10,6,6,1
45680,7,5,5,1
45681,8,6,6,1
45682,8,6,6,1
45683,9,6,6,1
45684,8,6,6,1
45685,9,7,7,1
45686,9,6,6,1
45687,10,7,7,1
45688,8,5,5,1
45689,9,6,6,1
45690,9,6,6,1
45691,10,6,6,1
45692,9,6,6,1
45693,10,7,7,1
45694,10,6,6,1
45695,11,7,7,1
45696,5,3,3,1
45697,6,4,4,1
45698,6,4,4,1
45699,7,4,4,1
45700,6,4,4,1
45701,7,5,5,1
45702,7,4,4,1
45703,8,5,5,1
45704,6,4,4,1
45705,7,5,5,1
45706,7,4,4,1
45707,8,5,5,1
45708,7,4,4,1
45709,8,5,5,1
45710,8,4,4,1
45711,9,5,5,1
45712,6,4,4,1
45713,7,5,5,1
45714,7,5,5,1
45715,8,5,5,1
45716,7,5,5,1
45717,8,6,6,1
45718,8,5,5,1
45719,9,6,6,1
45720,7,4,4,1
45721,8,5,5,1
45722,8,5,5,1
45723,9,5,5,1
45724,8,5,5,1
45725,9,6,6,1
45726,9,5,5,1
45727,10,6,6,1
45728,6,4,4,1
45729,7,5,5,1
45730,7,5,5,1
45731,8,5,5,1
45732,7,5,5,1
45733,8,6,6,1
45734,8,5,5,1
45735,9,6,6,1
45736,7,4,4,1
45737,8,5,5,1
45738,8,5,5,1
45739,9,5,5,1
45740,8,5,5,1
45741,9,6,6,1
45742,9,5,5,1
45743,10,6,6,1
45744,7,4,4,1
45745,8,5,5,1
45746,8,5,5,1
45747,9,5,5,1
45748,8,5,5,1
45749,9,6,6,1
45750,9,5,5,1
45751,10,6,6,1
45752,8,4,4,1
45753,9,5,5,1
45754,9,5,5,1
45755,10,5,5,1
45756,9,5,5,1
45757,10,6,6,1
45758,10,5,5,1
45759,11,6,6,1
45760,6,4,4,1
45761,7,5,5,1
45762,7,5,5,1
45763,8,5,5,1
45764,7,5,5,1
45765,8,6,6,1
45766,8,5,5,1
45767,9,6,6,1
45768,7,5,5,1
45769,8,6,6,1
45770,8,5,5,1
45771,9,6,6,1
45772,8,5,5,1
45773,9,6,6,1
45774,9,5,5,1
45775,10,6,6,1
45776,7,5,5,1
45777,8,6,6,1
45778,8,6,6,1
45779,9,6,6,1
45780,8,6,6,1
45781,9,7,7,1
45782,9,6,6,1
45783,10,7,7,1
45784,8,5,5,1
45785,9,6,6,1
45786,9,6,6,1
45787,10,6,6,1
45788,9,6,6,1
45789,10,7,7,1
45790,10,6,6,1
45791,11,7,7,1
45792,7,4,4,1
45793,8,5,5,1
45794,8,5,5,1
45795,9,5,5,1
45796,8,5,5,1
45797,9,6,6,1
45798,9,5,5,1
45799,10,6,6,1
45800,8,5,5,1
45801,9,6,6,1
45802,9,5,5,1
45803,10,6,6,1
45804,9,5,5,1
45805,10,6,6,1
45806,10,5,5,1
45807,11,6,6,1
45808,8,5,5,1
45809,9,6,6,1
45810,9,6,6,1
45811,10,6,6,1
45812,9,6,6,1
45813,10,7,7,1
45814,10,6,6,1
45815,11,7,7,1
45816,9,5,5,1
45817,10,6,6,1
45818,10,6,6,1
45819,11,6,6,1
45820,10,6,6,1
45821,11,7,7,1
45822,11,6,6,1
45823,12,7,7,1
45824,5,3,3,1
45825,6,4,4,1
45826,6,4,4,1
45827,7,4,4,1
45828,6,4,4,1
45829,7,5,5,1
45830,7,4,4,1
45831,8,5,5,1
45832,6,4,4,1
45833,7,5,5,1
45834,7,4,4,1
45835,8,5,5,1
45836,7,4,4,1
45837,8,5,5,1
45838,8,4,4,1
45839,9,5,5,1
45840,6,4,4,1
45841,7,5,5,1
45842,7,5,5,1
45843,8,5,5,1
45844,7,5,5,1
45845,8,6,6,1
45846,8,5,5,1
45847,9,6,6,1
45848,7,4,4,1
45849,8,5,5,1
45850,8,5,5,1
45851,9,5,5,1
45852,8,5,5,1
45853,9,6,6,1
45854,9,5,5,1
45855,10,6,6,1
45856,6,4,4,1
45857,7,5,5,1
45858,7,5,5,1
45859,8,5,5,1
45860,7,5,5,1
45861,8,6,6,1
45862,8,5,5,1
45863,9,6,6,1
45864,7,4,4,1
45865,8,5,5,1
45866,8,5,5,1
45867,9,5,5,1
45868,8,5,5,1
45869,9,6,6,1
45870,9,5,5,1
45871,10,6,6,1
45872,7,4,4,1
45873,8,5,5,1
45874,8,5,5,1
45875,9,5,5,1
45876,8,5,5,1
45877,9,6,6,1
45878,9,5,5,1
45879,10,6,6,1
45880,8,4,4,1
45881,9,5,5,1
45882,9,5,5,1
45883,10,5,5,1
45884,9,5,5,1
45885,10,6,6,1
45886,10,5,5,1
45887,11,6,6,1
45888,6,4,4,1
45889,7,5,5,1
45890,7,5,5,1
45891,8,5,5,1
45892,7,5,5,1
45893,8,6,6,1
45894,8,5,5,1
45895,9,6,6,1
45896,7,5,5,1
45897,8,6,6,1
45898,8,5,5,1
45899,9,6,6,1
45900,8,5,5,1
45901,9,6,6,1
45902,9,5,5,1
45903,10,6,6,1
45904,7,5,5,1
45905,8,6,6,1
45906,8,6,6,1
45907,9,6,6,1
45908,8,6,6,1
45909,9,7,7,1
45910,9,6,6,1
45911,10,7,7,1
45912,8,5,5,1
45913,9,6,6,1
45914,9,6,6,1
45915,10,6,6,1
45916,9,6,6,1
45917,10,7,7,1
45918,10,6,6,1
45919,11,7,7,1
45920,7,4,4,1
45921,8,5,5,1
45922,8,5,5,1
45923,9,5,5,1
45924,8,5,5,1
45925,9,6,6,1
45926,9,5,5,1
45927,10,6,6,1
45928,8,5,5,1
45929,9,6,6,1
45930,9,5,5,1
45931,10,6,6,1
45932,9,5,5,1
45933,10,6,6,1
45934,10,5,5,1
45935,11,6,6,1
45936,8,5,5,1
45937,9,6,6,1
45938,9,6,6,1
45939,10,6,6,1
45940,9,6,6,1
45941,10,7,7,1
45942,10,6,6,1
45943,11,7,7,1
45944,9,5,5,1
45945,10,6,6,1
45946,10,6,6,1
45947,11,6,6,1
45948,10,6,6,1
45949,11,7,7,1
45950,11,6,6,1
45951,12,7,7,1
45952,6,3,3,1
45953,7,4,4,1
45954,7,4,4,1
45955,8,4,4,1
45956,7,4,4,1
45957,8,5,5,1
45958,8,4,4,1
45959,9,5,5,1
45960,7,4,4,1
45961,8,5,5,1
45962,8,4,4,1
45963,9,5,5,1
45964,8,4,4,1
45965,9,5,5,1
45966,9,4,4,1
45967,10,5,5,1
45968,7,4,4,1
45969,8,5,5,1
45970,8,5,5,1
45971,9,5,5,1
45972,8,5,5,1
45973,9,6,6,1
45974,9,5,5,1
45975,10,6,6,1
45976,8,4,4,1
45977,9,5,5,1
45978,9,5,5,1
45979,10,5,5,1
45980,9,5,5,1
45981,10,6,6,1
45982,10,5,5,1
45983,11,6,6,1
45984,7,4,4,1
45985,8,5,5,1
45986,8,5,5,1
45987,9,5,5,1
45988,8,5,5,1
45989,9,6,6,1
45990,9,5,5,1
45991,10,6,6,1
45992,8,4,4,1
45993,9,5,5,1
45994,9,5,5,1
45995,10,5,5,1
45996,9,5,5,1
45997,10,6,6,1
45998,10,5,5,1
45999,11,6,6,1
46000,8,4,4,1
46001,9,5,5,1
46002,9,5,5,1
46003,10,5,5,1
46004,9,5,5,1
46005,10,6,6,1
46006,10,5,5,1
46007,11,6,6,1
46008,9,4,4,1
46009,10,5,5,1
46010,10,5,5,1
46011,11,5,5,1
46012,10,5,5,1
46013,11,6,6,1
46014,11,5,5,1
46015,12,6,6,1
46016,7,4,4,1
46017,8,5,5,1
46018,8,5,5,1
46019,9,5,5,1
46020,8,5,5,1
46021,9,6,6,1
46022,9,5,5,1
46023,10,6,6,1
46024,8,5,5,1
46025,9,6,6,1
46026,9,5,5,1
46027,10,6,6,1
46028,9,5,5,1
46029,10,6,6,1
46030,10,5,5,1
46031,11,6,6,1
46032,8,5,5,1
46033,9,6,6,1
46034,9,6,6,1
46035,10,6,6,1
46036,9,6,6,1
46037,10,7,7,1
46038,10,6,6,1
46039,11,7,7,1
46040,9,5,5,1
46041,10,6,6,1
46042,10,6,6,1
46043,11,6,6,1
46044,10,6,6,1
46045,11,7,7,1
46046,11,6,6,1
46047,12,7,7,1
46048,8,4,4,1
46049,9,5,5,1
46050,9,5,5,1
46051,10,5,5,1
46052,9,5,5,1
46053,10,6,6,1
46054,10,5,5,1
46055,11,6,6,1
46056,9,5,5,1
46057,10,6,6,1
46058,10,5,5,1
46059,11,6,6,1
46060,10,5,5,1
46061,11,6,6,1
46062,11,5,5,1
46063,12,6,6,1
46064,9,5,5,1
46065,10,6,6,1
46066,10,6,6,1
46067,11,6,6,1
46068,10,6,6,1
46069,11,7,7,1
46070,11,6,6,1
46071,12,7,7,1
46072,10,5,5,1
46073,11,6,6,1
46074,11,6,6,1
46075,12,6,6,1
46076,11,6,6,1
46077,12,7,7,1
46078,12,6,6,1
46079,13,7,7,1
46080,4,3,3,1
46081,5,4,4,1
46082,5,4,4,1
46083,6,4,4,1
46084,5,4,4,1
46085,6,5,5,1
46086,6,4,4,1
46087,7,5,5,1
46088,5,4,4,1
46089,6,5,5,1
46090,6,4,4,1
46091,7,5,5,1
46092,6,4,4,1
46093,7,5,5,1
46094,7,4,4,1
46095,8,5,5,1
46096,5,4,4,1
46097,6,5,5,1
46098,6,5,5,1
46099,7,5,5,1
46100,6,5,5,1
46101,7,6,6,1
46102,7,5,5,1
46103,8,6,6,1
46104,6,4,4,1
46105,7,5,5,1
46106,7,5,5,1
46107,8,5,5,1
46108,7,5,5,1
46109,8,6,6,1
46110,8,5,5,1
46111,9,6,6,1
46112,5,4,4,1
46113,6,5,5,1
46114,6,5,5,1
46115,7,5,5,1
46116,6,5,5,1
46117,7,6,6,1
46118,7,5,5,1
46119,8,6,6,1
46120,6,4,4,1
46121,7,5,5,1
46122,7,5,5,1
46123,8,5,5,1
46124,7,5,5,1
46125,8,6,6,1
46126,8,5,5,1
46127,9,6,6,1
46128,6,4,4,1
46129,7,5,5,1
46130,7,5,5,1
46131,8,5,5,1
46132,7,5,5,1
46133,8,6,6,1
46134,8,5,5,1
46135,9,6,6,1
46136,7,4,4,1
46137,8,5,5,1
46138,8,5,5,1
46139,9,5,5,1
46140,8,5,5,1
46141,9,6,6,1
46142,9,5,5,1
46143,10,6,6,1
46144,5,4,4,1
46145,6,5,5,1
46146,6,5,5,1
46147,7,5,5,1
46148,6,5,5,1
46149,7,6,6,1
46150,7,5,5,1
46151,8,6,6,1
46152,6,5,5,1
46153,7,6,6,1
46154,7,5,5,1
46155,8,6,6,1
46156,7,5,5,1
46157,8,6,6,1
46158,8,5,5,1
46159,9,6,6,1
46160,6,5,5,1
46161,7,6,6,1
46162,7,6,6,1
46163,8,6,6,1
46164,7,6,6,1
46165,8,7,7,1
46166,8,6,6,1
46167,9,7,7,1
46168,7,5,5,1
46169,8,6,6,1
46170,8,6,6,1
46171,9,6,6,1
46172,8,6,6,1
46173,9,7,7,1
46174,9,6,6,1
46175,10,7,7,1
46176,6,4,4,1
46177,7,5,5,1
46178,7,5,5,1
46179,8,5,5,1
46180,7,5,5,1
46181,8,6,6,1
46182,8,5,5,1
46183,9,6,6,1
46184,7,5,5,1
46185,8,6,6,1
46186,8,5,5,1
46187,9,6,6,1
46188,8,5,5,1
46189,9,6,6,1
46190,9,5,5,1
46191,10,6,6,1
46192,7,5,5,1
46193,8,6,6,1
46194,8,6,6,1
46195,9,6,6,1
46196,8,6,6,1
46197,9,7,7,1
46198,9,6,6,1
46199,10,7,7,1
46200,8,5,5,1
46201,9,6,6,1
46202,9,6,6,1
46203,10,6,6,1
46204,9,6,6,1
46205,10,7,7,1
46206,10,6,6,1
46207,11,7,7,1
46208,5,4,4,1
46209,6,5,5,1
46210,6,5,5,1
46211,7,5,5,1
46212,6,5,5,1
46213,7,6,6,1
46214,7,5,5,1
46215,8,6,6,1
46216,6,5,5,1
46217,7,6,6,1
46218,7,5,5,1
46219,8,6,6,1
46220,7,5,5,1
46221,8,6,6,1
46222,8,5,5,1
46223,9,6,6,1
46224,6,5,5,1
46225,7,6,6,1
46226,7,6,6,1
46227,8,6,6,1
46228,7,6,6,1
46229,8,7,7,1
46230,8,6,6,1
46231,9,7,7,1
46232,7,5,5,1
46233,8,6,6,1
46234,8,6,6,1
46235,9,6,6,1
46236,8,6,6,1
46237,9,7,7,1
46238,9,6,6,1
46239,10,7,7,1
46240,6,4,4,1
46241,7,5,5,1
46242,7,5,5,1
46243,8,5,5,1
46244,7,5,5,1
46245,8,6,6,1
46246,8,5,5,1
46247,9,6,6,1
46248,7,5,5,1
46249,8,6,6,1
46250,8,5,5,1
46251,9,6,6,1
46252,8,5,5,1
46253,9,6,6,1
46254,9,5,5,1
46255,10,6,6,1
46256,7,5,5,1
46257,8,6,6,1
46258,8,6,6,1
46259,9,6,6,1
46260,8,6,6,1
46261,9,7,7,1
46262,9,6,6,1
46263,10,7,7,1
46264,8,5,5,1
46265,9,6,6,1
46266,9,6,6,1
46267,10,6,6,1
46268,9,6,6,1
46269,10,7,7,1
46270,10,6,6,1
46271,11,7,7,1
46272,6,4,4,1
46273,7,5,5,1
46274,7,5,5,1
46275,8,5,5,1
46276,7,5,5,1
46277,8,6,6,1
46278,8,5,5,1
46279,9,6,6,1
46280,7,5,5,1
46281,8,6,6,1
46282,8,5,5,1
46283,9,6,6,1
46284,8,5,5,1
46285,9,6,6,1
46286,9,5,5,1
46287,10,6,6,1
46288,7,5,5,1
46289,8,6,6,1
46290,8,6,6,1
46291,9,6,6,1
46292,8,6,6,1
46293,9,7,7,1
46294,9,6,6,1
46295,10,7,7,1
46296,8,5,5,1
46297,9,6,6,1
46298,9,6,6,1
46299,10,6,6,1
46300,9,6,6,1
46301,10,7,7,1
46302,10,6,6,1
46303,11,7,7,1
46304,7,4,4,1
46305,8,5,5,1
46306,8,5,5,1
46307,9,5,5,1
46308,8,5,5,1
46309,9,6,6,1
46310,9,5,5,1
46311,10,6,6,1
46312,8,5,5,1
46313,9,6,6,1
46314,9,5,5,1
46315,10,6,6,1
46316,9,5,5,1
46317,10,6,6,1
46318,10,5,5,1
46319,11,6,6,1
46320,8,5,5,1
46321,9,6,6,1
46322,9,6,6,1
46323,10,6,6,1
46324,9,6,6,1
46325,10,7,7,1
46326,10,6,6,1
46327,11,7,7,1
46328,9,5,5,1
46329,10,6,6,1
46330,10,6,6,1
46331,11,6,6,1
46332,10,6,6,1
46333,11,7,7,1
46334,11,6,6,1
46335,12,7,7,1
46336,5,4,4,1
46337,6,5,5,1
46338,6,5,5,1
46339,7,5,5,1
46340,6,5,5,1
46341,7,6,6,1
46342,7,5,5,1
46343,8,6,6,1
46344,6,5,5,1
46345,7,6,6,1
46346,7,5,5,1
46347,8,6,6,1
46348,7,5,5,1
46349,8,6,6,1
46350,8,5,5,1
46351,9,6,6,1
46352,6,5,5,1
46353,7,6,6,1
46354,7,6,6,1
46355,8,6,6,1
46356,7,6,6,1
46357,8,7,7,1
46358,8,6,6,1
46359,9,7,7,1
46360,7,5,5,1
46361,8,6,6,1
46362,8,6,6,1
46363,9,6,6,1
46364,8,6,6,1
46365,9,7,7,1
46366,9,6,6,1
46367,10,7,7,1
46368,6,5,5,1
46369,7,6,6,1
46370,7,6,6,1
46371,8,6,6,1
46372,7,6,6,1
46373,8,7,7,1
46374,8,6,6,1
46375,9,7,7,1
46376,7,5,5,1
46377,8,6,6,1
46378,8,6,6,1
46379,9,6,6,1
46380,8,6,6,1
46381,9,7,7,1
46382,9,6,6,1
46383,10,7,7,1
46384,7,5,5,1
46385,8,6,6,1
46386,8,6,6,1
46387,9,6,6,1
46388,8,6,6,1
46389,9,7,7,1
46390,9,6,6,1
46391,10,7,7,1
46392,8,5,5,1
46393,9,6,6,1
46394,9,6,6,1
46395,10,6,6,1
46396,9,6,6,1
46397,10,7,7,1
46398,10,6,6,1
46399,11,7,7,1
46400,6,5,5,1
46401,7,6,6,1
46402,7,6,6,1
46403,8,6,6,1
46404,7,6,6,1
46405,8,7,7,1
46406,8,6,6,1
46407,9,7,7,1
46408,7,6,6,1
46409,8,7,7,1
46410,8,6,6,1
46411,9,7,7,1
46412,8,6,6,1
46413,9,7,7,1
46414,9,6,6,1
46415,10,7,7,1
46416,7,6,6,1
46417,8,7,7,1
46418,8,7,7,1
46419,9,7,7,1
46420,8,7,7,1
46421,9,8,8,1
46422,9,7,7,1
46423,10,8,8,1
46424,8,6,6,1
46425,9,7,7,1
46426,9,7,7,1
46427,10,7,7,1
46428,9,7,7,1
46429,10,8,8,1
46430,10,7,7,1
46431,11,8,8,1
46432,7,5,5,1
46433,8,6,6,1
46434,8,6,6,1
46435,9,6,6,1
46436,8,6,6,1
46437,9,7,7,1
46438,9,6,6,1
46439,10,7,7,1
46440,8,6,6,1
46441,9,7,7,1
46442,9,6,6,1
46443,10,7,7,1
46444,9,6,6,1
46445,10,7,7,1
46446,10,6,6,1
46447,11,7,7,1
46448,8,6,6,1
46449,9,7,7,1
46450,9,7,7,1
46451,10,7,7,1
46452,9,7,7,1
46453,10,8,8,1
46454,10,7,7,1
46455,11,8,8,1
46456,9,6,6,1
46457,10,7,7,1
46458,10,7,7,1
46459,11,7,7,1
46460,10,7,7,1
46461,11,8,8,1
46462,11,7,7,1
46463,12,8,8,1
46464,6,4,4,1
46465,7,5,5,1
46466,7,5,5,1
46467,8,5,5,1
46468,7,5,5,1
46469,8,6,6,1
46470,8,5,5,1
46471,9,6,6,1
46472,7,5,5,1
46473,8,6,6,1
46474,8,5,5,1
46475,9,6,6,1
46476,8,5,5,1
46477,9,6,6,1
46478,9,5,5,1
46479,10,6,6,1
46480,7,5,5,1
46481,8,6,6,1
46482,8,6,6,1
46483,9,6,6,1
46484,8,6,6,1
46485,9,7,7,1
46486,9,6,6,1
46487,10,7,7,1
46488,8,5,5,1
46489,9,6,6,1
46490,9,6,6,1
46491,10,6,6,1
46492,9,6,6,1
46493,10,7,7,1
46494,10,6,6,1
46495,11,7,7,1
46496,7,5,5,1
46497,8,6,6,1
46498,8,6,6,1
46499,9,6,6,1
46500,8,6,6,1
46501,9,7,7,1
46502,9,6,6,1
46503,10,7,7,1
46504,8,5,5,1
46505,9,6,6,1
46506,9,6,6,1
46507,10,6,6,1
46508,9,6,6,1
46509,10,7,7,1
46510,10,6,6,1
46511,11,7,7,1
46512,8,5,5,1
46513,9,6,6,1
46514,9,6,6,1
46515,10,6,6,1
46516,9,6,6,1
46517,10,7,7,1
46518,10,6,6,1
46519,11,7,7,1
46520,9,5,5,1
46521,10,6,6,1
46522,10,6,6,1
46523,11,6,6,1
46524,10,6,6,1
46525,11,7,7,1
46526,11,6,6,1
46527,12,7,7,1
46528,7,5,5,1
46529,8,6,6,1
46530,8,6,6,1
46531,9,6,6,1
46532,8,6,6,1
46533,9,7,7,1
46534,9,6,6,1
46535,10,7,7,1
46536,8,6,6,1
46537,9,7,7,1
46538,9,6,6,1
46539,10,7,7,1
46540,9,6,6,1
46541,10,7,7,1
46542,10,6,6,1
46543,11,7,7,1
46544,8,6,6,1
46545,9,7,7,1
46546,9,7,7,1
46547,10,7,7,1
46548,9,7,7,1
46549,10,8,8,1
46550,10,7,7,1
46551,11,8,8,1
46552,9,6,6,1
46553,10,7,7,1
46554,10,7,7,1
46555,11,7,7,1
46556,10,7,7,1
46557,11,8,8,1
46558,11,7,7,1
46559,12,8,8,1
46560,8,5,5,1
46561,9,6,6,1
46562,9,6,6,1
46563,10,6,6,1
46564,9,6,6,1
46565,10,7,7,1
46566,10,6,6,1
46567,11,7,7,1
46568,9,6,6,1
46569,10,7,7,1
46570,10,6,6,1
46571,11,7,7,1
46572,10,6,6,1
46573,11,7,7,1
46574,11,6,6,1
46575,12,7,7,1
46576,9,6,6,1
46577,10,7,7,1
46578,10,7,7,1
46579,11,7,7,1
46580,10,7,7,1
46581,11,8,8,1
46582,11,7,7,1
46583,12,8,8,1
46584,10,6,6,1
46585,11,7,7,1
46586,11,7,7,1
46587,12,7,7,1
46588,11,7,7,1
46589,12,8,8,1
46590,12,7,7,1
46591,13,8,8,1
46592,5,3,3,1
46593,6,4,4,1
46594,6,4,4,1
46595,7,4,4,1
46596,6,4,4,1
46597,7,5,5,1
46598,7,4,4,1
46599,8,5,5,1
46600,6,4,4,1
46601,7,5,5,1
46602,7,4,4,1
46603,8,5,5,1
46604,7,4,4,1
46605,8,5,5,1
46606,8,4,4,1
46607,9,5,5,1
46608,6,4,4,1
46609,7,5,5,1
46610,7,5,5,1
46611,8,5,5,1
46612,7,5,5,1
46613,8,6,6,1
46614,8,5,5,1
46615,9,6,6,1
46616,7,4,4,1
46617,8,5,5,1
46618,8,5,5,1
46619,9,5,5,1
46620,8,5,5,1
46621,9,6,6,1
46622,9,5,5,1
46623,10,6,6,1
46624,6,4,4,1
46625,7,5,5,1
46626,7,5,5,1
46627,8,5,5,1
46628,7,5,5,1
46629,8,6,6,1
46630,8,5,5,1
46631,9,6,6,1
46632,7,4,4,1
46633,8,5,5,1
46634,8,5,5,1
46635,9,5,5,1
46636,8,5,5,1
46637,9,6,6,1
46638,9,5,5,1
46639,10,6,6,1
46640,7,4,4,1
46641,8,5,5,1
46642,8,5,5,1
46643,9,5,5,1
46644,8,5,5,1
46645,9,6,6,1
46646,9,5,5,1
46647,10,6,6,1
46648,8,4,4,1
46649,9,5,5,1
46650,9,5,5,1
46651,10,5,5,1
46652,9,5,5,1
46653,10,6,6,1
46654,10,5,5,1
46655,11,6,6,1
46656,6,4,4,1
46657,7,5,5,1
46658,7,5,5,1
46659,8,5,5,1
46660,7,5,5,1
46661,8,6,6,1
46662,8,5,5,1
46663,9,6,6,1
46664,7,5,5,1
46665,8,6,6,1
46666,8,5,5,1
46667,9,6,6,1
46668,8,5,5,1
46669,9,6,6,1
46670,9,5,5,1
46671,10,6,6,1
46672,7,5,5,1
46673,8,6,6,1
46674,8,6,6,1
46675,9,6,6,1
46676,8,6,6,1
46677,9,7,7,1
46678,9,6,6,1
46679,10,7,7,1
46680,8,5,5,1
46681,9,6,6,1
46682,9,6,6,1
46683,10,6,6,1
46684,9,6,6,1
46685,10,7,7,1
46686,10,6,6,1
46687,11,7,7,1
46688,7,4,4,1
46689,8,5,5,1
46690,8,5,5,1
46691,9,5,5,1
46692,8,5,5,1
46693,9,6,6,1
46694,9,5,5,1
46695,10,6,6,1
46696,8,5,5,1
46697,9,6,6,1
46698,9,5,5,1
46699,10,6,6,1
46700,9,5,5,1
46701,10,6,6,1
46702,10,5,5,1
46703,11,6,6,1
46704,8,5,5,1
46705,9,6,6,1
46706,9,6,6,1
46707,10,6,6,1
46708,9,6,6,1
46709,10,7,7,1
46710,10,6,6,1
46711,11,7,7,1
46712,9,5,5,1
46713,10,6,6,1
46714,10,6,6,1
46715,11,6,6,1
46716,10,6,6,1
46717,11,7,7,1
46718,11,6,6,1
46719,12,7,7,1
46720,6,4,4,1
46721,7,5,5,1
46722,7,5,5,1
46723,8,5,5,1
46724,7,5,5,1
46725,8,6,6,1
46726,8,5,5,1
46727,9,6,6,1
46728,7,5,5,1
46729,8,6,6,1
46730,8,5,5,1
46731,9,6,6,1
46732,8,5,5,1
46733,9,6,6,1
46734,9,5,5,1
46735,10,6,6,1
46736,7,5,5,1
46737,8,6,6,1
46738,8,6,6,1
46739,9,6,6,1
46740,8,6,6,1
46741,9,7,7,1
46742,9,6,6,1
46743,10,7,7,1
46744,8,5,5,1
46745,9,6,6,1
46746,9,6,6,1
46747,10,6,6,1
46748,9,6,6,1
46749,10,7,7,1
46750,10,6,6,1
46751,11,7,7,1
46752,7,4,4,1
46753,8,5,5,1
46754,8,5,5,1
46755,9,5,5,1
46756,8,5,5,1
46757,9,6,6,1
46758,9,5,5,1
46759,10,6,6,1
46760,8,5,5,1
46761,9,6,6,1
46762,9,5,5,1
46763,10,6,6,1
46764,9,5,5,1
46765,10,6,6,1
46766,10,5,5,1
46767,11,6,6,1
46768,8,5,5,1
46769,9,6,6,1
46770,9,6,6,1
46771,10,6,6,1
46772,9,6,6,1
46773,10,7,7,1
46774,10,6,6,1
46775,11,7,7,1
46776,9,5,5,1
46777,10,6,6,1
46778,10,6,6,1
46779,11,6,6,1
46780,10,6,6,1
46781,11,7,7,1
46782,11,6,6,1
46783,12,7,7,1
46784,7,4,4,1
46785,8,5,5,1
46786,8,5,5,1
46787,9,5,5,1
46788,8,5,5,1
46789,9,6,6,1
46790,9,5,5,1
46791,10,6,6,1
46792,8,5,5,1
46793,9,6,6,1
46794,9,5,5,1
46795,10,6,6,1
46796,9,5,5,1
46797,10,6,6,1
46798,10,5,5,1
46799,11,6,6,1
46800,8,5,5,1
46801,9,6,6,1
46802,9,6,6,1
46803,10,6,6,1
46804,9,6,6,1
46805,10,7,7,1
46806,10,6,6,1
46807,11,7,7,1
46808,9,5,5,1
46809,10,6,6,1
46810,10,6,6,1
46811,11,6,6,1
46812,10,6,6,1
46813,11,7,7,1
46814,11,6,6,1
46815,12,7,7,1
46816,8,4,4,1
46817,9,5,5,1
46818,9,5,5,1
46819,10,5,5,1
46820,9,5,5,1
46821,10,6,6,1
46822,10,5,5,1
46823,11,6,6,1
46824,9,5,5,1
46825,10,6,6,1
46826,10,5,5,1
46827,11,6,6,1
46828,10,5,5,1
46829,11,6,6,1
46830,11,5,5,1
46831,12,6,6,1
46832,9,5,5,1
46833,10,6,6,1
46834,10,6,6,1
46835,11,6,6,1
46836,10,6,6,1
46837,11,7,7,1
46838,11,6,6,1
46839,12,7,7,1
46840,10,5,5,1
46841,11,6,6,1
46842,11,6,6,1
46843,12,6,6,1
46844,11,6,6,1
46845,12,7,7,1
46846,12,6,6,1
46847,13,7,7,1
46848,6,4,4,1
46849,7,5,5,1
46850,7,5,5,1
46851,8,5,5,1
46852,7,5,5,1
46853,8,6,6,1
46854,8,5,5,1
46855,9,6,6,1
46856,7,5,5,1
46857,8,6,6,1
46858,8,5,5,1
46859,9,6,6,1
46860,8,5,5,1
46861,9,6,6,1
46862,9,5,5,1
46863,10,6,6,1
46864,7,5,5,1
46865,8,6,6,1
46866,8,6,6,1
46867,9,6,6,1
46868,8,6,6,1
46869,9,7,7,1
46870,9,6,6,1
46871,10,7,7,1
46872,8,5,5,1
46873,9,6,6,1
46874,9,6,6,1
46875,10,6,6,1
46876,9,6,6,1
46877,10,7,7,1
46878,10,6,6,1
46879,11,7,7,1
46880,7,5,5,1
46881,8,6,6,1
46882,8,6,6,1
46883,9,6,6,1
46884,8,6,6,1
46885,9,7,7,1
46886,9,6,6,1
46887,10,7,7,1
46888,8,5,5,1
46889,9,6,6,1
46890,9,6,6,1
46891,10,6,6,1
46892,9,6,6,1
46893,10,7,7,1
46894,10,6,6,1
46895,11,7,7,1
46896,8,5,5,1
46897,9,6,6,1
46898,9,6,6,1
46899,10,6,6,1
46900,9,6,6,1
46901,10,7,7,1
46902,10,6,6,1
46903,11,7,7,1
46904,9,5,5,1
46905,10,6,6,1
46906,10,6,6,1
46907,11,6,6,1
46908,10,6,6,1
46909,11,7,7,1
46910,11,6,6,1
46911,12,7,7,1
46912,7,5,5,1
46913,8,6,6,1
46914,8,6,6,1
46915,9,6,6,1
46916,8,6,6,1
46917,9,7,7,1
46918,9,6,6,1
46919,10,7,7,1
46920,8,6,6,1
46921,9,7,7,1
46922,9,6,6,1
46923,10,7,7,1
46924,9,6,6,1
46925,10,7,7,1
46926,10,6,6,1
46927,11,7,7,1
46928,8,6,6,1
46929,9,7,7,1
46930,9,7,7,1
46931,10,7,7,1
46932,9,7,7,1
46933,10,8,8,1
46934,10,7,7,1
46935,11,8,8,1
46936,9,6,6,1
46937,10,7,7,1
46938,10,7,7,1
46939,11,7,7,1
46940,10,7,7,1
46941,11,8,8,1
46942,11,7,7,1
46943,12,8,8,1
46944,8,5,5,1
46945,9,6,6,1
46946,9,6,6,1
46947,10,6,6,1
46948,9,6,6,1
46949,10,7,7,1
46950,10,6,6,1
46951,11,7,7,1
46952,9,6,6,1
46953,10,7,7,1
46954,10,6,6,1
46955,11,7,7,1
46956,10,6,6,1
46957,11,7,7,1
46958,11,6,6,1
46959,12,7,7,1
46960,9,6,6,1
46961,10,7,7,1
46962,10,7,7,1
46963,11,7,7,1
46964,10,7,7,1
46965,11,8,8,1
46966,11,7,7,1
46967,12,8,8,1
46968,10,6,6,1
46969,11,7,7,1
46970,11,7,7,1
46971,12,7,7,1
46972,11,7,7,1
46973,12,8,8,1
46974,12,7,7,1
46975,13,8,8,1
46976,7,4,4,1
46977,8,5,5,1
46978,8,5,5,1
46979,9,5,5,1
46980,8,5,5,1
46981,9,6,6,1
46982,9,5,5,1
46983,10,6,6,1
46984,8,5,5,1
46985,9,6,6,1
46986,9,5,5,1
46987,10,6,6,1
46988,9,5,5,1
46989,10,6,6,1
46990,10,5,5,1
46991,11,6,6,1
46992,8,5,5,1
46993,9,6,6,1
46994,9,6,6,1
46995,10,6,6,1
46996,9,6,6,1
46997,10,7,7,1
46998,10,6,6,1
46999,11,7,7,1
47000,9,5,5,1
47001,10,6,6,1
47002,10,6,6,1
47003,11,6,6,1
47004,10,6,6,1
47005,11,7,7,1
47006,11,6,6,1
47007,12,7,7,1
47008,8,5,5,1
47009,9,6,6,1
47010,9,6,6,1
47011,10,6,6,1
47012,9,6,6,1
47013,10,7,7,1
47014,10,6,6,1
47015,11,7,7,1
47016,9,5,5,1
47017,10,6,6,1
47018,10,6,6,1
47019,11,6,6,1
47020,10,6,6,1
47021,11,7,7,1
47022,11,6,6,1
47023,12,7,7,1
47024,9,5,5,1
47025,10,6,6,1
47026,10,6,6,1
47027,11,6,6,1
47028,10,6,6,1
47029,11,7,7,1
47030,11,6,6,1
47031,12,7,7,1
47032,10,5,5,1
47033,11,6,6,1
47034,11,6,6,1
47035,12,6,6,1
47036,11,6,6,1
47037,12,7,7,1
47038,12,6,6,1
47039,13,7,7,1
47040,8,5,5,1
47041,9,6,6,1
47042,9,6,6,1
47043,10,6,6,1
47044,9,6,6,1
47045,10,7,7,1
47046,10,6,6,1
47047,11,7,7,1
47048,9,6,6,1
47049,10,7,7,1
47050,10,6,6,1
47051,11,7,7,1
47052,10,6,6,1
47053,11,7,7,1
47054,11,6,6,1
47055,12,7,7,1
47056,9,6,6,1
47057,10,7,7,1
47058,10,7,7,1
47059,11,7,7,1
47060,10,7,7,1
47061,11,8,8,1
47062,11,7,7,1
47063,12,8,8,1
47064,10,6,6,1
47065,11,7,7,1
47066,11,7,7,1
47067,12,7,7,1
47068,11,7,7,1
47069,12,8,8,1
47070,12,7,7,1
47071,13,8,8,1
47072,9,5,5,1
47073,10,6,6,1
47074,10,6,6,1
47075,11,6,6,1
47076,10,6,6,1
47077,11,7,7,1
47078,11,6,6,1
47079,12,7,7,1
47080,10,6,6,1
47081,11,7,7,1
47082,11,6,6,1
47083,12,7,7,1
47084,11,6,6,1
47085,12,7,7,1
47086,12,6,6,1
47087,13,7,7,1
47088,10,6,6,1
47089,11,7,7,1
47090,11,7,7,1
47091,12,7,7,1
47092,11,7,7,1
47093,12,8,8,1
47094,12,7,7,1
47095,13,8,8,1
47096,11,6,6,1
47097,12,7,7,1
47098,12,7,7,1
47099,13,7,7,1
47100,12,7,7,1
47101,13,8,8,1
47102,13,7,7,1
47103,14,8,8,1
47104,4,2,2,1
47105,5,3,3,1
47106,5,3,3,1
47107,6,3,3,1
47108,5,3,3,1
47109,6,4,4,1
47110,6,3,3,1
47111,7,4,4,1
47112,5,3,3,1
47113,6,4,4,1
47114,6,3,3,1
47115,7,4,4,1
47116,6,3,3,1
47117,7,4,4,1
47118,7,3,3,1
47119,8,4,4,1
47120,5,3,3,1
47121,6,4,4,1
47122,6,4,4,1
47123,7,4,4,1
47124,6,4,4,1
47125,7,5,5,1
47126,7,4,4,1
47127,8,5,5,1
47128,6,3,3,1
47129,7,4,4,1
47130,7,4,4,1
47131,8,4,4,1
47132,7,4,4,1
47133,8,5,5,1
47134,8,4,4,1
47135,9,5,5,1
47136,5,3,3,1
47137,6,4,4,1
47138,6,4,4,1
47139,7,4,4,1
47140,6,4,4,1
47141,7,5,5,1
47142,7,4,4,1
47143,8,5,5,1
47144,6,3,3,1
47145,7,4,4,1
47146,7,4,4,1
47147,8,4,4,1
47148,7,4,4,1
47149,8,5,5,1
47150,8,4,4,1
47151,9,5,5,1
47152,6,3,3,1
47153,7,4,4,1
47154,7,4,4,1
47155,8,4,4,1
47156,7,4,4,1
47157,8,5,5,1
47158,8,4,4,1
47159,9,5,5,1
47160,7,3,3,1
47161,8,4,4,1
47162,8,4,4,1
47163,9,4,4,1
47164,8,4,4,1
47165,9,5,5,1
47166,9,4,4,1
47167,10,5,5,1
47168,5,3,3,1
47169,6,4,4,1
47170,6,4,4,1
47171,7,4,4,1
47172,6,4,4,1
47173,7,5,5,1
47174,7,4,4,1
47175,8,5,5,1
47176,6,4,4,1
47177,7,5,5,1
47178,7,4,4,1
47179,8,5,5,1
47180,7,4,4,1
47181,8,5,5,1
47182,8,4,4,1
47183,9,5,5,1
47184,6,4,4,1
47185,7,5,5,1
47186,7,5,5,1
47187,8,5,5,1
47188,7,5,5,1
47189,8,6,6,1
47190,8,5,5,1
47191,9,6,6,1
47192,7,4,4,1
47193,8,5,5,1
47194,8,5,5,1
47195,9,5,5,1
47196,8,5,5,1
47197,9,6,6,1
47198,9,5,5,1
47199,10,6,6,1
47200,6,3,3,1
47201,7,4,4,1
47202,7,4,4,1
47203,8,4,4,1
47204,7,4,4,1
47205,8,5,5,1
47206,8,4,4,1
47207,9,5,5,1
47208,7,4,4,1
47209,8,5,5,1
47210,8,4,4,1
47211,9,5,5,1
47212,8,4,4,1
47213,9,5,5,1
47214,9,4,4,1
47215,10,5,5,1
47216,7,4,4,1
47217,8,5,5,1
47218,8,5,5,1
47219,9,5,5,1
47220,8,5,5,1
47221,9,6,6,1
47222,9,5,5,1
47223,10,6,6,1
47224,8,4,4,1
47225,9,5,5,1
47226,9,5,5,1
47227,10,5,5,1
47228,9,5,5,1
47229,10,6,6,1
47230,10,5,5,1
47231,11,6,6,1
47232,5,3,3,1
47233,6,4,4,1
47234,6,4,4,1
47235,7,4,4,1
47236,6,4,4,1
47237,7,5,5,1
47238,7,4,4,1
47239,8,5,5,1
47240,6,4,4,1
47241,7,5,5,1
47242,7,4,4,1
47243,8,5,5,1
47244,7,4,4,1
47245,8,5,5,1
47246,8,4,4,1
47247,9,5,5,1
47248,6,4,4,1
47249,7,5,5,1
47250,7,5,5,1
47251,8,5,5,1
47252,7,5,5,1
47253,8,6,6,1
47254,8,5,5,1
47255,9,6,6,1
47256,7,4,4,1
47257,8,5,5,1
47258,8,5,5,1
47259,9,5,5,1
47260,8,5,5,1
47261,9,6,6,1
47262,9,5,5,1
47263,10,6,6,1
47264,6,3,3,1
47265,7,4,4,1
47266,7,4,4,1
47267,8,4,4,1
47268,7,4,4,1
47269,8,5,5,1
47270,8,4,4,1
47271,9,5,5,1
47272,7,4,4,1
47273,8,5,5,1
47274,8,4,4,1
47275,9,5,5,1
47276,8,4,4,1
47277,9,5,5,1
47278,9,4,4,1
47279,10,5,5,1
47280,7,4,4,1
47281,8,5,5,1
47282,8,5,5,1
47283,9,5,5,1
47284,8,5,5,1
47285,9,6,6,1
47286,9,5,5,1
47287,10,6,6,1
47288,8,4,4,1
47289,9,5,5,1
47290,9,5,5,1
47291,10,5,5,1
47292,9,5,5,1
47293,10,6,6,1
47294,10,5,5,1
47295,11,6,6,1
47296,6,3,3,1
47297,7,4,4,1
47298,7,4,4,1
47299,8,4,4,1
47300,7,4,4,1
47301,8,5,5,1
47302,8,4,4,1
47303,9,5,5,1
47304,7,4,4,1
47305,8,5,5,1
47306,8,4,4,1
47307,9,5,5,1
47308,8,4,4,1
47309,9,5,5,1
47310,9,4,4,1
47311,10,5,5,1
47312,7,4,4,1
47313,8,5,5,1
47314,8,5,5,1
47315,9,5,5,1
47316,8,5,5,1
47317,9,6,6,1
47318,9,5,5,1
47319,10,6,6,1
47320,8,4,4,1
47321,9,5,5,1
47322,9,5,5,1
47323,10,5,5,1
47324,9,5,5,1
47325,10,6,6,1
47326,10,5,5,1
47327,11,6,6,1
47328,7,3,3,1
47329,8,4,4,1
47330,8,4,4,1
47331,9,4,4,1
47332,8,4,4,1
47333,9,5,5,1
47334,9,4,4,1
47335,10,5,5,1
47336,8,4,4,1
47337,9,5,5,1
47338,9,4,4,1
47339,10,5,5,1
47340,9,4,4,1
47341,10,5,5,1
47342,10,4,4,1
47343,11,5,5,1
47344,8,4,4,1
47345,9,5,5,1
47346,9,5,5,1
47347,10,5,5,1
47348,9,5,5,1
47349,10,6,6,1
47350,10,5,5,1
47351,11,6,6,1
47352,9,4,4,1
47353,10,5,5,1
47354,10,5,5,1
47355,11,5,5,1
47356,10,5,5,1
47357,11,6,6,1
47358,11,5,5,1
47359,12,6,6,1
47360,5,3,3,1
47361,6,4,4,1
47362,6,4,4,1
47363,7,4,4,1
47364,6,4,4,1
47365,7,5,5,1
47366,7,4,4,1
47367,8,5,5,1
47368,6,4,4,1
47369,7,5,5,1
47370,7,4,4,1
47371,8,5,5,1
47372,7,4,4,1
47373,8,5,5,1
47374,8,4,4,1
47375,9,5,5,1
47376,6,4,4,1
47377,7,5,5,1
47378,7,5,5,1
47379,8,5,5,1
47380,7,5,5,1
47381,8,6,6,1
47382,8,5,5,1
47383,9,6,6,1
47384,7,4,4,1
47385,8,5,5,1
47386,8,5,5,1
47387,9,5,5,1
47388,8,5,5,1
47389,9,6,6,1
47390,9,5,5,1
47391,10,6,6,1
47392,6,4,4,1
47393,7,5,5,1
47394,7,5,5,1
47395,8,5,5,1
47396,7,5,5,1
47397,8,6,6,1
47398,8,5,5,1
47399,9,6,6,1
47400,7,4,4,1
47401,8,5,5,1
47402,8,5,5,1
47403,9,5,5,1
47404,8,5,5,1
47405,9,6,6,1
47406,9,5,5,1
47407,10,6,6,1
47408,7,4,4,1
47409,8,5,5,1
47410,8,5,5,1
47411,9,5,5,1
47412,8,5,5,1
47413,9,6,6,1
47414,9,5,5,1
47415,10,6,6,1
47416,8,4,4,1
47417,9,5,5,1
47418,9,5,5,1
47419,10,5,5,1
47420,9,5,5,1
47421,10,6,6,1
47422,10,5,5,1
47423,11,6,6,1
47424,6,4,4,1
47425,7,5,5,1
47426,7,5,5,1
47427,8,5,5,1
47428,7,5,5,1
47429,8,6,6,1
47430,8,5,5,1
47431,9,6,6,1
47432,7,5,5,1
47433,8,6,6,1
47434,8,5,5,1
47435,9,6,6,1
47436,8,5,5,1
47437,9,6,6,1
47438,9,5,5,1
47439,10,6,6,1
47440,7,5,5,1
47441,8,6,6,1
47442,8,6,6,1
47443,9,6,6,1
47444,8,6,6,1
47445,9,7,7,1
47446,9,6,6,1
47447,10,7,7,1
47448,8,5,5,1
47449,9,6,6,1
47450,9,6,6,1
47451,10,6,6,1
47452,9,6,6,1
47453,10,7,7,1
47454,10,6,6,1
47455,11,7,7,1
47456,7,4,4,1
47457,8,5,5,1
47458,8,5,5,1
47459,9,5,5,1
47460,8,5,5,1
47461,9,6,6,1
47462,9,5,5,1
47463,10,6,6,1
47464,8,5,5,1
47465,9,6,6,1
47466,9,5,5,1
47467,10,6,6,1
47468,9,5,5,1
47469,10,6,6,1
47470,10,5,5,1
47471,11,6,6,1
47472,8,5,5,1
47473,9,6,6,1
47474,9,6,6,1
47475,10,6,6,1
47476,9,6,6,1
47477,10,7,7,1
47478,10,6,6,1
47479,11,7,7,1
47480,9,5,5,1
47481,10,6,6,1
47482,10,6,6,1
47483,11,6,6,1
47484,10,6,6,1
47485,11,7,7,1
47486,11,6,6,1
47487,12,7,7,1
47488,6,3,3,1
47489,7,4,4,1
47490,7,4,4,1
47491,8,4,4,1
47492,7,4,4,1
47493,8,5,5,1
47494,8,4,4,1
47495,9,5,5,1
47496,7,4,4,1
47497,8,5,5,1
47498,8,4,4,1
47499,9,5,5,1
47500,8,4,4,1
47501,9,5,5,1
47502,9,4,4,1
47503,10,5,5,1
47504,7,4,4,1
47505,8,5,5,1
47506,8,5,5,1
47507,9,5,5,1
47508,8,5,5,1
47509,9,6,6,1
47510,9,5,5,1
47511,10,6,6,1
47512,8,4,4,1
47513,9,5,5,1
47514,9,5,5,1
47515,10,5,5,1
47516,9,5,5,1
47517,10,6,6,1
47518,10,5,5,1
47519,11,6,6,1
47520,7,4,4,1
47521,8,5,5,1
47522,8,5,5,1
47523,9,5,5,1
47524,8,5,5,1
47525,9,6,6,1
47526,9,5,5,1
47527,10,6,6,1
47528,8,4,4,1
47529,9,5,5,1
47530,9,5,5,1
47531,10,5,5,1
47532,9,5,5,1
47533,10,6,6,1
47534,10,5,5,1
47535,11,6,6,1
47536,8,4,4,1
47537,9,5,5,1
47538,9,5,5,1
47539,10,5,5,1
47540,9,5,5,1
47541,10,6,6,1
47542,10,5,5,1
47543,11,6,6,1
47544,9,4,4,1
47545,10,5,5,1
47546,10,5,5,1
47547,11,5,5,1
47548,10,5,5,1
47549,11,6,6,1
47550,11,5,5,1
47551,12,6,6,1
47552,7,4,4,1
47553,8,5,5,1
47554,8,5,5,1
47555,9,5,5,1
47556,8,5,5,1
47557,9,6,6,1
47558,9,5,5,1
47559,10,6,6,1
47560,8,5,5,1
47561,9,6,6,1
47562,9,5,5,1
47563,10,6,6,1
47564,9,5,5,1
47565,10,6,6,1
47566,10,5,5,1
47567,11,6,6,1
47568,8,5,5,1
47569,9,6,6,1
47570,9,6,6,1
47571,10,6,6,1
47572,9,6,6,1
47573,10,7,7,1
47574,10,6,6,1
47575,11,7,7,1
47576,9,5,5,1
47577,10,6,6,1
47578,10,6,6,1
47579,11,6,6,1
47580,10,6,6,1
47581,11,7,7,1
47582,11,6,6,1
47583,12,7,7,1
47584,8,4,4,1
47585,9,5,5,1
47586,9,5,5,1
47587,10,5,5,1
47588,9,5,5,1
47589,10,6,6,1
47590,10,5,5,1
47591,11,6,6,1
47592,9,5,5,1
47593,10,6,6,1
47594,10,5,5,1
47595,11,6,6,1
47596,10,5,5,1
47597,11,6,6,1
47598,11,5,5,1
47599,12,6,6,1
47600,9,5,5,1
47601,10,6,6,1
47602,10,6,6,1
47603,11,6,6,1
47604,10,6,6,1
47605,11,7,7,1
47606,11,6,6,1
47607,12,7,7,1
47608,10,5,5,1
47609,11,6,6,1
47610,11,6,6,1
47611,12,6,6,1
47612,11,6,6,1
47613,12,7,7,1
47614,12,6,6,1
47615,13,7,7,1
47616,5,3,3,1
47617,6,4,4,1
47618,6,4,4,1
47619,7,4,4,1
47620,6,4,4,1
47621,7,5,5,1
47622,7,4,4,1
47623,8,5,5,1
47624,6,4,4,1
47625,7,5,5,1
47626,7,4,4,1
47627,8,5,5,1
47628,7,4,4,1
47629,8,5,5,1
47630,8,4,4,1
47631,9,5,5,1
47632,6,4,4,1
47633,7,5,5,1
47634,7,5,5,1
47635,8,5,5,1
47636,7,5,5,1
47637,8,6,6,1
47638,8,5,5,1
47639,9,6,6,1
47640,7,4,4,1
47641,8,5,5,1
47642,8,5,5,1
47643,9,5,5,1
47644,8,5,5,1
47645,9,6,6,1
47646,9,5,5,1
47647,10,6,6,1
47648,6,4,4,1
47649,7,5,5,1
47650,7,5,5,1
47651,8,5,5,1
47652,7,5,5,1
47653,8,6,6,1
47654,8,5,5,1
47655,9,6,6,1
47656,7,4,4,1
47657,8,5,5,1
47658,8,5,5,1
47659,9,5,5,1
47660,8,5,5,1
47661,9,6,6,1
47662,9,5,5,1
47663,10,6,6,1
47664,7,4,4,1
47665,8,5,5,1
47666,8,5,5,1
47667,9,5,5,1
47668,8,5,5,1
47669,9,6,6,1
47670,9,5,5,1
47671,10,6,6,1
47672,8,4,4,1
47673,9,5,5,1
47674,9,5,5,1
47675,10,5,5,1
47676,9,5,5,1
47677,10,6,6,1
47678,10,5,5,1
47679,11,6,6,1
47680,6,4,4,1
47681,7,5,5,1
47682,7,5,5,1
47683,8,5,5,1
47684,7,5,5,1
47685,8,6,6,1
47686,8,5,5,1
47687,9,6,6,1
47688,7,5,5,1
47689,8,6,6,1
47690,8,5,5,1
47691,9,6,6,1
47692,8,5,5,1
47693,9,6,6,1
47694,9,5,5,1
47695,10,6,6,1
47696,7,5,5,1
47697,8,6,6,1
47698,8,6,6,1
47699,9,6,6,1
47700,8,6,6,1
47701,9,7,7,1
47702,9,6,6,1
47703,10,7,7,1
47704,8,5,5,1
47705,9,6,6,1
47706,9,6,6,1
47707,10,6,6,1
47708,9,6,6,1
47709,10,7,7,1
47710,10,6,6,1
47711,11,7,7,1
47712,7,4,4,1
47713,8,5,5,1
47714,8,5,5,1
47715,9,5,5,1
47716,8,5,5,1
47717,9,6,6,1
47718,9,5,5,1
47719,10,6,6,1
47720,8,5,5,1
47721,9,6,6,1
47722,9,5,5,1
47723,10,6,6,1
47724,9,5,5,1
47725,10,6,6,1
47726,10,5,5,1
47727,11,6,6,1
47728,8,5,5,1
47729,9,6,6,1
47730,9,6,6,1
47731,10,6,6,1
47732,9,6,6,1
47733,10,7,7,1
47734,10,6,6,1
47735,11,7,7,1
47736,9,5,5,1
47737,10,6,6,1
47738,10,6,6,1
47739,11,6,6,1
47740,10,6,6,1
47741,11,7,7,1
47742,11,6,6,1
47743,12,7,7,1
47744,6,3,3,1
47745,7,4,4,1
47746,7,4,4,1
47747,8,4,4,1
47748,7,4,4,1
47749,8,5,5,1
47750,8,4,4,1
47751,9,5,5,1
47752,7,4,4,1
47753,8,5,5,1
47754,8,4,4,1
47755,9,5,5,1
47756,8,4,4,1
47757,9,5,5,1
47758,9,4,4,1
47759,10,5,5,1
47760,7,4,4,1
47761,8,5,5,1
47762,8,5,5,1
47763,9,5,5,1
47764,8,5,5,1
47765,9,6,6,1
47766,9,5,5,1
47767,10,6,6,1
47768,8,4,4,1
47769,9,5,5,1
47770,9,5,5,1
47771,10,5,5,1
47772,9,5,5,1
47773,10,6,6,1
47774,10,5,5,1
47775,11,6,6,1
47776,7,4,4,1
47777,8,5,5,1
47778,8,5,5,1
47779,9,5,5,1
47780,8,5,5,1
47781,9,6,6,1
47782,9,5,5,1
47783,10,6,6,1
47784,8,4,4,1
47785,9,5,5,1
47786,9,5,5,1
47787,10,5,5,1
47788,9,5,5,1
47789,10,6,6,1
47790,10,5,5,1
47791,11,6,6,1
47792,8,4,4,1
47793,9,5,5,1
47794,9,5,5,1
47795,10,5,5,1
47796,9,5,5,1
47797,10,6,6,1
47798,10,5,5,1
47799,11,6,6,1
47800,9,4,4,1
47801,10,5,5,1
47802,10,5,5,1
47803,11,5,5,1
47804,10,5,5,1
47805,11,6,6,1
47806,11,5,5,1
47807,12,6,6,1
47808,7,4,4,1
47809,8,5,5,1
47810,8,5,5,1
47811,9,5,5,1
47812,8,5,5,1
47813,9,6,6,1
47814,9,5,5,1
47815,10,6,6,1
47816,8,5,5,1
47817,9,6,6,1
47818,9,5,5,1
47819,10,6,6,1
47820,9,5,5,1
47821,10,6,6,1
47822,10,5,5,1
47823,11,6,6,1
47824,8,5,5,1
47825,9,6,6,1
47826,9,6,6,1
47827,10,6,6,1
47828,9,6,6,1
47829,10,7,7,1
47830,10,6,6,1
47831,11,7,7,1
47832,9,5,5,1
47833,10,6,6,1
47834,10,6,6,1
47835,11,6,6,1
47836,10,6,6,1
47837,11,7,7,1
47838,11,6,6,1
47839,12,7,7,1
47840,8,4,4,1
47841,9,5,5,1
47842,9,5,5,1
47843,10,5,5,1
47844,9,5,5,1
47845,10,6,6,1
47846,10,5,5,1
47847,11,6,6,1
47848,9,5,5,1
47849,10,6,6,1
47850,10,5,5,1
47851,11,6,6,1
47852,10,5,5,1
47853,11,6,6,1
47854,11,5,5,1
47855,12,6,6,1
47856,9,5,5,1
47857,10,6,6,1
47858,10,6,6,1
47859,11,6,6,1
47860,10,6,6,1
47861,11,7,7,1
47862,11,6,6,1
47863,12,7,7,1
47864,10,5,5,1
47865,11,6,6,1
47866,11,6,6,1
47867,12,6,6,1
47868,11,6,6,1
47869,12,7,7,1
47870,12,6,6,1
47871,13,7,7,1
47872,6,3,3,1
47873,7,4,4,1
47874,7,4,4,1
47875,8,4,4,1
47876,7,4,4,1
47877,8,5,5,1
47878,8,4,4,1
47879,9,5,5,1
47880,7,4,4,1
47881,8,5,5,1
47882,8,4,4,1
47883,9,5,5,1
47884,8,4,4,1
47885,9,5,5,1
47886,9,4,4,1
47887,10,5,5,1
47888,7,4,4,1
47889,8,5,5,1
47890,8,5,5,1
47891,9,5,5,1
47892,8,5,5,1
47893,9,6,6,1
47894,9,5,5,1
47895,10,6,6,1
47896,8,4,4,1
47897,9,5,5,1
47898,9,5,5,1
47899,10,5,5,1
47900,9,5,5,1
47901,10,6,6,1
47902,10,5,5,1
47903,11,6,6,1
47904,7,4,4,1
47905,8,5,5,1
47906,8,5,5,1
47907,9,5,5,1
47908,8,5,5,1
47909,9,6,6,1
47910,9,5,5,1
47911,10,6,6,1
47912,8,4,4,1
47913,9,5,5,1
47914,9,5,5,1
47915,10,5,5,1
47916,9,5,5,1
47917,10,6,6,1
47918,10,5,5,1
47919,11,6,6,1
47920,8,4,4,1
47921,9,5,5,1
47922,9,5,5,1
47923,10,5,5,1
47924,9,5,5,1
47925,10,6,6,1
47926,10,5,5,1
47927,11,6,6,1
47928,9,4,4,1
47929,10,5,5,1
47930,10,5,5,1
47931,11,5,5,1
47932,10,5,5,1
47933,11,6,6,1
47934,11,5,5,1
47935,12,6,6,1
47936,7,4,4,1
47937,8,5,5,1
47938,8,5,5,1
47939,9,5,5,1
47940,8,5,5,1
47941,9,6,6,1
47942,9,5,5,1
47943,10,6,6,1
47944,8,5,5,1
47945,9,6,6,1
47946,9,5,5,1
47947,10,6,6,1
47948,9,5,5,1
47949,10,6,6,1
47950,10,5,5,1
47951,11,6,6,1
47952,8,5,5,1
47953,9,6,6,1
47954,9,6,6,1
47955,10,6,6,1
47956,9,6,6,1
47957,10,7,7,1
47958,10,6,6,1
47959,11,7,7,1
47960,9,5,5,1
47961,10,6,6,1
47962,10,6,6,1
47963,11,6,6,1
47964,10,6,6,1
47965,11,7,7,1
47966,11,6,6,1
47967,12,7,7,1
47968,8,4,4,1
47969,9,5,5,1
47970,9,5,5,1
47971,10,5,5,1
47972,9,5,5,1
47973,10,6,6,1
47974,10,5,5,1
47975,11,6,6,1
47976,9,5,5,1
47977,10,6,6,1
47978,10,5,5,1
47979,11,6,6,1
47980,10,5,5,1
47981,11,6,6,1
47982,11,5,5,1
47983,12,6,6,1
47984,9,5,5,1
47985,10,6,6,1
47986,10,6,6,1
47987,11,6,6,1
47988,10,6,6,1
47989,11,7,7,1
47990,11,6,6,1
47991,12,7,7,1
47992,10,5,5,1
47993,11,6,6,1
47994,11,6,6,1
47995,12,6,6,1
47996,11,6,6,1
47997,12,7,7,1
47998,12,6,6,1
47999,13,7,7,1
48000,7,3,3,1
48001,8,4,4,1
48002,8,4,4,1
48003,9,4,4,1
48004,8,4,4,1
48005,9,5,5,1
48006,9,4,4,1
48007,10,5,5,1
48008,8,4,4,1
48009,9,5,5,1
48010,9,4,4,1
48011,10,5,5,1
48012,9,4,4,1
48013,10,5,5,1
48014,10,4,4,1
48015,11,5,5,1
48016,8,4,4,1
48017,9,5,5,1
48018,9,5,5,1
48019,10,5,5,1
48020,9,5,5,1
48021,10,6,6,1
48022,10,5,5,1
48023,11,6,6,1
48024,9,4,4,1
48025,10,5,5,1
48026,10,5,5,1
48027,11,5,5,1
48028,10,5,5,1
48029,11,6,6,1
48030,11,5,5,1
48031,12,6,6,1
48032,8,4,4,1
48033,9,5,5,1
48034,9,5,5,1
48035,10,5,5,1
48036,9,5,5,1
48037,10,6,6,1
48038,10,5,5,1
48039,11,6,6,1
48040,9,4,4,1
48041,10,5,5,1
48042,10,5,5,1
48043,11,5,5,1
48044,10,5,5,1
48045,11,6,6,1
48046,11,5,5,1
48047,12,6,6,1
48048,9,4,4,1
48049,10,5,5,1
48050,10,5,5,1
48051,11,5,5,1
48052,10,5,5,1
48053,11,6,6,1
48054,11,5,5,1
48055,12,6,6,1
48056,10,4,4,1
48057,11,5,5,1
48058,11,5,5,1
48059,12,5,5,1
48060,11,5,5,1
48061,12,6,6,1
48062,12,5,5,1
48063,13,6,6,1
48064,8,4,4,1
48065,9,5,5,1
48066,9,5,5,1
48067,10,5,5,1
48068,9,5,5,1
48069,10,6,6,1
48070,10,5,5,1
48071,11,6,6,1
48072,9,5,5,1
48073,10,6,6,1
48074,10,5,5,1
48075,11,6,6,1
48076,10,5,5,1
48077,11,6,6,1
48078,11,5,5,1
48079,12,6,6,1
48080,9,5,5,1
48081,10,6,6,1
48082,10,6,6,1
48083,11,6,6,1
48084,10,6,6,1
48085,11,7,7,1
48086,11,6,6,1
48087,12,7,7,1
48088,10,5,5,1
48089,11,6,6,1
48090,11,6,6,1
48091,12,6,6,1
48092,11,6,6,1
48093,12,7,7,1
48094,12,6,6,1
48095,13,7,7,1
48096,9,4,4,1
48097,10,5,5,1
48098,10,5,5,1
48099,11,5,5,1
48100,10,5,5,1
48101,11,6,6,1
48102,11,5,5,1
48103,12,6,6,1
48104,10,5,5,1
48105,11,6,6,1
48106,11,5,5,1
48107,12,6,6,1
48108,11,5,5,1
48109,12,6,6,1
48110,12,5,5,1
48111,13,6,6,1
48112,10,5,5,1
48113,11,6,6,1
48114,11,6,6,1
48115,12,6,6,1
48116,11,6,6,1
48117,12,7,7,1
48118,12,6,6,1
48119,13,7,7,1
48120,11,5,5,1
48121,12,6,6,1
48122,12,6,6,1
48123,13,6,6,1
48124,12,6,6,1
48125,13,7,7,1
48126,13,6,6,1
48127,14,7,7,1
48128,5,3,3,1
48129,6,4,4,1
48130,6,4,4,1
48131,7,4,4,1
48132,6,4,4,1
48133,7,5,5,1
48134,7,4,4,1
48135,8,5,5,1
48136,6,4,4,1
48137,7,5,5,1
48138,7,4,4,1
48139,8,5,5,1
48140,7,4,4,1
48141,8,5,5,1
48142,8,4,4,1
48143,9,5,5,1
48144,6,4,4,1
48145,7,5,5,1
48146,7,5,5,1
48147,8,5,5,1
48148,7,5,5,1
48149,8,6,6,1
48150,8,5,5,1
48151,9,6,6,1
48152,7,4,4,1
48153,8,5,5,1
48154,8,5,5,1
48155,9,5,5,1
48156,8,5,5,1
48157,9,6,6,1
48158,9,5,5,1
48159,10,6,6,1
48160,6,4,4,1
48161,7,5,5,1
48162,7,5,5,1
48163,8,5,5,1
48164,7,5,5,1
48165,8,6,6,1
48166,8,5,5,1
48167,9,6,6,1
48168,7,4,4,1
48169,8,5,5,1
48170,8,5,5,1
48171,9,5,5,1
48172,8,5,5,1
48173,9,6,6,1
48174,9,5,5,1
48175,10,6,6,1
48176,7,4,4,1
48177,8,5,5,1
48178,8,5,5,1
48179,9,5,5,1
48180,8,5,5,1
48181,9,6,6,1
48182,9,5,5,1
48183,10,6,6,1
48184,8,4,4,1
48185,9,5,5,1
48186,9,5,5,1
48187,10,5,5,1
48188,9,5,5,1
48189,10,6,6,1
48190,10,5,5,1
48191,11,6,6,1
48192,6,4,4,1
48193,7,5,5,1
48194,7,5,5,1
48195,8,5,5,1
48196,7,5,5,1
48197,8,6,6,1
48198,8,5,5,1
48199,9,6,6,1
48200,7,5,5,1
48201,8,6,6,1
48202,8,5,5,1
48203,9,6,6,1
48204,8,5,5,1
48205,9,6,6,1
48206,9,5,5,1
48207,10,6,6,1
48208,7,5,5,1
48209,8,6,6,1
48210,8,6,6,1
48211,9,6,6,1
48212,8,6,6,1
48213,9,7,7,1
48214,9,6,6,1
48215,10,7,7,1
48216,8,5,5,1
48217,9,6,6,1
48218,9,6,6,1
48219,10,6,6,1
48220,9,6,6,1
48221,10,7,7,1
48222,10,6,6,1
48223,11,7,7,1
48224,7,4,4,1
48225,8,5,5,1
48226,8,5,5,1
48227,9,5,5,1
48228,8,5,5,1
48229,9,6,6,1
48230,9,5,5,1
48231,10,6,6,1
48232,8,5,5,1
48233,9,6,6,1
48234,9,5,5,1
48235,10,6,6,1
48236,9,5,5,1
48237,10,6,6,1
48238,10,5,5,1
48239,11,6,6,1
48240,8,5,5,1
48241,9,6,6,1
48242,9,6,6,1
48243,10,6,6,1
48244,9,6,6,1
48245,10,7,7,1
48246,10,6,6,1
48247,11,7,7,1
48248,9,5,5,1
48249,10,6,6,1
48250,10,6,6,1
48251,11,6,6,1
48252,10,6,6,1
48253,11,7,7,1
48254,11,6,6,1
48255,12,7,7,1
48256,6,4,4,1
48257,7,5,5,1
48258,7,5,5,1
48259,8,5,5,1
48260,7,5,5,1
48261,8,6,6,1
48262,8,5,5,1
48263,9,6,6,1
48264,7,5,5,1
48265,8,6,6,1
48266,8,5,5,1
48267,9,6,6,1
48268,8,5,5,1
48269,9,6,6,1
48270,9,5,5,1
48271,10,6,6,1
48272,7,5,5,1
48273,8,6,6,1
48274,8,6,6,1
48275,9,6,6,1
48276,8,6,6,1
48277,9,7,7,1
48278,9,6,6,1
48279,10,7,7,1
48280,8,5,5,1
48281,9,6,6,1
48282,9,6,6,1
48283,10,6,6,1
48284,9,6,6,1
48285,10,7,7,1
48286,10,6,6,1
48287,11,7,7,1
48288,7,4,4,1
48289,8,5,5,1
48290,8,5,5,1
48291,9,5,5,1
48292,8,5,5,1
48293,9,6,6,1
48294,9,5,5,1
48295,10,6,6,1
48296,8,5,5,1
48297,9,6,6,1
48298,9,5,5,1
48299,10,6,6,1
48300,9,5,5,1
48301,10,6,6,1
48302,10,5,5,1
48303,11,6,6,1
48304,8,5,5,1
48305,9,6,6,1
48306,9,6,6,1
48307,10,6,6,1
48308,9,6,6,1
48309,10,7,7,1
48310,10,6,6,1
48311,11,7,7,1
48312,9,5,5,1
48313,10,6,6,1
48314,10,6,6,1
48315,11,6,6,1
48316,10,6,6,1
48317,11,7,7,1
48318,11,6,6,1
48319,12,7,7,1
48320,7,4,4,1
48321,8,5,5,1
48322,8,5,5,1
48323,9,5,5,1
48324,8,5,5,1
48325,9,6,6,1
48326,9,5,5,1
48327,10,6,6,1
48328,8,5,5,1
48329,9,6,6,1
48330,9,5,5,1
48331,10,6,6,1
48332,9,5,5,1
48333,10,6,6,1
48334,10,5,5,1
48335,11,6,6,1
48336,8,5,5,1
48337,9,6,6,1
48338,9,6,6,1
48339,10,6,6,1
48340,9,6,6,1
48341,10,7,7,1
48342,10,6,6,1
48343,11,7,7,1
48344,9,5,5,1
48345,10,6,6,1
48346,10,6,6,1
48347,11,6,6,1
48348,10,6,6,1
48349,11,7,7,1
48350,11,6,6,1
48351,12,7,7,1
48352,8,4,4,1
48353,9,5,5,1
48354,9,5,5,1
48355,10,5,5,1
48356,9,5,5,1
48357,10,6,6,1
48358,10,5,5,1
48359,11,6,6,1
48360,9,5,5,1
48361,10,6,6,1
48362,10,5,5,1
48363,11,6,6,1
48364,10,5,5,1
48365,11,6,6,1
48366,11,5,5,1
48367,12,6,6,1
48368,9,5,5,1
48369,10,6,6,1
48370,10,6,6,1
48371,11,6,6,1
48372,10,6,6,1
48373,11,7,7,1
48374,11,6,6,1
48375,12,7,7,1
48376,10,5,5,1
48377,11,6,6,1
48378,11,6,6,1
48379,12,6,6,1
48380,11,6,6,1
48381,12,7,7,1
48382,12,6,6,1
48383,13,7,7,1
48384,6,4,4,1
48385,7,5,5,1
48386,7,5,5,1
48387,8,5,5,1
48388,7,5,5,1
48389,8,6,6,1
48390,8,5,5,1
48391,9,6,6,1
48392,7,5,5,1
48393,8,6,6,1
48394,8,5,5,1
48395,9,6,6,1
48396,8,5,5,1
48397,9,6,6,1
48398,9,5,5,1
48399,10,6,6,1
48400,7,5,5,1
48401,8,6,6,1
48402,8,6,6,1
48403,9,6,6,1
48404,8,6,6,1
48405,9,7,7,1
48406,9,6,6,1
48407,10,7,7,1
48408,8,5,5,1
48409,9,6,6,1
48410,9,6,6,1
48411,10,6,6,1
48412,9,6,6,1
48413,10,7,7,1
48414,10,6,6,1
48415,11,7,7,1
48416,7,5,5,1
48417,8,6,6,1
48418,8,6,6,1
48419,9,6,6,1
48420,8,6,6,1
48421,9,7,7,1
48422,9,6,6,1
48423,10,7,7,1
48424,8,5,5,1
48425,9,6,6,1
48426,9,6,6,1
48427,10,6,6,1
48428,9,6,6,1
48429,10,7,7,1
48430,10,6,6,1
48431,11,7,7,1
48432,8,5,5,1
48433,9,6,6,1
48434,9,6,6,1
48435,10,6,6,1
48436,9,6,6,1
48437,10,7,7,1
48438,10,6,6,1
48439,11,7,7,1
48440,9,5,5,1
48441,10,6,6,1
48442,10,6,6,1
48443,11,6,6,1
48444,10,6,6,1
48445,11,7,7,1
48446,11,6,6,1
48447,12,7,7,1
48448,7,5,5,1
48449,8,6,6,1
48450,8,6,6,1
48451,9,6,6,1
48452,8,6,6,1
48453,9,7,7,1
48454,9,6,6,1
48455,10,7,7,1
48456,8,6,6,1
48457,9,7,7,1
48458,9,6,6,1
48459,10,7,7,1
48460,9,6,6,1
48461,10,7,7,1
48462,10,6,6,1
48463,11,7,7,1
48464,8,6,6,1
48465,9,7,7,1
48466,9,7,7,1
48467,10,7,7,1
48468,9,7,7,1
48469,10,8,8,1
48470,10,7,7,1
48471,11,8,8,1
48472,9,6,6,1
48473,10,7,7,1
48474,10,7,7,1
48475,11,7,7,1
48476,10,7,7,1
48477,11,8,8,1
48478,11,7,7,1
48479,12,8,8,1
48480,8,5,5,1
48481,9,6,6,1
48482,9,6,6,1
48483,10,6,6,1
48484,9,6,6,1
48485,10,7,7,1
48486,10,6,6,1
48487,11,7,7,1
48488,9,6,6,1
48489,10,7,7,1
48490,10,6,6,1
48491,11,7,7,1
48492,10,6,6,1
48493,11,7,7,1
48494,11,6,6,1
48495,12,7,7,1
48496,9,6,6,1
48497,10,7,7,1
48498,10,7,7,1
48499,11,7,7,1
48500,10,7,7,1
48501,11,8,8,1
48502,11,7,7,1
48503,12,8,8,1
48504,10,6,6,1
48505,11,7,7,1
48506,11,7,7,1
48507,12,7,7,1
48508,11,7,7,1
48509,12,8,8,1
48510,12,7,7,1
48511,13,8,8,1
48512,7,4,4,1
48513,8,5,5,1
48514,8,5,5,1
48515,9,5,5,1
48516,8,5,5,1
48517,9,6,6,1
48518,9,5,5,1
48519,10,6,6,1
48520,8,5,5,1
48521,9,6,6,1
48522,9,5,5,1
48523,10,6,6,1
48524,9,5,5,1
48525,10,6,6,1
48526,10,5,5,1
48527,11,6,6,1
48528,8,5,5,1
48529,9,6,6,1
48530,9,6,6,1
48531,10,6,6,1
48532,9,6,6,1
48533,10,7,7,1
48534,10,6,6,1
48535,11,7,7,1
48536,9,5,5,1
48537,10,6,6,1
48538,10,6,6,1
48539,11,6,6,1
48540,10,6,6,1
48541,11,7,7,1
48542,11,6,6,1
48543,12,7,7,1
48544,8,5,5,1
48545,9,6,6,1
48546,9,6,6,1
48547,10,6,6,1
48548,9,6,6,1
48549,10,7,7,1
48550,10,6,6,1
48551,11,7,7,1
48552,9,5,5,1
48553,10,6,6,1
48554,10,6,6,1
48555,11,6,6,1
48556,10,6,6,1
48557,11,7,7,1
48558,11,6,6,1
48559,12,7,7,1
48560,9,5,5,1
48561,10,6,6,1
48562,10,6,6,1
48563,11,6,6,1
48564,10,6,6,1
48565,11,7,7,1
48566,11,6,6,1
48567,12,7,7,1
48568,10,5,5,1
48569,11,6,6,1
48570,11,6,6,1
48571,12,6,6,1
48572,11,6,6,1
48573,12,7,7,1
48574,12,6,6,1
48575,13,7,7,1
48576,8,5,5,1
48577,9,6,6,1
48578,9,6,6,1
48579,10,6,6,1
48580,9,6,6,1
48581,10,7,7,1
48582,10,6,6,1
48583,11,7,7,1
48584,9,6,6,1
48585,10,7,7,1
48586,10,6,6,1
48587,11,7,7,1
48588,10,6,6,1
48589,11,7,7,1
48590,11,6,6,1
48591,12,7,7,1
48592,9,6,6,1
48593,10,7,7,1
48594,10,7,7,1
48595,11,7,7,1
48596,10,7,7,1
48597,11,8,8,1
48598,11,7,7,1
48599,12,8,8,1
48600,10,6,6,1
48601,11,7,7,1
48602,11,7,7,1
48603,12,7,7,1
48604,11,7,7,1
48605,12,8,8,1
48606,12,7,7,1
48607,13,8,8,1
48608,9,5,5,1
48609,10,6,6,1
48610,10,6,6,1
48611,11,6,6,1
48612,10,6,6,1
48613,11,7,7,1
48614,11,6,6,1
48615,12,7,7,1
48616,10,6,6,1
48617,11,7,7,1
48618,11,6,6,1
48619,12,7,7,1
48620,11,6,6,1
48621,12,7,7,1
48622,12,6,6,1
48623,13,7,7,1
48624,10,6,6,1
48625,11,7,7,1
48626,11,7,7,1
48627,12,7,7,1
48628,11,7,7,1
48629,12,8,8,1
48630,12,7,7,1
48631,13,8,8,1
48632,11,6,6,1
48633,12,7,7,1
48634,12,7,7,1
48635,13,7,7,1
48636,12,7,7,1
48637,13,8,8,1
48638,13,7,7,1
48639,14,8,8,1
48640,6,3,3,1
48641,7,4,4,1
48642,7,4,4,1
48643,8,4,4,1
48644,7,4,4,1
48645,8,5,5,1
48646,8,4,4,1
48647,9,5,5,1
48648,7,4,4,1
48649,8,5,5,1
48650,8,4,4,1
48651,9,5,5,1
48652,8,4,4,1
48653,9,5,5,1
48654,9,4,4,1
48655,10,5,5,1
48656,7,4,4,1
48657,8,5,5,1
48658,8,5,5,1
48659,9,5,5,1
48660,8,5,5,1
48661,9,6,6,1
48662,9,5,5,1
48663,10,6,6,1
48664,8,4,4,1
48665,9,5,5,1
48666,9,5,5,1
48667,10,5,5,1
48668,9,5,5,1
48669,10,6,6,1
48670,10,5,5,1
48671,11,6,6,1
48672,7,4,4,1
48673,8,5,5,1
48674,8,5,5,1
48675,9,5,5,1
48676,8,5,5,1
48677,9,6,6,1
48678,9,5,5,1
48679,10,6,6,1
48680,8,4,4,1
48681,9,5,5,1
48682,9,5,5,1
48683,10,5,5,1
48684,9,5,5,1
48685,10,6,6,1
48686,10,5,5,1
48687,11,6,6,1
48688,8,4,4,1
48689,9,5,5,1
48690,9,5,5,1
48691,10,5,5,1
48692,9,5,5,1
48693,10,6,6,1
48694,10,5,5,1
48695,11,6,6,1
48696,9,4,4,1
48697,10,5,5,1
48698,10,5,5,1
48699,11,5,5,1
48700,10,5,5,1
48701,11,6,6,1
48702,11,5,5,1
48703,12,6,6,1
48704,7,4,4,1
48705,8,5,5,1
48706,8,5,5,1
48707,9,5,5,1
48708,8,5,5,1
48709,9,6,6,1
48710,9,5,5,1
48711,10,6,6,1
48712,8,5,5,1
48713,9,6,6,1
48714,9,5,5,1
48715,10,6,6,1
48716,9,5,5,1
48717,10,6,6,1
48718,10,5,5,1
48719,11,6,6,1
48720,8,5,5,1
48721,9,6,6,1
48722,9,6,6,1
48723,10,6,6,1
48724,9,6,6,1
48725,10,7,7,1
48726,10,6,6,1
48727,11,7,7,1
48728,9,5,5,1
48729,10,6,6,1
48730,10,6,6,1
48731,11,6,6,1
48732,10,6,6,1
48733,11,7,7,1
48734,11,6,6,1
48735,12,7,7,1
48736,8,4,4,1
48737,9,5,5,1
48738,9,5,5,1
48739,10,5,5,1
48740,9,5,5,1
48741,10,6,6,1
48742,10,5,5,1
48743,11,6,6,1
48744,9,5,5,1
48745,10,6,6,1
48746,10,5,5,1
48747,11,6,6,1
48748,10,5,5,1
48749,11,6,6,1
48750,11,5,5,1
48751,12,6,6,1
48752,9,5,5,1
48753,10,6,6,1
48754,10,6,6,1
48755,11,6,6,1
48756,10,6,6,1
48757,11,7,7,1
48758,11,6,6,1
48759,12,7,7,1
48760,10,5,5,1
48761,11,6,6,1
48762,11,6,6,1
48763,12,6,6,1
48764,11,6,6,1
48765,12,7,7,1
48766,12,6,6,1
48767,13,7,7,1
48768,7,4,4,1
48769,8,5,5,1
48770,8,5,5,1
48771,9,5,5,1
48772,8,5,5,1
48773,9,6,6,1
48774,9,5,5,1
48775,10,6,6,1
48776,8,5,5,1
48777,9,6,6,1
48778,9,5,5,1
48779,10,6,6,1
48780,9,5,5,1
48781,10,6,6,1
48782,10,5,5,1
48783,11,6,6,1
48784,8,5,5,1
48785,9,6,6,1
48786,9,6,6,1
48787,10,6,6,1
48788,9,6,6,1
48789,10,7,7,1
48790,10,6,6,1
48791,11,7,7,1
48792,9,5,5,1
48793,10,6,6,1
48794,10,6,6,1
48795,11,6,6,1
48796,10,6,6,1
48797,11,7,7,1
48798,11,6,6,1
48799,12,7,7,1
48800,8,4,4,1
48801,9,5,5,1
48802,9,5,5,1
48803,10,5,5,1
48804,9,5,5,1
48805,10,6,6,1
48806,10,5,5,1
48807,11,6,6,1
48808,9,5,5,1
48809,10,6,6,1
48810,10,5,5,1
48811,11,6,6,1
48812,10,5,5,1
48813,11,6,6,1
48814,11,5,5,1
48815,12,6,6,1
48816,9,5,5,1
48817,10,6,6,1
48818,10,6,6,1
48819,11,6,6,1
48820,10,6,6,1
48821,11,7,7,1
48822,11,6,6,1
48823,12,7,7,1
48824,10,5,5,1
48825,11,6,6,1
48826,11,6,6,1
48827,12,6,6,1
48828,11,6,6,1
48829,12,7,7,1
48830,12,6,6,1
48831,13,7,7,1
48832,8,4,4,1
48833,9,5,5,1
48834,9,5,5,1
48835,10,5,5,1
48836,9,5,5,1
48837,10,6,6,1
48838,10,5,5,1
48839,11,6,6,1
48840,9,5,5,1
48841,10,6,6,1
48842,10,5,5,1
48843,11,6,6,1
48844,10,5,5,1
48845,11,6,6,1
48846,11,5,5,1
48847,12,6,6,1
48848,9,5,5,1
48849,10,6,6,1
48850,10,6,6,1
48851,11,6,6,1
48852,10,6,6,1
48853,11,7,7,1
48854,11,6,6,1
48855,12,7,7,1
48856,10,5,5,1
48857,11,6,6,1
48858,11,6,6,1
48859,12,6,6,1
48860,11,6,6,1
48861,12,7,7,1
48862,12,6,6,1
48863,13,7,7,1
48864,9,4,4,1
48865,10,5,5,1
48866,10,5,5,1
48867,11,5,5,1
48868,10,5,5,1
48869,11,6,6,1
48870,11,5,5,1
48871,12,6,6,1
48872,10,5,5,1
48873,11,6,6,1
48874,11,5,5,1
48875,12,6,6,1
48876,11,5,5,1
48877,12,6,6,1
48878,12,5,5,1
48879,13,6,6,1
48880,10,5,5,1
48881,11,6,6,1
48882,11,6,6,1
48883,12,6,6,1
48884,11,6,6,1
48885,12,7,7,1
48886,12,6,6,1
48887,13,7,7,1
48888,11,5,5,1
48889,12,6,6,1
48890,12,6,6,1
48891,13,6,6,1
48892,12,6,6,1
48893,13,7,7,1
48894,13,6,6,1
48895,14,7,7,1
48896,7,4,4,1
48897,8,5,5,1
48898,8,5,5,1
48899,9,5,5,1
48900,8,5,5,1
48901,9,6,6,1
48902,9,5,5,1
48903,10,6,6,1
48904,8,5,5,1
48905,9,6,6,1
48906,9,5,5,1
48907,10,6,6,1
48908,9,5,5,1
48909,10,6,6,1
48910,10,5,5,1
48911,11,6,6,1
48912,8,5,5,1
48913,9,6,6,1
48914,9,6,6,1
48915,10,6,6,1
48916,9,6,6,1
48917,10,7,7,1
48918,10,6,6,1
48919,11,7,7,1
48920,9,5,5,1
48921,10,6,6,1
48922,10,6,6,1
48923,11,6,6,1
48924,10,6,6,1
48925,11,7,7,1
48926,11,6,6,1
48927,12,7,7,1
48928,8,5,5,1
48929,9,6,6,1
48930,9,6,6,1
48931,10,6,6,1
48932,9,6,6,1
48933,10,7,7,1
48934,10,6,6,1
48935,11,7,7,1
48936,9,5,5,1
48937,10,6,6,1
48938,10,6,6,1
48939,11,6,6,1
48940,10,6,6,1
48941,11,7,7,1
48942,11,6,6,1
48943,12,7,7,1
48944,9,5,5,1
48945,10,6,6,1
48946,10,6,6,1
48947,11,6,6,1
48948,10,6,6,1
48949,11,7,7,1
48950,11,6,6,1
48951,12,7,7,1
48952,10,5,5,1
48953,11,6,6,1
48954,11,6,6,1
48955,12,6,6,1
48956,11,6,6,1
48957,12,7,7,1
48958,12,6,6,1
48959,13,7,7,1
48960,8,5,5,1
48961,9,6,6,1
48962,9,6,6,1
48963,10,6,6,1
48964,9,6,6,1
48965,10,7,7,1
48966,10,6,6,1
48967,11,7,7,1
48968,9,6,6,1
48969,10,7,7,1
48970,10,6,6,1
48971,11,7,7,1
48972,10,6,6,1
48973,11,7,7,1
48974,11,6,6,1
48975,12,7,7,1
48976,9,6,6,1
48977,10,7,7,1
48978,10,7,7,1
48979,11,7,7,1
48980,10,7,7,1
48981,11,8,8,1
48982,11,7,7,1
48983,12,8,8,1
48984,10,6,6,1
48985,11,7,7,1
48986,11,7,7,1
48987,12,7,7,1
48988,11,7,7,1
48989,12,8,8,1
48990,12,7,7,1
48991,13,8,8,1
48992,9,5,5,1
48993,10,6,6,1
48994,10,6,6,1
48995,11,6,6,1
48996,10,6,6,1
48997,11,7,7,1
48998,11,6,6,1
48999,12,7,7,1
49000,10,6,6,1
49001,11,7,7,1
49002,11,6,6,1
49003,12,7,7,1
49004,11,6,6,1
49005,12,7,7,1
49006,12,6,6,1
49007,13,7,7,1
49008,10,6,6,1
49009,11,7,7,1
49010,11,7,7,1
49011,12,7,7,1
49012,11,7,7,1
49013,12,8,8,1
49014,12,7,7,1
49015,13,8,8,1
49016,11,6,6,1
49017,12,7,7,1
49018,12,7,7,1
49019,13,7,7,1
49020,12,7,7,1
49021,13,8,8,1
49022,13,7,7,1
49023,14,8,8,1
49024,8,4,4,1
49025,9,5,5,1
49026,9,5,5,1
49027,10,5,5,1
49028,9,5,5,1
49029,10,6,6,1
49030,10,5,5,1
49031,11,6,6,1
49032,9,5,5,1
49033,10,6,6,1
49034,10,5,5,1
49035,11,6,6,1
49036,10,5,5,1
49037,11,6,6,1
49038,11,5,5,1
49039,12,6,6,1
49040,9,5,5,1
49041,10,6,6,1
49042,10,6,6,1
49043,11,6,6,1
49044,10,6,6,1
49045,11,7,7,1
49046,11,6,6,1
49047,12,7,7,1
49048,10,5,5,1
49049,11,6,6,1
49050,11,6,6,1
49051,12,6,6,1
49052,11,6,6,1
49053,12,7,7,1
49054,12,6,6,1
49055,13,7,7,1
49056,9,5,5,1
49057,10,6,6,1
49058,10,6,6,1
49059,11,6,6,1
49060,10,6,6,1
49061,11,7,7,1
49062,11,6,6,1
49063,12,7,7,1
49064,10,5,5,1
49065,11,6,6,1
49066,11,6,6,1
49067,12,6,6,1
49068,11,6,6,1
49069,12,7,7,1
49070,12,6,6,1
49071,13,7,7,1
49072,10,5,5,1
49073,11,6,6,1
49074,11,6,6,1
49075,12,6,6,1
49076,11,6,6,1
49077,12,7,7,1
49078,12,6,6,1
49079,13,7,7,1
49080,11,5,5,1
49081,12,6,6,1
49082,12,6,6,1
49083,13,6,6,1
49084,12,6,6,1
49085,13,7,7,1
49086,13,6,6,1
49087,14,7,7,1
49088,9,5,5,1
49089,10,6,6,1
49090,10,6,6,1
49091,11,6,6,1
49092,10,6,6,1
49093,11,7,7,1
49094,11,6,6,1
49095,12,7,7,1
49096,10,6,6,1
49097,11,7,7,1
49098,11,6,6,1
49099,12,7,7,1
49100,11,6,6,1
49101,12,7,7,1
49102,12,6,6,1
49103,13,7,7,1
49104,10,6,6,1
49105,11,7,7,1
49106,11,7,7,1
49107,12,7,7,1
49108,11,7,7,1
49109,12,8,8,1
49110,12,7,7,1
49111,13,8,8,1
49112,11,6,6,1
49113,12,7,7,1
49114,12,7,7,1
49115,13,7,7,1
49116,12,7,7,1
49117,13,8,8,1
49118,13,7,7,1
49119,14,8,8,1
49120,10,5,5,1
49121,11,6,6,1
49122,11,6,6,1
49123,12,6,6,1
49124,11,6,6,1
49125,12,7,7,1
49126,12,6,6,1
49127,13,7,7,1
49128,11,6,6,1
49129,12,7,7,1
49130,12,6,6,1
49131,13,7,7,1
49132,12,6,6,1
49133,13,7,7,1
49134,13,6,6,1
49135,14,7,7,1
49136,11,6,6,1
49137,12,7,7,1
49138,12,7,7,1
49139,13,7,7,1
49140,12,7,7,1
49141,13,8,8,1
49142,13,7,7,1
49143,14,8,8,1
49144,12,6,6,1
49145,13,7,7,1
49146,13,7,7,1
49147,14,7,7,1
49148,13,7,7,1
49149,14,8,8,1
49150,14,7,7,1
49151,15,8,8,1
49152,2,1,1,1
49153,3,2,2,1
49154,3,2,2,1
49155,4,2,2,1
49156,3,2,2,1
49157,4,3,3,1
49158,4,2,2,1
49159,5,3,3,1
49160,3,2,2,1
49161,4,3,3,1
49162,4,2,2,1
49163,5,3,3,1
49164,4,2,2,1
49165,5,3,3,1
49166,5,2,2,1
49167,6,3,3,1
49168,3,2,2,1
49169,4,3,3,1
49170,4,3,3,1
49171,5,3,3,1
49172,4,3,3,1
49173,5,4,4,1
49174,5,3,3,1
49175,6,4,4,1
49176,4,2,2,1
49177,5,3,3,1
49178,5,3,3,1
49179,6,3,3,1
49180,5,3,3,1
49181,6,4,4,1
49182,6,3,3,1
49183,7,4,4,1
49184,3,2,2,1
49185,4,3,3,1
49186,4,3,3,1
49187,5,3,3,1
49188,4,3,3,1
49189,5,4,4,1
49190,5,3,3,1
49191,6,4,4,1
49192,4,2,2,1
49193,5,3,3,1
49194,5,3,3,1
49195,6,3,3,1
49196,5,3,3,1
49197,6,4,4,1
49198,6,3,3,1
49199,7,4,4,1
49200,4,2,2,1
49201,5,3,3,1
49202,5,3,3,1
49203,6,3,3,1
49204,5,3,3,1
49205,6,4,4,1
49206,6,3,3,1
49207,7,4,4,1
49208,5,2,2,1
49209,6,3,3,1
49210,6,3,3,1
49211,7,3,3,1
49212,6,3,3,1
49213,7,4,4,1
49214,7,3,3,1
49215,8,4,4,1
49216,3,2,2,1
49217,4,3,3,1
49218,4,3,3,1
49219,5,3,3,1
49220,4,3,3,1
49221,5,4,4,1
49222,5,3,3,1
49223,6,4,4,1
49224,4,3,3,1
49225,5,4,4,1
49226,5,3,3,1
49227,6,4,4,1
49228,5,3,3,1
49229,6,4,4,1
49230,6,3,3,1
49231,7,4,4,1
49232,4,3,3,1
49233,5,4,4,1
49234,5,4,4,1
49235,6,4,4,1
49236,5,4,4,1
49237,6,5,5,1
49238,6,4,4,1
49239,7,5,5,1
49240,5,3,3,1
49241,6,4,4,1
49242,6,4,4,1
49243,7,4,4,1
49244,6,4,4,1
49245,7,5,5,1
49246,7,4,4,1
49247,8,5,5,1
49248,4,2,2,1
49249,5,3,3,1
49250,5,3,3,1
49251,6,3,3,1
49252,5,3,3,1
49253,6,4,4,1
49254,6,3,3,1
49255,7,4,4,1
49256,5,3,3,1
49257,6,4,4,1
49258,6,3,3,1
49259,7,4,4,1
49260,6,3,3,1
49261,7,4,4,1
49262,7,3,3,1
49263,8,4,4,1
49264,5,3,3,1
49265,6,4,4,1
49266,6,4,4,1
49267,7,4,4,1
49268,6,4,4,1
49269,7,5,5,1
49270,7,4,4,1
49271,8,5,5,1
49272,6,3,3,1
49273,7,4,4,1
49274,7,4,4,1
49275,8,4,4,1
49276,7,4,4,1
49277,8,5,5,1
49278,8,4,4,1
49279,9,5,5,1
49280,3,2,2,1
49281,4,3,3,1
49282,4,3,3,1
49283,5,3,3,1
49284,4,3,3,1
49285,5,4,4,1
49286,5,3,3,1
49287,6,4,4,1
49288,4,3,3,1
49289,5,4,4,1
49290,5,3,3,1
49291,6,4,4,1
49292,5,3,3,1
49293,6,4,4,1
49294,6,3,3,1
49295,7,4,4,1
49296,4,3,3,1
49297,5,4,4,1
49298,5,4,4,1
49299,6,4,4,1
49300,5,4,4,1
49301,6,5,5,1
49302,6,4,4,1
49303,7,5,5,1
49304,5,3,3,1
49305,6,4,4,1
49306,6,4,4,1
49307,7,4,4,1
49308,6,4,4,1
49309,7,5,5,1
49310,7,4,4,1
49311,8,5,5,1
49312,4,2,2,1
49313,5,3,3,1
49314,5,3,3,1
49315,6,3,3,1
49316,5,3,3,1
49317,6,4,4,1
49318,6,3,3,1
49319,7,4,4,1
49320,5,3,3,1
49321,6,4,4,1
49322,6,3,3,1
49323,7,4,4,1
49324,6,3,3,1
49325,7,4,4,1
49326,7,3,3,1
49327,8,4,4,1
49328,5,3,3,1
49329,6,4,4,1
49330,6,4,4,1
49331,7,4,4,1
49332,6,4,4,1
49333,7,5,5,1
49334,7,4,4,1
49335,8,5,5,1
49336,6,3,3,1
49337,7,4,4,1
49338,7,4,4,1
49339,8,4,4,1
49340,7,4,4,1
49341,8,5,5,1
49342,8,4,4,1
49343,9,5,5,1
49344,4,2,2,1
49345,5,3,3,1
49346,5,3,3,1
49347,6,3,3,1
49348,5,3,3,1
49349,6,4,4,1
49350,6,3,3,1
49351,7,4,4,1
49352,5,3,3,1
49353,6,4,4,1
49354,6,3,3,1
49355,7,4,4,1
49356,6,3,3,1
49357,7,4,4,1
49358,7,3,3,1
49359,8,4,4,1
49360,5,3,3,1
49361,6,4,4,1
49362,6,4,4,1
49363,7,4,4,1
49364,6,4,4,1
49365,7,5,5,1
49366,7,4,4,1
49367,8,5,5,1
49368,6,3,3,1
49369,7,4,4,1
49370,7,4,4,1
49371,8,4,4,1
49372,7,4,4,1
49373,8,5,5,1
49374,8,4,4,1
49375,9,5,5,1
49376,5,2,2,1
49377,6,3,3,1
49378,6,3,3,1
49379,7,3,3,1
49380,6,3,3,1
49381,7,4,4,1
49382,7,3,3,1
49383,8,4,4,1
49384,6,3,3,1
49385,7,4,4,1
49386,7,3,3,1
49387,8,4,4,1
49388,7,3,3,1
49389,8,4,4,1
49390,8,3,3,1
49391,9,4,4,1
49392,6,3,3,1
49393,7,4,4,1
49394,7,4,4,1
49395,8,4,4,1
49396,7,4,4,1
49397,8,5,5,1
49398,8,4,4,1
49399,9,5,5,1
49400,7,3,3,1
49401,8,4,4,1
49402,8,4,4,1
49403,9,4,4,1
49404,8,4,4,1
49405,9,5,5,1
49406,9,4,4,1
49407,10,5,5,1
49408,3,2,2,1
49409,4,3,3,1
49410,4,3,3,1
49411,5,3,3,1
49412,4,3,3,1
49413,5,4,4,1
49414,5,3,3,1
49415,6,4,4,1
49416,4,3,3,1
49417,5,4,4,1
49418,5,3,3,1
49419,6,4,4,1
49420,5,3,3,1
49421,6,4,4,1
49422,6,3,3,1
49423,7,4,4,1
49424,4,3,3,1
49425,5,4,4,1
49426,5,4,4,1
49427,6,4,4,1
49428,5,4,4,1
49429,6,5,5,1
49430,6,4,4,1
49431,7,5,5,1
49432,5,3,3,1
49433,6,4,4,1
49434,6,4,4,1
49435,7,4,4,1
49436,6,4,4,1
49437,7,5,5,1
49438,7,4,4,1
49439,8,5,5,1
49440,4,3,3,1
49441,5,4,4,1
49442,5,4,4,1
49443,6,4,4,1
49444,5,4,4,1
49445,6,5,5,1
49446,6,4,4,1
49447,7,5,5,1
49448,5,3,3,1
49449,6,4,4,1
49450,6,4,4,1
49451,7,4,4,1
49452,6,4,4,1
49453,7,5,5,1
49454,7,4,4,1
49455,8,5,5,1
49456,5,3,3,1
49457,6,4,4,1
49458,6,4,4,1
49459,7,4,4,1
49460,6,4,4,1
49461,7,5,5,1
49462,7,4,4,1
49463,8,5,5,1
49464,6,3,3,1
49465,7,4,4,1
49466,7,4,4,1
49467,8,4,4,1
49468,7,4,4,1
49469,8,5,5,1
49470,8,4,4,1
49471,9,5,5,1
49472,4,3,3,1
49473,5,4,4,1
49474,5,4,4,1
49475,6,4,4,1
49476,5,4,4,1
49477,6,5,5,1
49478,6,4,4,1
49479,7,5,5,1
49480,5,4,4,1
49481,6,5,5,1
49482,6,4,4,1
49483,7,5,5,1
49484,6,4,4,1
49485,7,5,5,1
49486,7,4,4,1
49487,8,5,5,1
49488,5,4,4,1
49489,6,5,5,1
49490,6,5,5,1
49491,7,5,5,1
49492,6,5,5,1
49493,7,6,6,1
49494,7,5,5,1
49495,8,6,6,1
49496,6,4,4,1
49497,7,5,5,1
49498,7,5,5,1
49499,8,5,5,1
49500,7,5,5,1
49501,8,6,6,1
49502,8,5,5,1
49503,9,6,6,1
49504,5,3,3,1
49505,6,4,4,1
49506,6,4,4,1
49507,7,4,4,1
49508,6,4,4,1
49509,7,5,5,1
49510,7,4,4,1
49511,8,5,5,1
49512,6,4,4,1
49513,7,5,5,1
49514,7,4,4,1
49515,8,5,5,1
49516,7,4,4,1
49517,8,5,5,1
49518,8,4,4,1
49519,9,5,5,1
49520,6,4,4,1
49521,7,5,5,1
49522,7,5,5,1
49523,8,5,5,1
49524,7,5,5,1
49525,8,6,6,1
49526,8,5,5,1
49527,9,6,6,1
49528,7,4,4,1
49529,8,5,5,1
49530,8,5,5,1
49531,9,5,5,1
49532,8,5,5,1
49533,9,6,6,1
49534,9,5,5,1
49535,10,6,6,1
49536,4,2,2,1
49537,5,3,3,1
49538,5,3,3,1
49539,6,3,3,1
49540,5,3,3,1
49541,6,4,4,1
49542,6,3,3,1
49543,7,4,4,1
49544,5,3,3,1
49545,6,4,4,1
49546,6,3,3,1
49547,7,4,4,1
49548,6,3,3,1
49549,7,4,4,1
49550,7,3,3,1
49551,8,4,4,1
49552,5,3,3,1
49553,6,4,4,1
49554,6,4,4,1
49555,7,4,4,1
49556,6,4,4,1
49557,7,5,5,1
49558,7,4,4,1
49559,8,5,5,1
49560,6,3,3,1
49561,7,4,4,1
49562,7,4,4,1
49563,8,4,4,1
49564,7,4,4,1
49565,8,5,5,1
49566,8,4,4,1
49567,9,5,5,1
49568,5,3,3,1
49569,6,4,4,1
49570,6,4,4,1
49571,7,4,4,1
49572,6,4,4,1
49573,7,5,5,1
49574,7,4,4,1
49575,8,5,5,1
49576,6,3,3,1
49577,7,4,4,1
49578,7,4,4,1
49579,8,4,4,1
49580,7,4,4,1
49581,8,5,5,1
49582,8,4,4,1
49583,9,5,5,1
49584,6,3,3,1
49585,7,4,4,1
49586,7,4,4,1
49587,8,4,4,1
49588,7,4,4,1
49589,8,5,5,1
49590,8,4,4,1
49591,9,5,5,1
49592,7,3,3,1
49593,8,4,4,1
49594,8,4,4,1
49595,9,4,4,1
49596,8,4,4,1
49597,9,5,5,1
49598,9,4,4,1
49599,10,5,5,1
49600,5,3,3,1
49601,6,4,4,1
49602,6,4,4,1
49603,7,4,4,1
49604,6,4,4,1
49605,7,5,5,1
49606,7,4,4,1
49607,8,5,5,1
49608,6,4,4,1
49609,7,5,5,1
49610,7,4,4,1
49611,8,5,5,1
49612,7,4,4,1
49613,8,5,5,1
49614,8,4,4,1
49615,9,5,5,1
49616,6,4,4,1
49617,7,5,5,1
49618,7,5,5,1
49619,8,5,5,1
49620,7,5,5,1
49621,8,6,6,1
49622,8,5,5,1
49623,9,6,6,1
49624,7,4,4,1
49625,8,5,5,1
49626,8,5,5,1
49627,9,5,5,1
49628,8,5,5,1
49629,9,6,6,1
49630,9,5,5,1
49631,10,6,6,1
49632,6,3,3,1
49633,7,4,4,1
49634,7,4,4,1
49635,8,4,4,1
49636,7,4,4,1
49637,8,5,5,1
49638,8,4,4,1
49639,9,5,5,1
49640,7,4,4,1
49641,8,5,5,1
49642,8,4,4,1
49643,9,5,5,1
49644,8,4,4,1
49645,9,5,5,1
49646,9,4,4,1
49647,10,5,5,1
49648,7,4,4,1
49649,8,5,5,1
49650,8,5,5,1
49651,9,5,5,1
49652,8,5,5,1
49653,9,6,6,1
49654,9,5,5,1
49655,10,6,6,1
49656,8,4,4,1
49657,9,5,5,1
49658,9,5,5,1
49659,10,5,5,1
49660,9,5,5,1
49661,10,6,6,1
49662,10,5,5,1
49663,11,6,6,1
49664,3,2,2,1
49665,4,3,3,1
49666,4,3,3,1
49667,5,3,3,1
49668,4,3,3,1
49669,5,4,4,1
49670,5,3,3,1
49671,6,4,4,1
49672,4,3,3,1
49673,5,4,4,1
49674,5,3,3,1
49675,6,4,4,1
49676,5,3,3,1
49677,6,4,4,1
49678,6,3,3,1
49679,7,4,4,1
49680,4,3,3,1
49681,5,4,4,1
49682,5,4,4,1
49683,6,4,4,1
49684,5,4,4,1
49685,6,5,5,1
49686,6,4,4,1
49687,7,5,5,1
49688,5,3,3,1
49689,6,4,4,1
49690,6,4,4,1
49691,7,4,4,1
49692,6,4,4,1
49693,7,5,5,1
49694,7,4,4,1
49695,8,5,5,1
49696,4,3,3,1
49697,5,4,4,1
49698,5,4,4,1
49699,6,4,4,1
49700,5,4,4,1
49701,6,5,5,1
49702,6,4,4,1
49703,7,5,5,1
49704,5,3,3,1
49705,6,4,4,1
49706,6,4,4,1
49707,7,4,4,1
49708,6,4,4,1
49709,7,5,5,1
49710,7,4,4,1
49711,8,5,5,1
49712,5,3,3,1
49713,6,4,4,1
49714,6,4,4,1
49715,7,4,4,1
49716,6,4,4,1
49717,7,5,5,1
49718,7,4,4,1
49719,8,5,5,1
49720,6,3,3,1
49721,7,4,4,1
49722,7,4,4,1
49723,8,4,4,1
49724,7,4,4,1
49725,8,5,5,1
49726,8,4,4,1
49727,9,5,5,1
49728,4,3,3,1
49729,5,4,4,1
49730,5,4,4,1
49731,6,4,4,1
49732,5,4,4,1
49733,6,5,5,1
49734,6,4,4,1
49735,7,5,5,1
49736,5,4,4,1
49737,6,5,5,1
49738,6,4,4,1
49739,7,5,5,1
49740,6,4,4,1
49741,7,5,5,1
49742,7,4,4,1
49743,8,5,5,1
49744,5,4,4,1
49745,6,5,5,1
49746,6,5,5,1
49747,7,5,5,1
49748,6,5,5,1
49749,7,6,6,1
49750,7,5,5,1
49751,8,6,6,1
49752,6,4,4,1
49753,7,5,5,1
49754,7,5,5,1
49755,8,5,5,1
49756,7,5,5,1
49757,8,6,6,1
49758,8,5,5,1
49759,9,6,6,1
49760,5,3,3,1
49761,6,4,4,1
49762,6,4,4,1
49763,7,4,4,1
49764,6,4,4,1
49765,7,5,5,1
49766,7,4,4,1
49767,8,5,5,1
49768,6,4,4,1
49769,7,5,5,1
49770,7,4,4,1
49771,8,5,5,1
49772,7,4,4,1
49773,8,5,5,1
49774,8,4,4,1
49775,9,5,5,1
49776,6,4,4,1
49777,7,5,5,1
49778,7,5,5,1
49779,8,5,5,1
49780,7,5,5,1
49781,8,6,6,1
49782,8,5,5,1
49783,9,6,6,1
49784,7,4,4,1
49785,8,5,5,1
49786,8,5,5,1
49787,9,5,5,1
49788,8,5,5,1
49789,9,6,6,1
49790,9,5,5,1
49791,10,6,6,1
49792,4,2,2,1
49793,5,3,3,1
49794,5,3,3,1
49795,6,3,3,1
49796,5,3,3,1
49797,6,4,4,1
49798,6,3,3,1
49799,7,4,4,1
49800,5,3,3,1
49801,6,4,4,1
49802,6,3,3,1
49803,7,4,4,1
49804,6,3,3,1
49805,7,4,4,1
49806,7,3,3,1
49807,8,4,4,1
49808,5,3,3,1
49809,6,4,4,1
49810,6,4,4,1
49811,7,4,4,1
49812,6,4,4,1
49813,7,5,5,1
49814,7,4,4,1
49815,8,5,5,1
49816,6,3,3,1
49817,7,4,4,1
49818,7,4,4,1
49819,8,4,4,1
49820,7,4,4,1
49821,8,5,5,1
49822,8,4,4,1
49823,9,5,5,1
49824,5,3,3,1
49825,6,4,4,1
49826,6,4,4,1
49827,7,4,4,1
49828,6,4,4,1
49829,7,5,5,1
49830,7,4,4,1
49831,8,5,5,1
49832,6,3,3,1
49833,7,4,4,1
49834,7,4,4,1
49835,8,4,4,1
49836,7,4,4,1
49837,8,5,5,1
49838,8,4,4,1
49839,9,5,5,1
49840,6,3,3,1
49841,7,4,4,1
49842,7,4,4,1
49843,8,4,4,1
49844,7,4,4,1
49845,8,5,5,1
49846,8,4,4,1
49847,9,5,5,1
49848,7,3,3,1
49849,8,4,4,1
49850,8,4,4,1
49851,9,4,4,1
49852,8,4,4,1
49853,9,5,5,1
49854,9,4,4,1
49855,10,5,5,1
49856,5,3,3,1
49857,6,4,4,1
49858,6,4,4,1
49859,7,4,4,1
49860,6,4,4,1
49861,7,5,5,1
49862,7,4,4,1
49863,8,5,5,1
49864,6,4,4,1
49865,7,5,5,1
49866,7,4,4,1
49867,8,5,5,1
49868,7,4,4,1
49869,8,5,5,1
49870,8,4,4,1
49871,9,5,5,1
49872,6,4,4,1
49873,7,5,5,1
49874,7,5,5,1
49875,8,5,5,1
49876,7,5,5,1
49877,8,6,6,1
49878,8,5,5,1
49879,9,6,6,1
49880,7,4,4,1
49881,8,5,5,1
49882,8,5,5,1
49883,9,5,5,1
49884,8,5,5,1
49885,9,6,6,1
49886,9,5,5,1
49887,10,6,6,1
49888,6,3,3,1
49889,7,4,4,1
49890,7,4,4,1
49891,8,4,4,1
49892,7,4,4,1
49893,8,5,5,1
49894,8,4,4,1
49895,9,5,5,1
49896,7,4,4,1
49897,8,5,5,1
49898,8,4,4,1
49899,9,5,5,1
49900,8,4,4,1
49901,9,5,5,1
49902,9,4,4,1
49903,10,5,5,1
49904,7,4,4,1
49905,8,5,5,1
49906,8,5,5,1
49907,9,5,5,1
49908,8,5,5,1
49909,9,6,6,1
49910,9,5,5,1
49911,10,6,6,1
49912,8,4,4,1
49913,9,5,5,1
49914,9,5,5,1
49915,10,5,5,1
49916,9,5,5,1
49917,10,6,6,1
49918,10,5,5,1
49919,11,6,6,1
49920,4,2,2,1
49921,5,3,3,1
49922,5,3,3,1
49923,6,3,3,1
49924,5,3,3,1
49925,6,4,4,1
49926,6,3,3,1
49927,7,4,4,1
49928,5,3,3,1
49929,6,4,4,1
49930,6,3,3,1
49931,7,4,4,1
49932,6,3,3,1
49933,7,4,4,1
49934,7,3,3,1
49935,8,4,4,1
49936,5,3,3,1
49937,6,4,4,1
49938,6,4,4,1
49939,7,4,4,1
49940,6,4,4,1
49941,7,5,5,1
49942,7,4,4,1
49943,8,5,5,1
49944,6,3,3,1
49945,7,4,4,1
49946,7,4,4,1
49947,8,4,4,1
49948,7,4,4,1
49949,8,5,5,1
49950,8,4,4,1
49951,9,5,5,1
49952,5,3,3,1
49953,6,4,4,1
49954,6,4,4,1
49955,7,4,4,1
49956,6,4,4,1
49957,7,5,5,1
49958,7,4,4,1
49959,8,5,5,1
49960,6,3,3,1
49961,7,4,4,1
49962,7,4,4,1
49963,8,4,4,1
49964,7,4,4,1
49965,8,5,5,1
49966,8,4,4,1
49967,9,5,5,1
49968,6,3,3,1
49969,7,4,4,1
49970,7,4,4,1
49971,8,4,4,1
49972,7,4,4,1
49973,8,5,5,1
49974,8,4,4,1
49975,9,5,5,1
49976,7,3,3,1
49977,8,4,4,1
49978,8,4,4,1
49979,9,4,4,1
49980,8,4,4,1
49981,9,5,5,1
49982,9,4,4,1
49983,10,5,5,1
49984,5,3,3,1
49985,6,4,4,1
49986,6,4,4,1
49987,7,4,4,1
49988,6,4,4,1
49989,7,5,5,1
49990,7,4,4,1
49991,8,5,5,1
49992,6,4,4,1
49993,7,5,5,1
49994,7,4,4,1
49995,8,5,5,1
49996,7,4,4,1
49997,8,5,5,1
49998,8,4,4,1
49999,9,5,5,1
50000,6,4,4,1
50001,7,5,5,1
50002,7,5,5,1
50003,8,5,5,1
50004,7,5,5,1
50005,8,6,6,1
50006,8,5,5,1
50007,9,6,6,1
50008,7,4,4,1
50009,8,5,5,1
50010,8,5,5,1
50011,9,5,5,1
50012,8,5,5,1
50013,9,6,6,1
50014,9,5,5,1
50015,10,6,6,1
50016,6,3,3,1
50017,7,4,4,1
50018,7,4,4,1
50019,8,4,4,1
50020,7,4,4,1
50021,8,5,5,1
50022,8,4,4,1
50023,9,5,5,1
50024,7,4,4,1
50025,8,5,5,1
50026,8,4,4,1
50027,9,5,5,1
50028,8,4,4,1
50029,9,5,5,1
50030,9,4,4,1
50031,10,5,5,1
50032,7,4,4,1
50033,8,5,5,1
50034,8,5,5,1
50035,9,5,5,1
50036,8,5,5,1
50037,9,6,6,1
50038,9,5,5,1
50039,10,6,6,1
50040,8,4,4,1
50041,9,5,5,1
50042,9,5,5,1
50043,10,5,5,1
50044,9,5,5,1
50045,10,6,6,1
50046,10,5,5,1
50047,11,6,6,1
50048,5,2,2,1
50049,6,3,3,1
50050,6,3,3,1
50051,7,3,3,1
50052,6,3,3,1
50053,7,4,4,1
50054,7,3,3,1
50055,8,4,4,1
50056,6,3,3,1
50057,7,4,4,1
50058,7,3,3,1
50059,8,4,4,1
50060,7,3,3,1
50061,8,4,4,1
50062,8,3,3,1
50063,9,4,4,1
50064,6,3,3,1
50065,7,4,4,1
50066,7,4,4,1
50067,8,4,4,1
50068,7,4,4,1
50069,8,5,5,1
50070,8,4,4,1
50071,9,5,5,1
50072,7,3,3,1
50073,8,4,4,1
50074,8,4,4,1
50075,9,4,4,1
50076,8,4,4,1
50077,9,5,5,1
50078,9,4,4,1
50079,10,5,5,1
50080,6,3,3,1
50081,7,4,4,1
50082,7,4,4,1
50083,8,4,4,1
50084,7,4,4,1
50085,8,5,5,1
50086,8,4,4,1
50087,9,5,5,1
50088,7,3,3,1
50089,8,4,4,1
50090,8,4,4,1
50091,9,4,4,1
50092,8,4,4,1
50093,9,5,5,1
50094,9,4,4,1
50095,10,5,5,1
50096,7,3,3,1
50097,8,4,4,1
50098,8,4,4,1
50099,9,4,4,1
50100,8,4,4,1
50101,9,5,5,1
50102,9,4,4,1
50103,10,5,5,1
50104,8,3,3,1
50105,9,4,4,1
50106,9,4,4,1
50107,10,4,4,1
50108,9,4,4,1
50109,10,5,5,1
50110,10,4,4,1
50111,11,5,5,1
50112,6,3,3,1
50113,7,4,4,1
50114,7,4,4,1
50115,8,4,4,1
50116,7,4,4,1
50117,8,5,5,1
50118,8,4,4,1
50119,9,5,5,1
50120,7,4,4,1
50121,8,5,5,1
50122,8,4,4,1
50123,9,5,5,1
50124,8,4,4,1
50125,9,5,5,1
50126,9,4,4,1
50127,10,5,5,1
50128,7,4,4,1
50129,8,5,5,1
50130,8,5,5,1
50131,9,5,5,1
50132,8,5,5,1
50133,9,6,6,1
50134,9,5,5,1
50135,10,6,6,1
50136,8,4,4,1
50137,9,5,5,1
50138,9,5,5,1
50139,10,5,5,1
50140,9,5,5,1
50141,10,6,6,1
50142,10,5,5,1
50143,11,6,6,1
50144,7,3,3,1
50145,8,4,4,1
50146,8,4,4,1
50147,9,4,4,1
50148,8,4,4,1
50149,9,5,5,1
50150,9,4,4,1
50151,10,5,5,1
50152,8,4,4,1
50153,9,5,5,1
50154,9,4,4,1
50155,10,5,5,1
50156,9,4,4,1
50157,10,5,5,1
50158,10,4,4,1
50159,11,5,5,1
50160,8,4,4,1
50161,9,5,5,1
50162,9,5,5,1
50163,10,5,5,1
50164,9,5,5,1
50165,10,6,6,1
50166,10,5,5,1
50167,11,6,6,1
50168,9,4,4,1
50169,10,5,5,1
50170,10,5,5,1
50171,11,5,5,1
50172,10,5,5,1
50173,11,6,6,1
50174,11,5,5,1
50175,12,6,6,1
50176,3,2,2,1
50177,4,3,3,1
50178,4,3,3,1
50179,5,3,3,1
50180,4,3,3,1
50181,5,4,4,1
50182,5,3,3,1
50183,6,4,4,1
50184,4,3,3,1
50185,5,4,4,1
50186,5,3,3,1
50187,6,4,4,1
50188,5,3,3,1
50189,6,4,4,1
50190,6,3,3,1
50191,7,4,4,1
50192,4,3,3,1
50193,5,4,4,1
50194,5,4,4,1
50195,6,4,4,1
50196,5,4,4,1
50197,6,5,5,1
50198,6,4,4,1
50199,7,5,5,1
50200,5,3,3,1
50201,6,4,4,1
50202,6,4,4,1
50203,7,4,4,1
50204,6,4,4,1
50205,7,5,5,1
50206,7,4,4,1
50207,8,5,5,1
50208,4,3,3,1
50209,5,4,4,1
50210,5,4,4,1
50211,6,4,4,1
50212,5,4,4,1
50213,6,5,5,1
50214,6,4,4,1
50215,7,5,5,1
50216,5,3,3,1
50217,6,4,4,1
50218,6,4,4,1
50219,7,4,4,1
50220,6,4,4,1
50221,7,5,5,1
50222,7,4,4,1
50223,8,5,5,1
50224,5,3,3,1
50225,6,4,4,1
50226,6,4,4,1
50227,7,4,4,1
50228,6,4,4,1
50229,7,5,5,1
50230,7,4,4,1
50231,8,5,5,1
50232,6,3,3,1
50233,7,4,4,1
50234,7,4,4,1
50235,8,4,4,1
50236,7,4,4,1
50237,8,5,5,1
50238,8,4,4,1
50239,9,5,5,1
50240,4,3,3,1
50241,5,4,4,1
50242,5,4,4,1
50243,6,4,4,1
50244,5,4,4,1
50245,6,5,5,1
50246,6,4,4,1
50247,7,5,5,1
50248,5,4,4,1
50249,6,5,5,1
50250,6,4,4,1
50251,7,5,5,1
50252,6,4,4,1
50253,7,5,5,1
50254,7,4,4,1
50255,8,5,5,1
50256,5,4,4,1
50257,6,5,5,1
50258,6,5,5,1
50259,7,5,5,1
50260,6,5,5,1
50261,7,6,6,1
50262,7,5,5,1
50263,8,6,6,1
50264,6,4,4,1
50265,7,5,5,1
50266,7,5,5,1
50267,8,5,5,1
50268,7,5,5,1
50269,8,6,6,1
50270,8,5,5,1
50271,9,6,6,1
50272,5,3,3,1
50273,6,4,4,1
50274,6,4,4,1
50275,7,4,4,1
50276,6,4,4,1
50277,7,5,5,1
50278,7,4,4,1
50279,8,5,5,1
50280,6,4,4,1
50281,7,5,5,1
50282,7,4,4,1
50283,8,5,5,1
50284,7,4,4,1
50285,8,5,5,1
50286,8,4,4,1
50287,9,5,5,1
50288,6,4,4,1
50289,7,5,5,1
50290,7,5,5,1
50291,8,5,5,1
50292,7,5,5,1
50293,8,6,6,1
50294,8,5,5,1
50295,9,6,6,1
50296,7,4,4,1
50297,8,5,5,1
50298,8,5,5,1
50299,9,5,5,1
50300,8,5,5,1
50301,9,6,6,1
50302,9,5,5,1
50303,10,6,6,1
50304,4,3,3,1
50305,5,4,4,1
50306,5,4,4,1
50307,6,4,4,1
50308,5,4,4,1
50309,6,5,5,1
50310,6,4,4,1
50311,7,5,5,1
50312,5,4,4,1
50313,6,5,5,1
50314,6,4,4,1
50315,7,5,5,1
50316,6,4,4,1
50317,7,5,5,1
50318,7,4,4,1
50319,8,5,5,1
50320,5,4,4,1
50321,6,5,5,1
50322,6,5,5,1
50323,7,5,5,1
50324,6,5,5,1
50325,7,6,6,1
50326,7,5,5,1
50327,8,6,6,1
50328,6,4,4,1
50329,7,5,5,1
50330,7,5,5,1
50331,8,5,5,1
50332,7,5,5,1
50333,8,6,6,1
50334,8,5,5,1
50335,9,6,6,1
50336,5,3,3,1
50337,6,4,4,1
50338,6,4,4,1
50339,7,4,4,1
50340,6,4,4,1
50341,7,5,5,1
50342,7,4,4,1
50343,8,5,5,1
50344,6,4,4,1
50345,7,5,5,1
50346,7,4,4,1
50347,8,5,5,1
50348,7,4,4,1
50349,8,5,5,1
50350,8,4,4,1
50351,9,5,5,1
50352,6,4,4,1
50353,7,5,5,1
50354,7,5,5,1
50355,8,5,5,1
50356,7,5,5,1
50357,8,6,6,1
50358,8,5,5,1
50359,9,6,6,1
50360,7,4,4,1
50361,8,5,5,1
50362,8,5,5,1
50363,9,5,5,1
50364,8,5,5,1
50365,9,6,6,1
50366,9,5,5,1
50367,10,6,6,1
50368,5,3,3,1
50369,6,4,4,1
50370,6,4,4,1
50371,7,4,4,1
50372,6,4,4,1
50373,7,5,5,1
50374,7,4,4,1
50375,8,5,5,1
50376,6,4,4,1
50377,7,5,5,1
50378,7,4,4,1
50379,8,5,5,1
50380,7,4,4,1
50381,8,5,5,1
50382,8,4,4,1
50383,9,5,5,1
50384,6,4,4,1
50385,7,5,5,1
50386,7,5,5,1
50387,8,5,5,1
50388,7,5,5,1
50389,8,6,6,1
50390,8,5,5,1
50391,9,6,6,1
50392,7,4,4,1
50393,8,5,5,1
50394,8,5,5,1
50395,9,5,5,1
50396,8,5,5,1
50397,9,6,6,1
50398,9,5,5,1
50399,10,6,6,1
50400,6,3,3,1
50401,7,4,4,1
50402,7,4,4,1
50403,8,4,4,1
50404,7,4,4,1
50405,8,5,5,1
50406,8,4,4,1
50407,9,5,5,1
50408,7,4,4,1
50409,8,5,5,1
50410,8,4,4,1
50411,9,5,5,1
50412,8,4,4,1
50413,9,5,5,1
50414,9,4,4,1
50415,10,5,5,1
50416,7,4,4,1
50417,8,5,5,1
50418,8,5,5,1
50419,9,5,5,1
50420,8,5,5,1
50421,9,6,6,1
50422,9,5,5,1
50423,10,6,6,1
50424,8,4,4,1
50425,9,5,5,1
50426,9,5,5,1
50427,10,5,5,1
50428,9,5,5,1
50429,10,6,6,1
50430,10,5,5,1
50431,11,6,6,1
50432,4,3,3,1
50433,5,4,4,1
50434,5,4,4,1
50435,6,4,4,1
50436,5,4,4,1
50437,6,5,5,1
50438,6,4,4,1
50439,7,5,5,1
50440,5,4,4,1
50441,6,5,5,1
50442,6,4,4,1
50443,7,5,5,1
50444,6,4,4,1
50445,7,5,5,1
50446,7,4,4,1
50447,8,5,5,1
50448,5,4,4,1
50449,6,5,5,1
50450,6,5,5,1
50451,7,5,5,1
50452,6,5,5,1
50453,7,6,6,1
50454,7,5,5,1
50455,8,6,6,1
50456,6,4,4,1
50457,7,5,5,1
50458,7,5,5,1
50459,8,5,5,1
50460,7,5,5,1
50461,8,6,6,1
50462,8,5,5,1
50463,9,6,6,1
50464,5,4,4,1
50465,6,5,5,1
50466,6,5,5,1
50467,7,5,5,1
50468,6,5,5,1
50469,7,6,6,1
50470,7,5,5,1
50471,8,6,6,1
50472,6,4,4,1
50473,7,5,5,1
50474,7,5,5,1
50475,8,5,5,1
50476,7,5,5,1
50477,8,6,6,1
50478,8,5,5,1
50479,9,6,6,1
50480,6,4,4,1
50481,7,5,5,1
50482,7,5,5,1
50483,8,5,5,1
50484,7,5,5,1
50485,8,6,6,1
50486,8,5,5,1
50487,9,6,6,1
50488,7,4,4,1
50489,8,5,5,1
50490,8,5,5,1
50491,9,5,5,1
50492,8,5,5,1
50493,9,6,6,1
50494,9,5,5,1
50495,10,6,6,1
50496,5,4,4,1
50497,6,5,5,1
50498,6,5,5,1
50499,7,5,5,1
50500,6,5,5,1
50501,7,6,6,1
50502,7,5,5,1
50503,8,6,6,1
50504,6,5,5,1
50505,7,6,6,1
50506,7,5,5,1
50507,8,6,6,1
50508,7,5,5,1
50509,8,6,6,1
50510,8,5,5,1
50511,9,6,6,1
50512,6,5,5,1
50513,7,6,6,1
50514,7,6,6,1
50515,8,6,6,1
50516,7,6,6,1
50517,8,7,7,1
50518,8,6,6,1
50519,9,7,7,1
50520,7,5,5,1
50521,8,6,6,1
50522,8,6,6,1
50523,9,6,6,1
50524,8,6,6,1
50525,9,7,7,1
50526,9,6,6,1
50527,10,7,7,1
50528,6,4,4,1
50529,7,5,5,1
50530,7,5,5,1
50531,8,5,5,1
50532,7,5,5,1
50533,8,6,6,1
50534,8,5,5,1
50535,9,6,6,1
50536,7,5,5,1
50537,8,6,6,1
50538,8,5,5,1
50539,9,6,6,1
50540,8,5,5,1
50541,9,6,6,1
50542,9,5,5,1
50543,10,6,6,1
50544,7,5,5,1
50545,8,6,6,1
50546,8,6,6,1
50547,9,6,6,1
50548,8,6,6,1
50549,9,7,7,1
50550,9,6,6,1
50551,10,7,7,1
50552,8,5,5,1
50553,9,6,6,1
50554,9,6,6,1
50555,10,6,6,1
50556,9,6,6,1
50557,10,7,7,1
50558,10,6,6,1
50559,11,7,7,1
50560,5,3,3,1
50561,6,4,4,1
50562,6,4,4,1
50563,7,4,4,1
50564,6,4,4,1
50565,7,5,5,1
50566,7,4,4,1
50567,8,5,5,1
50568,6,4,4,1
50569,7,5,5,1
50570,7,4,4,1
50571,8,5,5,1
50572,7,4,4,1
50573,8,5,5,1
50574,8,4,4,1
50575,9,5,5,1
50576,6,4,4,1
50577,7,5,5,1
50578,7,5,5,1
50579,8,5,5,1
50580,7,5,5,1
50581,8,6,6,1
50582,8,5,5,1
50583,9,6,6,1
50584,7,4,4,1
50585,8,5,5,1
50586,8,5,5,1
50587,9,5,5,1
50588,8,5,5,1
50589,9,6,6,1
50590,9,5,5,1
50591,10,6,6,1
50592,6,4,4,1
50593,7,5,5,1
50594,7,5,5,1
50595,8,5,5,1
50596,7,5,5,1
50597,8,6,6,1
50598,8,5,5,1
50599,9,6,6,1
50600,7,4,4,1
50601,8,5,5,1
50602,8,5,5,1
50603,9,5,5,1
50604,8,5,5,1
50605,9,6,6,1
50606,9,5,5,1
50607,10,6,6,1
50608,7,4,4,1
50609,8,5,5,1
50610,8,5,5,1
50611,9,5,5,1
50612,8,5,5,1
50613,9,6,6,1
50614,9,5,5,1
50615,10,6,6,1
50616,8,4,4,1
50617,9,5,5,1
50618,9,5,5,1
50619,10,5,5,1
50620,9,5,5,1
50621,10,6,6,1
50622,10,5,5,1
50623,11,6,6,1
50624,6,4,4,1
50625,7,5,5,1
50626,7,5,5,1
50627,8,5,5,1
50628,7,5,5,1
50629,8,6,6,1
50630,8,5,5,1
50631,9,6,6,1
50632,7,5,5,1
50633,8,6,6,1
50634,8,5,5,1
50635,9,6,6,1
50636,8,5,5,1
50637,9,6,6,1
50638,9,5,5,1
50639,10,6,6,1
50640,7,5,5,1
50641,8,6,6,1
50642,8,6,6,1
50643,9,6,6,1
50644,8,6,6,1
50645,9,7,7,1
50646,9,6,6,1
50647,10,7,7,1
50648,8,5,5,1
50649,9,6,6,1
50650,9,6,6,1
50651,10,6,6,1
50652,9,6,6,1
50653,10,7,7,1
50654,10,6,6,1
50655,11,7,7,1
50656,7,4,4,1
50657,8,5,5,1
50658,8,5,5,1
50659,9,5,5,1
50660,8,5,5,1
50661,9,6,6,1
50662,9,5,5,1
50663,10,6,6,1
50664,8,5,5,1
50665,9,6,6,1
50666,9,5,5,1
50667,10,6,6,1
50668,9,5,5,1
50669,10,6,6,1
50670,10,5,5,1
50671,11,6,6,1
50672,8,5,5,1
50673,9,6,6,1
50674,9,6,6,1
50675,10,6,6,1
50676,9,6,6,1
50677,10,7,7,1
50678,10,6,6,1
50679,11,7,7,1
50680,9,5,5,1
50681,10,6,6,1
50682,10,6,6,1
50683,11,6,6,1
50684,10,6,6,1
50685,11,7,7,1
50686,11,6,6,1
50687,12,7,7,1
50688,4,2,2,1
50689,5,3,3,1
50690,5,3,3,1
50691,6,3,3,1
50692,5,3,3,1
50693,6,4,4,1
50694,6,3,3,1
50695,7,4,4,1
50696,5,3,3,1
50697,6,4,4,1
50698,6,3,3,1
50699,7,4,4,1
50700,6,3,3,1
50701,7,4,4,1
50702,7,3,3,1
50703,8,4,4,1
50704,5,3,3,1
50705,6,4,4,1
50706,6,4,4,1
50707,7,4,4,1
50708,6,4,4,1
50709,7,5,5,1
50710,7,4,4,1
50711,8,5,5,1
50712,6,3,3,1
50713,7,4,4,1
50714,7,4,4,1
50715,8,4,4,1
50716,7,4,4,1
50717,8,5,5,1
50718,8,4,4,1
50719,9,5,5,1
50720,5,3,3,1
50721,6,4,4,1
50722,6,4,4,1
50723,7,4,4,1
50724,6,4,4,1
50725,7,5,5,1
50726,7,4,4,1
50727,8,5,5,1
50728,6,3,3,1
50729,7,4,4,1
50730,7,4,4,1
50731,8,4,4,1
50732,7,4,4,1
50733,8,5,5,1
50734,8,4,4,1
50735,9,5,5,1
50736,6,3,3,1
50737,7,4,4,1
50738,7,4,4,1
50739,8,4,4,1
50740,7,4,4,1
50741,8,5,5,1
50742,8,4,4,1
50743,9,5,5,1
50744,7,3,3,1
50745,8,4,4,1
50746,8,4,4,1
50747,9,4,4,1
50748,8,4,4,1
50749,9,5,5,1
50750,9,4,4,1
50751,10,5,5,1
50752,5,3,3,1
50753,6,4,4,1
50754,6,4,4,1
50755,7,4,4,1
50756,6,4,4,1
50757,7,5,5,1
50758,7,4,4,1
50759,8,5,5,1
50760,6,4,4,1
50761,7,5,5,1
50762,7,4,4,1
50763,8,5,5,1
50764,7,4,4,1
50765,8,5,5,1
50766,8,4,4,1
50767,9,5,5,1
50768,6,4,4,1
50769,7,5,5,1
50770,7,5,5,1
50771,8,5,5,1
50772,7,5,5,1
50773,8,6,6,1
50774,8,5,5,1
50775,9,6,6,1
50776,7,4,4,1
50777,8,5,5,1
50778,8,5,5,1
50779,9,5,5,1
50780,8,5,5,1
50781,9,6,6,1
50782,9,5,5,1
50783,10,6,6,1
50784,6,3,3,1
50785,7,4,4,1
50786,7,4,4,1
50787,8,4,4,1
50788,7,4,4,1
50789,8,5,5,1
50790,8,4,4,1
50791,9,5,5,1
50792,7,4,4,1
50793,8,5,5,1
50794,8,4,4,1
50795,9,5,5,1
50796,8,4,4,1
50797,9,5,5,1
50798,9,4,4,1
50799,10,5,5,1
50800,7,4,4,1
50801,8,5,5,1
50802,8,5,5,1
50803,9,5,5,1
50804,8,5,5,1
50805,9,6,6,1
50806,9,5,5,1
50807,10,6,6,1
50808,8,4,4,1
50809,9,5,5,1
50810,9,5,5,1
50811,10,5,5,1
50812,9,5,5,1
50813,10,6,6,1
50814,10,5,5,1
50815,11,6,6,1
50816,5,3,3,1
50817,6,4,4,1
50818,6,4,4,1
50819,7,4,4,1
50820,6,4,4,1
50821,7,5,5,1
50822,7,4,4,1
50823,8,5,5,1
50824,6,4,4,1
50825,7,5,5,1
50826,7,4,4,1
50827,8,5,5,1
50828,7,4,4,1
50829,8,5,5,1
50830,8,4,4,1
50831,9,5,5,1
50832,6,4,4,1
50833,7,5,5,1
50834,7,5,5,1
50835,8,5,5,1
50836,7,5,5,1
50837,8,6,6,1
50838,8,5,5,1
50839,9,6,6,1
50840,7,4,4,1
50841,8,5,5,1
50842,8,5,5,1
50843,9,5,5,1
50844,8,5,5,1
50845,9,6,6,1
50846,9,5,5,1
50847,10,6,6,1
50848,6,3,3,1
50849,7,4,4,1
50850,7,4,4,1
50851,8,4,4,1
50852,7,4,4,1
50853,8,5,5,1
50854,8,4,4,1
50855,9,5,5,1
50856,7,4,4,1
50857,8,5,5,1
50858,8,4,4,1
50859,9,5,5,1
50860,8,4,4,1
50861,9,5,5,1
50862,9,4,4,1
50863,10,5,5,1
50864,7,4,4,1
50865,8,5,5,1
50866,8,5,5,1
50867,9,5,5,1
50868,8,5,5,1
50869,9,6,6,1
50870,9,5,5,1
50871,10,6,6,1
50872,8,4,4,1
50873,9,5,5,1
50874,9,5,5,1
50875,10,5,5,1
50876,9,5,5,1
50877,10,6,6,1
50878,10,5,5,1
50879,11,6,6,1
50880,6,3,3,1
50881,7,4,4,1
50882,7,4,4,1
50883,8,4,4,1
50884,7,4,4,1
50885,8,5,5,1
50886,8,4,4,1
50887,9,5,5,1
50888,7,4,4,1
50889,8,5,5,1
50890,8,4,4,1
50891,9,5,5,1
50892,8,4,4,1
50893,9,5,5,1
50894,9,4,4,1
50895,10,5,5,1
50896,7,4,4,1
50897,8,5,5,1
50898,8,5,5,1
50899,9,5,5,1
50900,8,5,5,1
50901,9,6,6,1
50902,9,5,5,1
50903,10,6,6,1
50904,8,4,4,1
50905,9,5,5,1
50906,9,5,5,1
50907,10,5,5,1
50908,9,5,5,1
50909,10,6,6,1
50910,10,5,5,1
50911,11,6,6,1
50912,7,3,3,1
50913,8,4,4,1
50914,8,4,4,1
50915,9,4,4,1
50916,8,4,4,1
50917,9,5,5,1
50918,9,4,4,1
50919,10,5,5,1
50920,8,4,4,1
50921,9,5,5,1
50922,9,4,4,1
50923,10,5,5,1
50924,9,4,4,1
50925,10,5,5,1
50926,10,4,4,1
50927,11,5,5,1
50928,8,4,4,1
50929,9,5,5,1
50930,9,5,5,1
50931,10,5,5,1
50932,9,5,5,1
50933,10,6,6,1
50934,10,5,5,1
50935,11,6,6,1
50936,9,4,4,1
50937,10,5,5,1
50938,10,5,5,1
50939,11,5,5,1
50940,10,5,5,1
50941,11,6,6,1
50942,11,5,5,1
50943,12,6,6,1
50944,5,3,3,1
50945,6,4,4,1
50946,6,4,4,1
50947,7,4,4,1
50948,6,4,4,1
50949,7,5,5,1
50950,7,4,4,1
50951,8,5,5,1
50952,6,4,4,1
50953,7,5,5,1
50954,7,4,4,1
50955,8,5,5,1
50956,7,4,4,1
50957,8,5,5,1
50958,8,4,4,1
50959,9,5,5,1
50960,6,4,4,1
50961,7,5,5,1
50962,7,5,5,1
50963,8,5,5,1
50964,7,5,5,1
50965,8,6,6,1
50966,8,5,5,1
50967,9,6,6,1
50968,7,4,4,1
50969,8,5,5,1
50970,8,5,5,1
50971,9,5,5,1
50972,8,5,5,1
50973,9,6,6,1
50974,9,5,5,1
50975,10,6,6,1
50976,6,4,4,1
50977,7,5,5,1
50978,7,5,5,1
50979,8,5,5,1
50980,7,5,5,1
50981,8,6,6,1
50982,8,5,5,1
50983,9,6,6,1
50984,7,4,4,1
50985,8,5,5,1
50986,8,5,5,1
50987,9,5,5,1
50988,8,5,5,1
50989,9,6,6,1
50990,9,5,5,1
50991,10,6,6,1
50992,7,4,4,1
50993,8,5,5,1
50994,8,5,5,1
50995,9,5,5,1
50996,8,5,5,1
50997,9,6,6,1
50998,9,5,5,1
50999,10,6,6,1
51000,8,4,4,1
51001,9,5,5,1
51002,9,5,5,1
51003,10,5,5,1
51004,9,5,5,1
51005,10,6,6,1
51006,10,5,5,1
51007,11,6,6,1
51008,6,4,4,1
51009,7,5,5,1
51010,7,5,5,1
51011,8,5,5,1
51012,7,5,5,1
51013,8,6,6,1
51014,8,5,5,1
51015,9,6,6,1
51016,7,5,5,1
51017,8,6,6,1
51018,8,5,5,1
51019,9,6,6,1
51020,8,5,5,1
51021,9,6,6,1
51022,9,5,5,1
51023,10,6,6,1
51024,7,5,5,1
51025,8,6,6,1
51026,8,6,6,1
51027,9,6,6,1
51028,8,6,6,1
51029,9,7,7,1
51030,9,6,6,1
51031,10,7,7,1
51032,8,5,5,1
51033,9,6,6,1
51034,9,6,6,1
51035,10,6,6,1
51036,9,6,6,1
51037,10,7,7,1
51038,10,6,6,1
51039,11,7,7,1
51040,7,4,4,1
51041,8,5,5,1
51042,8,5,5,1
51043,9,5,5,1
51044,8,5,5,1
51045,9,6,6,1
51046,9,5,5,1
51047,10,6,6,1
51048,8,5,5,1
51049,9,6,6,1
51050,9,5,5,1
51051,10,6,6,1
51052,9,5,5,1
51053,10,6,6,1
51054,10,5,5,1
51055,11,6,6,1
51056,8,5,5,1
51057,9,6,6,1
51058,9,6,6,1
51059,10,6,6,1
51060,9,6,6,1
51061,10,7,7,1
51062,10,6,6,1
51063,11,7,7,1
51064,9,5,5,1
51065,10,6,6,1
51066,10,6,6,1
51067,11,6,6,1
51068,10,6,6,1
51069,11,7,7,1
51070,11,6,6,1
51071,12,7,7,1
51072,6,3,3,1
51073,7,4,4,1
51074,7,4,4,1
51075,8,4,4,1
51076,7,4,4,1
51077,8,5,5,1
51078,8,4,4,1
51079,9,5,5,1
51080,7,4,4,1
51081,8,5,5,1
51082,8,4,4,1
51083,9,5,5,1
51084,8,4,4,1
51085,9,5,5,1
51086,9,4,4,1
51087,10,5,5,1
51088,7,4,4,1
51089,8,5,5,1
51090,8,5,5,1
51091,9,5,5,1
51092,8,5,5,1
51093,9,6,6,1
51094,9,5,5,1
51095,10,6,6,1
51096,8,4,4,1
51097,9,5,5,1
51098,9,5,5,1
51099,10,5,5,1
51100,9,5,5,1
51101,10,6,6,1
51102,10,5,5,1
51103,11,6,6,1
51104,7,4,4,1
51105,8,5,5,1
51106,8,5,5,1
51107,9,5,5,1
51108,8,5,5,1
51109,9,6,6,1
51110,9,5,5,1
51111,10,6,6,1
51112,8,4,4,1
51113,9,5,5,1
51114,9,5,5,1
51115,10,5,5,1
51116,9,5,5,1
51117,10,6,6,1
51118,10,5,5,1
51119,11,6,6,1
51120,8,4,4,1
51121,9,5,5,1
51122,9,5,5,1
51123,10,5,5,1
51124,9,5,5,1
51125,10,6,6,1
51126,10,5,5,1
51127,11,6,6,1
51128,9,4,4,1
51129,10,5,5,1
51130,10,5,5,1
51131,11,5,5,1
51132,10,5,5,1
51133,11,6,6,1
51134,11,5,5,1
51135,12,6,6,1
51136,7,4,4,1
51137,8,5,5,1
51138,8,5,5,1
51139,9,5,5,1
51140,8,5,5,1
51141,9,6,6,1
51142,9,5,5,1
51143,10,6,6,1
51144,8,5,5,1
51145,9,6,6,1
51146,9,5,5,1
51147,10,6,6,1
51148,9,5,5,1
51149,10,6,6,1
51150,10,5,5,1
51151,11,6,6,1
51152,8,5,5,1
51153,9,6,6,1
51154,9,6,6,1
51155,10,6,6,1
51156,9,6,6,1
51157,10,7,7,1
51158,10,6,6,1
51159,11,7,7,1
51160,9,5,5,1
51161,10,6,6,1
51162,10,6,6,1
51163,11,6,6,1
51164,10,6,6,1
51165,11,7,7,1
51166,11,6,6,1
51167,12,7,7,1
51168,8,4,4,1
51169,9,5,5,1
51170,9,5,5,1
51171,10,5,5,1
51172,9,5,5,1
51173,10,6,6,1
51174,10,5,5,1
51175,11,6,6,1
51176,9,5,5,1
51177,10,6,6,1
51178,10,5,5,1
51179,11,6,6,1
51180,10,5,5,1
51181,11,6,6,1
51182,11,5,5,1
51183,12,6,6,1
51184,9,5,5,1
51185,10,6,6,1
51186,10,6,6,1
51187,11,6,6,1
51188,10,6,6,1
51189,11,7,7,1
51190,11,6,6,1
51191,12,7,7,1
51192,10,5,5,1
51193,11,6,6,1
51194,11,6,6,1
51195,12,6,6,1
51196,11,6,6,1
51197,12,7,7,1
51198,12,6,6,1
51199,13,7,7,1
51200,3,2,2,1
51201,4,3,3,1
51202,4,3,3,1
51203,5,3,3,1
51204,4,3,3,1
51205,5,4,4,1
51206,5,3,3,1
51207,6,4,4,1
51208,4,3,3,1
51209,5,4,4,1
51210,5,3,3,1
51211,6,4,4,1
51212,5,3,3,1
51213,6,4,4,1
51214,6,3,3,1
51215,7,4,4,1
51216,4,3,3,1
51217,5,4,4,1
51218,5,4,4,1
51219,6,4,4,1
51220,5,4,4,1
51221,6,5,5,1
51222,6,4,4,1
51223,7,5,5,1
51224,5,3,3,1
51225,6,4,4,1
51226,6,4,4,1
51227,7,4,4,1
51228,6,4,4,1
51229,7,5,5,1
51230,7,4,4,1
51231,8,5,5,1
51232,4,3,3,1
51233,5,4,4,1
51234,5,4,4,1
51235,6,4,4,1
51236,5,4,4,1
51237,6,5,5,1
51238,6,4,4,1
51239,7,5,5,1
51240,5,3,3,1
51241,6,4,4,1
51242,6,4,4,1
51243,7,4,4,1
51244,6,4,4,1
51245,7,5,5,1
51246,7,4,4,1
51247,8,5,5,1
51248,5,3,3,1
51249,6,4,4,1
51250,6,4,4,1
51251,7,4,4,1
51252,6,4,4,1
51253,7,5,5,1
51254,7,4,4,1
51255,8,5,5,1
51256,6,3,3,1
51257,7,4,4,1
51258,7,4,4,1
51259,8,4,4,1
51260,7,4,4,1
51261,8,5,5,1
51262,8,4,4,1
51263,9,5,5,1
51264,4,3,3,1
51265,5,4,4,1
51266,5,4,4,1
51267,6,4,4,1
51268,5,4,4,1
51269,6,5,5,1
51270,6,4,4,1
51271,7,5,5,1
51272,5,4,4,1
51273,6,5,5,1
51274,6,4,4,1
51275,7,5,5,1
51276,6,4,4,1
51277,7,5,5,1
51278,7,4,4,1
51279,8,5,5,1
51280,5,4,4,1
51281,6,5,5,1
51282,6,5,5,1
51283,7,5,5,1
51284,6,5,5,1
51285,7,6,6,1
51286,7,5,5,1
51287,8,6,6,1
51288,6,4,4,1
51289,7,5,5,1
51290,7,5,5,1
51291,8,5,5,1
51292,7,5,5,1
51293,8,6,6,1
51294,8,5,5,1
51295,9,6,6,1
51296,5,3,3,1
51297,6,4,4,1
51298,6,4,4,1
51299,7,4,4,1
51300,6,4,4,1
51301,7,5,5,1
51302,7,4,4,1
51303,8,5,5,1
51304,6,4,4,1
51305,7,5,5,1
51306,7,4,4,1
51307,8,5,5,1
51308,7,4,4,1
51309,8,5,5,1
51310,8,4,4,1
51311,9,5,5,1
51312,6,4,4,1
51313,7,5,5,1
51314,7,5,5,1
51315,8,5,5,1
51316,7,5,5,1
51317,8,6,6,1
51318,8,5,5,1
51319,9,6,6,1
51320,7,4,4,1
51321,8,5,5,1
51322,8,5,5,1
51323,9,5,5,1
51324,8,5,5,1
51325,9,6,6,1
51326,9,5,5,1
51327,10,6,6,1
51328,4,3,3,1
51329,5,4,4,1
51330,5,4,4,1
51331,6,4,4,1
51332,5,4,4,1
51333,6,5,5,1
51334,6,4,4,1
51335,7,5,5,1
51336,5,4,4,1
51337,6,5,5,1
51338,6,4,4,1
51339,7,5,5,1
51340,6,4,4,1
51341,7,5,5,1
51342,7,4,4,1
51343,8,5,5,1
51344,5,4,4,1
51345,6,5,5,1
51346,6,5,5,1
51347,7,5,5,1
51348,6,5,5,1
51349,7,6,6,1
51350,7,5,5,1
51351,8,6,6,1
51352,6,4,4,1
51353,7,5,5,1
51354,7,5,5,1
51355,8,5,5,1
51356,7,5,5,1
51357,8,6,6,1
51358,8,5,5,1
51359,9,6,6,1
51360,5,3,3,1
51361,6,4,4,1
51362,6,4,4,1
51363,7,4,4,1
51364,6,4,4,1
51365,7,5,5,1
51366,7,4,4,1
51367,8,5,5,1
51368,6,4,4,1
51369,7,5,5,1
51370,7,4,4,1
51371,8,5,5,1
51372,7,4,4,1
51373,8,5,5,1
51374,8,4,4,1
51375,9,5,5,1
51376,6,4,4,1
51377,7,5,5,1
51378,7,5,5,1
51379,8,5,5,1
51380,7,5,5,1
51381,8,6,6,1
51382,8,5,5,1
51383,9,6,6,1
51384,7,4,4,1
51385,8,5,5,1
51386,8,5,5,1
51387,9,5,5,1
51388,8,5,5,1
51389,9,6,6,1
51390,9,5,5,1
51391,10,6,6,1
51392,5,3,3,1
51393,6,4,4,1
51394,6,4,4,1
51395,7,4,4,1
51396,6,4,4,1
51397,7,5,5,1
51398,7,4,4,1
51399,8,5,5,1
51400,6,4,4,1
51401,7,5,5,1
51402,7,4,4,1
51403,8,5,5,1
51404,7,4,4,1
51405,8,5,5,1
51406,8,4,4,1
51407,9,5,5,1
51408,6,4,4,1
51409,7,5,5,1
51410,7,5,5,1
51411,8,5,5,1
51412,7,5,5,1
51413,8,6,6,1
51414,8,5,5,1
51415,9,6,6,1
51416,7,4,4,1
51417,8,5,5,1
51418,8,5,5,1
51419,9,5,5,1
51420,8,5,5,1
51421,9,6,6,1
51422,9,5,5,1
51423,10,6,6,1
51424,6,3,3,1
51425,7,4,4,1
51426,7,4,4,1
51427,8,4,4,1
51428,7,4,4,1
51429,8,5,5,1
51430,8,4,4,1
51431,9,5,5,1
51432,7,4,4,1
51433,8,5,5,1
51434,8,4,4,1
51435,9,5,5,1
51436,8,4,4,1
51437,9,5,5,1
51438,9,4,4,1
51439,10,5,5,1
51440,7,4,4,1
51441,8,5,5,1
51442,8,5,5,1
51443,9,5,5,1
51444,8,5,5,1
51445,9,6,6,1
51446,9,5,5,1
51447,10,6,6,1
51448,8,4,4,1
51449,9,5,5,1
51450,9,5,5,1
51451,10,5,5,1
51452,9,5,5,1
51453,10,6,6,1
51454,10,5,5,1
51455,11,6,6,1
51456,4,3,3,1
51457,5,4,4,1
51458,5,4,4,1
51459,6,4,4,1
51460,5,4,4,1
51461,6,5,5,1
51462,6,4,4,1
51463,7,5,5,1
51464,5,4,4,1
51465,6,5,5,1
51466,6,4,4,1
51467,7,5,5,1
51468,6,4,4,1
51469,7,5,5,1
51470,7,4,4,1
51471,8,5,5,1
51472,5,4,4,1
51473,6,5,5,1
51474,6,5,5,1
51475,7,5,5,1
51476,6,5,5,1
51477,7,6,6,1
51478,7,5,5,1
51479,8,6,6,1
51480,6,4,4,1
51481,7,5,5,1
51482,7,5,5,1
51483,8,5,5,1
51484,7,5,5,1
51485,8,6,6,1
51486,8,5,5,1
51487,9,6,6,1
51488,5,4,4,1
51489,6,5,5,1
51490,6,5,5,1
51491,7,5,5,1
51492,6,5,5,1
51493,7,6,6,1
51494,7,5,5,1
51495,8,6,6,1
51496,6,4,4,1
51497,7,5,5,1
51498,7,5,5,1
51499,8,5,5,1
51500,7,5,5,1
51501,8,6,6,1
51502,8,5,5,1
51503,9,6,6,1
51504,6,4,4,1
51505,7,5,5,1
51506,7,5,5,1
51507,8,5,5,1
51508,7,5,5,1
51509,8,6,6,1
51510,8,5,5,1
51511,9,6,6,1
51512,7,4,4,1
51513,8,5,5,1
51514,8,5,5,1
51515,9,5,5,1
51516,8,5,5,1
51517,9,6,6,1
51518,9,5,5,1
51519,10,6,6,1
51520,5,4,4,1
51521,6,5,5,1
51522,6,5,5,1
51523,7,5,5,1
51524,6,5,5,1
51525,7,6,6,1
51526,7,5,5,1
51527,8,6,6,1
51528,6,5,5,1
51529,7,6,6,1
51530,7,5,5,1
51531,8,6,6,1
51532,7,5,5,1
51533,8,6,6,1
51534,8,5,5,1
51535,9,6,6,1
51536,6,5,5,1
51537,7,6,6,1
51538,7,6,6,1
51539,8,6,6,1
51540,7,6,6,1
51541,8,7,7,1
51542,8,6,6,1
51543,9,7,7,1
51544,7,5,5,1
51545,8,6,6,1
51546,8,6,6,1
51547,9,6,6,1
51548,8,6,6,1
51549,9,7,7,1
51550,9,6,6,1
51551,10,7,7,1
51552,6,4,4,1
51553,7,5,5,1
51554,7,5,5,1
51555,8,5,5,1
51556,7,5,5,1
51557,8,6,6,1
51558,8,5,5,1
51559,9,6,6,1
51560,7,5,5,1
51561,8,6,6,1
51562,8,5,5,1
51563,9,6,6,1
51564,8,5,5,1
51565,9,6,6,1
51566,9,5,5,1
51567,10,6,6,1
51568,7,5,5,1
51569,8,6,6,1
51570,8,6,6,1
51571,9,6,6,1
51572,8,6,6,1
51573,9,7,7,1
51574,9,6,6,1
51575,10,7,7,1
51576,8,5,5,1
51577,9,6,6,1
51578,9,6,6,1
51579,10,6,6,1
51580,9,6,6,1
51581,10,7,7,1
51582,10,6,6,1
51583,11,7,7,1
51584,5,3,3,1
51585,6,4,4,1
51586,6,4,4,1
51587,7,4,4,1
51588,6,4,4,1
51589,7,5,5,1
51590,7,4,4,1
51591,8,5,5,1
51592,6,4,4,1
51593,7,5,5,1
51594,7,4,4,1
51595,8,5,5,1
51596,7,4,4,1
51597,8,5,5,1
51598,8,4,4,1
51599,9,5,5,1
51600,6,4,4,1
51601,7,5,5,1
51602,7,5,5,1
51603,8,5,5,1
51604,7,5,5,1
51605,8,6,6,1
51606,8,5,5,1
51607,9,6,6,1
51608,7,4,4,1
51609,8,5,5,1
51610,8,5,5,1
51611,9,5,5,1
51612,8,5,5,1
51613,9,6,6,1
51614,9,5,5,1
51615,10,6,6,1
51616,6,4,4,1
51617,7,5,5,1
51618,7,5,5,1
51619,8,5,5,1
51620,7,5,5,1
51621,8,6,6,1
51622,8,5,5,1
51623,9,6,6,1
51624,7,4,4,1
51625,8,5,5,1
51626,8,5,5,1
51627,9,5,5,1
51628,8,5,5,1
51629,9,6,6,1
51630,9,5,5,1
51631,10,6,6,1
51632,7,4,4,1
51633,8,5,5,1
51634,8,5,5,1
51635,9,5,5,1
51636,8,5,5,1
51637,9,6,6,1
51638,9,5,5,1
51639,10,6,6,1
51640,8,4,4,1
51641,9,5,5,1
51642,9,5,5,1
51643,10,5,5,1
51644,9,5,5,1
51645,10,6,6,1
51646,10,5,5,1
51647,11,6,6,1
51648,6,4,4,1
51649,7,5,5,1
51650,7,5,5,1
51651,8,5,5,1
51652,7,5,5,1
51653,8,6,6,1
51654,8,5,5,1
51655,9,6,6,1
51656,7,5,5,1
51657,8,6,6,1
51658,8,5,5,1
51659,9,6,6,1
51660,8,5,5,1
51661,9,6,6,1
51662,9,5,5,1
51663,10,6,6,1
51664,7,5,5,1
51665,8,6,6,1
51666,8,6,6,1
51667,9,6,6,1
51668,8,6,6,1
51669,9,7,7,1
51670,9,6,6,1
51671,10,7,7,1
51672,8,5,5,1
51673,9,6,6,1
51674,9,6,6,1
51675,10,6,6,1
51676,9,6,6,1
51677,10,7,7,1
51678,10,6,6,1
51679,11,7,7,1
51680,7,4,4,1
51681,8,5,5,1
51682,8,5,5,1
51683,9,5,5,1
51684,8,5,5,1
51685,9,6,6,1
51686,9,5,5,1
51687,10,6,6,1
51688,8,5,5,1
51689,9,6,6,1
51690,9,5,5,1
51691,10,6,6,1
51692,9,5,5,1
51693,10,6,6,1
51694,10,5,5,1
51695,11,6,6,1
51696,8,5,5,1
51697,9,6,6,1
51698,9,6,6,1
51699,10,6,6,1
51700,9,6,6,1
51701,10,7,7,1
51702,10,6,6,1
51703,11,7,7,1
51704,9,5,5,1
51705,10,6,6,1
51706,10,6,6,1
51707,11,6,6,1
51708,10,6,6,1
51709,11,7,7,1
51710,11,6,6,1
51711,12,7,7,1
51712,4,2,2,1
51713,5,3,3,1
51714,5,3,3,1
51715,6,3,3,1
51716,5,3,3,1
51717,6,4,4,1
51718,6,3,3,1
51719,7,4,4,1
51720,5,3,3,1
51721,6,4,4,1
51722,6,3,3,1
51723,7,4,4,1
51724,6,3,3,1
51725,7,4,4,1
51726,7,3,3,1
51727,8,4,4,1
51728,5,3,3,1
51729,6,4,4,1
51730,6,4,4,1
51731,7,4,4,1
51732,6,4,4,1
51733,7,5,5,1
51734,7,4,4,1
51735,8,5,5,1
51736,6,3,3,1
51737,7,4,4,1
51738,7,4,4,1
51739,8,4,4,1
51740,7,4,4,1
51741,8,5,5,1
51742,8,4,4,1
51743,9,5,5,1
51744,5,3,3,1
51745,6,4,4,1
51746,6,4,4,1
51747,7,4,4,1
51748,6,4,4,1
51749,7,5,5,1
51750,7,4,4,1
51751,8,5,5,1
51752,6,3,3,1
51753,7,4,4,1
51754,7,4,4,1
51755,8,4,4,1
51756,7,4,4,1
51757,8,5,5,1
51758,8,4,4,1
51759,9,5,5,1
51760,6,3,3,1
51761,7,4,4,1
51762,7,4,4,1
51763,8,4,4,1
51764,7,4,4,1
51765,8,5,5,1
51766,8,4,4,1
51767,9,5,5,1
51768,7,3,3,1
51769,8,4,4,1
51770,8,4,4,1
51771,9,4,4,1
51772,8,4,4,1
51773,9,5,5,1
51774,9,4,4,1
51775,10,5,5,1
51776,5,3,3,1
51777,6,4,4,1
51778,6,4,4,1
51779,7,4,4,1
51780,6,4,4,1
51781,7,5,5,1
51782,7,4,4,1
51783,8,5,5,1
51784,6,4,4,1
51785,7,5,5,1
51786,7,4,4,1
51787,8,5,5,1
51788,7,4,4,1
51789,8,5,5,1
51790,8,4,4,1
51791,9,5,5,1
51792,6,4,4,1
51793,7,5,5,1
51794,7,5,5,1
51795,8,5,5,1
51796,7,5,5,1
51797,8,6,6,1
51798,8,5,5,1
51799,9,6,6,1
51800,7,4,4,1
51801,8,5,5,1
51802,8,5,5,1
51803,9,5,5,1
51804,8,5,5,1
51805,9,6,6,1
51806,9,5,5,1
51807,10,6,6,1
51808,6,3,3,1
51809,7,4,4,1
51810,7,4,4,1
51811,8,4,4,1
51812,7,4,4,1
51813,8,5,5,1
51814,8,4,4,1
51815,9,5,5,1
51816,7,4,4,1
51817,8,5,5,1
51818,8,4,4,1
51819,9,5,5,1
51820,8,4,4,1
51821,9,5,5,1
51822,9,4,4,1
51823,10,5,5,1
51824,7,4,4,1
51825,8,5,5,1
51826,8,5,5,1
51827,9,5,5,1
51828,8,5,5,1
51829,9,6,6,1
51830,9,5,5,1
51831,10,6,6,1
51832,8,4,4,1
51833,9,5,5,1
51834,9,5,5,1
51835,10,5,5,1
51836,9,5,5,1
51837,10,6,6,1
51838,10,5,5,1
51839,11,6,6,1
51840,5,3,3,1
51841,6,4,4,1
51842,6,4,4,1
51843,7,4,4,1
51844,6,4,4,1
51845,7,5,5,1
51846,7,4,4,1
51847,8,5,5,1
51848,6,4,4,1
51849,7,5,5,1
51850,7,4,4,1
51851,8,5,5,1
51852,7,4,4,1
51853,8,5,5,1
51854,8,4,4,1
51855,9,5,5,1
51856,6,4,4,1
51857,7,5,5,1
51858,7,5,5,1
51859,8,5,5,1
51860,7,5,5,1
51861,8,6,6,1
51862,8,5,5,1
51863,9,6,6,1
51864,7,4,4,1
51865,8,5,5,1
51866,8,5,5,1
51867,9,5,5,1
51868,8,5,5,1
51869,9,6,6,1
51870,9,5,5,1
51871,10,6,6,1
51872,6,3,3,1
51873,7,4,4,1
51874,7,4,4,1
51875,8,4,4,1
51876,7,4,4,1
51877,8,5,5,1
51878,8,4,4,1
51879,9,5,5,1
51880,7,4,4,1
51881,8,5,5,1
51882,8,4,4,1
51883,9,5,5,1
51884,8,4,4,1
51885,9,5,5,1
51886,9,4,4,1
51887,10,5,5,1
51888,7,4,4,1
51889,8,5,5,1
51890,8,5,5,1
51891,9,5,5,1
51892,8,5,5,1
51893,9,6,6,1
51894,9,5,5,1
51895,10,6,6,1
51896,8,4,4,1
51897,9,5,5,1
51898,9,5,5,1
51899,10,5,5,1
51900,9,5,5,1
51901,10,6,6,1
51902,10,5,5,1
51903,11,6,6,1
51904,6,3,3,1
51905,7,4,4,1
51906,7,4,4,1
51907,8,4,4,1
51908,7,4,4,1
51909,8,5,5,1
51910,8,4,4,1
51911,9,5,5,1
51912,7,4,4,1
51913,8,5,5,1
51914,8,4,4,1
51915,9,5,5,1
51916,8,4,4,1
51917,9,5,5,1
51918,9,4,4,1
51919,10,5,5,1
51920,7,4,4,1
51921,8,5,5,1
51922,8,5,5,1
51923,9,5,5,1
51924,8,5,5,1
51925,9,6,6,1
51926,9,5,5,1
51927,10,6,6,1
51928,8,4,4,1
51929,9,5,5,1
51930,9,5,5,1
51931,10,5,5,1
51932,9,5,5,1
51933,10,6,6,1
51934,10,5,5,1
51935,11,6,6,1
51936,7,3,3,1
51937,8,4,4,1
51938,8,4,4,1
51939,9,4,4,1
51940,8,4,4,1
51941,9,5,5,1
51942,9,4,4,1
51943,10,5,5,1
51944,8,4,4,1
51945,9,5,5,1
51946,9,4,4,1
51947,10,5,5,1
51948,9,4,4,1
51949,10,5,5,1
51950,10,4,4,1
51951,11,5,5,1
51952,8,4,4,1
51953,9,5,5,1
51954,9,5,5,1
51955,10,5,5,1
51956,9,5,5,1
51957,10,6,6,1
51958,10,5,5,1
51959,11,6,6,1
51960,9,4,4,1
51961,10,5,5,1
51962,10,5,5,1
51963,11,5,5,1
51964,10,5,5,1
51965,11,6,6,1
51966,11,5,5,1
51967,12,6,6,1
51968,5,3,3,1
51969,6,4,4,1
51970,6,4,4,1
51971,7,4,4,1
51972,6,4,4,1
51973,7,5,5,1
51974,7,4,4,1
51975,8,5,5,1
51976,6,4,4,1
51977,7,5,5,1
51978,7,4,4,1
51979,8,5,5,1
51980,7,4,4,1
51981,8,5,5,1
51982,8,4,4,1
51983,9,5,5,1
51984,6,4,4,1
51985,7,5,5,1
51986,7,5,5,1
51987,8,5,5,1
51988,7,5,5,1
51989,8,6,6,1
51990,8,5,5,1
51991,9,6,6,1
51992,7,4,4,1
51993,8,5,5,1
51994,8,5,5,1
51995,9,5,5,1
51996,8,5,5,1
51997,9,6,6,1
51998,9,5,5,1
51999,10,6,6,1
52000,6,4,4,1
52001,7,5,5,1
52002,7,5,5,1
52003,8,5,5,1
52004,7,5,5,1
52005,8,6,6,1
52006,8,5,5,1
52007,9,6,6,1
52008,7,4,4,1
52009,8,5,5,1
52010,8,5,5,1
52011,9,5,5,1
52012,8,5,5,1
52013,9,6,6,1
52014,9,5,5,1
52015,10,6,6,1
52016,7,4,4,1
52017,8,5,5,1
52018,8,5,5,1
52019,9,5,5,1
52020,8,5,5,1
52021,9,6,6,1
52022,9,5,5,1
52023,10,6,6,1
52024,8,4,4,1
52025,9,5,5,1
52026,9,5,5,1
52027,10,5,5,1
52028,9,5,5,1
52029,10,6,6,1
52030,10,5,5,1
52031,11,6,6,1
52032,6,4,4,1
52033,7,5,5,1
52034,7,5,5,1
52035,8,5,5,1
52036,7,5,5,1
52037,8,6,6,1
52038,8,5,5,1
52039,9,6,6,1
52040,7,5,5,1
52041,8,6,6,1
52042,8,5,5,1
52043,9,6,6,1
52044,8,5,5,1
52045,9,6,6,1
52046,9,5,5,1
52047,10,6,6,1
52048,7,5,5,1
52049,8,6,6,1
52050,8,6,6,1
52051,9,6,6,1
52052,8,6,6,1
52053,9,7,7,1
52054,9,6,6,1
52055,10,7,7,1
52056,8,5,5,1
52057,9,6,6,1
52058,9,6,6,1
52059,10,6,6,1
52060,9,6,6,1
52061,10,7,7,1
52062,10,6,6,1
52063,11,7,7,1
52064,7,4,4,1
52065,8,5,5,1
52066,8,5,5,1
52067,9,5,5,1
52068,8,5,5,1
52069,9,6,6,1
52070,9,5,5,1
52071,10,6,6,1
52072,8,5,5,1
52073,9,6,6,1
52074,9,5,5,1
52075,10,6,6,1
52076,9,5,5,1
52077,10,6,6,1
52078,10,5,5,1
52079,11,6,6,1
52080,8,5,5,1
52081,9,6,6,1
52082,9,6,6,1
52083,10,6,6,1
52084,9,6,6,1
52085,10,7,7,1
52086,10,6,6,1
52087,11,7,7,1
52088,9,5,5,1
52089,10,6,6,1
52090,10,6,6,1
52091,11,6,6,1
52092,10,6,6,1
52093,11,7,7,1
52094,11,6,6,1
52095,12,7,7,1
52096,6,3,3,1
52097,7,4,4,1
52098,7,4,4,1
52099,8,4,4,1
52100,7,4,4,1
52101,8,5,5,1
52102,8,4,4,1
52103,9,5,5,1
52104,7,4,4,1
52105,8,5,5,1
52106,8,4,4,1
52107,9,5,5,1
52108,8,4,4,1
52109,9,5,5,1
52110,9,4,4,1
52111,10,5,5,1
52112,7,4,4,1
52113,8,5,5,1
52114,8,5,5,1
52115,9,5,5,1
52116,8,5,5,1
52117,9,6,6,1
52118,9,5,5,1
52119,10,6,6,1
52120,8,4,4,1
52121,9,5,5,1
52122,9,5,5,1
52123,10,5,5,1
52124,9,5,5,1
52125,10,6,6,1
52126,10,5,5,1
52127,11,6,6,1
52128,7,4,4,1
52129,8,5,5,1
52130,8,5,5,1
52131,9,5,5,1
52132,8,5,5,1
52133,9,6,6,1
52134,9,5,5,1
52135,10,6,6,1
52136,8,4,4,1
52137,9,5,5,1
52138,9,5,5,1
52139,10,5,5,1
52140,9,5,5,1
52141,10,6,6,1
52142,10,5,5,1
52143,11,6,6,1
52144,8,4,4,1
52145,9,5,5,1
52146,9,5,5,1
52147,10,5,5,1
52148,9,5,5,1
52149,10,6,6,1
52150,10,5,5,1
52151,11,6,6,1
52152,9,4,4,1
52153,10,5,5,1
52154,10,5,5,1
52155,11,5,5,1
52156,10,5,5,1
52157,11,6,6,1
52158,11,5,5,1
52159,12,6,6,1
52160,7,4,4,1
52161,8,5,5,1
52162,8,5,5,1
52163,9,5,5,1
52164,8,5,5,1
52165,9,6,6,1
52166,9,5,5,1
52167,10,6,6,1
52168,8,5,5,1
52169,9,6,6,1
52170,9,5,5,1
52171,10,6,6,1
52172,9,5,5,1
52173,10,6,6,1
52174,10,5,5,1
52175,11,6,6,1
52176,8,5,5,1
52177,9,6,6,1
52178,9,6,6,1
52179,10,6,6,1
52180,9,6,6,1
52181,10,7,7,1
52182,10,6,6,1
52183,11,7,7,1
52184,9,5,5,1
52185,10,6,6,1
52186,10,6,6,1
52187,11,6,6,1
52188,10,6,6,1
52189,11,7,7,1
52190,11,6,6,1
52191,12,7,7,1
52192,8,4,4,1
52193,9,5,5,1
52194,9,5,5,1
52195,10,5,5,1
52196,9,5,5,1
52197,10,6,6,1
52198,10,5,5,1
52199,11,6,6,1
52200,9,5,5,1
52201,10,6,6,1
52202,10,5,5,1
52203,11,6,6,1
52204,10,5,5,1
52205,11,6,6,1
52206,11,5,5,1
52207,12,6,6,1
52208,9,5,5,1
52209,10,6,6,1
52210,10,6,6,1
52211,11,6,6,1
52212,10,6,6,1
52213,11,7,7,1
52214,11,6,6,1
52215,12,7,7,1
52216,10,5,5,1
52217,11,6,6,1
52218,11,6,6,1
52219,12,6,6,1
52220,11,6,6,1
52221,12,7,7,1
52222,12,6,6,1
52223,13,7,7,1
52224,4,2,2,1
52225,5,3,3,1
52226,5,3,3,1
52227,6,3,3,1
52228,5,3,3,1
52229,6,4,4,1
52230,6,3,3,1
52231,7,4,4,1
52232,5,3,3,1
52233,6,4,4,1
52234,6,3,3,1
52235,7,4,4,1
52236,6,3,3,1
52237,7,4,4,1
52238,7,3,3,1
52239,8,4,4,1
52240,5,3,3,1
52241,6,4,4,1
52242,6,4,4,1
52243,7,4,4,1
52244,6,4,4,1
52245,7,5,5,1
52246,7,4,4,1
52247,8,5,5,1
52248,6,3,3,1
52249,7,4,4,1
52250,7,4,4,1
52251,8,4,4,1
52252,7,4,4,1
52253,8,5,5,1
52254,8,4,4,1
52255,9,5,5,1
52256,5,3,3,1
52257,6,4,4,1
52258,6,4,4,1
52259,7,4,4,1
52260,6,4,4,1
52261,7,5,5,1
52262,7,4,4,1
52263,8,5,5,1
52264,6,3,3,1
52265,7,4,4,1
52266,7,4,4,1
52267,8,4,4,1
52268,7,4,4,1
52269,8,5,5,1
52270,8,4,4,1
52271,9,5,5,1
52272,6,3,3,1
52273,7,4,4,1
52274,7,4,4,1
52275,8,4,4,1
52276,7,4,4,1
52277,8,5,5,1
52278,8,4,4,1
52279,9,5,5,1
52280,7,3,3,1
52281,8,4,4,1
52282,8,4,4,1
52283,9,4,4,1
52284,8,4,4,1
52285,9,5,5,1
52286,9,4,4,1
52287,10,5,5,1
52288,5,3,3,1
52289,6,4,4,1
52290,6,4,4,1
52291,7,4,4,1
52292,6,4,4,1
52293,7,5,5,1
52294,7,4,4,1
52295,8,5,5,1
52296,6,4,4,1
52297,7,5,5,1
52298,7,4,4,1
52299,8,5,5,1
52300,7,4,4,1
52301,8,5,5,1
52302,8,4,4,1
52303,9,5,5,1
52304,6,4,4,1
52305,7,5,5,1
52306,7,5,5,1
52307,8,5,5,1
52308,7,5,5,1
52309,8,6,6,1
52310,8,5,5,1
52311,9,6,6,1
52312,7,4,4,1
52313,8,5,5,1
52314,8,5,5,1
52315,9,5,5,1
52316,8,5,5,1
52317,9,6,6,1
52318,9,5,5,1
52319,10,6,6,1
52320,6,3,3,1
52321,7,4,4,1
52322,7,4,4,1
52323,8,4,4,1
52324,7,4,4,1
52325,8,5,5,1
52326,8,4,4,1
52327,9,5,5,1
52328,7,4,4,1
52329,8,5,5,1
52330,8,4,4,1
52331,9,5,5,1
52332,8,4,4,1
52333,9,5,5,1
52334,9,4,4,1
52335,10,5,5,1
52336,7,4,4,1
52337,8,5,5,1
52338,8,5,5,1
52339,9,5,5,1
52340,8,5,5,1
52341,9,6,6,1
52342,9,5,5,1
52343,10,6,6,1
52344,8,4,4,1
52345,9,5,5,1
52346,9,5,5,1
52347,10,5,5,1
52348,9,5,5,1
52349,10,6,6,1
52350,10,5,5,1
52351,11,6,6,1
52352,5,3,3,1
52353,6,4,4,1
52354,6,4,4,1
52355,7,4,4,1
52356,6,4,4,1
52357,7,5,5,1
52358,7,4,4,1
52359,8,5,5,1
52360,6,4,4,1
52361,7,5,5,1
52362,7,4,4,1
52363,8,5,5,1
52364,7,4,4,1
52365,8,5,5,1
52366,8,4,4,1
52367,9,5,5,1
52368,6,4,4,1
52369,7,5,5,1
52370,7,5,5,1
52371,8,5,5,1
52372,7,5,5,1
52373,8,6,6,1
52374,8,5,5,1
52375,9,6,6,1
52376,7,4,4,1
52377,8,5,5,1
52378,8,5,5,1
52379,9,5,5,1
52380,8,5,5,1
52381,9,6,6,1
52382,9,5,5,1
52383,10,6,6,1
52384,6,3,3,1
52385,7,4,4,1
52386,7,4,4,1
52387,8,4,4,1
52388,7,4,4,1
52389,8,5,5,1
52390,8,4,4,1
52391,9,5,5,1
52392,7,4,4,1
52393,8,5,5,1
52394,8,4,4,1
52395,9,5,5,1
52396,8,4,4,1
52397,9,5,5,1
52398,9,4,4,1
52399,10,5,5,1
52400,7,4,4,1
52401,8,5,5,1
52402,8,5,5,1
52403,9,5,5,1
52404,8,5,5,1
52405,9,6,6,1
52406,9,5,5,1
52407,10,6,6,1
52408,8,4,4,1
52409,9,5,5,1
52410,9,5,5,1
52411,10,5,5,1
52412,9,5,5,1
52413,10,6,6,1
52414,10,5,5,1
52415,11,6,6,1
52416,6,3,3,1
52417,7,4,4,1
52418,7,4,4,1
52419,8,4,4,1
52420,7,4,4,1
52421,8,5,5,1
52422,8,4,4,1
52423,9,5,5,1
52424,7,4,4,1
52425,8,5,5,1
52426,8,4,4,1
52427,9,5,5,1
52428,8,4,4,1
52429,9,5,5,1
52430,9,4,4,1
52431,10,5,5,1
52432,7,4,4,1
52433,8,5,5,1
52434,8,5,5,1
52435,9,5,5,1
52436,8,5,5,1
52437,9,6,6,1
52438,9,5,5,1
52439,10,6,6,1
52440,8,4,4,1
52441,9,5,5,1
52442,9,5,5,1
52443,10,5,5,1
52444,9,5,5,1
52445,10,6,6,1
52446,10,5,5,1
52447,11,6,6,1
52448,7,3,3,1
52449,8,4,4,1
52450,8,4,4,1
52451,9,4,4,1
52452,8,4,4,1
52453,9,5,5,1
52454,9,4,4,1
52455,10,5,5,1
52456,8,4,4,1
52457,9,5,5,1
52458,9,4,4,1
52459,10,5,5,1
52460,9,4,4,1
52461,10,5,5,1
52462,10,4,4,1
52463,11,5,5,1
52464,8,4,4,1
52465,9,5,5,1
52466,9,5,5,1
52467,10,5,5,1
52468,9,5,5,1
52469,10,6,6,1
52470,10,5,5,1
52471,11,6,6,1
52472,9,4,4,1
52473,10,5,5,1
52474,10,5,5,1
52475,11,5,5,1
52476,10,5,5,1
52477,11,6,6,1
52478,11,5,5,1
52479,12,6,6,1
52480,5,3,3,1
52481,6,4,4,1
52482,6,4,4,1
52483,7,4,4,1
52484,6,4,4,1
52485,7,5,5,1
52486,7,4,4,1
52487,8,5,5,1
52488,6,4,4,1
52489,7,5,5,1
52490,7,4,4,1
52491,8,5,5,1
52492,7,4,4,1
52493,8,5,5,1
52494,8,4,4,1
52495,9,5,5,1
52496,6,4,4,1
52497,7,5,5,1
52498,7,5,5,1
52499,8,5,5,1
52500,7,5,5,1
52501,8,6,6,1
52502,8,5,5,1
52503,9,6,6,1
52504,7,4,4,1
52505,8,5,5,1
52506,8,5,5,1
52507,9,5,5,1
52508,8,5,5,1
52509,9,6,6,1
52510,9,5,5,1
52511,10,6,6,1
52512,6,4,4,1
52513,7,5,5,1
52514,7,5,5,1
52515,8,5,5,1
52516,7,5,5,1
52517,8,6,6,1
52518,8,5,5,1
52519,9,6,6,1
52520,7,4,4,1
52521,8,5,5,1
52522,8,5,5,1
52523,9,5,5,1
52524,8,5,5,1
52525,9,6,6,1
52526,9,5,5,1
52527,10,6,6,1
52528,7,4,4,1
52529,8,5,5,1
52530,8,5,5,1
52531,9,5,5,1
52532,8,5,5,1
52533,9,6,6,1
52534,9,5,5,1
52535,10,6,6,1
52536,8,4,4,1
52537,9,5,5,1
52538,9,5,5,1
52539,10,5,5,1
52540,9,5,5,1
52541,10,6,6,1
52542,10,5,5,1
52543,11,6,6,1
52544,6,4,4,1
52545,7,5,5,1
52546,7,5,5,1
52547,8,5,5,1
52548,7,5,5,1
52549,8,6,6,1
52550,8,5,5,1
52551,9,6,6,1
52552,7,5,5,1
52553,8,6,6,1
52554,8,5,5,1
52555,9,6,6,1
52556,8,5,5,1
52557,9,6,6,1
52558,9,5,5,1
52559,10,6,6,1
52560,7,5,5,1
52561,8,6,6,1
52562,8,6,6,1
52563,9,6,6,1
52564,8,6,6,1
52565,9,7,7,1
52566,9,6,6,1
52567,10,7,7,1
52568,8,5,5,1
52569,9,6,6,1
52570,9,6,6,1
52571,10,6,6,1
52572,9,6,6,1
52573,10,7,7,1
52574,10,6,6,1
52575,11,7,7,1
52576,7,4,4,1
52577,8,5,5,1
52578,8,5,5,1
52579,9,5,5,1
52580,8,5,5,1
52581,9,6,6,1
52582,9,5,5,1
52583,10,6,6,1
52584,8,5,5,1
52585,9,6,6,1
52586,9,5,5,1
52587,10,6,6,1
52588,9,5,5,1
52589,10,6,6,1
52590,10,5,5,1
52591,11,6,6,1
52592,8,5,5,1
52593,9,6,6,1
52594,9,6,6,1
52595,10,6,6,1
52596,9,6,6,1
52597,10,7,7,1
52598,10,6,6,1
52599,11,7,7,1
52600,9,5,5,1
52601,10,6,6,1
52602,10,6,6,1
52603,11,6,6,1
52604,10,6,6,1
52605,11,7,7,1
52606,11,6,6,1
52607,12,7,7,1
52608,6,3,3,1
52609,7,4,4,1
52610,7,4,4,1
52611,8,4,4,1
52612,7,4,4,1
52613,8,5,5,1
52614,8,4,4,1
52615,9,5,5,1
52616,7,4,4,1
52617,8,5,5,1
52618,8,4,4,1
52619,9,5,5,1
52620,8,4,4,1
52621,9,5,5,1
52622,9,4,4,1
52623,10,5,5,1
52624,7,4,4,1
52625,8,5,5,1
52626,8,5,5,1
52627,9,5,5,1
52628,8,5,5,1
52629,9,6,6,1
52630,9,5,5,1
52631,10,6,6,1
52632,8,4,4,1
52633,9,5,5,1
52634,9,5,5,1
52635,10,5,5,1
52636,9,5,5,1
52637,10,6,6,1
52638,10,5,5,1
52639,11,6,6,1
52640,7,4,4,1
52641,8,5,5,1
52642,8,5,5,1
52643,9,5,5,1
52644,8,5,5,1
52645,9,6,6,1
52646,9,5,5,1
52647,10,6,6,1
52648,8,4,4,1
52649,9,5,5,1
52650,9,5,5,1
52651,10,5,5,1
52652,9,5,5,1
52653,10,6,6,1
52654,10,5,5,1
52655,11,6,6,1
52656,8,4,4,1
52657,9,5,5,1
52658,9,5,5,1
52659,10,5,5,1
52660,9,5,5,1
52661,10,6,6,1
52662,10,5,5,1
52663,11,6,6,1
52664,9,4,4,1
52665,10,5,5,1
52666,10,5,5,1
52667,11,5,5,1
52668,10,5,5,1
52669,11,6,6,1
52670,11,5,5,1
52671,12,6,6,1
52672,7,4,4,1
52673,8,5,5,1
52674,8,5,5,1
52675,9,5,5,1
52676,8,5,5,1
52677,9,6,6,1
52678,9,5,5,1
52679,10,6,6,1
52680,8,5,5,1
52681,9,6,6,1
52682,9,5,5,1
52683,10,6,6,1
52684,9,5,5,1
52685,10,6,6,1
52686,10,5,5,1
52687,11,6,6,1
52688,8,5,5,1
52689,9,6,6,1
52690,9,6,6,1
52691,10,6,6,1
52692,9,6,6,1
52693,10,7,7,1
52694,10,6,6,1
52695,11,7,7,1
52696,9,5,5,1
52697,10,6,6,1
52698,10,6,6,1
52699,11,6,6,1
52700,10,6,6,1
52701,11,7,7,1
52702,11,6,6,1
52703,12,7,7,1
52704,8,4,4,1
52705,9,5,5,1
52706,9,5,5,1
52707,10,5,5,1
52708,9,5,5,1
52709,10,6,6,1
52710,10,5,5,1
52711,11,6,6,1
52712,9,5,5,1
52713,10,6,6,1
52714,10,5,5,1
52715,11,6,6,1
52716,10,5,5,1
52717,11,6,6,1
52718,11,5,5,1
52719,12,6,6,1
52720,9,5,5,1
52721,10,6,6,1
52722,10,6,6,1
52723,11,6,6,1
52724,10,6,6,1
52725,11,7,7,1
52726,11,6,6,1
52727,12,7,7,1
52728,10,5,5,1
52729,11,6,6,1
52730,11,6,6,1
52731,12,6,6,1
52732,11,6,6,1
52733,12,7,7,1
52734,12,6,6,1
52735,13,7,7,1
52736,5,2,2,1
52737,6,3,3,1
52738,6,3,3,1
52739,7,3,3,1
52740,6,3,3,1
52741,7,4,4,1
52742,7,3,3,1
52743,8,4,4,1
52744,6,3,3,1
52745,7,4,4,1
52746,7,3,3,1
52747,8,4,4,1
52748,7,3,3,1
52749,8,4,4,1
52750,8,3,3,1
52751,9,4,4,1
52752,6,3,3,1
52753,7,4,4,1
52754,7,4,4,1
52755,8,4,4,1
52756,7,4,4,1
52757,8,5,5,1
52758,8,4,4,1
52759,9,5,5,1
52760,7,3,3,1
52761,8,4,4,1
52762,8,4,4,1
52763,9,4,4,1
52764,8,4,4,1
52765,9,5,5,1
52766,9,4,4,1
52767,10,5,5,1
52768,6,3,3,1
52769,7,4,4,1
52770,7,4,4,1
52771,8,4,4,1
52772,7,4,4,1
52773,8,5,5,1
52774,8,4,4,1
52775,9,5,5,1
52776,7,3,3,1
52777,8,4,4,1
52778,8,4,4,1
52779,9,4,4,1
52780,8,4,4,1
52781,9,5,5,1
52782,9,4,4,1
52783,10,5,5,1
52784,7,3,3,1
52785,8,4,4,1
52786,8,4,4,1
52787,9,4,4,1
52788,8,4,4,1
52789,9,5,5,1
52790,9,4,4,1
52791,10,5,5,1
52792,8,3,3,1
52793,9,4,4,1
52794,9,4,4,1
52795,10,4,4,1
52796,9,4,4,1
52797,10,5,5,1
52798,10,4,4,1
52799,11,5,5,1
52800,6,3,3,1
52801,7,4,4,1
52802,7,4,4,1
52803,8,4,4,1
52804,7,4,4,1
52805,8,5,5,1
52806,8,4,4,1
52807,9,5,5,1
52808,7,4,4,1
52809,8,5,5,1
52810,8,4,4,1
52811,9,5,5,1
52812,8,4,4,1
52813,9,5,5,1
52814,9,4,4,1
52815,10,5,5,1
52816,7,4,4,1
52817,8,5,5,1
52818,8,5,5,1
52819,9,5,5,1
52820,8,5,5,1
52821,9,6,6,1
52822,9,5,5,1
52823,10,6,6,1
52824,8,4,4,1
52825,9,5,5,1
52826,9,5,5,1
52827,10,5,5,1
52828,9,5,5,1
52829,10,6,6,1
52830,10,5,5,1
52831,11,6,6,1
52832,7,3,3,1
52833,8,4,4,1
52834,8,4,4,1
52835,9,4,4,1
52836,8,4,4,1
52837,9,5,5,1
52838,9,4,4,1
52839,10,5,5,1
52840,8,4,4,1
52841,9,5,5,1
52842,9,4,4,1
52843,10,5,5,1
52844,9,4,4,1
52845,10,5,5,1
52846,10,4,4,1
52847,11,5,5,1
52848,8,4,4,1
52849,9,5,5,1
52850,9,5,5,1
52851,10,5,5,1
52852,9,5,5,1
52853,10,6,6,1
52854,10,5,5,1
52855,11,6,6,1
52856,9,4,4,1
52857,10,5,5,1
52858,10,5,5,1
52859,11,5,5,1
52860,10,5,5,1
52861,11,6,6,1
52862,11,5,5,1
52863,12,6,6,1
52864,6,3,3,1
52865,7,4,4,1
52866,7,4,4,1
52867,8,4,4,1
52868,7,4,4,1
52869,8,5,5,1
52870,8,4,4,1
52871,9,5,5,1
52872,7,4,4,1
52873,8,5,5,1
52874,8,4,4,1
52875,9,5,5,1
52876,8,4,4,1
52877,9,5,5,1
52878,9,4,4,1
52879,10,5,5,1
52880,7,4,4,1
52881,8,5,5,1
52882,8,5,5,1
52883,9,5,5,1
52884,8,5,5,1
52885,9,6,6,1
52886,9,5,5,1
52887,10,6,6,1
52888,8,4,4,1
52889,9,5,5,1
52890,9,5,5,1
52891,10,5,5,1
52892,9,5,5,1
52893,10,6,6,1
52894,10,5,5,1
52895,11,6,6,1
52896,7,3,3,1
52897,8,4,4,1
52898,8,4,4,1
52899,9,4,4,1
52900,8,4,4,1
52901,9,5,5,1
52902,9,4,4,1
52903,10,5,5,1
52904,8,4,4,1
52905,9,5,5,1
52906,9,4,4,1
52907,10,5,5,1
52908,9,4,4,1
52909,10,5,5,1
52910,10,4,4,1
52911,11,5,5,1
52912,8,4,4,1
52913,9,5,5,1
52914,9,5,5,1
52915,10,5,5,1
52916,9,5,5,1
52917,10,6,6,1
52918,10,5,5,1
52919,11,6,6,1
52920,9,4,4,1
52921,10,5,5,1
52922,10,5,5,1
52923,11,5,5,1
52924,10,5,5,1
52925,11,6,6,1
52926,11,5,5,1
52927,12,6,6,1
52928,7,3,3,1
52929,8,4,4,1
52930,8,4,4,1
52931,9,4,4,1
52932,8,4,4,1
52933,9,5,5,1
52934,9,4,4,1
52935,10,5,5,1
52936,8,4,4,1
52937,9,5,5,1
52938,9,4,4,1
52939,10,5,5,1
52940,9,4,4,1
52941,10,5,5,1
52942,10,4,4,1
52943,11,5,5,1
52944,8,4,4,1
52945,9,5,5,1
52946,9,5,5,1
52947,10,5,5,1
52948,9,5,5,1
52949,10,6,6,1
52950,10,5,5,1
52951,11,6,6,1
52952,9,4,4,1
52953,10,5,5,1
52954,10,5,5,1
52955,11,5,5,1
52956,10,5,5,1
52957,11,6,6,1
52958,11,5,5,1
52959,12,6,6,1
52960,8,3,3,1
52961,9,4,4,1
52962,9,4,4,1
52963,10,4,4,1
52964,9,4,4,1
52965,10,5,5,1
52966,10,4,4,1
52967,11,5,5,1
52968,9,4,4,1
52969,10,5,5,1
52970,10,4,4,1
52971,11,5,5,1
52972,10,4,4,1
52973,11,5,5,1
52974,11,4,4,1
52975,12,5,5,1
52976,9,4,4,1
52977,10,5,5,1
52978,10,5,5,1
52979,11,5,5,1
52980,10,5,5,1
52981,11,6,6,1
52982,11,5,5,1
52983,12,6,6,1
52984,10,4,4,1
52985,11,5,5,1
52986,11,5,5,1
52987,12,5,5,1
52988,11,5,5,1
52989,12,6,6,1
52990,12,5,5,1
52991,13,6,6,1
52992,6,3,3,1
52993,7,4,4,1
52994,7,4,4,1
52995,8,4,4,1
52996,7,4,4,1
52997,8,5,5,1
52998,8,4,4,1
52999,9,5,5,1
53000,7,4,4,1
53001,8,5,5,1
53002,8,4,4,1
53003,9,5,5,1
53004,8,4,4,1
53005,9,5,5,1
53006,9,4,4,1
53007,10,5,5,1
53008,7,4,4,1
53009,8,5,5,1
53010,8,5,5,1
53011,9,5,5,1
53012,8,5,5,1
53013,9,6,6,1
53014,9,5,5,1
53015,10,6,6,1
53016,8,4,4,1
53017,9,5,5,1
53018,9,5,5,1
53019,10,5,5,1
53020,9,5,5,1
53021,10,6,6,1
53022,10,5,5,1
53023,11,6,6,1
53024,7,4,4,1
53025,8,5,5,1
53026,8,5,5,1
53027,9,5,5,1
53028,8,5,5,1
53029,9,6,6,1
53030,9,5,5,1
53031,10,6,6,1
53032,8,4,4,1
53033,9,5,5,1
53034,9,5,5,1
53035,10,5,5,1
53036,9,5,5,1
53037,10,6,6,1
53038,10,5,5,1
53039,11,6,6,1
53040,8,4,4,1
53041,9,5,5,1
53042,9,5,5,1
53043,10,5,5,1
53044,9,5,5,1
53045,10,6,6,1
53046,10,5,5,1
53047,11,6,6,1
53048,9,4,4,1
53049,10,5,5,1
53050,10,5,5,1
53051,11,5,5,1
53052,10,5,5,1
53053,11,6,6,1
53054,11,5,5,1
53055,12,6,6,1
53056,7,4,4,1
53057,8,5,5,1
53058,8,5,5,1
53059,9,5,5,1
53060,8,5,5,1
53061,9,6,6,1
53062,9,5,5,1
53063,10,6,6,1
53064,8,5,5,1
53065,9,6,6,1
53066,9,5,5,1
53067,10,6,6,1
53068,9,5,5,1
53069,10,6,6,1
53070,10,5,5,1
53071,11,6,6,1
53072,8,5,5,1
53073,9,6,6,1
53074,9,6,6,1
53075,10,6,6,1
53076,9,6,6,1
53077,10,7,7,1
53078,10,6,6,1
53079,11,7,7,1
53080,9,5,5,1
53081,10,6,6,1
53082,10,6,6,1
53083,11,6,6,1
53084,10,6,6,1
53085,11,7,7,1
53086,11,6,6,1
53087,12,7,7,1
53088,8,4,4,1
53089,9,5,5,1
53090,9,5,5,1
53091,10,5,5,1
53092,9,5,5,1
53093,10,6,6,1
53094,10,5,5,1
53095,11,6,6,1
53096,9,5,5,1
53097,10,6,6,1
53098,10,5,5,1
53099,11,6,6,1
53100,10,5,5,1
53101,11,6,6,1
53102,11,5,5,1
53103,12,6,6,1
53104,9,5,5,1
53105,10,6,6,1
53106,10,6,6,1
53107,11,6,6,1
53108,10,6,6,1
53109,11,7,7,1
53110,11,6,6,1
53111,12,7,7,1
53112,10,5,5,1
53113,11,6,6,1
53114,11,6,6,1
53115,12,6,6,1
53116,11,6,6,1
53117,12,7,7,1
53118,12,6,6,1
53119,13,7,7,1
53120,7,3,3,1
53121,8,4,4,1
53122,8,4,4,1
53123,9,4,4,1
53124,8,4,4,1
53125,9,5,5,1
53126,9,4,4,1
53127,10,5,5,1
53128,8,4,4,1
53129,9,5,5,1
53130,9,4,4,1
53131,10,5,5,1
53132,9,4,4,1
53133,10,5,5,1
53134,10,4,4,1
53135,11,5,5,1
53136,8,4,4,1
53137,9,5,5,1
53138,9,5,5,1
53139,10,5,5,1
53140,9,5,5,1
53141,10,6,6,1
53142,10,5,5,1
53143,11,6,6,1
53144,9,4,4,1
53145,10,5,5,1
53146,10,5,5,1
53147,11,5,5,1
53148,10,5,5,1
53149,11,6,6,1
53150,11,5,5,1
53151,12,6,6,1
53152,8,4,4,1
53153,9,5,5,1
53154,9,5,5,1
53155,10,5,5,1
53156,9,5,5,1
53157,10,6,6,1
53158,10,5,5,1
53159,11,6,6,1
53160,9,4,4,1
53161,10,5,5,1
53162,10,5,5,1
53163,11,5,5,1
53164,10,5,5,1
53165,11,6,6,1
53166,11,5,5,1
53167,12,6,6,1
53168,9,4,4,1
53169,10,5,5,1
53170,10,5,5,1
53171,11,5,5,1
53172,10,5,5,1
53173,11,6,6,1
53174,11,5,5,1
53175,12,6,6,1
53176,10,4,4,1
53177,11,5,5,1
53178,11,5,5,1
53179,12,5,5,1
53180,11,5,5,1
53181,12,6,6,1
53182,12,5,5,1
53183,13,6,6,1
53184,8,4,4,1
53185,9,5,5,1
53186,9,5,5,1
53187,10,5,5,1
53188,9,5,5,1
53189,10,6,6,1
53190,10,5,5,1
53191,11,6,6,1
53192,9,5,5,1
53193,10,6,6,1
53194,10,5,5,1
53195,11,6,6,1
53196,10,5,5,1
53197,11,6,6,1
53198,11,5,5,1
53199,12,6,6,1
53200,9,5,5,1
53201,10,6,6,1
53202,10,6,6,1
53203,11,6,6,1
53204,10,6,6,1
53205,11,7,7,1
53206,11,6,6,1
53207,12,7,7,1
53208,10,5,5,1
53209,11,6,6,1
53210,11,6,6,1
53211,12,6,6,1
53212,11,6,6,1
53213,12,7,7,1
53214,12,6,6,1
53215,13,7,7,1
53216,9,4,4,1
53217,10,5,5,1
53218,10,5,5,1
53219,11,5,5,1
53220,10,5,5,1
53221,11,6,6,1
53222,11,5,5,1
53223,12,6,6,1
53224,10,5,5,1
53225,11,6,6,1
53226,11,5,5,1
53227,12,6,6,1
53228,11,5,5,1
53229,12,6,6,1
53230,12,5,5,1
53231,13,6,6,1
53232,10,5,5,1
53233,11,6,6,1
53234,11,6,6,1
53235,12,6,6,1
53236,11,6,6,1
53237,12,7,7,1
53238,12,6,6,1
53239,13,7,7,1
53240,11,5,5,1
53241,12,6,6,1
53242,12,6,6,1
53243,13,6,6,1
53244,12,6,6,1
53245,13,7,7,1
53246,13,6,6,1
53247,14,7,7,1
53248,3,2,2,1
53249,4,3,3,1
53250,4,3,3,1
53251,5,3,3,1
53252,4,3,3,1
53253,5,4,4,1
53254,5,3,3,1
53255,6,4,4,1
53256,4,3,3,1
53257,5,4,4,1
53258,5,3,3,1
53259,6,4,4,1
53260,5,3,3,1
53261,6,4,4,1
53262,6,3,3,1
53263,7,4,4,1
53264,4,3,3,1
53265,5,4,4,1
53266,5,4,4,1
53267,6,4,4,1
53268,5,4,4,1
53269,6,5,5,1
53270,6,4,4,1
53271,7,5,5,1
53272,5,3,3,1
53273,6,4,4,1
53274,6,4,4,1
53275,7,4,4,1
53276,6,4,4,1
53277,7,5,5,1
53278,7,4,4,1
53279,8,5,5,1
53280,4,3,3,1
53281,5,4,4,1
53282,5,4,4,1
53283,6,4,4,1
53284,5,4,4,1
53285,6,5,5,1
53286,6,4,4,1
53287,7,5,5,1
53288,5,3,3,1
53289,6,4,4,1
53290,6,4,4,1
53291,7,4,4,1
53292,6,4,4,1
53293,7,5,5,1
53294,7,4,4,1
53295,8,5,5,1
53296,5,3,3,1
53297,6,4,4,1
53298,6,4,4,1
53299,7,4,4,1
53300,6,4,4,1
53301,7,5,5,1
53302,7,4,4,1
53303,8,5,5,1
53304,6,3,3,1
53305,7,4,4,1
53306,7,4,4,1
53307,8,4,4,1
53308,7,4,4,1
53309,8,5,5,1
53310,8,4,4,1
53311,9,5,5,1
53312,4,3,3,1
53313,5,4,4,1
53314,5,4,4,1
53315,6,4,4,1
53316,5,4,4,1
53317,6,5,5,1
53318,6,4,4,1
53319,7,5,5,1
53320,5,4,4,1
53321,6,5,5,1
53322,6,4,4,1
53323,7,5,5,1
53324,6,4,4,1
53325,7,5,5,1
53326,7,4,4,1
53327,8,5,5,1
53328,5,4,4,1
53329,6,5,5,1
53330,6,5,5,1
53331,7,5,5,1
53332,6,5,5,1
53333,7,6,6,1
53334,7,5,5,1
53335,8,6,6,1
53336,6,4,4,1
53337,7,5,5,1
53338,7,5,5,1
53339,8,5,5,1
53340,7,5,5,1
53341,8,6,6,1
53342,8,5,5,1
53343,9,6,6,1
53344,5,3,3,1
53345,6,4,4,1
53346,6,4,4,1
53347,7,4,4,1
53348,6,4,4,1
53349,7,5,5,1
53350,7,4,4,1
53351,8,5,5,1
53352,6,4,4,1
53353,7,5,5,1
53354,7,4,4,1
53355,8,5,5,1
53356,7,4,4,1
53357,8,5,5,1
53358,8,4,4,1
53359,9,5,5,1
53360,6,4,4,1
53361,7,5,5,1
53362,7,5,5,1
53363,8,5,5,1
53364,7,5,5,1
53365,8,6,6,1
53366,8,5,5,1
53367,9,6,6,1
53368,7,4,4,1
53369,8,5,5,1
53370,8,5,5,1
53371,9,5,5,1
53372,8,5,5,1
53373,9,6,6,1
53374,9,5,5,1
53375,10,6,6,1
53376,4,3,3,1
53377,5,4,4,1
53378,5,4,4,1
53379,6,4,4,1
53380,5,4,4,1
53381,6,5,5,1
53382,6,4,4,1
53383,7,5,5,1
53384,5,4,4,1
53385,6,5,5,1
53386,6,4,4,1
53387,7,5,5,1
53388,6,4,4,1
53389,7,5,5,1
53390,7,4,4,1
53391,8,5,5,1
53392,5,4,4,1
53393,6,5,5,1
53394,6,5,5,1
53395,7,5,5,1
53396,6,5,5,1
53397,7,6,6,1
53398,7,5,5,1
53399,8,6,6,1
53400,6,4,4,1
53401,7,5,5,1
53402,7,5,5,1
53403,8,5,5,1
53404,7,5,5,1
53405,8,6,6,1
53406,8,5,5,1
53407,9,6,6,1
53408,5,3,3,1
53409,6,4,4,1
53410,6,4,4,1
53411,7,4,4,1
53412,6,4,4,1
53413,7,5,5,1
53414,7,4,4,1
53415,8,5,5,1
53416,6,4,4,1
53417,7,5,5,1
53418,7,4,4,1
53419,8,5,5,1
53420,7,4,4,1
53421,8,5,5,1
53422,8,4,4,1
53423,9,5,5,1
53424,6,4,4,1
53425,7,5,5,1
53426,7,5,5,1
53427,8,5,5,1
53428,7,5,5,1
53429,8,6,6,1
53430,8,5,5,1
53431,9,6,6,1
53432,7,4,4,1
53433,8,5,5,1
53434,8,5,5,1
53435,9,5,5,1
53436,8,5,5,1
53437,9,6,6,1
53438,9,5,5,1
53439,10,6,6,1
53440,5,3,3,1
53441,6,4,4,1
53442,6,4,4,1
53443,7,4,4,1
53444,6,4,4,1
53445,7,5,5,1
53446,7,4,4,1
53447,8,5,5,1
53448,6,4,4,1
53449,7,5,5,1
53450,7,4,4,1
53451,8,5,5,1
53452,7,4,4,1
53453,8,5,5,1
53454,8,4,4,1
53455,9,5,5,1
53456,6,4,4,1
53457,7,5,5,1
53458,7,5,5,1
53459,8,5,5,1
53460,7,5,5,1
53461,8,6,6,1
53462,8,5,5,1
53463,9,6,6,1
53464,7,4,4,1
53465,8,5,5,1
53466,8,5,5,1
53467,9,5,5,1
53468,8,5,5,1
53469,9,6,6,1
53470,9,5,5,1
53471,10,6,6,1
53472,6,3,3,1
53473,7,4,4,1
53474,7,4,4,1
53475,8,4,4,1
53476,7,4,4,1
53477,8,5,5,1
53478,8,4,4,1
53479,9,5,5,1
53480,7,4,4,1
53481,8,5,5,1
53482,8,4,4,1
53483,9,5,5,1
53484,8,4,4,1
53485,9,5,5,1
53486,9,4,4,1
53487,10,5,5,1
53488,7,4,4,1
53489,8,5,5,1
53490,8,5,5,1
53491,9,5,5,1
53492,8,5,5,1
53493,9,6,6,1
53494,9,5,5,1
53495,10,6,6,1
53496,8,4,4,1
53497,9,5,5,1
53498,9,5,5,1
53499,10,5,5,1
53500,9,5,5,1
53501,10,6,6,1
53502,10,5,5,1
53503,11,6,6,1
53504,4,3,3,1
53505,5,4,4,1
53506,5,4,4,1
53507,6,4,4,1
53508,5,4,4,1
53509,6,5,5,1
53510,6,4,4,1
53511,7,5,5,1
53512,5,4,4,1
53513,6,5,5,1
53514,6,4,4,1
53515,7,5,5,1
53516,6,4,4,1
53517,7,5,5,1
53518,7,4,4,1
53519,8,5,5,1
53520,5,4,4,1
53521,6,5,5,1
53522,6,5,5,1
53523,7,5,5,1
53524,6,5,5,1
53525,7,6,6,1
53526,7,5,5,1
53527,8,6,6,1
53528,6,4,4,1
53529,7,5,5,1
53530,7,5,5,1
53531,8,5,5,1
53532,7,5,5,1
53533,8,6,6,1
53534,8,5,5,1
53535,9,6,6,1
53536,5,4,4,1
53537,6,5,5,1
53538,6,5,5,1
53539,7,5,5,1
53540,6,5,5,1
53541,7,6,6,1
53542,7,5,5,1
53543,8,6,6,1
53544,6,4,4,1
53545,7,5,5,1
53546,7,5,5,1
53547,8,5,5,1
53548,7,5,5,1
53549,8,6,6,1
53550,8,5,5,1
53551,9,6,6,1
53552,6,4,4,1
53553,7,5,5,1
53554,7,5,5,1
53555,8,5,5,1
53556,7,5,5,1
53557,8,6,6,1
53558,8,5,5,1
53559,9,6,6,1
53560,7,4,4,1
53561,8,5,5,1
53562,8,5,5,1
53563,9,5,5,1
53564,8,5,5,1
53565,9,6,6,1
53566,9,5,5,1
53567,10,6,6,1
53568,5,4,4,1
53569,6,5,5,1
53570,6,5,5,1
53571,7,5,5,1
53572,6,5,5,1
53573,7,6,6,1
53574,7,5,5,1
53575,8,6,6,1
53576,6,5,5,1
53577,7,6,6,1
53578,7,5,5,1
53579,8,6,6,1
53580,7,5,5,1
53581,8,6,6,1
53582,8,5,5,1
53583,9,6,6,1
53584,6,5,5,1
53585,7,6,6,1
53586,7,6,6,1
53587,8,6,6,1
53588,7,6,6,1
53589,8,7,7,1
53590,8,6,6,1
53591,9,7,7,1
53592,7,5,5,1
53593,8,6,6,1
53594,8,6,6,1
53595,9,6,6,1
53596,8,6,6,1
53597,9,7,7,1
53598,9,6,6,1
53599,10,7,7,1
53600,6,4,4,1
53601,7,5,5,1
53602,7,5,5,1
53603,8,5,5,1
53604,7,5,5,1
53605,8,6,6,1
53606,8,5,5,1
53607,9,6,6,1
53608,7,5,5,1
53609,8,6,6,1
53610,8,5,5,1
53611,9,6,6,1
53612,8,5,5,1
53613,9,6,6,1
53614,9,5,5,1
53615,10,6,6,1
53616,7,5,5,1
53617,8,6,6,1
53618,8,6,6,1
53619,9,6,6,1
53620,8,6,6,1
53621,9,7,7,1
53622,9,6,6,1
53623,10,7,7,1
53624,8,5,5,1
53625,9,6,6,1
53626,9,6,6,1
53627,10,6,6,1
53628,9,6,6,1
53629,10,7,7,1
53630,10,6,6,1
53631,11,7,7,1
53632,5,3,3,1
53633,6,4,4,1
53634,6,4,4,1
53635,7,4,4,1
53636,6,4,4,1
53637,7,5,5,1
53638,7,4,4,1
53639,8,5,5,1
53640,6,4,4,1
53641,7,5,5,1
53642,7,4,4,1
53643,8,5,5,1
53644,7,4,4,1
53645,8,5,5,1
53646,8,4,4,1
53647,9,5,5,1
53648,6,4,4,1
53649,7,5,5,1
53650,7,5,5,1
53651,8,5,5,1
53652,7,5,5,1
53653,8,6,6,1
53654,8,5,5,1
53655,9,6,6,1
53656,7,4,4,1
53657,8,5,5,1
53658,8,5,5,1
53659,9,5,5,1
53660,8,5,5,1
53661,9,6,6,1
53662,9,5,5,1
53663,10,6,6,1
53664,6,4,4,1
53665,7,5,5,1
53666,7,5,5,1
53667,8,5,5,1
53668,7,5,5,1
53669,8,6,6,1
53670,8,5,5,1
53671,9,6,6,1
53672,7,4,4,1
53673,8,5,5,1
53674,8,5,5,1
53675,9,5,5,1
53676,8,5,5,1
53677,9,6,6,1
53678,9,5,5,1
53679,10,6,6,1
53680,7,4,4,1
53681,8,5,5,1
53682,8,5,5,1
53683,9,5,5,1
53684,8,5,5,1
53685,9,6,6,1
53686,9,5,5,1
53687,10,6,6,1
53688,8,4,4,1
53689,9,5,5,1
53690,9,5,5,1
53691,10,5,5,1
53692,9,5,5,1
53693,10,6,6,1
53694,10,5,5,1
53695,11,6,6,1
53696,6,4,4,1
53697,7,5,5,1
53698,7,5,5,1
53699,8,5,5,1
53700,7,5,5,1
53701,8,6,6,1
53702,8,5,5,1
53703,9,6,6,1
53704,7,5,5,1
53705,8,6,6,1
53706,8,5,5,1
53707,9,6,6,1
53708,8,5,5,1
53709,9,6,6,1
53710,9,5,5,1
53711,10,6,6,1
53712,7,5,5,1
53713,8,6,6,1
53714,8,6,6,1
53715,9,6,6,1
53716,8,6,6,1
53717,9,7,7,1
53718,9,6,6,1
53719,10,7,7,1
53720,8,5,5,1
53721,9,6,6,1
53722,9,6,6,1
53723,10,6,6,1
53724,9,6,6,1
53725,10,7,7,1
53726,10,6,6,1
53727,11,7,7,1
53728,7,4,4,1
53729,8,5,5,1
53730,8,5,5,1
53731,9,5,5,1
53732,8,5,5,1
53733,9,6,6,1
53734,9,5,5,1
53735,10,6,6,1
53736,8,5,5,1
53737,9,6,6,1
53738,9,5,5,1
53739,10,6,6,1
53740,9,5,5,1
53741,10,6,6,1
53742,10,5,5,1
53743,11,6,6,1
53744,8,5,5,1
53745,9,6,6,1
53746,9,6,6,1
53747,10,6,6,1
53748,9,6,6,1
53749,10,7,7,1
53750,10,6,6,1
53751,11,7,7,1
53752,9,5,5,1
53753,10,6,6,1
53754,10,6,6,1
53755,11,6,6,1
53756,10,6,6,1
53757,11,7,7,1
53758,11,6,6,1
53759,12,7,7,1
53760,4,3,3,1
53761,5,4,4,1
53762,5,4,4,1
53763,6,4,4,1
53764,5,4,4,1
53765,6,5,5,1
53766,6,4,4,1
53767,7,5,5,1
53768,5,4,4,1
53769,6,5,5,1
53770,6,4,4,1
53771,7,5,5,1
53772,6,4,4,1
53773,7,5,5,1
53774,7,4,4,1
53775,8,5,5,1
53776,5,4,4,1
53777,6,5,5,1
53778,6,5,5,1
53779,7,5,5,1
53780,6,5,5,1
53781,7,6,6,1
53782,7,5,5,1
53783,8,6,6,1
53784,6,4,4,1
53785,7,5,5,1
53786,7,5,5,1
53787,8,5,5,1
53788,7,5,5,1
53789,8,6,6,1
53790,8,5,5,1
53791,9,6,6,1
53792,5,4,4,1
53793,6,5,5,1
53794,6,5,5,1
53795,7,5,5,1
53796,6,5,5,1
53797,7,6,6,1
53798,7,5,5,1
53799,8,6,6,1
53800,6,4,4,1
53801,7,5,5,1
53802,7,5,5,1
53803,8,5,5,1
53804,7,5,5,1
53805,8,6,6,1
53806,8,5,5,1
53807,9,6,6,1
53808,6,4,4,1
53809,7,5,5,1
53810,7,5,5,1
53811,8,5,5,1
53812,7,5,5,1
53813,8,6,6,1
53814,8,5,5,1
53815,9,6,6,1
53816,7,4,4,1
53817,8,5,5,1
53818,8,5,5,1
53819,9,5,5,1
53820,8,5,5,1
53821,9,6,6,1
53822,9,5,5,1
53823,10,6,6,1
53824,5,4,4,1
53825,6,5,5,1
53826,6,5,5,1
53827,7,5,5,1
53828,6,5,5,1
53829,7,6,6,1
53830,7,5,5,1
53831,8,6,6,1
53832,6,5,5,1
53833,7,6,6,1
53834,7,5,5,1
53835,8,6,6,1
53836,7,5,5,1
53837,8,6,6,1
53838,8,5,5,1
53839,9,6,6,1
53840,6,5,5,1
53841,7,6,6,1
53842,7,6,6,1
53843,8,6,6,1
53844,7,6,6,1
53845,8,7,7,1
53846,8,6,6,1
53847,9,7,7,1
53848,7,5,5,1
53849,8,6,6,1
53850,8,6,6,1
53851,9,6,6,1
53852,8,6,6,1
53853,9,7,7,1
53854,9,6,6,1
53855,10,7,7,1
53856,6,4,4,1
53857,7,5,5,1
53858,7,5,5,1
53859,8,5,5,1
53860,7,5,5,1
53861,8,6,6,1
53862,8,5,5,1
53863,9,6,6,1
53864,7,5,5,1
53865,8,6,6,1
53866,8,5,5,1
53867,9,6,6,1
53868,8,5,5,1
53869,9,6,6,1
53870,9,5,5,1
53871,10,6,6,1
53872,7,5,5,1
53873,8,6,6,1
53874,8,6,6,1
53875,9,6,6,1
53876,8,6,6,1
53877,9,7,7,1
53878,9,6,6,1
53879,10,7,7,1
53880,8,5,5,1
53881,9,6,6,1
53882,9,6,6,1
53883,10,6,6,1
53884,9,6,6,1
53885,10,7,7,1
53886,10,6,6,1
53887,11,7,7,1
53888,5,3,3,1
53889,6,4,4,1
53890,6,4,4,1
53891,7,4,4,1
53892,6,4,4,1
53893,7,5,5,1
53894,7,4,4,1
53895,8,5,5,1
53896,6,4,4,1
53897,7,5,5,1
53898,7,4,4,1
53899,8,5,5,1
53900,7,4,4,1
53901,8,5,5,1
53902,8,4,4,1
53903,9,5,5,1
53904,6,4,4,1
53905,7,5,5,1
53906,7,5,5,1
53907,8,5,5,1
53908,7,5,5,1
53909,8,6,6,1
53910,8,5,5,1
53911,9,6,6,1
53912,7,4,4,1
53913,8,5,5,1
53914,8,5,5,1
53915,9,5,5,1
53916,8,5,5,1
53917,9,6,6,1
53918,9,5,5,1
53919,10,6,6,1
53920,6,4,4,1
53921,7,5,5,1
53922,7,5,5,1
53923,8,5,5,1
53924,7,5,5,1
53925,8,6,6,1
53926,8,5,5,1
53927,9,6,6,1
53928,7,4,4,1
53929,8,5,5,1
53930,8,5,5,1
53931,9,5,5,1
53932,8,5,5,1
53933,9,6,6,1
53934,9,5,5,1
53935,10,6,6,1
53936,7,4,4,1
53937,8,5,5,1
53938,8,5,5,1
53939,9,5,5,1
53940,8,5,5,1
53941,9,6,6,1
53942,9,5,5,1
53943,10,6,6,1
53944,8,4,4,1
53945,9,5,5,1
53946,9,5,5,1
53947,10,5,5,1
53948,9,5,5,1
53949,10,6,6,1
53950,10,5,5,1
53951,11,6,6,1
53952,6,4,4,1
53953,7,5,5,1
53954,7,5,5,1
53955,8,5,5,1
53956,7,5,5,1
53957,8,6,6,1
53958,8,5,5,1
53959,9,6,6,1
53960,7,5,5,1
53961,8,6,6,1
53962,8,5,5,1
53963,9,6,6,1
53964,8,5,5,1
53965,9,6,6,1
53966,9,5,5,1
53967,10,6,6,1
53968,7,5,5,1
53969,8,6,6,1
53970,8,6,6,1
53971,9,6,6,1
53972,8,6,6,1
53973,9,7,7,1
53974,9,6,6,1
53975,10,7,7,1
53976,8,5,5,1
53977,9,6,6,1
53978,9,6,6,1
53979,10,6,6,1
53980,9,6,6,1
53981,10,7,7,1
53982,10,6,6,1
53983,11,7,7,1
53984,7,4,4,1
53985,8,5,5,1
53986,8,5,5,1
53987,9,5,5,1
53988,8,5,5,1
53989,9,6,6,1
53990,9,5,5,1
53991,10,6,6,1
53992,8,5,5,1
53993,9,6,6,1
53994,9,5,5,1
53995,10,6,6,1
53996,9,5,5,1
53997,10,6,6,1
53998,10,5,5,1
53999,11,6,6,1
54000,8,5,5,1
54001,9,6,6,1
54002,9,6,6,1
54003,10,6,6,1
54004,9,6,6,1
54005,10,7,7,1
54006,10,6,6,1
54007,11,7,7,1
54008,9,5,5,1
54009,10,6,6,1
54010,10,6,6,1
54011,11,6,6,1
54012,10,6,6,1
54013,11,7,7,1
54014,11,6,6,1
54015,12,7,7,1
54016,5,3,3,1
54017,6,4,4,1
54018,6,4,4,1
54019,7,4,4,1
54020,6,4,4,1
54021,7,5,5,1
54022,7,4,4,1
54023,8,5,5,1
54024,6,4,4,1
54025,7,5,5,1
54026,7,4,4,1
54027,8,5,5,1
54028,7,4,4,1
54029,8,5,5,1
54030,8,4,4,1
54031,9,5,5,1
54032,6,4,4,1
54033,7,5,5,1
54034,7,5,5,1
54035,8,5,5,1
54036,7,5,5,1
54037,8,6,6,1
54038,8,5,5,1
54039,9,6,6,1
54040,7,4,4,1
54041,8,5,5,1
54042,8,5,5,1
54043,9,5,5,1
54044,8,5,5,1
54045,9,6,6,1
54046,9,5,5,1
54047,10,6,6,1
54048,6,4,4,1
54049,7,5,5,1
54050,7,5,5,1
54051,8,5,5,1
54052,7,5,5,1
54053,8,6,6,1
54054,8,5,5,1
54055,9,6,6,1
54056,7,4,4,1
54057,8,5,5,1
54058,8,5,5,1
54059,9,5,5,1
54060,8,5,5,1
54061,9,6,6,1
54062,9,5,5,1
54063,10,6,6,1
54064,7,4,4,1
54065,8,5,5,1
54066,8,5,5,1
54067,9,5,5,1
54068,8,5,5,1
54069,9,6,6,1
54070,9,5,5,1
54071,10,6,6,1
54072,8,4,4,1
54073,9,5,5,1
54074,9,5,5,1
54075,10,5,5,1
54076,9,5,5,1
54077,10,6,6,1
54078,10,5,5,1
54079,11,6,6,1
54080,6,4,4,1
54081,7,5,5,1
54082,7,5,5,1
54083,8,5,5,1
54084,7,5,5,1
54085,8,6,6,1
54086,8,5,5,1
54087,9,6,6,1
54088,7,5,5,1
54089,8,6,6,1
54090,8,5,5,1
54091,9,6,6,1
54092,8,5,5,1
54093,9,6,6,1
54094,9,5,5,1
54095,10,6,6,1
54096,7,5,5,1
54097,8,6,6,1
54098,8,6,6,1
54099,9,6,6,1
54100,8,6,6,1
54101,9,7,7,1
54102,9,6,6,1
54103,10,7,7,1
54104,8,5,5,1
54105,9,6,6,1
54106,9,6,6,1
54107,10,6,6,1
54108,9,6,6,1
54109,10,7,7,1
54110,10,6,6,1
54111,11,7,7,1
54112,7,4,4,1
54113,8,5,5,1
54114,8,5,5,1
54115,9,5,5,1
54116,8,5,5,1
54117,9,6,6,1
54118,9,5,5,1
54119,10,6,6,1
54120,8,5,5,1
54121,9,6,6,1
54122,9,5,5,1
54123,10,6,6,1
54124,9,5,5,1
54125,10,6,6,1
54126,10,5,5,1
54127,11,6,6,1
54128,8,5,5,1
54129,9,6,6,1
54130,9,6,6,1
54131,10,6,6,1
54132,9,6,6,1
54133,10,7,7,1
54134,10,6,6,1
54135,11,7,7,1
54136,9,5,5,1
54137,10,6,6,1
54138,10,6,6,1
54139,11,6,6,1
54140,10,6,6,1
54141,11,7,7,1
54142,11,6,6,1
54143,12,7,7,1
54144,6,3,3,1
54145,7,4,4,1
54146,7,4,4,1
54147,8,4,4,1
54148,7,4,4,1
54149,8,5,5,1
54150,8,4,4,1
54151,9,5,5,1
54152,7,4,4,1
54153,8,5,5,1
54154,8,4,4,1
54155,9,5,5,1
54156,8,4,4,1
54157,9,5,5,1
54158,9,4,4,1
54159,10,5,5,1
54160,7,4,4,1
54161,8,5,5,1
54162,8,5,5,1
54163,9,5,5,1
54164,8,5,5,1
54165,9,6,6,1
54166,9,5,5,1
54167,10,6,6,1
54168,8,4,4,1
54169,9,5,5,1
54170,9,5,5,1
54171,10,5,5,1
54172,9,5,5,1
54173,10,6,6,1
54174,10,5,5,1
54175,11,6,6,1
54176,7,4,4,1
54177,8,5,5,1
54178,8,5,5,1
54179,9,5,5,1
54180,8,5,5,1
54181,9,6,6,1
54182,9,5,5,1
54183,10,6,6,1
54184,8,4,4,1
54185,9,5,5,1
54186,9,5,5,1
54187,10,5,5,1
54188,9,5,5,1
54189,10,6,6,1
54190,10,5,5,1
54191,11,6,6,1
54192,8,4,4,1
54193,9,5,5,1
54194,9,5,5,1
54195,10,5,5,1
54196,9,5,5,1
54197,10,6,6,1
54198,10,5,5,1
54199,11,6,6,1
54200,9,4,4,1
54201,10,5,5,1
54202,10,5,5,1
54203,11,5,5,1
54204,10,5,5,1
54205,11,6,6,1
54206,11,5,5,1
54207,12,6,6,1
54208,7,4,4,1
54209,8,5,5,1
54210,8,5,5,1
54211,9,5,5,1
54212,8,5,5,1
54213,9,6,6,1
54214,9,5,5,1
54215,10,6,6,1
54216,8,5,5,1
54217,9,6,6,1
54218,9,5,5,1
54219,10,6,6,1
54220,9,5,5,1
54221,10,6,6,1
54222,10,5,5,1
54223,11,6,6,1
54224,8,5,5,1
54225,9,6,6,1
54226,9,6,6,1
54227,10,6,6,1
54228,9,6,6,1
54229,10,7,7,1
54230,10,6,6,1
54231,11,7,7,1
54232,9,5,5,1
54233,10,6,6,1
54234,10,6,6,1
54235,11,6,6,1
54236,10,6,6,1
54237,11,7,7,1
54238,11,6,6,1
54239,12,7,7,1
54240,8,4,4,1
54241,9,5,5,1
54242,9,5,5,1
54243,10,5,5,1
54244,9,5,5,1
54245,10,6,6,1
54246,10,5,5,1
54247,11,6,6,1
54248,9,5,5,1
54249,10,6,6,1
54250,10,5,5,1
54251,11,6,6,1
54252,10,5,5,1
54253,11,6,6,1
54254,11,5,5,1
54255,12,6,6,1
54256,9,5,5,1
54257,10,6,6,1
54258,10,6,6,1
54259,11,6,6,1
54260,10,6,6,1
54261,11,7,7,1
54262,11,6,6,1
54263,12,7,7,1
54264,10,5,5,1
54265,11,6,6,1
54266,11,6,6,1
54267,12,6,6,1
54268,11,6,6,1
54269,12,7,7,1
54270,12,6,6,1
54271,13,7,7,1
54272,4,3,3,1
54273,5,4,4,1
54274,5,4,4,1
54275,6,4,4,1
54276,5,4,4,1
54277,6,5,5,1
54278,6,4,4,1
54279,7,5,5,1
54280,5,4,4,1
54281,6,5,5,1
54282,6,4,4,1
54283,7,5,5,1
54284,6,4,4,1
54285,7,5,5,1
54286,7,4,4,1
54287,8,5,5,1
54288,5,4,4,1
54289,6,5,5,1
54290,6,5,5,1
54291,7,5,5,1
54292,6,5,5,1
54293,7,6,6,1
54294,7,5,5,1
54295,8,6,6,1
54296,6,4,4,1
54297,7,5,5,1
54298,7,5,5,1
54299,8,5,5,1
54300,7,5,5,1
54301,8,6,6,1
54302,8,5,5,1
54303,9,6,6,1
54304,5,4,4,1
54305,6,5,5,1
54306,6,5,5,1
54307,7,5,5,1
54308,6,5,5,1
54309,7,6,6,1
54310,7,5,5,1
54311,8,6,6,1
54312,6,4,4,1
54313,7,5,5,1
54314,7,5,5,1
54315,8,5,5,1
54316,7,5,5,1
54317,8,6,6,1
54318,8,5,5,1
54319,9,6,6,1
54320,6,4,4,1
54321,7,5,5,1
54322,7,5,5,1
54323,8,5,5,1
54324,7,5,5,1
54325,8,6,6,1
54326,8,5,5,1
54327,9,6,6,1
54328,7,4,4,1
54329,8,5,5,1
54330,8,5,5,1
54331,9,5,5,1
54332,8,5,5,1
54333,9,6,6,1
54334,9,5,5,1
54335,10,6,6,1
54336,5,4,4,1
54337,6,5,5,1
54338,6,5,5,1
54339,7,5,5,1
54340,6,5,5,1
54341,7,6,6,1
54342,7,5,5,1
54343,8,6,6,1
54344,6,5,5,1
54345,7,6,6,1
54346,7,5,5,1
54347,8,6,6,1
54348,7,5,5,1
54349,8,6,6,1
54350,8,5,5,1
54351,9,6,6,1
54352,6,5,5,1
54353,7,6,6,1
54354,7,6,6,1
54355,8,6,6,1
54356,7,6,6,1
54357,8,7,7,1
54358,8,6,6,1
54359,9,7,7,1
54360,7,5,5,1
54361,8,6,6,1
54362,8,6,6,1
54363,9,6,6,1
54364,8,6,6,1
54365,9,7,7,1
54366,9,6,6,1
54367,10,7,7,1
54368,6,4,4,1
54369,7,5,5,1
54370,7,5,5,1
54371,8,5,5,1
54372,7,5,5,1
54373,8,6,6,1
54374,8,5,5,1
54375,9,6,6,1
54376,7,5,5,1
54377,8,6,6,1
54378,8,5,5,1
54379,9,6,6,1
54380,8,5,5,1
54381,9,6,6,1
54382,9,5,5,1
54383,10,6,6,1
54384,7,5,5,1
54385,8,6,6,1
54386,8,6,6,1
54387,9,6,6,1
54388,8,6,6,1
54389,9,7,7,1
54390,9,6,6,1
54391,10,7,7,1
54392,8,5,5,1
54393,9,6,6,1
54394,9,6,6,1
54395,10,6,6,1
54396,9,6,6,1
54397,10,7,7,1
54398,10,6,6,1
54399,11,7,7,1
54400,5,4,4,1
54401,6,5,5,1
54402,6,5,5,1
54403,7,5,5,1
54404,6,5,5,1
54405,7,6,6,1
54406,7,5,5,1
54407,8,6,6,1
54408,6,5,5,1
54409,7,6,6,1
54410,7,5,5,1
54411,8,6,6,1
54412,7,5,5,1
54413,8,6,6,1
54414,8,5,5,1
54415,9,6,6,1
54416,6,5,5,1
54417,7,6,6,1
54418,7,6,6,1
54419,8,6,6,1
54420,7,6,6,1
54421,8,7,7,1
54422,8,6,6,1
54423,9,7,7,1
54424,7,5,5,1
54425,8,6,6,1
54426,8,6,6,1
54427,9,6,6,1
54428,8,6,6,1
54429,9,7,7,1
54430,9,6,6,1
54431,10,7,7,1
54432,6,4,4,1
54433,7,5,5,1
54434,7,5,5,1
54435,8,5,5,1
54436,7,5,5,1
54437,8,6,6,1
54438,8,5,5,1
54439,9,6,6,1
54440,7,5,5,1
54441,8,6,6,1
54442,8,5,5,1
54443,9,6,6,1
54444,8,5,5,1
54445,9,6,6,1
54446,9,5,5,1
54447,10,6,6,1
54448,7,5,5,1
54449,8,6,6,1
54450,8,6,6,1
54451,9,6,6,1
54452,8,6,6,1
54453,9,7,7,1
54454,9,6,6,1
54455,10,7,7,1
54456,8,5,5,1
54457,9,6,6,1
54458,9,6,6,1
54459,10,6,6,1
54460,9,6,6,1
54461,10,7,7,1
54462,10,6,6,1
54463,11,7,7,1
54464,6,4,4,1
54465,7,5,5,1
54466,7,5,5,1
54467,8,5,5,1
54468,7,5,5,1
54469,8,6,6,1
54470,8,5,5,1
54471,9,6,6,1
54472,7,5,5,1
54473,8,6,6,1
54474,8,5,5,1
54475,9,6,6,1
54476,8,5,5,1
54477,9,6,6,1
54478,9,5,5,1
54479,10,6,6,1
54480,7,5,5,1
54481,8,6,6,1
54482,8,6,6,1
54483,9,6,6,1
54484,8,6,6,1
54485,9,7,7,1
54486,9,6,6,1
54487,10,7,7,1
54488,8,5,5,1
54489,9,6,6,1
54490,9,6,6,1
54491,10,6,6,1
54492,9,6,6,1
54493,10,7,7,1
54494,10,6,6,1
54495,11,7,7,1
54496,7,4,4,1
54497,8,5,5,1
54498,8,5,5,1
54499,9,5,5,1
54500,8,5,5,1
54501,9,6,6,1
54502,9,5,5,1
54503,10,6,6,1
54504,8,5,5,1
54505,9,6,6,1
54506,9,5,5,1
54507,10,6,6,1
54508,9,5,5,1
54509,10,6,6,1
54510,10,5,5,1
54511,11,6,6,1
54512,8,5,5,1
54513,9,6,6,1
54514,9,6,6,1
54515,10,6,6,1
54516,9,6,6,1
54517,10,7,7,1
54518,10,6,6,1
54519,11,7,7,1
54520,9,5,5,1
54521,10,6,6,1
54522,10,6,6,1
54523,11,6,6,1
54524,10,6,6,1
54525,11,7,7,1
54526,11,6,6,1
54527,12,7,7,1
54528,5,4,4,1
54529,6,5,5,1
54530,6,5,5,1
54531,7,5,5,1
54532,6,5,5,1
54533,7,6,6,1
54534,7,5,5,1
54535,8,6,6,1
54536,6,5,5,1
54537,7,6,6,1
54538,7,5,5,1
54539,8,6,6,1
54540,7,5,5,1
54541,8,6,6,1
54542,8,5,5,1
54543,9,6,6,1
54544,6,5,5,1
54545,7,6,6,1
54546,7,6,6,1
54547,8,6,6,1
54548,7,6,6,1
54549,8,7,7,1
54550,8,6,6,1
54551,9,7,7,1
54552,7,5,5,1
54553,8,6,6,1
54554,8,6,6,1
54555,9,6,6,1
54556,8,6,6,1
54557,9,7,7,1
54558,9,6,6,1
54559,10,7,7,1
54560,6,5,5,1
54561,7,6,6,1
54562,7,6,6,1
54563,8,6,6,1
54564,7,6,6,1
54565,8,7,7,1
54566,8,6,6,1
54567,9,7,7,1
54568,7,5,5,1
54569,8,6,6,1
54570,8,6,6,1
54571,9,6,6,1
54572,8,6,6,1
54573,9,7,7,1
54574,9,6,6,1
54575,10,7,7,1
54576,7,5,5,1
54577,8,6,6,1
54578,8,6,6,1
54579,9,6,6,1
54580,8,6,6,1
54581,9,7,7,1
54582,9,6,6,1
54583,10,7,7,1
54584,8,5,5,1
54585,9,6,6,1
54586,9,6,6,1
54587,10,6,6,1
54588,9,6,6,1
54589,10,7,7,1
54590,10,6,6,1
54591,11,7,7,1
54592,6,5,5,1
54593,7,6,6,1
54594,7,6,6,1
54595,8,6,6,1
54596,7,6,6,1
54597,8,7,7,1
54598,8,6,6,1
54599,9,7,7,1
54600,7,6,6,1
54601,8,7,7,1
54602,8,6,6,1
54603,9,7,7,1
54604,8,6,6,1
54605,9,7,7,1
54606,9,6,6,1
54607,10,7,7,1
54608,7,6,6,1
54609,8,7,7,1
54610,8,7,7,1
54611,9,7,7,1
54612,8,7,7,1
54613,9,8,8,1
54614,9,7,7,1
54615,10,8,8,1
54616,8,6,6,1
54617,9,7,7,1
54618,9,7,7,1
54619,10,7,7,1
54620,9,7,7,1
54621,10,8,8,1
54622,10,7,7,1
54623,11,8,8,1
54624,7,5,5,1
54625,8,6,6,1
54626,8,6,6,1
54627,9,6,6,1
54628,8,6,6,1
54629,9,7,7,1
54630,9,6,6,1
54631,10,7,7,1
54632,8,6,6,1
54633,9,7,7,1
54634,9,6,6,1
54635,10,7,7,1
54636,9,6,6,1
54637,10,7,7,1
54638,10,6,6,1
54639,11,7,7,1
54640,8,6,6,1
54641,9,7,7,1
54642,9,7,7,1
54643,10,7,7,1
54644,9,7,7,1
54645,10,8,8,1
54646,10,7,7,1
54647,11,8,8,1
54648,9,6,6,1
54649,10,7,7,1
54650,10,7,7,1
54651,11,7,7,1
54652,10,7,7,1
54653,11,8,8,1
54654,11,7,7,1
54655,12,8,8,1
54656,6,4,4,1
54657,7,5,5,1
54658,7,5,5,1
54659,8,5,5,1
54660,7,5,5,1
54661,8,6,6,1
54662,8,5,5,1
54663,9,6,6,1
54664,7,5,5,1
54665,8,6,6,1
54666,8,5,5,1
54667,9,6,6,1
54668,8,5,5,1
54669,9,6,6,1
54670,9,5,5,1
54671,10,6,6,1
54672,7,5,5,1
54673,8,6,6,1
54674,8,6,6,1
54675,9,6,6,1
54676,8,6,6,1
54677,9,7,7,1
54678,9,6,6,1
54679,10,7,7,1
54680,8,5,5,1
54681,9,6,6,1
54682,9,6,6,1
54683,10,6,6,1
54684,9,6,6,1
54685,10,7,7,1
54686,10,6,6,1
54687,11,7,7,1
54688,7,5,5,1
54689,8,6,6,1
54690,8,6,6,1
54691,9,6,6,1
54692,8,6,6,1
54693,9,7,7,1
54694,9,6,6,1
54695,10,7,7,1
54696,8,5,5,1
54697,9,6,6,1
54698,9,6,6,1
54699,10,6,6,1
54700,9,6,6,1
54701,10,7,7,1
54702,10,6,6,1
54703,11,7,7,1
54704,8,5,5,1
54705,9,6,6,1
54706,9,6,6,1
54707,10,6,6,1
54708,9,6,6,1
54709,10,7,7,1
54710,10,6,6,1
54711,11,7,7,1
54712,9,5,5,1
54713,10,6,6,1
54714,10,6,6,1
54715,11,6,6,1
54716,10,6,6,1
54717,11,7,7,1
54718,11,6,6,1
54719,12,7,7,1
54720,7,5,5,1
54721,8,6,6,1
54722,8,6,6,1
54723,9,6,6,1
54724,8,6,6,1
54725,9,7,7,1
54726,9,6,6,1
54727,10,7,7,1
54728,8,6,6,1
54729,9,7,7,1
54730,9,6,6,1
54731,10,7,7,1
54732,9,6,6,1
54733,10,7,7,1
54734,10,6,6,1
54735,11,7,7,1
54736,8,6,6,1
54737,9,7,7,1
54738,9,7,7,1
54739,10,7,7,1
54740,9,7,7,1
54741,10,8,8,1
54742,10,7,7,1
54743,11,8,8,1
54744,9,6,6,1
54745,10,7,7,1
54746,10,7,7,1
54747,11,7,7,1
54748,10,7,7,1
54749,11,8,8,1
54750,11,7,7,1
54751,12,8,8,1
54752,8,5,5,1
54753,9,6,6,1
54754,9,6,6,1
54755,10,6,6,1
54756,9,6,6,1
54757,10,7,7,1
54758,10,6,6,1
54759,11,7,7,1
54760,9,6,6,1
54761,10,7,7,1
54762,10,6,6,1
54763,11,7,7,1
54764,10,6,6,1
54765,11,7,7,1
54766,11,6,6,1
54767,12,7,7,1
54768,9,6,6,1
54769,10,7,7,1
54770,10,7,7,1
54771,11,7,7,1
54772,10,7,7,1
54773,11,8,8,1
54774,11,7,7,1
54775,12,8,8,1
54776,10,6,6,1
54777,11,7,7,1
54778,11,7,7,1
54779,12,7,7,1
54780,11,7,7,1
54781,12,8,8,1
54782,12,7,7,1
54783,13,8,8,1
54784,5,3,3,1
54785,6,4,4,1
54786,6,4,4,1
54787,7,4,4,1
54788,6,4,4,1
54789,7,5,5,1
54790,7,4,4,1
54791,8,5,5,1
54792,6,4,4,1
54793,7,5,5,1
54794,7,4,4,1
54795,8,5,5,1
54796,7,4,4,1
54797,8,5,5,1
54798,8,4,4,1
54799,9,5,5,1
54800,6,4,4,1
54801,7,5,5,1
54802,7,5,5,1
54803,8,5,5,1
54804,7,5,5,1
54805,8,6,6,1
54806,8,5,5,1
54807,9,6,6,1
54808,7,4,4,1
54809,8,5,5,1
54810,8,5,5,1
54811,9,5,5,1
54812,8,5,5,1
54813,9,6,6,1
54814,9,5,5,1
54815,10,6,6,1
54816,6,4,4,1
54817,7,5,5,1
54818,7,5,5,1
54819,8,5,5,1
54820,7,5,5,1
54821,8,6,6,1
54822,8,5,5,1
54823,9,6,6,1
54824,7,4,4,1
54825,8,5,5,1
54826,8,5,5,1
54827,9,5,5,1
54828,8,5,5,1
54829,9,6,6,1
54830,9,5,5,1
54831,10,6,6,1
54832,7,4,4,1
54833,8,5,5,1
54834,8,5,5,1
54835,9,5,5,1
54836,8,5,5,1
54837,9,6,6,1
54838,9,5,5,1
54839,10,6,6,1
54840,8,4,4,1
54841,9,5,5,1
54842,9,5,5,1
54843,10,5,5,1
54844,9,5,5,1
54845,10,6,6,1
54846,10,5,5,1
54847,11,6,6,1
54848,6,4,4,1
54849,7,5,5,1
54850,7,5,5,1
54851,8,5,5,1
54852,7,5,5,1
54853,8,6,6,1
54854,8,5,5,1
54855,9,6,6,1
54856,7,5,5,1
54857,8,6,6,1
54858,8,5,5,1
54859,9,6,6,1
54860,8,5,5,1
54861,9,6,6,1
54862,9,5,5,1
54863,10,6,6,1
54864,7,5,5,1
54865,8,6,6,1
54866,8,6,6,1
54867,9,6,6,1
54868,8,6,6,1
54869,9,7,7,1
54870,9,6,6,1
54871,10,7,7,1
54872,8,5,5,1
54873,9,6,6,1
54874,9,6,6,1
54875,10,6,6,1
54876,9,6,6,1
54877,10,7,7,1
54878,10,6,6,1
54879,11,7,7,1
54880,7,4,4,1
54881,8,5,5,1
54882,8,5,5,1
54883,9,5,5,1
54884,8,5,5,1
54885,9,6,6,1
54886,9,5,5,1
54887,10,6,6,1
54888,8,5,5,1
54889,9,6,6,1
54890,9,5,5,1
54891,10,6,6,1
54892,9,5,5,1
54893,10,6,6,1
54894,10,5,5,1
54895,11,6,6,1
54896,8,5,5,1
54897,9,6,6,1
54898,9,6,6,1
54899,10,6,6,1
54900,9,6,6,1
54901,10,7,7,1
54902,10,6,6,1
54903,11,7,7,1
54904,9,5,5,1
54905,10,6,6,1
54906,10,6,6,1
54907,11,6,6,1
54908,10,6,6,1
54909,11,7,7,1
54910,11,6,6,1
54911,12,7,7,1
54912,6,4,4,1
54913,7,5,5,1
54914,7,5,5,1
54915,8,5,5,1
54916,7,5,5,1
54917,8,6,6,1
54918,8,5,5,1
54919,9,6,6,1
54920,7,5,5,1
54921,8,6,6,1
54922,8,5,5,1
54923,9,6,6,1
54924,8,5,5,1
54925,9,6,6,1
54926,9,5,5,1
54927,10,6,6,1
54928,7,5,5,1
54929,8,6,6,1
54930,8,6,6,1
54931,9,6,6,1
54932,8,6,6,1
54933,9,7,7,1
54934,9,6,6,1
54935,10,7,7,1
54936,8,5,5,1
54937,9,6,6,1
54938,9,6,6,1
54939,10,6,6,1
54940,9,6,6,1
54941,10,7,7,1
54942,10,6,6,1
54943,11,7,7,1
54944,7,4,4,1
54945,8,5,5,1
54946,8,5,5,1
54947,9,5,5,1
54948,8,5,5,1
54949,9,6,6,1
54950,9,5,5,1
54951,10,6,6,1
54952,8,5,5,1
54953,9,6,6,1
54954,9,5,5,1
54955,10,6,6,1
54956,9,5,5,1
54957,10,6,6,1
54958,10,5,5,1
54959,11,6,6,1
54960,8,5,5,1
54961,9,6,6,1
54962,9,6,6,1
54963,10,6,6,1
54964,9,6,6,1
54965,10,7,7,1
54966,10,6,6,1
54967,11,7,7,1
54968,9,5,5,1
54969,10,6,6,1
54970,10,6,6,1
54971,11,6,6,1
54972,10,6,6,1
54973,11,7,7,1
54974,11,6,6,1
54975,12,7,7,1
54976,7,4,4,1
54977,8,5,5,1
54978,8,5,5,1
54979,9,5,5,1
54980,8,5,5,1
54981,9,6,6,1
54982,9,5,5,1
54983,10,6,6,1
54984,8,5,5,1
54985,9,6,6,1
54986,9,5,5,1
54987,10,6,6,1
54988,9,5,5,1
54989,10,6,6,1
54990,10,5,5,1
54991,11,6,6,1
54992,8,5,5,1
54993,9,6,6,1
54994,9,6,6,1
54995,10,6,6,1
54996,9,6,6,1
54997,10,7,7,1
54998,10,6,6,1
54999,11,7,7,1
55000,9,5,5,1
55001,10,6,6,1
55002,10,6,6,1
55003,11,6,6,1
55004,10,6,6,1
55005,11,7,7,1
55006,11,6,6,1
55007,12,7,7,1
55008,8,4,4,1
55009,9,5,5,1
55010,9,5,5,1
55011,10,5,5,1
55012,9,5,5,1
55013,10,6,6,1
55014,10,5,5,1
55015,11,6,6,1
55016,9,5,5,1
55017,10,6,6,1
55018,10,5,5,1
55019,11,6,6,1
55020,10,5,5,1
55021,11,6,6,1
55022,11,5,5,1
55023,12,6,6,1
55024,9,5,5,1
55025,10,6,6,1
55026,10,6,6,1
55027,11,6,6,1
55028,10,6,6,1
55029,11,7,7,1
55030,11,6,6,1
55031,12,7,7,1
55032,10,5,5,1
55033,11,6,6,1
55034,11,6,6,1
55035,12,6,6,1
55036,11,6,6,1
55037,12,7,7,1
55038,12,6,6,1
55039,13,7,7,1
55040,6,4,4,1
55041,7,5,5,1
55042,7,5,5,1
55043,8,5,5,1
55044,7,5,5,1
55045,8,6,6,1
55046,8,5,5,1
55047,9,6,6,1
55048,7,5,5,1
55049,8,6,6,1
55050,8,5,5,1
55051,9,6,6,1
55052,8,5,5,1
55053,9,6,6,1
55054,9,5,5,1
55055,10,6,6,1
55056,7,5,5,1
55057,8,6,6,1
55058,8,6,6,1
55059,9,6,6,1
55060,8,6,6,1
55061,9,7,7,1
55062,9,6,6,1
55063,10,7,7,1
55064,8,5,5,1
55065,9,6,6,1
55066,9,6,6,1
55067,10,6,6,1
55068,9,6,6,1
55069,10,7,7,1
55070,10,6,6,1
55071,11,7,7,1
55072,7,5,5,1
55073,8,6,6,1
55074,8,6,6,1
55075,9,6,6,1
55076,8,6,6,1
55077,9,7,7,1
55078,9,6,6,1
55079,10,7,7,1
55080,8,5,5,1
55081,9,6,6,1
55082,9,6,6,1
55083,10,6,6,1
55084,9,6,6,1
55085,10,7,7,1
55086,10,6,6,1
55087,11,7,7,1
55088,8,5,5,1
55089,9,6,6,1
55090,9,6,6,1
55091,10,6,6,1
55092,9,6,6,1
55093,10,7,7,1
55094,10,6,6,1
55095,11,7,7,1
55096,9,5,5,1
55097,10,6,6,1
55098,10,6,6,1
55099,11,6,6,1
55100,10,6,6,1
55101,11,7,7,1
55102,11,6,6,1
55103,12,7,7,1
55104,7,5,5,1
55105,8,6,6,1
55106,8,6,6,1
55107,9,6,6,1
55108,8,6,6,1
55109,9,7,7,1
55110,9,6,6,1
55111,10,7,7,1
55112,8,6,6,1
55113,9,7,7,1
55114,9,6,6,1
55115,10,7,7,1
55116,9,6,6,1
55117,10,7,7,1
55118,10,6,6,1
55119,11,7,7,1
55120,8,6,6,1
55121,9,7,7,1
55122,9,7,7,1
55123,10,7,7,1
55124,9,7,7,1
55125,10,8,8,1
55126,10,7,7,1
55127,11,8,8,1
55128,9,6,6,1
55129,10,7,7,1
55130,10,7,7,1
55131,11,7,7,1
55132,10,7,7,1
55133,11,8,8,1
55134,11,7,7,1
55135,12,8,8,1
55136,8,5,5,1
55137,9,6,6,1
55138,9,6,6,1
55139,10,6,6,1
55140,9,6,6,1
55141,10,7,7,1
55142,10,6,6,1
55143,11,7,7,1
55144,9,6,6,1
55145,10,7,7,1
55146,10,6,6,1
55147,11,7,7,1
55148,10,6,6,1
55149,11,7,7,1
55150,11,6,6,1
55151,12,7,7,1
55152,9,6,6,1
55153,10,7,7,1
55154,10,7,7,1
55155,11,7,7,1
55156,10,7,7,1
55157,11,8,8,1
55158,11,7,7,1
55159,12,8,8,1
55160,10,6,6,1
55161,11,7,7,1
55162,11,7,7,1
55163,12,7,7,1
55164,11,7,7,1
55165,12,8,8,1
55166,12,7,7,1
55167,13,8,8,1
55168,7,4,4,1
55169,8,5,5,1
55170,8,5,5,1
55171,9,5,5,1
55172,8,5,5,1
55173,9,6,6,1
55174,9,5,5,1
55175,10,6,6,1
55176,8,5,5,1
55177,9,6,6,1
55178,9,5,5,1
55179,10,6,6,1
55180,9,5,5,1
55181,10,6,6,1
55182,10,5,5,1
55183,11,6,6,1
55184,8,5,5,1
55185,9,6,6,1
55186,9,6,6,1
55187,10,6,6,1
55188,9,6,6,1
55189,10,7,7,1
55190,10,6,6,1
55191,11,7,7,1
55192,9,5,5,1
55193,10,6,6,1
55194,10,6,6,1
55195,11,6,6,1
55196,10,6,6,1
55197,11,7,7,1
55198,11,6,6,1
55199,12,7,7,1
55200,8,5,5,1
55201,9,6,6,1
55202,9,6,6,1
55203,10,6,6,1
55204,9,6,6,1
55205,10,7,7,1
55206,10,6,6,1
55207,11,7,7,1
55208,9,5,5,1
55209,10,6,6,1
55210,10,6,6,1
55211,11,6,6,1
55212,10,6,6,1
55213,11,7,7,1
55214,11,6,6,1
55215,12,7,7,1
55216,9,5,5,1
55217,10,6,6,1
55218,10,6,6,1
55219,11,6,6,1
55220,10,6,6,1
55221,11,7,7,1
55222,11,6,6,1
55223,12,7,7,1
55224,10,5,5,1
55225,11,6,6,1
55226,11,6,6,1
55227,12,6,6,1
55228,11,6,6,1
55229,12,7,7,1
55230,12,6,6,1
55231,13,7,7,1
55232,8,5,5,1
55233,9,6,6,1
55234,9,6,6,1
55235,10,6,6,1
55236,9,6,6,1
55237,10,7,7,1
55238,10,6,6,1
55239,11,7,7,1
55240,9,6,6,1
55241,10,7,7,1
55242,10,6,6,1
55243,11,7,7,1
55244,10,6,6,1
55245,11,7,7,1
55246,11,6,6,1
55247,12,7,7,1
55248,9,6,6,1
55249,10,7,7,1
55250,10,7,7,1
55251,11,7,7,1
55252,10,7,7,1
55253,11,8,8,1
55254,11,7,7,1
55255,12,8,8,1
55256,10,6,6,1
55257,11,7,7,1
55258,11,7,7,1
55259,12,7,7,1
55260,11,7,7,1
55261,12,8,8,1
55262,12,7,7,1
55263,13,8,8,1
55264,9,5,5,1
55265,10,6,6,1
55266,10,6,6,1
55267,11,6,6,1
55268,10,6,6,1
55269,11,7,7,1
55270,11,6,6,1
55271,12,7,7,1
55272,10,6,6,1
55273,11,7,7,1
55274,11,6,6,1
55275,12,7,7,1
55276,11,6,6,1
55277,12,7,7,1
55278,12,6,6,1
55279,13,7,7,1
55280,10,6,6,1
55281,11,7,7,1
55282,11,7,7,1
55283,12,7,7,1
55284,11,7,7,1
55285,12,8,8,1
55286,12,7,7,1
55287,13,8,8,1
55288,11,6,6,1
55289,12,7,7,1
55290,12,7,7,1
55291,13,7,7,1
55292,12,7,7,1
55293,13,8,8,1
55294,13,7,7,1
55295,14,8,8,1
55296,4,2,2,1
55297,5,3,3,1
55298,5,3,3,1
55299,6,3,3,1
55300,5,3,3,1
55301,6,4,4,1
55302,6,3,3,1
55303,7,4,4,1
55304,5,3,3,1
55305,6,4,4,1
55306,6,3,3,1
55307,7,4,4,1
55308,6,3,3,1
55309,7,4,4,1
55310,7,3,3,1
55311,8,4,4,1
55312,5,3,3,1
55313,6,4,4,1
55314,6,4,4,1
55315,7,4,4,1
55316,6,4,4,1
55317,7,5,5,1
55318,7,4,4,1
55319,8,5,5,1
55320,6,3,3,1
55321,7,4,4,1
55322,7,4,4,1
55323,8,4,4,1
55324,7,4,4,1
55325,8,5,5,1
55326,8,4,4,1
55327,9,5,5,1
55328,5,3,3,1
55329,6,4,4,1
55330,6,4,4,1
55331,7,4,4,1
55332,6,4,4,1
55333,7,5,5,1
55334,7,4,4,1
55335,8,5,5,1
55336,6,3,3,1
55337,7,4,4,1
55338,7,4,4,1
55339,8,4,4,1
55340,7,4,4,1
55341,8,5,5,1
55342,8,4,4,1
55343,9,5,5,1
55344,6,3,3,1
55345,7,4,4,1
55346,7,4,4,1
55347,8,4,4,1
55348,7,4,4,1
55349,8,5,5,1
55350,8,4,4,1
55351,9,5,5,1
55352,7,3,3,1
55353,8,4,4,1
55354,8,4,4,1
55355,9,4,4,1
55356,8,4,4,1
55357,9,5,5,1
55358,9,4,4,1
55359,10,5,5,1
55360,5,3,3,1
55361,6,4,4,1
55362,6,4,4,1
55363,7,4,4,1
55364,6,4,4,1
55365,7,5,5,1
55366,7,4,4,1
55367,8,5,5,1
55368,6,4,4,1
55369,7,5,5,1
55370,7,4,4,1
55371,8,5,5,1
55372,7,4,4,1
55373,8,5,5,1
55374,8,4,4,1
55375,9,5,5,1
55376,6,4,4,1
55377,7,5,5,1
55378,7,5,5,1
55379,8,5,5,1
55380,7,5,5,1
55381,8,6,6,1
55382,8,5,5,1
55383,9,6,6,1
55384,7,4,4,1
55385,8,5,5,1
55386,8,5,5,1
55387,9,5,5,1
55388,8,5,5,1
55389,9,6,6,1
55390,9,5,5,1
55391,10,6,6,1
55392,6,3,3,1
55393,7,4,4,1
55394,7,4,4,1
55395,8,4,4,1
55396,7,4,4,1
55397,8,5,5,1
55398,8,4,4,1
55399,9,5,5,1
55400,7,4,4,1
55401,8,5,5,1
55402,8,4,4,1
55403,9,5,5,1
55404,8,4,4,1
55405,9,5,5,1
55406,9,4,4,1
55407,10,5,5,1
55408,7,4,4,1
55409,8,5,5,1
55410,8,5,5,1
55411,9,5,5,1
55412,8,5,5,1
55413,9,6,6,1
55414,9,5,5,1
55415,10,6,6,1
55416,8,4,4,1
55417,9,5,5,1
55418,9,5,5,1
55419,10,5,5,1
55420,9,5,5,1
55421,10,6,6,1
55422,10,5,5,1
55423,11,6,6,1
55424,5,3,3,1
55425,6,4,4,1
55426,6,4,4,1
55427,7,4,4,1
55428,6,4,4,1
55429,7,5,5,1
55430,7,4,4,1
55431,8,5,5,1
55432,6,4,4,1
55433,7,5,5,1
55434,7,4,4,1
55435,8,5,5,1
55436,7,4,4,1
55437,8,5,5,1
55438,8,4,4,1
55439,9,5,5,1
55440,6,4,4,1
55441,7,5,5,1
55442,7,5,5,1
55443,8,5,5,1
55444,7,5,5,1
55445,8,6,6,1
55446,8,5,5,1
55447,9,6,6,1
55448,7,4,4,1
55449,8,5,5,1
55450,8,5,5,1
55451,9,5,5,1
55452,8,5,5,1
55453,9,6,6,1
55454,9,5,5,1
55455,10,6,6,1
55456,6,3,3,1
55457,7,4,4,1
55458,7,4,4,1
55459,8,4,4,1
55460,7,4,4,1
55461,8,5,5,1
55462,8,4,4,1
55463,9,5,5,1
55464,7,4,4,1
55465,8,5,5,1
55466,8,4,4,1
55467,9,5,5,1
55468,8,4,4,1
55469,9,5,5,1
55470,9,4,4,1
55471,10,5,5,1
55472,7,4,4,1
55473,8,5,5,1
55474,8,5,5,1
55475,9,5,5,1
55476,8,5,5,1
55477,9,6,6,1
55478,9,5,5,1
55479,10,6,6,1
55480,8,4,4,1
55481,9,5,5,1
55482,9,5,5,1
55483,10,5,5,1
55484,9,5,5,1
55485,10,6,6,1
55486,10,5,5,1
55487,11,6,6,1
55488,6,3,3,1
55489,7,4,4,1
55490,7,4,4,1
55491,8,4,4,1
55492,7,4,4,1
55493,8,5,5,1
55494,8,4,4,1
55495,9,5,5,1
55496,7,4,4,1
55497,8,5,5,1
55498,8,4,4,1
55499,9,5,5,1
55500,8,4,4,1
55501,9,5,5,1
55502,9,4,4,1
55503,10,5,5,1
55504,7,4,4,1
55505,8,5,5,1
55506,8,5,5,1
55507,9,5,5,1
55508,8,5,5,1
55509,9,6,6,1
55510,9,5,5,1
55511,10,6,6,1
55512,8,4,4,1
55513,9,5,5,1
55514,9,5,5,1
55515,10,5,5,1
55516,9,5,5,1
55517,10,6,6,1
55518,10,5,5,1
55519,11,6,6,1
55520,7,3,3,1
55521,8,4,4,1
55522,8,4,4,1
55523,9,4,4,1
55524,8,4,4,1
55525,9,5,5,1
55526,9,4,4,1
55527,10,5,5,1
55528,8,4,4,1
55529,9,5,5,1
55530,9,4,4,1
55531,10,5,5,1
55532,9,4,4,1
55533,10,5,5,1
55534,10,4,4,1
55535,11,5,5,1
55536,8,4,4,1
55537,9,5,5,1
55538,9,5,5,1
55539,10,5,5,1
55540,9,5,5,1
55541,10,6,6,1
55542,10,5,5,1
55543,11,6,6,1
55544,9,4,4,1
55545,10,5,5,1
55546,10,5,5,1
55547,11,5,5,1
55548,10,5,5,1
55549,11,6,6,1
55550,11,5,5,1
55551,12,6,6,1
55552,5,3,3,1
55553,6,4,4,1
55554,6,4,4,1
55555,7,4,4,1
55556,6,4,4,1
55557,7,5,5,1
55558,7,4,4,1
55559,8,5,5,1
55560,6,4,4,1
55561,7,5,5,1
55562,7,4,4,1
55563,8,5,5,1
55564,7,4,4,1
55565,8,5,5,1
55566,8,4,4,1
55567,9,5,5,1
55568,6,4,4,1
55569,7,5,5,1
55570,7,5,5,1
55571,8,5,5,1
55572,7,5,5,1
55573,8,6,6,1
55574,8,5,5,1
55575,9,6,6,1
55576,7,4,4,1
55577,8,5,5,1
55578,8,5,5,1
55579,9,5,5,1
55580,8,5,5,1
55581,9,6,6,1
55582,9,5,5,1
55583,10,6,6,1
55584,6,4,4,1
55585,7,5,5,1
55586,7,5,5,1
55587,8,5,5,1
55588,7,5,5,1
55589,8,6,6,1
55590,8,5,5,1
55591,9,6,6,1
55592,7,4,4,1
55593,8,5,5,1
55594,8,5,5,1
55595,9,5,5,1
55596,8,5,5,1
55597,9,6,6,1
55598,9,5,5,1
55599,10,6,6,1
55600,7,4,4,1
55601,8,5,5,1
55602,8,5,5,1
55603,9,5,5,1
55604,8,5,5,1
55605,9,6,6,1
55606,9,5,5,1
55607,10,6,6,1
55608,8,4,4,1
55609,9,5,5,1
55610,9,5,5,1
55611,10,5,5,1
55612,9,5,5,1
55613,10,6,6,1
55614,10,5,5,1
55615,11,6,6,1
55616,6,4,4,1
55617,7,5,5,1
55618,7,5,5,1
55619,8,5,5,1
55620,7,5,5,1
55621,8,6,6,1
55622,8,5,5,1
55623,9,6,6,1
55624,7,5,5,1
55625,8,6,6,1
55626,8,5,5,1
55627,9,6,6,1
55628,8,5,5,1
55629,9,6,6,1
55630,9,5,5,1
55631,10,6,6,1
55632,7,5,5,1
55633,8,6,6,1
55634,8,6,6,1
55635,9,6,6,1
55636,8,6,6,1
55637,9,7,7,1
55638,9,6,6,1
55639,10,7,7,1
55640,8,5,5,1
55641,9,6,6,1
55642,9,6,6,1
55643,10,6,6,1
55644,9,6,6,1
55645,10,7,7,1
55646,10,6,6,1
55647,11,7,7,1
55648,7,4,4,1
55649,8,5,5,1
55650,8,5,5,1
55651,9,5,5,1
55652,8,5,5,1
55653,9,6,6,1
55654,9,5,5,1
55655,10,6,6,1
55656,8,5,5,1
55657,9,6,6,1
55658,9,5,5,1
55659,10,6,6,1
55660,9,5,5,1
55661,10,6,6,1
55662,10,5,5,1
55663,11,6,6,1
55664,8,5,5,1
55665,9,6,6,1
55666,9,6,6,1
55667,10,6,6,1
55668,9,6,6,1
55669,10,7,7,1
55670,10,6,6,1
55671,11,7,7,1
55672,9,5,5,1
55673,10,6,6,1
55674,10,6,6,1
55675,11,6,6,1
55676,10,6,6,1
55677,11,7,7,1
55678,11,6,6,1
55679,12,7,7,1
55680,6,3,3,1
55681,7,4,4,1
55682,7,4,4,1
55683,8,4,4,1
55684,7,4,4,1
55685,8,5,5,1
55686,8,4,4,1
55687,9,5,5,1
55688,7,4,4,1
55689,8,5,5,1
55690,8,4,4,1
55691,9,5,5,1
55692,8,4,4,1
55693,9,5,5,1
55694,9,4,4,1
55695,10,5,5,1
55696,7,4,4,1
55697,8,5,5,1
55698,8,5,5,1
55699,9,5,5,1
55700,8,5,5,1
55701,9,6,6,1
55702,9,5,5,1
55703,10,6,6,1
55704,8,4,4,1
55705,9,5,5,1
55706,9,5,5,1
55707,10,5,5,1
55708,9,5,5,1
55709,10,6,6,1
55710,10,5,5,1
55711,11,6,6,1
55712,7,4,4,1
55713,8,5,5,1
55714,8,5,5,1
55715,9,5,5,1
55716,8,5,5,1
55717,9,6,6,1
55718,9,5,5,1
55719,10,6,6,1
55720,8,4,4,1
55721,9,5,5,1
55722,9,5,5,1
55723,10,5,5,1
55724,9,5,5,1
55725,10,6,6,1
55726,10,5,5,1
55727,11,6,6,1
55728,8,4,4,1
55729,9,5,5,1
55730,9,5,5,1
55731,10,5,5,1
55732,9,5,5,1
55733,10,6,6,1
55734,10,5,5,1
55735,11,6,6,1
55736,9,4,4,1
55737,10,5,5,1
55738,10,5,5,1
55739,11,5,5,1
55740,10,5,5,1
55741,11,6,6,1
55742,11,5,5,1
55743,12,6,6,1
55744,7,4,4,1
55745,8,5,5,1
55746,8,5,5,1
55747,9,5,5,1
55748,8,5,5,1
55749,9,6,6,1
55750,9,5,5,1
55751,10,6,6,1
55752,8,5,5,1
55753,9,6,6,1
55754,9,5,5,1
55755,10,6,6,1
55756,9,5,5,1
55757,10,6,6,1
55758,10,5,5,1
55759,11,6,6,1
55760,8,5,5,1
55761,9,6,6,1
55762,9,6,6,1
55763,10,6,6,1
55764,9,6,6,1
55765,10,7,7,1
55766,10,6,6,1
55767,11,7,7,1
55768,9,5,5,1
55769,10,6,6,1
55770,10,6,6,1
55771,11,6,6,1
55772,10,6,6,1
55773,11,7,7,1
55774,11,6,6,1
55775,12,7,7,1
55776,8,4,4,1
55777,9,5,5,1
55778,9,5,5,1
55779,10,5,5,1
55780,9,5,5,1
55781,10,6,6,1
55782,10,5,5,1
55783,11,6,6,1
55784,9,5,5,1
55785,10,6,6,1
55786,10,5,5,1
55787,11,6,6,1
55788,10,5,5,1
55789,11,6,6,1
55790,11,5,5,1
55791,12,6,6,1
55792,9,5,5,1
55793,10,6,6,1
55794,10,6,6,1
55795,11,6,6,1
55796,10,6,6,1
55797,11,7,7,1
55798,11,6,6,1
55799,12,7,7,1
55800,10,5,5,1
55801,11,6,6,1
55802,11,6,6,1
55803,12,6,6,1
55804,11,6,6,1
55805,12,7,7,1
55806,12,6,6,1
55807,13,7,7,1
55808,5,3,3,1
55809,6,4,4,1
55810,6,4,4,1
55811,7,4,4,1
55812,6,4,4,1
55813,7,5,5,1
55814,7,4,4,1
55815,8,5,5,1
55816,6,4,4,1
55817,7,5,5,1
55818,7,4,4,1
55819,8,5,5,1
55820,7,4,4,1
55821,8,5,5,1
55822,8,4,4,1
55823,9,5,5,1
55824,6,4,4,1
55825,7,5,5,1
55826,7,5,5,1
55827,8,5,5,1
55828,7,5,5,1
55829,8,6,6,1
55830,8,5,5,1
55831,9,6,6,1
55832,7,4,4,1
55833,8,5,5,1
55834,8,5,5,1
55835,9,5,5,1
55836,8,5,5,1
55837,9,6,6,1
55838,9,5,5,1
55839,10,6,6,1
55840,6,4,4,1
55841,7,5,5,1
55842,7,5,5,1
55843,8,5,5,1
55844,7,5,5,1
55845,8,6,6,1
55846,8,5,5,1
55847,9,6,6,1
55848,7,4,4,1
55849,8,5,5,1
55850,8,5,5,1
55851,9,5,5,1
55852,8,5,5,1
55853,9,6,6,1
55854,9,5,5,1
55855,10,6,6,1
55856,7,4,4,1
55857,8,5,5,1
55858,8,5,5,1
55859,9,5,5,1
55860,8,5,5,1
55861,9,6,6,1
55862,9,5,5,1
55863,10,6,6,1
55864,8,4,4,1
55865,9,5,5,1
55866,9,5,5,1
55867,10,5,5,1
55868,9,5,5,1
55869,10,6,6,1
55870,10,5,5,1
55871,11,6,6,1
55872,6,4,4,1
55873,7,5,5,1
55874,7,5,5,1
55875,8,5,5,1
55876,7,5,5,1
55877,8,6,6,1
55878,8,5,5,1
55879,9,6,6,1
55880,7,5,5,1
55881,8,6,6,1
55882,8,5,5,1
55883,9,6,6,1
55884,8,5,5,1
55885,9,6,6,1
55886,9,5,5,1
55887,10,6,6,1
55888,7,5,5,1
55889,8,6,6,1
55890,8,6,6,1
55891,9,6,6,1
55892,8,6,6,1
55893,9,7,7,1
55894,9,6,6,1
55895,10,7,7,1
55896,8,5,5,1
55897,9,6,6,1
55898,9,6,6,1
55899,10,6,6,1
55900,9,6,6,1
55901,10,7,7,1
55902,10,6,6,1
55903,11,7,7,1
55904,7,4,4,1
55905,8,5,5,1
55906,8,5,5,1
55907,9,5,5,1
55908,8,5,5,1
55909,9,6,6,1
55910,9,5,5,1
55911,10,6,6,1
55912,8,5,5,1
55913,9,6,6,1
55914,9,5,5,1
55915,10,6,6,1
55916,9,5,5,1
55917,10,6,6,1
55918,10,5,5,1
55919,11,6,6,1
55920,8,5,5,1
55921,9,6,6,1
55922,9,6,6,1
55923,10,6,6,1
55924,9,6,6,1
55925,10,7,7,1
55926,10,6,6,1
55927,11,7,7,1
55928,9,5,5,1
55929,10,6,6,1
55930,10,6,6,1
55931,11,6,6,1
55932,10,6,6,1
55933,11,7,7,1
55934,11,6,6,1
55935,12,7,7,1
55936,6,3,3,1
55937,7,4,4,1
55938,7,4,4,1
55939,8,4,4,1
55940,7,4,4,1
55941,8,5,5,1
55942,8,4,4,1
55943,9,5,5,1
55944,7,4,4,1
55945,8,5,5,1
55946,8,4,4,1
55947,9,5,5,1
55948,8,4,4,1
55949,9,5,5,1
55950,9,4,4,1
55951,10,5,5,1
55952,7,4,4,1
55953,8,5,5,1
55954,8,5,5,1
55955,9,5,5,1
55956,8,5,5,1
55957,9,6,6,1
55958,9,5,5,1
55959,10,6,6,1
55960,8,4,4,1
55961,9,5,5,1
55962,9,5,5,1
55963,10,5,5,1
55964,9,5,5,1
55965,10,6,6,1
55966,10,5,5,1
55967,11,6,6,1
55968,7,4,4,1
55969,8,5,5,1
55970,8,5,5,1
55971,9,5,5,1
55972,8,5,5,1
55973,9,6,6,1
55974,9,5,5,1
55975,10,6,6,1
55976,8,4,4,1
55977,9,5,5,1
55978,9,5,5,1
55979,10,5,5,1
55980,9,5,5,1
55981,10,6,6,1
55982,10,5,5,1
55983,11,6,6,1
55984,8,4,4,1
55985,9,5,5,1
55986,9,5,5,1
55987,10,5,5,1
55988,9,5,5,1
55989,10,6,6,1
55990,10,5,5,1
55991,11,6,6,1
55992,9,4,4,1
55993,10,5,5,1
55994,10,5,5,1
55995,11,5,5,1
55996,10,5,5,1
55997,11,6,6,1
55998,11,5,5,1
55999,12,6,6,1
56000,7,4,4,1
56001,8,5,5,1
56002,8,5,5,1
56003,9,5,5,1
56004,8,5,5,1
56005,9,6,6,1
56006,9,5,5,1
56007,10,6,6,1
56008,8,5,5,1
56009,9,6,6,1
56010,9,5,5,1
56011,10,6,6,1
56012,9,5,5,1
56013,10,6,6,1
56014,10,5,5,1
56015,11,6,6,1
56016,8,5,5,1
56017,9,6,6,1
56018,9,6,6,1
56019,10,6,6,1
56020,9,6,6,1
56021,10,7,7,1
56022,10,6,6,1
56023,11,7,7,1
56024,9,5,5,1
56025,10,6,6,1
56026,10,6,6,1
56027,11,6,6,1
56028,10,6,6,1
56029,11,7,7,1
56030,11,6,6,1
56031,12,7,7,1
56032,8,4,4,1
56033,9,5,5,1
56034,9,5,5,1
56035,10,5,5,1
56036,9,5,5,1
56037,10,6,6,1
56038,10,5,5,1
56039,11,6,6,1
56040,9,5,5,1
56041,10,6,6,1
56042,10,5,5,1
56043,11,6,6,1
56044,10,5,5,1
56045,11,6,6,1
56046,11,5,5,1
56047,12,6,6,1
56048,9,5,5,1
56049,10,6,6,1
56050,10,6,6,1
56051,11,6,6,1
56052,10,6,6,1
56053,11,7,7,1
56054,11,6,6,1
56055,12,7,7,1
56056,10,5,5,1
56057,11,6,6,1
56058,11,6,6,1
56059,12,6,6,1
56060,11,6,6,1
56061,12,7,7,1
56062,12,6,6,1
56063,13,7,7,1
56064,6,3,3,1
56065,7,4,4,1
56066,7,4,4,1
56067,8,4,4,1
56068,7,4,4,1
56069,8,5,5,1
56070,8,4,4,1
56071,9,5,5,1
56072,7,4,4,1
56073,8,5,5,1
56074,8,4,4,1
56075,9,5,5,1
56076,8,4,4,1
56077,9,5,5,1
56078,9,4,4,1
56079,10,5,5,1
56080,7,4,4,1
56081,8,5,5,1
56082,8,5,5,1
56083,9,5,5,1
56084,8,5,5,1
56085,9,6,6,1
56086,9,5,5,1
56087,10,6,6,1
56088,8,4,4,1
56089,9,5,5,1
56090,9,5,5,1
56091,10,5,5,1
56092,9,5,5,1
56093,10,6,6,1
56094,10,5,5,1
56095,11,6,6,1
56096,7,4,4,1
56097,8,5,5,1
56098,8,5,5,1
56099,9,5,5,1
56100,8,5,5,1
56101,9,6,6,1
56102,9,5,5,1
56103,10,6,6,1
56104,8,4,4,1
56105,9,5,5,1
56106,9,5,5,1
56107,10,5,5,1
56108,9,5,5,1
56109,10,6,6,1
56110,10,5,5,1
56111,11,6,6,1
56112,8,4,4,1
56113,9,5,5,1
56114,9,5,5,1
56115,10,5,5,1
56116,9,5,5,1
56117,10,6,6,1
56118,10,5,5,1
56119,11,6,6,1
56120,9,4,4,1
56121,10,5,5,1
56122,10,5,5,1
56123,11,5,5,1
56124,10,5,5,1
56125,11,6,6,1
56126,11,5,5,1
56127,12,6,6,1
56128,7,4,4,1
56129,8,5,5,1
56130,8,5,5,1
56131,9,5,5,1
56132,8,5,5,1
56133,9,6,6,1
56134,9,5,5,1
56135,10,6,6,1
56136,8,5,5,1
56137,9,6,6,1
56138,9,5,5,1
56139,10,6,6,1
56140,9,5,5,1
56141,10,6,6,1
56142,10,5,5,1
56143,11,6,6,1
56144,8,5,5,1
56145,9,6,6,1
56146,9,6,6,1
56147,10,6,6,1
56148,9,6,6,1
56149,10,7,7,1
56150,10,6,6,1
56151,11,7,7,1
56152,9,5,5,1
56153,10,6,6,1
56154,10,6,6,1
56155,11,6,6,1
56156,10,6,6,1
56157,11,7,7,1
56158,11,6,6,1
56159,12,7,7,1
56160,8,4,4,1
56161,9,5,5,1
56162,9,5,5,1
56163,10,5,5,1
56164,9,5,5,1
56165,10,6,6,1
56166,10,5,5,1
56167,11,6,6,1
56168,9,5,5,1
56169,10,6,6,1
56170,10,5,5,1
56171,11,6,6,1
56172,10,5,5,1
56173,11,6,6,1
56174,11,5,5,1
56175,12,6,6,1
56176,9,5,5,1
56177,10,6,6,1
56178,10,6,6,1
56179,11,6,6,1
56180,10,6,6,1
56181,11,7,7,1
56182,11,6,6,1
56183,12,7,7,1
56184,10,5,5,1
56185,11,6,6,1
56186,11,6,6,1
56187,12,6,6,1
56188,11,6,6,1
56189,12,7,7,1
56190,12,6,6,1
56191,13,7,7,1
56192,7,3,3,1
56193,8,4,4,1
56194,8,4,4,1
56195,9,4,4,1
56196,8,4,4,1
56197,9,5,5,1
56198,9,4,4,1
56199,10,5,5,1
56200,8,4,4,1
56201,9,5,5,1
56202,9,4,4,1
56203,10,5,5,1
56204,9,4,4,1
56205,10,5,5,1
56206,10,4,4,1
56207,11,5,5,1
56208,8,4,4,1
56209,9,5,5,1
56210,9,5,5,1
56211,10,5,5,1
56212,9,5,5,1
56213,10,6,6,1
56214,10,5,5,1
56215,11,6,6,1
56216,9,4,4,1
56217,10,5,5,1
56218,10,5,5,1
56219,11,5,5,1
56220,10,5,5,1
56221,11,6,6,1
56222,11,5,5,1
56223,12,6,6,1
56224,8,4,4,1
56225,9,5,5,1
56226,9,5,5,1
56227,10,5,5,1
56228,9,5,5,1
56229,10,6,6,1
56230,10,5,5,1
56231,11,6,6,1
56232,9,4,4,1
56233,10,5,5,1
56234,10,5,5,1
56235,11,5,5,1
56236,10,5,5,1
56237,11,6,6,1
56238,11,5,5,1
56239,12,6,6,1
56240,9,4,4,1
56241,10,5,5,1
56242,10,5,5,1
56243,11,5,5,1
56244,10,5,5,1
56245,11,6,6,1
56246,11,5,5,1
56247,12,6,6,1
56248,10,4,4,1
56249,11,5,5,1
56250,11,5,5,1
56251,12,5,5,1
56252,11,5,5,1
56253,12,6,6,1
56254,12,5,5,1
56255,13,6,6,1
56256,8,4,4,1
56257,9,5,5,1
56258,9,5,5,1
56259,10,5,5,1
56260,9,5,5,1
56261,10,6,6,1
56262,10,5,5,1
56263,11,6,6,1
56264,9,5,5,1
56265,10,6,6,1
56266,10,5,5,1
56267,11,6,6,1
56268,10,5,5,1
56269,11,6,6,1
56270,11,5,5,1
56271,12,6,6,1
56272,9,5,5,1
56273,10,6,6,1
56274,10,6,6,1
56275,11,6,6,1
56276,10,6,6,1
56277,11,7,7,1
56278,11,6,6,1
56279,12,7,7,1
56280,10,5,5,1
56281,11,6,6,1
56282,11,6,6,1
56283,12,6,6,1
56284,11,6,6,1
56285,12,7,7,1
56286,12,6,6,1
56287,13,7,7,1
56288,9,4,4,1
56289,10,5,5,1
56290,10,5,5,1
56291,11,5,5,1
56292,10,5,5,1
56293,11,6,6,1
56294,11,5,5,1
56295,12,6,6,1
56296,10,5,5,1
56297,11,6,6,1
56298,11,5,5,1
56299,12,6,6,1
56300,11,5,5,1
56301,12,6,6,1
56302,12,5,5,1
56303,13,6,6,1
56304,10,5,5,1
56305,11,6,6,1
56306,11,6,6,1
56307,12,6,6,1
56308,11,6,6,1
56309,12,7,7,1
56310,12,6,6,1
56311,13,7,7,1
56312,11,5,5,1
56313,12,6,6,1
56314,12,6,6,1
56315,13,6,6,1
56316,12,6,6,1
56317,13,7,7,1
56318,13,6,6,1
56319,14,7,7,1
56320,5,3,3,1
56321,6,4,4,1
56322,6,4,4,1
56323,7,4,4,1
56324,6,4,4,1
56325,7,5,5,1
56326,7,4,4,1
56327,8,5,5,1
56328,6,4,4,1
56329,7,5,5,1
56330,7,4,4,1
56331,8,5,5,1
56332,7,4,4,1
56333,8,5,5,1
56334,8,4,4,1
56335,9,5,5,1
56336,6,4,4,1
56337,7,5,5,1
56338,7,5,5,1
56339,8,5,5,1
56340,7,5,5,1
56341,8,6,6,1
56342,8,5,5,1
56343,9,6,6,1
56344,7,4,4,1
56345,8,5,5,1
56346,8,5,5,1
56347,9,5,5,1
56348,8,5,5,1
56349,9,6,6,1
56350,9,5,5,1
56351,10,6,6,1
56352,6,4,4,1
56353,7,5,5,1
56354,7,5,5,1
56355,8,5,5,1
56356,7,5,5,1
56357,8,6,6,1
56358,8,5,5,1
56359,9,6,6,1
56360,7,4,4,1
56361,8,5,5,1
56362,8,5,5,1
56363,9,5,5,1
56364,8,5,5,1
56365,9,6,6,1
56366,9,5,5,1
56367,10,6,6,1
56368,7,4,4,1
56369,8,5,5,1
56370,8,5,5,1
56371,9,5,5,1
56372,8,5,5,1
56373,9,6,6,1
56374,9,5,5,1
56375,10,6,6,1
56376,8,4,4,1
56377,9,5,5,1
56378,9,5,5,1
56379,10,5,5,1
56380,9,5,5,1
56381,10,6,6,1
56382,10,5,5,1
56383,11,6,6,1
56384,6,4,4,1
56385,7,5,5,1
56386,7,5,5,1
56387,8,5,5,1
56388,7,5,5,1
56389,8,6,6,1
56390,8,5,5,1
56391,9,6,6,1
56392,7,5,5,1
56393,8,6,6,1
56394,8,5,5,1
56395,9,6,6,1
56396,8,5,5,1
56397,9,6,6,1
56398,9,5,5,1
56399,10,6,6,1
56400,7,5,5,1
56401,8,6,6,1
56402,8,6,6,1
56403,9,6,6,1
56404,8,6,6,1
56405,9,7,7,1
56406,9,6,6,1
56407,10,7,7,1
56408,8,5,5,1
56409,9,6,6,1
56410,9,6,6,1
56411,10,6,6,1
56412,9,6,6,1
56413,10,7,7,1
56414,10,6,6,1
56415,11,7,7,1
56416,7,4,4,1
56417,8,5,5,1
56418,8,5,5,1
56419,9,5,5,1
56420,8,5,5,1
56421,9,6,6,1
56422,9,5,5,1
56423,10,6,6,1
56424,8,5,5,1
56425,9,6,6,1
56426,9,5,5,1
56427,10,6,6,1
56428,9,5,5,1
56429,10,6,6,1
56430,10,5,5,1
56431,11,6,6,1
56432,8,5,5,1
56433,9,6,6,1
56434,9,6,6,1
56435,10,6,6,1
56436,9,6,6,1
56437,10,7,7,1
56438,10,6,6,1
56439,11,7,7,1
56440,9,5,5,1
56441,10,6,6,1
56442,10,6,6,1
56443,11,6,6,1
56444,10,6,6,1
56445,11,7,7,1
56446,11,6,6,1
56447,12,7,7,1
56448,6,4,4,1
56449,7,5,5,1
56450,7,5,5,1
56451,8,5,5,1
56452,7,5,5,1
56453,8,6,6,1
56454,8,5,5,1
56455,9,6,6,1
56456,7,5,5,1
56457,8,6,6,1
56458,8,5,5,1
56459,9,6,6,1
56460,8,5,5,1
56461,9,6,6,1
56462,9,5,5,1
56463,10,6,6,1
56464,7,5,5,1
56465,8,6,6,1
56466,8,6,6,1
56467,9,6,6,1
56468,8,6,6,1
56469,9,7,7,1
56470,9,6,6,1
56471,10,7,7,1
56472,8,5,5,1
56473,9,6,6,1
56474,9,6,6,1
56475,10,6,6,1
56476,9,6,6,1
56477,10,7,7,1
56478,10,6,6,1
56479,11,7,7,1
56480,7,4,4,1
56481,8,5,5,1
56482,8,5,5,1
56483,9,5,5,1
56484,8,5,5,1
56485,9,6,6,1
56486,9,5,5,1
56487,10,6,6,1
56488,8,5,5,1
56489,9,6,6,1
56490,9,5,5,1
56491,10,6,6,1
56492,9,5,5,1
56493,10,6,6,1
56494,10,5,5,1
56495,11,6,6,1
56496,8,5,5,1
56497,9,6,6,1
56498,9,6,6,1
56499,10,6,6,1
56500,9,6,6,1
56501,10,7,7,1
56502,10,6,6,1
56503,11,7,7,1
56504,9,5,5,1
56505,10,6,6,1
56506,10,6,6,1
56507,11,6,6,1
56508,10,6,6,1
56509,11,7,7,1
56510,11,6,6,1
56511,12,7,7,1
56512,7,4,4,1
56513,8,5,5,1
56514,8,5,5,1
56515,9,5,5,1
56516,8,5,5,1
56517,9,6,6,1
56518,9,5,5,1
56519,10,6,6,1
56520,8,5,5,1
56521,9,6,6,1
56522,9,5,5,1
56523,10,6,6,1
56524,9,5,5,1
56525,10,6,6,1
56526,10,5,5,1
56527,11,6,6,1
56528,8,5,5,1
56529,9,6,6,1
56530,9,6,6,1
56531,10,6,6,1
56532,9,6,6,1
56533,10,7,7,1
56534,10,6,6,1
56535,11,7,7,1
56536,9,5,5,1
56537,10,6,6,1
56538,10,6,6,1
56539,11,6,6,1
56540,10,6,6,1
56541,11,7,7,1
56542,11,6,6,1
56543,12,7,7,1
56544,8,4,4,1
56545,9,5,5,1
56546,9,5,5,1
56547,10,5,5,1
56548,9,5,5,1
56549,10,6,6,1
56550,10,5,5,1
56551,11,6,6,1
56552,9,5,5,1
56553,10,6,6,1
56554,10,5,5,1
56555,11,6,6,1
56556,10,5,5,1
56557,11,6,6,1
56558,11,5,5,1
56559,12,6,6,1
56560,9,5,5,1
56561,10,6,6,1
56562,10,6,6,1
56563,11,6,6,1
56564,10,6,6,1
56565,11,7,7,1
56566,11,6,6,1
56567,12,7,7,1
56568,10,5,5,1
56569,11,6,6,1
56570,11,6,6,1
56571,12,6,6,1
56572,11,6,6,1
56573,12,7,7,1
56574,12,6,6,1
56575,13,7,7,1
56576,6,4,4,1
56577,7,5,5,1
56578,7,5,5,1
56579,8,5,5,1
56580,7,5,5,1
56581,8,6,6,1
56582,8,5,5,1
56583,9,6,6,1
56584,7,5,5,1
56585,8,6,6,1
56586,8,5,5,1
56587,9,6,6,1
56588,8,5,5,1
56589,9,6,6,1
56590,9,5,5,1
56591,10,6,6,1
56592,7,5,5,1
56593,8,6,6,1
56594,8,6,6,1
56595,9,6,6,1
56596,8,6,6,1
56597,9,7,7,1
56598,9,6,6,1
56599,10,7,7,1
56600,8,5,5,1
56601,9,6,6,1
56602,9,6,6,1
56603,10,6,6,1
56604,9,6,6,1
56605,10,7,7,1
56606,10,6,6,1
56607,11,7,7,1
56608,7,5,5,1
56609,8,6,6,1
56610,8,6,6,1
56611,9,6,6,1
56612,8,6,6,1
56613,9,7,7,1
56614,9,6,6,1
56615,10,7,7,1
56616,8,5,5,1
56617,9,6,6,1
56618,9,6,6,1
56619,10,6,6,1
56620,9,6,6,1
56621,10,7,7,1
56622,10,6,6,1
56623,11,7,7,1
56624,8,5,5,1
56625,9,6,6,1
56626,9,6,6,1
56627,10,6,6,1
56628,9,6,6,1
56629,10,7,7,1
56630,10,6,6,1
56631,11,7,7,1
56632,9,5,5,1
56633,10,6,6,1
56634,10,6,6,1
56635,11,6,6,1
56636,10,6,6,1
56637,11,7,7,1
56638,11,6,6,1
56639,12,7,7,1
56640,7,5,5,1
56641,8,6,6,1
56642,8,6,6,1
56643,9,6,6,1
56644,8,6,6,1
56645,9,7,7,1
56646,9,6,6,1
56647,10,7,7,1
56648,8,6,6,1
56649,9,7,7,1
56650,9,6,6,1
56651,10,7,7,1
56652,9,6,6,1
56653,10,7,7,1
56654,10,6,6,1
56655,11,7,7,1
56656,8,6,6,1
56657,9,7,7,1
56658,9,7,7,1
56659,10,7,7,1
56660,9,7,7,1
56661,10,8,8,1
56662,10,7,7,1
56663,11,8,8,1
56664,9,6,6,1
56665,10,7,7,1
56666,10,7,7,1
56667,11,7,7,1
56668,10,7,7,1
56669,11,8,8,1
56670,11,7,7,1
56671,12,8,8,1
56672,8,5,5,1
56673,9,6,6,1
56674,9,6,6,1
56675,10,6,6,1
56676,9,6,6,1
56677,10,7,7,1
56678,10,6,6,1
56679,11,7,7,1
56680,9,6,6,1
56681,10,7,7,1
56682,10,6,6,1
56683,11,7,7,1
56684,10,6,6,1
56685,11,7,7,1
56686,11,6,6,1
56687,12,7,7,1
56688,9,6,6,1
56689,10,7,7,1
56690,10,7,7,1
56691,11,7,7,1
56692,10,7,7,1
56693,11,8,8,1
56694,11,7,7,1
56695,12,8,8,1
56696,10,6,6,1
56697,11,7,7,1
56698,11,7,7,1
56699,12,7,7,1
56700,11,7,7,1
56701,12,8,8,1
56702,12,7,7,1
56703,13,8,8,1
56704,7,4,4,1
56705,8,5,5,1
56706,8,5,5,1
56707,9,5,5,1
56708,8,5,5,1
56709,9,6,6,1
56710,9,5,5,1
56711,10,6,6,1
56712,8,5,5,1
56713,9,6,6,1
56714,9,5,5,1
56715,10,6,6,1
56716,9,5,5,1
56717,10,6,6,1
56718,10,5,5,1
56719,11,6,6,1
56720,8,5,5,1
56721,9,6,6,1
56722,9,6,6,1
56723,10,6,6,1
56724,9,6,6,1
56725,10,7,7,1
56726,10,6,6,1
56727,11,7,7,1
56728,9,5,5,1
56729,10,6,6,1
56730,10,6,6,1
56731,11,6,6,1
56732,10,6,6,1
56733,11,7,7,1
56734,11,6,6,1
56735,12,7,7,1
56736,8,5,5,1
56737,9,6,6,1
56738,9,6,6,1
56739,10,6,6,1
56740,9,6,6,1
56741,10,7,7,1
56742,10,6,6,1
56743,11,7,7,1
56744,9,5,5,1
56745,10,6,6,1
56746,10,6,6,1
56747,11,6,6,1
56748,10,6,6,1
56749,11,7,7,1
56750,11,6,6,1
56751,12,7,7,1
56752,9,5,5,1
56753,10,6,6,1
56754,10,6,6,1
56755,11,6,6,1
56756,10,6,6,1
56757,11,7,7,1
56758,11,6,6,1
56759,12,7,7,1
56760,10,5,5,1
56761,11,6,6,1
56762,11,6,6,1
56763,12,6,6,1
56764,11,6,6,1
56765,12,7,7,1
56766,12,6,6,1
56767,13,7,7,1
56768,8,5,5,1
56769,9,6,6,1
56770,9,6,6,1
56771,10,6,6,1
56772,9,6,6,1
56773,10,7,7,1
56774,10,6,6,1
56775,11,7,7,1
56776,9,6,6,1
56777,10,7,7,1
56778,10,6,6,1
56779,11,7,7,1
56780,10,6,6,1
56781,11,7,7,1
56782,11,6,6,1
56783,12,7,7,1
56784,9,6,6,1
56785,10,7,7,1
56786,10,7,7,1
56787,11,7,7,1
56788,10,7,7,1
56789,11,8,8,1
56790,11,7,7,1
56791,12,8,8,1
56792,10,6,6,1
56793,11,7,7,1
56794,11,7,7,1
56795,12,7,7,1
56796,11,7,7,1
56797,12,8,8,1
56798,12,7,7,1
56799,13,8,8,1
56800,9,5,5,1
56801,10,6,6,1
56802,10,6,6,1
56803,11,6,6,1
56804,10,6,6,1
56805,11,7,7,1
56806,11,6,6,1
56807,12,7,7,1
56808,10,6,6,1
56809,11,7,7,1
56810,11,6,6,1
56811,12,7,7,1
56812,11,6,6,1
56813,12,7,7,1
56814,12,6,6,1
56815,13,7,7,1
56816,10,6,6,1
56817,11,7,7,1
56818,11,7,7,1
56819,12,7,7,1
56820,11,7,7,1
56821,12,8,8,1
56822,12,7,7,1
56823,13,8,8,1
56824,11,6,6,1
56825,12,7,7,1
56826,12,7,7,1
56827,13,7,7,1
56828,12,7,7,1
56829,13,8,8,1
56830,13,7,7,1
56831,14,8,8,1
56832,6,3,3,1
56833,7,4,4,1
56834,7,4,4,1
56835,8,4,4,1
56836,7,4,4,1
56837,8,5,5,1
56838,8,4,4,1
56839,9,5,5,1
56840,7,4,4,1
56841,8,5,5,1
56842,8,4,4,1
56843,9,5,5,1
56844,8,4,4,1
56845,9,5,5,1
56846,9,4,4,1
56847,10,5,5,1
56848,7,4,4,1
56849,8,5,5,1
56850,8,5,5,1
56851,9,5,5,1
56852,8,5,5,1
56853,9,6,6,1
56854,9,5,5,1
56855,10,6,6,1
56856,8,4,4,1
56857,9,5,5,1
56858,9,5,5,1
56859,10,5,5,1
56860,9,5,5,1
56861,10,6,6,1
56862,10,5,5,1
56863,11,6,6,1
56864,7,4,4,1
56865,8,5,5,1
56866,8,5,5,1
56867,9,5,5,1
56868,8,5,5,1
56869,9,6,6,1
56870,9,5,5,1
56871,10,6,6,1
56872,8,4,4,1
56873,9,5,5,1
56874,9,5,5,1
56875,10,5,5,1
56876,9,5,5,1
56877,10,6,6,1
56878,10,5,5,1
56879,11,6,6,1
56880,8,4,4,1
56881,9,5,5,1
56882,9,5,5,1
56883,10,5,5,1
56884,9,5,5,1
56885,10,6,6,1
56886,10,5,5,1
56887,11,6,6,1
56888,9,4,4,1
56889,10,5,5,1
56890,10,5,5,1
56891,11,5,5,1
56892,10,5,5,1
56893,11,6,6,1
56894,11,5,5,1
56895,12,6,6,1
56896,7,4,4,1
56897,8,5,5,1
56898,8,5,5,1
56899,9,5,5,1
56900,8,5,5,1
56901,9,6,6,1
56902,9,5,5,1
56903,10,6,6,1
56904,8,5,5,1
56905,9,6,6,1
56906,9,5,5,1
56907,10,6,6,1
56908,9,5,5,1
56909,10,6,6,1
56910,10,5,5,1
56911,11,6,6,1
56912,8,5,5,1
56913,9,6,6,1
56914,9,6,6,1
56915,10,6,6,1
56916,9,6,6,1
56917,10,7,7,1
56918,10,6,6,1
56919,11,7,7,1
56920,9,5,5,1
56921,10,6,6,1
56922,10,6,6,1
56923,11,6,6,1
56924,10,6,6,1
56925,11,7,7,1
56926,11,6,6,1
56927,12,7,7,1
56928,8,4,4,1
56929,9,5,5,1
56930,9,5,5,1
56931,10,5,5,1
56932,9,5,5,1
56933,10,6,6,1
56934,10,5,5,1
56935,11,6,6,1
56936,9,5,5,1
56937,10,6,6,1
56938,10,5,5,1
56939,11,6,6,1
56940,10,5,5,1
56941,11,6,6,1
56942,11,5,5,1
56943,12,6,6,1
56944,9,5,5,1
56945,10,6,6,1
56946,10,6,6,1
56947,11,6,6,1
56948,10,6,6,1
56949,11,7,7,1
56950,11,6,6,1
56951,12,7,7,1
56952,10,5,5,1
56953,11,6,6,1
56954,11,6,6,1
56955,12,6,6,1
56956,11,6,6,1
56957,12,7,7,1
56958,12,6,6,1
56959,13,7,7,1
56960,7,4,4,1
56961,8,5,5,1
56962,8,5,5,1
56963,9,5,5,1
56964,8,5,5,1
56965,9,6,6,1
56966,9,5,5,1
56967,10,6,6,1
56968,8,5,5,1
56969,9,6,6,1
56970,9,5,5,1
56971,10,6,6,1
56972,9,5,5,1
56973,10,6,6,1
56974,10,5,5,1
56975,11,6,6,1
56976,8,5,5,1
56977,9,6,6,1
56978,9,6,6,1
56979,10,6,6,1
56980,9,6,6,1
56981,10,7,7,1
56982,10,6,6,1
56983,11,7,7,1
56984,9,5,5,1
56985,10,6,6,1
56986,10,6,6,1
56987,11,6,6,1
56988,10,6,6,1
56989,11,7,7,1
56990,11,6,6,1
56991,12,7,7,1
56992,8,4,4,1
56993,9,5,5,1
56994,9,5,5,1
56995,10,5,5,1
56996,9,5,5,1
56997,10,6,6,1
56998,10,5,5,1
56999,11,6,6,1
57000,9,5,5,1
57001,10,6,6,1
57002,10,5,5,1
57003,11,6,6,1
57004,10,5,5,1
57005,11,6,6,1
57006,11,5,5,1
57007,12,6,6,1
57008,9,5,5,1
57009,10,6,6,1
57010,10,6,6,1
57011,11,6,6,1
57012,10,6,6,1
57013,11,7,7,1
57014,11,6,6,1
57015,12,7,7,1
57016,10,5,5,1
57017,11,6,6,1
57018,11,6,6,1
57019,12,6,6,1
57020,11,6,6,1
57021,12,7,7,1
57022,12,6,6,1
57023,13,7,7,1
57024,8,4,4,1
57025,9,5,5,1
57026,9,5,5,1
57027,10,5,5,1
57028,9,5,5,1
57029,10,6,6,1
57030,10,5,5,1
57031,11,6,6,1
57032,9,5,5,1
57033,10,6,6,1
57034,10,5,5,1
57035,11,6,6,1
57036,10,5,5,1
57037,11,6,6,1
57038,11,5,5,1
57039,12,6,6,1
57040,9,5,5,1
57041,10,6,6,1
57042,10,6,6,1
57043,11,6,6,1
57044,10,6,6,1
57045,11,7,7,1
57046,11,6,6,1
57047,12,7,7,1
57048,10,5,5,1
57049,11,6,6,1
57050,11,6,6,1
57051,12,6,6,1
57052,11,6,6,1
57053,12,7,7,1
57054,12,6,6,1
57055,13,7,7,1
57056,9,4,4,1
57057,10,5,5,1
57058,10,5,5,1
57059,11,5,5,1
57060,10,5,5,1
57061,11,6,6,1
57062,11,5,5,1
57063,12,6,6,1
57064,10,5,5,1
57065,11,6,6,1
57066,11,5,5,1
57067,12,6,6,1
57068,11,5,5,1
57069,12,6,6,1
57070,12,5,5,1
57071,13,6,6,1
57072,10,5,5,1
57073,11,6,6,1
57074,11,6,6,1
57075,12,6,6,1
57076,11,6,6,1
57077,12,7,7,1
57078,12,6,6,1
57079,13,7,7,1
57080,11,5,5,1
57081,12,6,6,1
57082,12,6,6,1
57083,13,6,6,1
57084,12,6,6,1
57085,13,7,7,1
57086,13,6,6,1
57087,14,7,7,1
57088,7,4,4,1
57089,8,5,5,1
57090,8,5,5,1
57091,9,5,5,1
57092,8,5,5,1
57093,9,6,6,1
57094,9,5,5,1
57095,10,6,6,1
57096,8,5,5,1
57097,9,6,6,1
57098,9,5,5,1
57099,10,6,6,1
57100,9,5,5,1
57101,10,6,6,1
57102,10,5,5,1
57103,11,6,6,1
57104,8,5,5,1
57105,9,6,6,1
57106,9,6,6,1
57107,10,6,6,1
57108,9,6,6,1
57109,10,7,7,1
57110,10,6,6,1
57111,11,7,7,1
57112,9,5,5,1
57113,10,6,6,1
57114,10,6,6,1
57115,11,6,6,1
57116,10,6,6,1
57117,11,7,7,1
57118,11,6,6,1
57119,12,7,7,1
57120,8,5,5,1
57121,9,6,6,1
57122,9,6,6,1
57123,10,6,6,1
57124,9,6,6,1
57125,10,7,7,1
57126,10,6,6,1
57127,11,7,7,1
57128,9,5,5,1
57129,10,6,6,1
57130,10,6,6,1
57131,11,6,6,1
57132,10,6,6,1
57133,11,7,7,1
57134,11,6,6,1
57135,12,7,7,1
57136,9,5,5,1
57137,10,6,6,1
57138,10,6,6,1
57139,11,6,6,1
57140,10,6,6,1
57141,11,7,7,1
57142,11,6,6,1
57143,12,7,7,1
57144,10,5,5,1
57145,11,6,6,1
57146,11,6,6,1
57147,12,6,6,1
57148,11,6,6,1
57149,12,7,7,1
57150,12,6,6,1
57151,13,7,7,1
57152,8,5,5,1
57153,9,6,6,1
57154,9,6,6,1
57155,10,6,6,1
57156,9,6,6,1
57157,10,7,7,1
57158,10,6,6,1
57159,11,7,7,1
57160,9,6,6,1
57161,10,7,7,1
57162,10,6,6,1
57163,11,7,7,1
57164,10,6,6,1
57165,11,7,7,1
57166,11,6,6,1
57167,12,7,7,1
57168,9,6,6,1
57169,10,7,7,1
57170,10,7,7,1
57171,11,7,7,1
57172,10,7,7,1
57173,11,8,8,1
57174,11,7,7,1
57175,12,8,8,1
57176,10,6,6,1
57177,11,7,7,1
57178,11,7,7,1
57179,12,7,7,1
57180,11,7,7,1
57181,12,8,8,1
57182,12,7,7,1
57183,13,8,8,1
57184,9,5,5,1
57185,10,6,6,1
57186,10,6,6,1
57187,11,6,6,1
57188,10,6,6,1
57189,11,7,7,1
57190,11,6,6,1
57191,12,7,7,1
57192,10,6,6,1
57193,11,7,7,1
57194,11,6,6,1
57195,12,7,7,1
57196,11,6,6,1
57197,12,7,7,1
57198,12,6,6,1
57199,13,7,7,1
57200,10,6,6,1
57201,11,7,7,1
57202,11,7,7,1
57203,12,7,7,1
57204,11,7,7,1
57205,12,8,8,1
57206,12,7,7,1
57207,13,8,8,1
57208,11,6,6,1
57209,12,7,7,1
57210,12,7,7,1
57211,13,7,7,1
57212,12,7,7,1
57213,13,8,8,1
57214,13,7,7,1
57215,14,8,8,1
57216,8,4,4,1
57217,9,5,5,1
57218,9,5,5,1
57219,10,5,5,1
57220,9,5,5,1
57221,10,6,6,1
57222,10,5,5,1
57223,11,6,6,1
57224,9,5,5,1
57225,10,6,6,1
57226,10,5,5,1
57227,11,6,6,1
57228,10,5,5,1
57229,11,6,6,1
57230,11,5,5,1
57231,12,6,6,1
57232,9,5,5,1
57233,10,6,6,1
57234,10,6,6,1
57235,11,6,6,1
57236,10,6,6,1
57237,11,7,7,1
57238,11,6,6,1
57239,12,7,7,1
57240,10,5,5,1
57241,11,6,6,1
57242,11,6,6,1
57243,12,6,6,1
57244,11,6,6,1
57245,12,7,7,1
57246,12,6,6,1
57247,13,7,7,1
57248,9,5,5,1
57249,10,6,6,1
57250,10,6,6,1
57251,11,6,6,1
57252,10,6,6,1
57253,11,7,7,1
57254,11,6,6,1
57255,12,7,7,1
57256,10,5,5,1
57257,11,6,6,1
57258,11,6,6,1
57259,12,6,6,1
57260,11,6,6,1
57261,12,7,7,1
57262,12,6,6,1
57263,13,7,7,1
57264,10,5,5,1
57265,11,6,6,1
57266,11,6,6,1
57267,12,6,6,1
57268,11,6,6,1
57269,12,7,7,1
57270,12,6,6,1
57271,13,7,7,1
57272,11,5,5,1
57273,12,6,6,1
57274,12,6,6,1
57275,13,6,6,1
57276,12,6,6,1
57277,13,7,7,1
57278,13,6,6,1
57279,14,7,7,1
57280,9,5,5,1
57281,10,6,6,1
57282,10,6,6,1
57283,11,6,6,1
57284,10,6,6,1
57285,11,7,7,1
57286,11,6,6,1
57287,12,7,7,1
57288,10,6,6,1
57289,11,7,7,1
57290,11,6,6,1
57291,12,7,7,1
57292,11,6,6,1
57293,12,7,7,1
57294,12,6,6,1
57295,13,7,7,1
57296,10,6,6,1
57297,11,7,7,1
57298,11,7,7,1
57299,12,7,7,1
57300,11,7,7,1
57301,12,8,8,1
57302,12,7,7,1
57303,13,8,8,1
57304,11,6,6,1
57305,12,7,7,1
57306,12,7,7,1
57307,13,7,7,1
57308,12,7,7,1
57309,13,8,8,1
57310,13,7,7,1
57311,14,8,8,1
57312,10,5,5,1
57313,11,6,6,1
57314,11,6,6,1
57315,12,6,6,1
57316,11,6,6,1
57317,12,7,7,1
57318,12,6,6,1
57319,13,7,7,1
57320,11,6,6,1
57321,12,7,7,1
57322,12,6,6,1
57323,13,7,7,1
57324,12,6,6,1
57325,13,7,7,1
57326,13,6,6,1
57327,14,7,7,1
57328,11,6,6,1
57329,12,7,7,1
57330,12,7,7,1
57331,13,7,7,1
57332,12,7,7,1
57333,13,8,8,1
57334,13,7,7,1
57335,14,8,8,1
57336,12,6,6,1
57337,13,7,7,1
57338,13,7,7,1
57339,14,7,7,1
57340,13,7,7,1
57341,14,8,8,1
57342,14,7,7,1
57343,15,8,8,1
57344,3,1,1,1
57345,4,2,2,1
57346,4,2,2,1
57347,5,2,2,1
57348,4,2,2,1
57349,5,3,3,1
57350,5,2,2,1
57351,6,3,3,1
57352,4,2,2,1
57353,5,3,3,1
57354,5,2,2,1
57355,6,3,3,1
57356,5,2,2,1
57357,6,3,3,1
57358,6,2,2,1
57359,7,3,3,1
57360,4,2,2,1
57361,5,3,3,1
57362,5,3,3,1
57363,6,3,3,1
57364,5,3,3,1
57365,6,4,4,1
57366,6,3,3,1
57367,7,4,4,1
57368,5,2,2,1
57369,6,3,3,1
57370,6,3,3,1
57371,7,3,3,1
57372,6,3,3,1
57373,7,4,4,1
57374,7,3,3,1
57375,8,4,4,1
57376,4,2,2,1
57377,5,3,3,1
57378,5,3,3,1
57379,6,3,3,1
57380,5,3,3,1
57381,6,4,4,1
57382,6,3,3,1
57383,7,4,4,1
57384,5,2,2,1
57385,6,3,3,1
57386,6,3,3,1
57387,7,3,3,1
57388,6,3,3,1
57389,7,4,4,1
57390,7,3,3,1
57391,8,4,4,1
57392,5,2,2,1
57393,6,3,3,1
57394,6,3,3,1
57395,7,3,3,1
57396,6,3,3,1
57397,7,4,4,1
57398,7,3,3,1
57399,8,4,4,1
57400,6,2,2,1
57401,7,3,3,1
57402,7,3,3,1
57403,8,3,3,1
57404,7,3,3,1
57405,8,4,4,1
57406,8,3,3,1
57407,9,4,4,1
57408,4,2,2,1
57409,5,3,3,1
57410,5,3,3,1
57411,6,3,3,1
57412,5,3,3,1
57413,6,4,4,1
57414,6,3,3,1
57415,7,4,4,1
57416,5,3,3,1
57417,6,4,4,1
57418,6,3,3,1
57419,7,4,4,1
57420,6,3,3,1
57421,7,4,4,1
57422,7,3,3,1
57423,8,4,4,1
57424,5,3,3,1
57425,6,4,4,1
57426,6,4,4,1
57427,7,4,4,1
57428,6,4,4,1
57429,7,5,5,1
57430,7,4,4,1
57431,8,5,5,1
57432,6,3,3,1
57433,7,4,4,1
57434,7,4,4,1
57435,8,4,4,1
57436,7,4,4,1
57437,8,5,5,1
57438,8,4,4,1
57439,9,5,5,1
57440,5,2,2,1
57441,6,3,3,1
57442,6,3,3,1
57443,7,3,3,1
57444,6,3,3,1
57445,7,4,4,1
57446,7,3,3,1
57447,8,4,4,1
57448,6,3,3,1
57449,7,4,4,1
57450,7,3,3,1
57451,8,4,4,1
57452,7,3,3,1
57453,8,4,4,1
57454,8,3,3,1
57455,9,4,4,1
57456,6,3,3,1
57457,7,4,4,1
57458,7,4,4,1
57459,8,4,4,1
57460,7,4,4,1
57461,8,5,5,1
57462,8,4,4,1
57463,9,5,5,1
57464,7,3,3,1
57465,8,4,4,1
57466,8,4,4,1
57467,9,4,4,1
57468,8,4,4,1
57469,9,5,5,1
57470,9,4,4,1
57471,10,5,5,1
57472,4,2,2,1
57473,5,3,3,1
57474,5,3,3,1
57475,6,3,3,1
57476,5,3,3,1
57477,6,4,4,1
57478,6,3,3,1
57479,7,4,4,1
57480,5,3,3,1
57481,6,4,4,1
57482,6,3,3,1
57483,7,4,4,1
57484,6,3,3,1
57485,7,4,4,1
57486,7,3,3,1
57487,8,4,4,1
57488,5,3,3,1
57489,6,4,4,1
57490,6,4,4,1
57491,7,4,4,1
57492,6,4,4,1
57493,7,5,5,1
57494,7,4,4,1
57495,8,5,5,1
57496,6,3,3,1
57497,7,4,4,1
57498,7,4,4,1
57499,8,4,4,1
57500,7,4,4,1
57501,8,5,5,1
57502,8,4,4,1
57503,9,5,5,1
57504,5,2,2,1
57505,6,3,3,1
57506,6,3,3,1
57507,7,3,3,1
57508,6,3,3,1
57509,7,4,4,1
57510,7,3,3,1
57511,8,4,4,1
57512,6,3,3,1
57513,7,4,4,1
57514,7,3,3,1
57515,8,4,4,1
57516,7,3,3,1
57517,8,4,4,1
57518,8,3,3,1
57519,9,4,4,1
57520,6,3,3,1
57521,7,4,4,1
57522,7,4,4,1
57523,8,4,4,1
57524,7,4,4,1
57525,8,5,5,1
57526,8,4,4,1
57527,9,5,5,1
57528,7,3,3,1
57529,8,4,4,1
57530,8,4,4,1
57531,9,4,4,1
57532,8,4,4,1
57533,9,5,5,1
57534,9,4,4,1
57535,10,5,5,1
57536,5,2,2,1
57537,6,3,3,1
57538,6,3,3,1
57539,7,3,3,1
57540,6,3,3,1
57541,7,4,4,1
57542,7,3,3,1
57543,8,4,4,1
57544,6,3,3,1
57545,7,4,4,1
57546,7,3,3,1
57547,8,4,4,1
57548,7,3,3,1
57549,8,4,4,1
57550,8,3,3,1
57551,9,4,4,1
57552,6,3,3,1
57553,7,4,4,1
57554,7,4,4,1
57555,8,4,4,1
57556,7,4,4,1
57557,8,5,5,1
57558,8,4,4,1
57559,9,5,5,1
57560,7,3,3,1
57561,8,4,4,1
57562,8,4,4,1
57563,9,4,4,1
57564,8,4,4,1
57565,9,5,5,1
57566,9,4,4,1
57567,10,5,5,1
57568,6,2,2,1
57569,7,3,3,1
57570,7,3,3,1
57571,8,3,3,1
57572,7,3,3,1
57573,8,4,4,1
57574,8,3,3,1
57575,9,4,4,1
57576,7,3,3,1
57577,8,4,4,1
57578,8,3,3,1
57579,9,4,4,1
57580,8,3,3,1
57581,9,4,4,1
57582,9,3,3,1
57583,10,4,4,1
57584,7,3,3,1
57585,8,4,4,1
57586,8,4,4,1
57587,9,4,4,1
57588,8,4,4,1
57589,9,5,5,1
57590,9,4,4,1
57591,10,5,5,1
57592,8,3,3,1
57593,9,4,4,1
57594,9,4,4,1
57595,10,4,4,1
57596,9,4,4,1
57597,10,5,5,1
57598,10,4,4,1
57599,11,5,5,1
57600,4,2,2,1
57601,5,3,3,1
57602,5,3,3,1
57603,6,3,3,1
57604,5,3,3,1
57605,6,4,4,1
57606,6,3,3,1
57607,7,4,4,1
57608,5,3,3,1
57609,6,4,4,1
57610,6,3,3,1
57611,7,4,4,1
57612,6,3,3,1
57613,7,4,4,1
57614,7,3,3,1
57615,8,4,4,1
57616,5,3,3,1
57617,6,4,4,1
57618,6,4,4,1
57619,7,4,4,1
57620,6,4,4,1
57621,7,5,5,1
57622,7,4,4,1
57623,8,5,5,1
57624,6,3,3,1
57625,7,4,4,1
57626,7,4,4,1
57627,8,4,4,1
57628,7,4,4,1
57629,8,5,5,1
57630,8,4,4,1
57631,9,5,5,1
57632,5,3,3,1
57633,6,4,4,1
57634,6,4,4,1
57635,7,4,4,1
57636,6,4,4,1
57637,7,5,5,1
57638,7,4,4,1
57639,8,5,5,1
57640,6,3,3,1
57641,7,4,4,1
57642,7,4,4,1
57643,8,4,4,1
57644,7,4,4,1
57645,8,5,5,1
57646,8,4,4,1
57647,9,5,5,1
57648,6,3,3,1
57649,7,4,4,1
57650,7,4,4,1
57651,8,4,4,1
57652,7,4,4,1
57653,8,5,5,1
57654,8,4,4,1
57655,9,5,5,1
57656,7,3,3,1
57657,8,4,4,1
57658,8,4,4,1
57659,9,4,4,1
57660,8,4,4,1
57661,9,5,5,1
57662,9,4,4,1
57663,10,5,5,1
57664,5,3,3,1
57665,6,4,4,1
57666,6,4,4,1
57667,7,4,4,1
57668,6,4,4,1
57669,7,5,5,1
57670,7,4,4,1
57671,8,5,5,1
57672,6,4,4,1
57673,7,5,5,1
57674,7,4,4,1
57675,8,5,5,1
57676,7,4,4,1
57677,8,5,5,1
57678,8,4,4,1
57679,9,5,5,1
57680,6,4,4,1
57681,7,5,5,1
57682,7,5,5,1
57683,8,5,5,1
57684,7,5,5,1
57685,8,6,6,1
57686,8,5,5,1
57687,9,6,6,1
57688,7,4,4,1
57689,8,5,5,1
57690,8,5,5,1
57691,9,5,5,1
57692,8,5,5,1
57693,9,6,6,1
57694,9,5,5,1
57695,10,6,6,1
57696,6,3,3,1
57697,7,4,4,1
57698,7,4,4,1
57699,8,4,4,1
57700,7,4,4,1
57701,8,5,5,1
57702,8,4,4,1
57703,9,5,5,1
57704,7,4,4,1
57705,8,5,5,1
57706,8,4,4,1
57707,9,5,5,1
57708,8,4,4,1
57709,9,5,5,1
57710,9,4,4,1
57711,10,5,5,1
57712,7,4,4,1
57713,8,5,5,1
57714,8,5,5,1
57715,9,5,5,1
57716,8,5,5,1
57717,9,6,6,1
57718,9,5,5,1
57719,10,6,6,1
57720,8,4,4,1
57721,9,5,5,1
57722,9,5,5,1
57723,10,5,5,1
57724,9,5,5,1
57725,10,6,6,1
57726,10,5,5,1
57727,11,6,6,1
57728,5,2,2,1
57729,6,3,3,1
57730,6,3,3,1
57731,7,3,3,1
57732,6,3,3,1
57733,7,4,4,1
57734,7,3,3,1
57735,8,4,4,1
57736,6,3,3,1
57737,7,4,4,1
57738,7,3,3,1
57739,8,4,4,1
57740,7,3,3,1
57741,8,4,4,1
57742,8,3,3,1
57743,9,4,4,1
57744,6,3,3,1
57745,7,4,4,1
57746,7,4,4,1
57747,8,4,4,1
57748,7,4,4,1
57749,8,5,5,1
57750,8,4,4,1
57751,9,5,5,1
57752,7,3,3,1
57753,8,4,4,1
57754,8,4,4,1
57755,9,4,4,1
57756,8,4,4,1
57757,9,5,5,1
57758,9,4,4,1
57759,10,5,5,1
57760,6,3,3,1
57761,7,4,4,1
57762,7,4,4,1
57763,8,4,4,1
57764,7,4,4,1
57765,8,5,5,1
57766,8,4,4,1
57767,9,5,5,1
57768,7,3,3,1
57769,8,4,4,1
57770,8,4,4,1
57771,9,4,4,1
57772,8,4,4,1
57773,9,5,5,1
57774,9,4,4,1
57775,10,5,5,1
57776,7,3,3,1
57777,8,4,4,1
57778,8,4,4,1
57779,9,4,4,1
57780,8,4,4,1
57781,9,5,5,1
57782,9,4,4,1
57783,10,5,5,1
57784,8,3,3,1
57785,9,4,4,1
57786,9,4,4,1
57787,10,4,4,1
57788,9,4,4,1
57789,10,5,5,1
57790,10,4,4,1
57791,11,5,5,1
57792,6,3,3,1
57793,7,4,4,1
57794,7,4,4,1
57795,8,4,4,1
57796,7,4,4,1
57797,8,5,5,1
57798,8,4,4,1
57799,9,5,5,1
57800,7,4,4,1
57801,8,5,5,1
57802,8,4,4,1
57803,9,5,5,1
57804,8,4,4,1
57805,9,5,5,1
57806,9,4,4,1
57807,10,5,5,1
57808,7,4,4,1
57809,8,5,5,1
57810,8,5,5,1
57811,9,5,5,1
57812,8,5,5,1
57813,9,6,6,1
57814,9,5,5,1
57815,10,6,6,1
57816,8,4,4,1
57817,9,5,5,1
57818,9,5,5,1
57819,10,5,5,1
57820,9,5,5,1
57821,10,6,6,1
57822,10,5,5,1
57823,11,6,6,1
57824,7,3,3,1
57825,8,4,4,1
57826,8,4,4,1
57827,9,4,4,1
57828,8,4,4,1
57829,9,5,5,1
57830,9,4,4,1
57831,10,5,5,1
57832,8,4,4,1
57833,9,5,5,1
57834,9,4,4,1
57835,10,5,5,1
57836,9,4,4,1
57837,10,5,5,1
57838,10,4,4,1
57839,11,5,5,1
57840,8,4,4,1
57841,9,5,5,1
57842,9,5,5,1
57843,10,5,5,1
57844,9,5,5,1
57845,10,6,6,1
57846,10,5,5,1
57847,11,6,6,1
57848,9,4,4,1
57849,10,5,5,1
57850,10,5,5,1
57851,11,5,5,1
57852,10,5,5,1
57853,11,6,6,1
57854,11,5,5,1
57855,12,6,6,1
57856,4,2,2,1
57857,5,3,3,1
57858,5,3,3,1
57859,6,3,3,1
57860,5,3,3,1
57861,6,4,4,1
57862,6,3,3,1
57863,7,4,4,1
57864,5,3,3,1
57865,6,4,4,1
57866,6,3,3,1
57867,7,4,4,1
57868,6,3,3,1
57869,7,4,4,1
57870,7,3,3,1
57871,8,4,4,1
57872,5,3,3,1
57873,6,4,4,1
57874,6,4,4,1
57875,7,4,4,1
57876,6,4,4,1
57877,7,5,5,1
57878,7,4,4,1
57879,8,5,5,1
57880,6,3,3,1
57881,7,4,4,1
57882,7,4,4,1
57883,8,4,4,1
57884,7,4,4,1
57885,8,5,5,1
57886,8,4,4,1
57887,9,5,5,1
57888,5,3,3,1
57889,6,4,4,1
57890,6,4,4,1
57891,7,4,4,1
57892,6,4,4,1
57893,7,5,5,1
57894,7,4,4,1
57895,8,5,5,1
57896,6,3,3,1
57897,7,4,4,1
57898,7,4,4,1
57899,8,4,4,1
57900,7,4,4,1
57901,8,5,5,1
57902,8,4,4,1
57903,9,5,5,1
57904,6,3,3,1
57905,7,4,4,1
57906,7,4,4,1
57907,8,4,4,1
57908,7,4,4,1
57909,8,5,5,1
57910,8,4,4,1
57911,9,5,5,1
57912,7,3,3,1
57913,8,4,4,1
57914,8,4,4,1
57915,9,4,4,1
57916,8,4,4,1
57917,9,5,5,1
57918,9,4,4,1
57919,10,5,5,1
57920,5,3,3,1
57921,6,4,4,1
57922,6,4,4,1
57923,7,4,4,1
57924,6,4,4,1
57925,7,5,5,1
57926,7,4,4,1
57927,8,5,5,1
57928,6,4,4,1
57929,7,5,5,1
57930,7,4,4,1
57931,8,5,5,1
57932,7,4,4,1
57933,8,5,5,1
57934,8,4,4,1
57935,9,5,5,1
57936,6,4,4,1
57937,7,5,5,1
57938,7,5,5,1
57939,8,5,5,1
57940,7,5,5,1
57941,8,6,6,1
57942,8,5,5,1
57943,9,6,6,1
57944,7,4,4,1
57945,8,5,5,1
57946,8,5,5,1
57947,9,5,5,1
57948,8,5,5,1
57949,9,6,6,1
57950,9,5,5,1
57951,10,6,6,1
57952,6,3,3,1
57953,7,4,4,1
57954,7,4,4,1
57955,8,4,4,1
57956,7,4,4,1
57957,8,5,5,1
57958,8,4,4,1
57959,9,5,5,1
57960,7,4,4,1
57961,8,5,5,1
57962,8,4,4,1
57963,9,5,5,1
57964,8,4,4,1
57965,9,5,5,1
57966,9,4,4,1
57967,10,5,5,1
57968,7,4,4,1
57969,8,5,5,1
57970,8,5,5,1
57971,9,5,5,1
57972,8,5,5,1
57973,9,6,6,1
57974,9,5,5,1
57975,10,6,6,1
57976,8,4,4,1
57977,9,5,5,1
57978,9,5,5,1
57979,10,5,5,1
57980,9,5,5,1
57981,10,6,6,1
57982,10,5,5,1
57983,11,6,6,1
57984,5,2,2,1
57985,6,3,3,1
57986,6,3,3,1
57987,7,3,3,1
57988,6,3,3,1
57989,7,4,4,1
57990,7,3,3,1
57991,8,4,4,1
57992,6,3,3,1
57993,7,4,4,1
57994,7,3,3,1
57995,8,4,4,1
57996,7,3,3,1
57997,8,4,4,1
57998,8,3,3,1
57999,9,4,4,1
58000,6,3,3,1
58001,7,4,4,1
58002,7,4,4,1
58003,8,4,4,1
58004,7,4,4,1
58005,8,5,5,1
58006,8,4,4,1
58007,9,5,5,1
58008,7,3,3,1
58009,8,4,4,1
58010,8,4,4,1
58011,9,4,4,1
58012,8,4,4,1
58013,9,5,5,1
58014,9,4,4,1
58015,10,5,5,1
58016,6,3,3,1
58017,7,4,4,1
58018,7,4,4,1
58019,8,4,4,1
58020,7,4,4,1
58021,8,5,5,1
58022,8,4,4,1
58023,9,5,5,1
58024,7,3,3,1
58025,8,4,4,1
58026,8,4,4,1
58027,9,4,4,1
58028,8,4,4,1
58029,9,5,5,1
58030,9,4,4,1
58031,10,5,5,1
58032,7,3,3,1
58033,8,4,4,1
58034,8,4,4,1
58035,9,4,4,1
58036,8,4,4,1
58037,9,5,5,1
58038,9,4,4,1
58039,10,5,5,1
58040,8,3,3,1
58041,9,4,4,1
58042,9,4,4,1
58043,10,4,4,1
58044,9,4,4,1
58045,10,5,5,1
58046,10,4,4,1
58047,11,5,5,1
58048,6,3,3,1
58049,7,4,4,1
58050,7,4,4,1
58051,8,4,4,1
58052,7,4,4,1
58053,8,5,5,1
58054,8,4,4,1
58055,9,5,5,1
58056,7,4,4,1
58057,8,5,5,1
58058,8,4,4,1
58059,9,5,5,1
58060,8,4,4,1
58061,9,5,5,1
58062,9,4,4,1
58063,10,5,5,1
58064,7,4,4,1
58065,8,5,5,1
58066,8,5,5,1
58067,9,5,5,1
58068,8,5,5,1
58069,9,6,6,1
58070,9,5,5,1
58071,10,6,6,1
58072,8,4,4,1
58073,9,5,5,1
58074,9,5,5,1
58075,10,5,5,1
58076,9,5,5,1
58077,10,6,6,1
58078,10,5,5,1
58079,11,6,6,1
58080,7,3,3,1
58081,8,4,4,1
58082,8,4,4,1
58083,9,4,4,1
58084,8,4,4,1
58085,9,5,5,1
58086,9,4,4,1
58087,10,5,5,1
58088,8,4,4,1
58089,9,5,5,1
58090,9,4,4,1
58091,10,5,5,1
58092,9,4,4,1
58093,10,5,5,1
58094,10,4,4,1
58095,11,5,5,1
58096,8,4,4,1
58097,9,5,5,1
58098,9,5,5,1
58099,10,5,5,1
58100,9,5,5,1
58101,10,6,6,1
58102,10,5,5,1
58103,11,6,6,1
58104,9,4,4,1
58105,10,5,5,1
58106,10,5,5,1
58107,11,5,5,1
58108,10,5,5,1
58109,11,6,6,1
58110,11,5,5,1
58111,12,6,6,1
58112,5,2,2,1
58113,6,3,3,1
58114,6,3,3,1
58115,7,3,3,1
58116,6,3,3,1
58117,7,4,4,1
58118,7,3,3,1
58119,8,4,4,1
58120,6,3,3,1
58121,7,4,4,1
58122,7,3,3,1
58123,8,4,4,1
58124,7,3,3,1
58125,8,4,4,1
58126,8,3,3,1
58127,9,4,4,1
58128,6,3,3,1
58129,7,4,4,1
58130,7,4,4,1
58131,8,4,4,1
58132,7,4,4,1
58133,8,5,5,1
58134,8,4,4,1
58135,9,5,5,1
58136,7,3,3,1
58137,8,4,4,1
58138,8,4,4,1
58139,9,4,4,1
58140,8,4,4,1
58141,9,5,5,1
58142,9,4,4,1
58143,10,5,5,1
58144,6,3,3,1
58145,7,4,4,1
58146,7,4,4,1
58147,8,4,4,1
58148,7,4,4,1
58149,8,5,5,1
58150,8,4,4,1
58151,9,5,5,1
58152,7,3,3,1
58153,8,4,4,1
58154,8,4,4,1
58155,9,4,4,1
58156,8,4,4,1
58157,9,5,5,1
58158,9,4,4,1
58159,10,5,5,1
58160,7,3,3,1
58161,8,4,4,1
58162,8,4,4,1
58163,9,4,4,1
58164,8,4,4,1
58165,9,5,5,1
58166,9,4,4,1
58167,10,5,5,1
58168,8,3,3,1
58169,9,4,4,1
58170,9,4,4,1
58171,10,4,4,1
58172,9,4,4,1
58173,10,5,5,1
58174,10,4,4,1
58175,11,5,5,1
58176,6,3,3,1
58177,7,4,4,1
58178,7,4,4,1
58179,8,4,4,1
58180,7,4,4,1
58181,8,5,5,1
58182,8,4,4,1
58183,9,5,5,1
58184,7,4,4,1
58185,8,5,5,1
58186,8,4,4,1
58187,9,5,5,1
58188,8,4,4,1
58189,9,5,5,1
58190,9,4,4,1
58191,10,5,5,1
58192,7,4,4,1
58193,8,5,5,1
58194,8,5,5,1
58195,9,5,5,1
58196,8,5,5,1
58197,9,6,6,1
58198,9,5,5,1
58199,10,6,6,1
58200,8,4,4,1
58201,9,5,5,1
58202,9,5,5,1
58203,10,5,5,1
58204,9,5,5,1
58205,10,6,6,1
58206,10,5,5,1
58207,11,6,6,1
58208,7,3,3,1
58209,8,4,4,1
58210,8,4,4,1
58211,9,4,4,1
58212,8,4,4,1
58213,9,5,5,1
58214,9,4,4,1
58215,10,5,5,1
58216,8,4,4,1
58217,9,5,5,1
58218,9,4,4,1
58219,10,5,5,1
58220,9,4,4,1
58221,10,5,5,1
58222,10,4,4,1
58223,11,5,5,1
58224,8,4,4,1
58225,9,5,5,1
58226,9,5,5,1
58227,10,5,5,1
58228,9,5,5,1
58229,10,6,6,1
58230,10,5,5,1
58231,11,6,6,1
58232,9,4,4,1
58233,10,5,5,1
58234,10,5,5,1
58235,11,5,5,1
58236,10,5,5,1
58237,11,6,6,1
58238,11,5,5,1
58239,12,6,6,1
58240,6,2,2,1
58241,7,3,3,1
58242,7,3,3,1
58243,8,3,3,1
58244,7,3,3,1
58245,8,4,4,1
58246,8,3,3,1
58247,9,4,4,1
58248,7,3,3,1
58249,8,4,4,1
58250,8,3,3,1
58251,9,4,4,1
58252,8,3,3,1
58253,9,4,4,1
58254,9,3,3,1
58255,10,4,4,1
58256,7,3,3,1
58257,8,4,4,1
58258,8,4,4,1
58259,9,4,4,1
58260,8,4,4,1
58261,9,5,5,1
58262,9,4,4,1
58263,10,5,5,1
58264,8,3,3,1
58265,9,4,4,1
58266,9,4,4,1
58267,10,4,4,1
58268,9,4,4,1
58269,10,5,5,1
58270,10,4,4,1
58271,11,5,5,1
58272,7,3,3,1
58273,8,4,4,1
58274,8,4,4,1
58275,9,4,4,1
58276,8,4,4,1
58277,9,5,5,1
58278,9,4,4,1
58279,10,5,5,1
58280,8,3,3,1
58281,9,4,4,1
58282,9,4,4,1
58283,10,4,4,1
58284,9,4,4,1
58285,10,5,5,1
58286,10,4,4,1
58287,11,5,5,1
58288,8,3,3,1
58289,9,4,4,1
58290,9,4,4,1
58291,10,4,4,1
58292,9,4,4,1
58293,10,5,5,1
58294,10,4,4,1
58295,11,5,5,1
58296,9,3,3,1
58297,10,4,4,1
58298,10,4,4,1
58299,11,4,4,1
58300,10,4,4,1
58301,11,5,5,1
58302,11,4,4,1
58303,12,5,5,1
58304,7,3,3,1
58305,8,4,4,1
58306,8,4,4,1
58307,9,4,4,1
58308,8,4,4,1
58309,9,5,5,1
58310,9,4,4,1
58311,10,5,5,1
58312,8,4,4,1
58313,9,5,5,1
58314,9,4,4,1
58315,10,5,5,1
58316,9,4,4,1
58317,10,5,5,1
58318,10,4,4,1
58319,11,5,5,1
58320,8,4,4,1
58321,9,5,5,1
58322,9,5,5,1
58323,10,5,5,1
58324,9,5,5,1
58325,10,6,6,1
58326,10,5,5,1
58327,11,6,6,1
58328,9,4,4,1
58329,10,5,5,1
58330,10,5,5,1
58331,11,5,5,1
58332,10,5,5,1
58333,11,6,6,1
58334,11,5,5,1
58335,12,6,6,1
58336,8,3,3,1
58337,9,4,4,1
58338,9,4,4,1
58339,10,4,4,1
58340,9,4,4,1
58341,10,5,5,1
58342,10,4,4,1
58343,11,5,5,1
58344,9,4,4,1
58345,10,5,5,1
58346,10,4,4,1
58347,11,5,5,1
58348,10,4,4,1
58349,11,5,5,1
58350,11,4,4,1
58351,12,5,5,1
58352,9,4,4,1
58353,10,5,5,1
58354,10,5,5,1
58355,11,5,5,1
58356,10,5,5,1
58357,11,6,6,1
58358,11,5,5,1
58359,12,6,6,1
58360,10,4,4,1
58361,11,5,5,1
58362,11,5,5,1
58363,12,5,5,1
58364,11,5,5,1
58365,12,6,6,1
58366,12,5,5,1
58367,13,6,6,1
58368,4,2,2,1
58369,5,3,3,1
58370,5,3,3,1
58371,6,3,3,1
58372,5,3,3,1
58373,6,4,4,1
58374,6,3,3,1
58375,7,4,4,1
58376,5,3,3,1
58377,6,4,4,1
58378,6,3,3,1
58379,7,4,4,1
58380,6,3,3,1
58381,7,4,4,1
58382,7,3,3,1
58383,8,4,4,1
58384,5,3,3,1
58385,6,4,4,1
58386,6,4,4,1
58387,7,4,4,1
58388,6,4,4,1
58389,7,5,5,1
58390,7,4,4,1
58391,8,5,5,1
58392,6,3,3,1
58393,7,4,4,1
58394,7,4,4,1
58395,8,4,4,1
58396,7,4,4,1
58397,8,5,5,1
58398,8,4,4,1
58399,9,5,5,1
58400,5,3,3,1
58401,6,4,4,1
58402,6,4,4,1
58403,7,4,4,1
58404,6,4,4,1
58405,7,5,5,1
58406,7,4,4,1
58407,8,5,5,1
58408,6,3,3,1
58409,7,4,4,1
58410,7,4,4,1
58411,8,4,4,1
58412,7,4,4,1
58413,8,5,5,1
58414,8,4,4,1
58415,9,5,5,1
58416,6,3,3,1
58417,7,4,4,1
58418,7,4,4,1
58419,8,4,4,1
58420,7,4,4,1
58421,8,5,5,1
58422,8,4,4,1
58423,9,5,5,1
58424,7,3,3,1
58425,8,4,4,1
58426,8,4,4,1
58427,9,4,4,1
58428,8,4,4,1
58429,9,5,5,1
58430,9,4,4,1
58431,10,5,5,1
58432,5,3,3,1
58433,6,4,4,1
58434,6,4,4,1
58435,7,4,4,1
58436,6,4,4,1
58437,7,5,5,1
58438,7,4,4,1
58439,8,5,5,1
58440,6,4,4,1
58441,7,5,5,1
58442,7,4,4,1
58443,8,5,5,1
58444,7,4,4,1
58445,8,5,5,1
58446,8,4,4,1
58447,9,5,5,1
58448,6,4,4,1
58449,7,5,5,1
58450,7,5,5,1
58451,8,5,5,1
58452,7,5,5,1
58453,8,6,6,1
58454,8,5,5,1
58455,9,6,6,1
58456,7,4,4,1
58457,8,5,5,1
58458,8,5,5,1
58459,9,5,5,1
58460,8,5,5,1
58461,9,6,6,1
58462,9,5,5,1
58463,10,6,6,1
58464,6,3,3,1
58465,7,4,4,1
58466,7,4,4,1
58467,8,4,4,1
58468,7,4,4,1
58469,8,5,5,1
58470,8,4,4,1
58471,9,5,5,1
58472,7,4,4,1
58473,8,5,5,1
58474,8,4,4,1
58475,9,5,5,1
58476,8,4,4,1
58477,9,5,5,1
58478,9,4,4,1
58479,10,5,5,1
58480,7,4,4,1
58481,8,5,5,1
58482,8,5,5,1
58483,9,5,5,1
58484,8,5,5,1
58485,9,6,6,1
58486,9,5,5,1
58487,10,6,6,1
58488,8,4,4,1
58489,9,5,5,1
58490,9,5,5,1
58491,10,5,5,1
58492,9,5,5,1
58493,10,6,6,1
58494,10,5,5,1
58495,11,6,6,1
58496,5,3,3,1
58497,6,4,4,1
58498,6,4,4,1
58499,7,4,4,1
58500,6,4,4,1
58501,7,5,5,1
58502,7,4,4,1
58503,8,5,5,1
58504,6,4,4,1
58505,7,5,5,1
58506,7,4,4,1
58507,8,5,5,1
58508,7,4,4,1
58509,8,5,5,1
58510,8,4,4,1
58511,9,5,5,1
58512,6,4,4,1
58513,7,5,5,1
58514,7,5,5,1
58515,8,5,5,1
58516,7,5,5,1
58517,8,6,6,1
58518,8,5,5,1
58519,9,6,6,1
58520,7,4,4,1
58521,8,5,5,1
58522,8,5,5,1
58523,9,5,5,1
58524,8,5,5,1
58525,9,6,6,1
58526,9,5,5,1
58527,10,6,6,1
58528,6,3,3,1
58529,7,4,4,1
58530,7,4,4,1
58531,8,4,4,1
58532,7,4,4,1
58533,8,5,5,1
58534,8,4,4,1
58535,9,5,5,1
58536,7,4,4,1
58537,8,5,5,1
58538,8,4,4,1
58539,9,5,5,1
58540,8,4,4,1
58541,9,5,5,1
58542,9,4,4,1
58543,10,5,5,1
58544,7,4,4,1
58545,8,5,5,1
58546,8,5,5,1
58547,9,5,5,1
58548,8,5,5,1
58549,9,6,6,1
58550,9,5,5,1
58551,10,6,6,1
58552,8,4,4,1
58553,9,5,5,1
58554,9,5,5,1
58555,10,5,5,1
58556,9,5,5,1
58557,10,6,6,1
58558,10,5,5,1
58559,11,6,6,1
58560,6,3,3,1
58561,7,4,4,1
58562,7,4,4,1
58563,8,4,4,1
58564,7,4,4,1
58565,8,5,5,1
58566,8,4,4,1
58567,9,5,5,1
58568,7,4,4,1
58569,8,5,5,1
58570,8,4,4,1
58571,9,5,5,1
58572,8,4,4,1
58573,9,5,5,1
58574,9,4,4,1
58575,10,5,5,1
58576,7,4,4,1
58577,8,5,5,1
58578,8,5,5,1
58579,9,5,5,1
58580,8,5,5,1
58581,9,6,6,1
58582,9,5,5,1
58583,10,6,6,1
58584,8,4,4,1
58585,9,5,5,1
58586,9,5,5,1
58587,10,5,5,1
58588,9,5,5,1
58589,10,6,6,1
58590,10,5,5,1
58591,11,6,6,1
58592,7,3,3,1
58593,8,4,4,1
58594,8,4,4,1
58595,9,4,4,1
58596,8,4,4,1
58597,9,5,5,1
58598,9,4,4,1
58599,10,5,5,1
58600,8,4,4,1
58601,9,5,5,1
58602,9,4,4,1
58603,10,5,5,1
58604,9,4,4,1
58605,10,5,5,1
58606,10,4,4,1
58607,11,5,5,1
58608,8,4,4,1
58609,9,5,5,1
58610,9,5,5,1
58611,10,5,5,1
58612,9,5,5,1
58613,10,6,6,1
58614,10,5,5,1
58615,11,6,6,1
58616,9,4,4,1
58617,10,5,5,1
58618,10,5,5,1
58619,11,5,5,1
58620,10,5,5,1
58621,11,6,6,1
58622,11,5,5,1
58623,12,6,6,1
58624,5,3,3,1
58625,6,4,4,1
58626,6,4,4,1
58627,7,4,4,1
58628,6,4,4,1
58629,7,5,5,1
58630,7,4,4,1
58631,8,5,5,1
58632,6,4,4,1
58633,7,5,5,1
58634,7,4,4,1
58635,8,5,5,1
58636,7,4,4,1
58637,8,5,5,1
58638,8,4,4,1
58639,9,5,5,1
58640,6,4,4,1
58641,7,5,5,1
58642,7,5,5,1
58643,8,5,5,1
58644,7,5,5,1
58645,8,6,6,1
58646,8,5,5,1
58647,9,6,6,1
58648,7,4,4,1
58649,8,5,5,1
58650,8,5,5,1
58651,9,5,5,1
58652,8,5,5,1
58653,9,6,6,1
58654,9,5,5,1
58655,10,6,6,1
58656,6,4,4,1
58657,7,5,5,1
58658,7,5,5,1
58659,8,5,5,1
58660,7,5,5,1
58661,8,6,6,1
58662,8,5,5,1
58663,9,6,6,1
58664,7,4,4,1
58665,8,5,5,1
58666,8,5,5,1
58667,9,5,5,1
58668,8,5,5,1
58669,9,6,6,1
58670,9,5,5,1
58671,10,6,6,1
58672,7,4,4,1
58673,8,5,5,1
58674,8,5,5,1
58675,9,5,5,1
58676,8,5,5,1
58677,9,6,6,1
58678,9,5,5,1
58679,10,6,6,1
58680,8,4,4,1
58681,9,5,5,1
58682,9,5,5,1
58683,10,5,5,1
58684,9,5,5,1
58685,10,6,6,1
58686,10,5,5,1
58687,11,6,6,1
58688,6,4,4,1
58689,7,5,5,1
58690,7,5,5,1
58691,8,5,5,1
58692,7,5,5,1
58693,8,6,6,1
58694,8,5,5,1
58695,9,6,6,1
58696,7,5,5,1
58697,8,6,6,1
58698,8,5,5,1
58699,9,6,6,1
58700,8,5,5,1
58701,9,6,6,1
58702,9,5,5,1
58703,10,6,6,1
58704,7,5,5,1
58705,8,6,6,1
58706,8,6,6,1
58707,9,6,6,1
58708,8,6,6,1
58709,9,7,7,1
58710,9,6,6,1
58711,10,7,7,1
58712,8,5,5,1
58713,9,6,6,1
58714,9,6,6,1
58715,10,6,6,1
58716,9,6,6,1
58717,10,7,7,1
58718,10,6,6,1
58719,11,7,7,1
58720,7,4,4,1
58721,8,5,5,1
58722,8,5,5,1
58723,9,5,5,1
58724,8,5,5,1
58725,9,6,6,1
58726,9,5,5,1
58727,10,6,6,1
58728,8,5,5,1
58729,9,6,6,1
58730,9,5,5,1
58731,10,6,6,1
58732,9,5,5,1
58733,10,6,6,1
58734,10,5,5,1
58735,11,6,6,1
58736,8,5,5,1
58737,9,6,6,1
58738,9,6,6,1
58739,10,6,6,1
58740,9,6,6,1
58741,10,7,7,1
58742,10,6,6,1
58743,11,7,7,1
58744,9,5,5,1
58745,10,6,6,1
58746,10,6,6,1
58747,11,6,6,1
58748,10,6,6,1
58749,11,7,7,1
58750,11,6,6,1
58751,12,7,7,1
58752,6,3,3,1
58753,7,4,4,1
58754,7,4,4,1
58755,8,4,4,1
58756,7,4,4,1
58757,8,5,5,1
58758,8,4,4,1
58759,9,5,5,1
58760,7,4,4,1
58761,8,5,5,1
58762,8,4,4,1
58763,9,5,5,1
58764,8,4,4,1
58765,9,5,5,1
58766,9,4,4,1
58767,10,5,5,1
58768,7,4,4,1
58769,8,5,5,1
58770,8,5,5,1
58771,9,5,5,1
58772,8,5,5,1
58773,9,6,6,1
58774,9,5,5,1
58775,10,6,6,1
58776,8,4,4,1
58777,9,5,5,1
58778,9,5,5,1
58779,10,5,5,1
58780,9,5,5,1
58781,10,6,6,1
58782,10,5,5,1
58783,11,6,6,1
58784,7,4,4,1
58785,8,5,5,1
58786,8,5,5,1
58787,9,5,5,1
58788,8,5,5,1
58789,9,6,6,1
58790,9,5,5,1
58791,10,6,6,1
58792,8,4,4,1
58793,9,5,5,1
58794,9,5,5,1
58795,10,5,5,1
58796,9,5,5,1
58797,10,6,6,1
58798,10,5,5,1
58799,11,6,6,1
58800,8,4,4,1
58801,9,5,5,1
58802,9,5,5,1
58803,10,5,5,1
58804,9,5,5,1
58805,10,6,6,1
58806,10,5,5,1
58807,11,6,6,1
58808,9,4,4,1
58809,10,5,5,1
58810,10,5,5,1
58811,11,5,5,1
58812,10,5,5,1
58813,11,6,6,1
58814,11,5,5,1
58815,12,6,6,1
58816,7,4,4,1
58817,8,5,5,1
58818,8,5,5,1
58819,9,5,5,1
58820,8,5,5,1
58821,9,6,6,1
58822,9,5,5,1
58823,10,6,6,1
58824,8,5,5,1
58825,9,6,6,1
58826,9,5,5,1
58827,10,6,6,1
58828,9,5,5,1
58829,10,6,6,1
58830,10,5,5,1
58831,11,6,6,1
58832,8,5,5,1
58833,9,6,6,1
58834,9,6,6,1
58835,10,6,6,1
58836,9,6,6,1
58837,10,7,7,1
58838,10,6,6,1
58839,11,7,7,1
58840,9,5,5,1
58841,10,6,6,1
58842,10,6,6,1
58843,11,6,6,1
58844,10,6,6,1
58845,11,7,7,1
58846,11,6,6,1
58847,12,7,7,1
58848,8,4,4,1
58849,9,5,5,1
58850,9,5,5,1
58851,10,5,5,1
58852,9,5,5,1
58853,10,6,6,1
58854,10,5,5,1
58855,11,6,6,1
58856,9,5,5,1
58857,10,6,6,1
58858,10,5,5,1
58859,11,6,6,1
58860,10,5,5,1
58861,11,6,6,1
58862,11,5,5,1
58863,12,6,6,1
58864,9,5,5,1
58865,10,6,6,1
58866,10,6,6,1
58867,11,6,6,1
58868,10,6,6,1
58869,11,7,7,1
58870,11,6,6,1
58871,12,7,7,1
58872,10,5,5,1
58873,11,6,6,1
58874,11,6,6,1
58875,12,6,6,1
58876,11,6,6,1
58877,12,7,7,1
58878,12,6,6,1
58879,13,7,7,1
58880,5,2,2,1
58881,6,3,3,1
58882,6,3,3,1
58883,7,3,3,1
58884,6,3,3,1
58885,7,4,4,1
58886,7,3,3,1
58887,8,4,4,1
58888,6,3,3,1
58889,7,4,4,1
58890,7,3,3,1
58891,8,4,4,1
58892,7,3,3,1
58893,8,4,4,1
58894,8,3,3,1
58895,9,4,4,1
58896,6,3,3,1
58897,7,4,4,1
58898,7,4,4,1
58899,8,4,4,1
58900,7,4,4,1
58901,8,5,5,1
58902,8,4,4,1
58903,9,5,5,1
58904,7,3,3,1
58905,8,4,4,1
58906,8,4,4,1
58907,9,4,4,1
58908,8,4,4,1
58909,9,5,5,1
58910,9,4,4,1
58911,10,5,5,1
58912,6,3,3,1
58913,7,4,4,1
58914,7,4,4,1
58915,8,4,4,1
58916,7,4,4,1
58917,8,5,5,1
58918,8,4,4,1
58919,9,5,5,1
58920,7,3,3,1
58921,8,4,4,1
58922,8,4,4,1
58923,9,4,4,1
58924,8,4,4,1
58925,9,5,5,1
58926,9,4,4,1
58927,10,5,5,1
58928,7,3,3,1
58929,8,4,4,1
58930,8,4,4,1
58931,9,4,4,1
58932,8,4,4,1
58933,9,5,5,1
58934,9,4,4,1
58935,10,5,5,1
58936,8,3,3,1
58937,9,4,4,1
58938,9,4,4,1
58939,10,4,4,1
58940,9,4,4,1
58941,10,5,5,1
58942,10,4,4,1
58943,11,5,5,1
58944,6,3,3,1
58945,7,4,4,1
58946,7,4,4,1
58947,8,4,4,1
58948,7,4,4,1
58949,8,5,5,1
58950,8,4,4,1
58951,9,5,5,1
58952,7,4,4,1
58953,8,5,5,1
58954,8,4,4,1
58955,9,5,5,1
58956,8,4,4,1
58957,9,5,5,1
58958,9,4,4,1
58959,10,5,5,1
58960,7,4,4,1
58961,8,5,5,1
58962,8,5,5,1
58963,9,5,5,1
58964,8,5,5,1
58965,9,6,6,1
58966,9,5,5,1
58967,10,6,6,1
58968,8,4,4,1
58969,9,5,5,1
58970,9,5,5,1
58971,10,5,5,1
58972,9,5,5,1
58973,10,6,6,1
58974,10,5,5,1
58975,11,6,6,1
58976,7,3,3,1
58977,8,4,4,1
58978,8,4,4,1
58979,9,4,4,1
58980,8,4,4,1
58981,9,5,5,1
58982,9,4,4,1
58983,10,5,5,1
58984,8,4,4,1
58985,9,5,5,1
58986,9,4,4,1
58987,10,5,5,1
58988,9,4,4,1
58989,10,5,5,1
58990,10,4,4,1
58991,11,5,5,1
58992,8,4,4,1
58993,9,5,5,1
58994,9,5,5,1
58995,10,5,5,1
58996,9,5,5,1
58997,10,6,6,1
58998,10,5,5,1
58999,11,6,6,1
59000,9,4,4,1
59001,10,5,5,1
59002,10,5,5,1
59003,11,5,5,1
59004,10,5,5,1
59005,11,6,6,1
59006,11,5,5,1
59007,12,6,6,1
59008,6,3,3,1
59009,7,4,4,1
59010,7,4,4,1
59011,8,4,4,1
59012,7,4,4,1
59013,8,5,5,1
59014,8,4,4,1
59015,9,5,5,1
59016,7,4,4,1
59017,8,5,5,1
59018,8,4,4,1
59019,9,5,5,1
59020,8,4,4,1
59021,9,5,5,1
59022,9,4,4,1
59023,10,5,5,1
59024,7,4,4,1
59025,8,5,5,1
59026,8,5,5,1
59027,9,5,5,1
59028,8,5,5,1
59029,9,6,6,1
59030,9,5,5,1
59031,10,6,6,1
59032,8,4,4,1
59033,9,5,5,1
59034,9,5,5,1
59035,10,5,5,1
59036,9,5,5,1
59037,10,6,6,1
59038,10,5,5,1
59039,11,6,6,1
59040,7,3,3,1
59041,8,4,4,1
59042,8,4,4,1
59043,9,4,4,1
59044,8,4,4,1
59045,9,5,5,1
59046,9,4,4,1
59047,10,5,5,1
59048,8,4,4,1
59049,9,5,5,1
59050,9,4,4,1
59051,10,5,5,1
59052,9,4,4,1
59053,10,5,5,1
59054,10,4,4,1
59055,11,5,5,1
59056,8,4,4,1
59057,9,5,5,1
59058,9,5,5,1
59059,10,5,5,1
59060,9,5,5,1
59061,10,6,6,1
59062,10,5,5,1
59063,11,6,6,1
59064,9,4,4,1
59065,10,5,5,1
59066,10,5,5,1
59067,11,5,5,1
59068,10,5,5,1
59069,11,6,6,1
59070,11,5,5,1
59071,12,6,6,1
59072,7,3,3,1
59073,8,4,4,1
59074,8,4,4,1
59075,9,4,4,1
59076,8,4,4,1
59077,9,5,5,1
59078,9,4,4,1
59079,10,5,5,1
59080,8,4,4,1
59081,9,5,5,1
59082,9,4,4,1
59083,10,5,5,1
59084,9,4,4,1
59085,10,5,5,1
59086,10,4,4,1
59087,11,5,5,1
59088,8,4,4,1
59089,9,5,5,1
59090,9,5,5,1
59091,10,5,5,1
59092,9,5,5,1
59093,10,6,6,1
59094,10,5,5,1
59095,11,6,6,1
59096,9,4,4,1
59097,10,5,5,1
59098,10,5,5,1
59099,11,5,5,1
59100,10,5,5,1
59101,11,6,6,1
59102,11,5,5,1
59103,12,6,6,1
59104,8,3,3,1
59105,9,4,4,1
59106,9,4,4,1
59107,10,4,4,1
59108,9,4,4,1
59109,10,5,5,1
59110,10,4,4,1
59111,11,5,5,1
59112,9,4,4,1
59113,10,5,5,1
59114,10,4,4,1
59115,11,5,5,1
59116,10,4,4,1
59117,11,5,5,1
59118,11,4,4,1
59119,12,5,5,1
59120,9,4,4,1
59121,10,5,5,1
59122,10,5,5,1
59123,11,5,5,1
59124,10,5,5,1
59125,11,6,6,1
59126,11,5,5,1
59127,12,6,6,1
59128,10,4,4,1
59129,11,5,5,1
59130,11,5,5,1
59131,12,5,5,1
59132,11,5,5,1
59133,12,6,6,1
59134,12,5,5,1
59135,13,6,6,1
59136,6,3,3,1
59137,7,4,4,1
59138,7,4,4,1
59139,8,4,4,1
59140,7,4,4,1
59141,8,5,5,1
59142,8,4,4,1
59143,9,5,5,1
59144,7,4,4,1
59145,8,5,5,1
59146,8,4,4,1
59147,9,5,5,1
59148,8,4,4,1
59149,9,5,5,1
59150,9,4,4,1
59151,10,5,5,1
59152,7,4,4,1
59153,8,5,5,1
59154,8,5,5,1
59155,9,5,5,1
59156,8,5,5,1
59157,9,6,6,1
59158,9,5,5,1
59159,10,6,6,1
59160,8,4,4,1
59161,9,5,5,1
59162,9,5,5,1
59163,10,5,5,1
59164,9,5,5,1
59165,10,6,6,1
59166,10,5,5,1
59167,11,6,6,1
59168,7,4,4,1
59169,8,5,5,1
59170,8,5,5,1
59171,9,5,5,1
59172,8,5,5,1
59173,9,6,6,1
59174,9,5,5,1
59175,10,6,6,1
59176,8,4,4,1
59177,9,5,5,1
59178,9,5,5,1
59179,10,5,5,1
59180,9,5,5,1
59181,10,6,6,1
59182,10,5,5,1
59183,11,6,6,1
59184,8,4,4,1
59185,9,5,5,1
59186,9,5,5,1
59187,10,5,5,1
59188,9,5,5,1
59189,10,6,6,1
59190,10,5,5,1
59191,11,6,6,1
59192,9,4,4,1
59193,10,5,5,1
59194,10,5,5,1
59195,11,5,5,1
59196,10,5,5,1
59197,11,6,6,1
59198,11,5,5,1
59199,12,6,6,1
59200,7,4,4,1
59201,8,5,5,1
59202,8,5,5,1
59203,9,5,5,1
59204,8,5,5,1
59205,9,6,6,1
59206,9,5,5,1
59207,10,6,6,1
59208,8,5,5,1
59209,9,6,6,1
59210,9,5,5,1
59211,10,6,6,1
59212,9,5,5,1
59213,10,6,6,1
59214,10,5,5,1
59215,11,6,6,1
59216,8,5,5,1
59217,9,6,6,1
59218,9,6,6,1
59219,10,6,6,1
59220,9,6,6,1
59221,10,7,7,1
59222,10,6,6,1
59223,11,7,7,1
59224,9,5,5,1
59225,10,6,6,1
59226,10,6,6,1
59227,11,6,6,1
59228,10,6,6,1
59229,11,7,7,1
59230,11,6,6,1
59231,12,7,7,1
59232,8,4,4,1
59233,9,5,5,1
59234,9,5,5,1
59235,10,5,5,1
59236,9,5,5,1
59237,10,6,6,1
59238,10,5,5,1
59239,11,6,6,1
59240,9,5,5,1
59241,10,6,6,1
59242,10,5,5,1
59243,11,6,6,1
59244,10,5,5,1
59245,11,6,6,1
59246,11,5,5,1
59247,12,6,6,1
59248,9,5,5,1
59249,10,6,6,1
59250,10,6,6,1
59251,11,6,6,1
59252,10,6,6,1
59253,11,7,7,1
59254,11,6,6,1
59255,12,7,7,1
59256,10,5,5,1
59257,11,6,6,1
59258,11,6,6,1
59259,12,6,6,1
59260,11,6,6,1
59261,12,7,7,1
59262,12,6,6,1
59263,13,7,7,1
59264,7,3,3,1
59265,8,4,4,1
59266,8,4,4,1
59267,9,4,4,1
59268,8,4,4,1
59269,9,5,5,1
59270,9,4,4,1
59271,10,5,5,1
59272,8,4,4,1
59273,9,5,5,1
59274,9,4,4,1
59275,10,5,5,1
59276,9,4,4,1
59277,10,5,5,1
59278,10,4,4,1
59279,11,5,5,1
59280,8,4,4,1
59281,9,5,5,1
59282,9,5,5,1
59283,10,5,5,1
59284,9,5,5,1
59285,10,6,6,1
59286,10,5,5,1
59287,11,6,6,1
59288,9,4,4,1
59289,10,5,5,1
59290,10,5,5,1
59291,11,5,5,1
59292,10,5,5,1
59293,11,6,6,1
59294,11,5,5,1
59295,12,6,6,1
59296,8,4,4,1
59297,9,5,5,1
59298,9,5,5,1
59299,10,5,5,1
59300,9,5,5,1
59301,10,6,6,1
59302,10,5,5,1
59303,11,6,6,1
59304,9,4,4,1
59305,10,5,5,1
59306,10,5,5,1
59307,11,5,5,1
59308,10,5,5,1
59309,11,6,6,1
59310,11,5,5,1
59311,12,6,6,1
59312,9,4,4,1
59313,10,5,5,1
59314,10,5,5,1
59315,11,5,5,1
59316,10,5,5,1
59317,11,6,6,1
59318,11,5,5,1
59319,12,6,6,1
59320,10,4,4,1
59321,11,5,5,1
59322,11,5,5,1
59323,12,5,5,1
59324,11,5,5,1
59325,12,6,6,1
59326,12,5,5,1
59327,13,6,6,1
59328,8,4,4,1
59329,9,5,5,1
59330,9,5,5,1
59331,10,5,5,1
59332,9,5,5,1
59333,10,6,6,1
59334,10,5,5,1
59335,11,6,6,1
59336,9,5,5,1
59337,10,6,6,1
59338,10,5,5,1
59339,11,6,6,1
59340,10,5,5,1
59341,11,6,6,1
59342,11,5,5,1
59343,12,6,6,1
59344,9,5,5,1
59345,10,6,6,1
59346,10,6,6,1
59347,11,6,6,1
59348,10,6,6,1
59349,11,7,7,1
59350,11,6,6,1
59351,12,7,7,1
59352,10,5,5,1
59353,11,6,6,1
59354,11,6,6,1
59355,12,6,6,1
59356,11,6,6,1
59357,12,7,7,1
59358,12,6,6,1
59359,13,7,7,1
59360,9,4,4,1
59361,10,5,5,1
59362,10,5,5,1
59363,11,5,5,1
59364,10,5,5,1
59365,11,6,6,1
59366,11,5,5,1
59367,12,6,6,1
59368,10,5,5,1
59369,11,6,6,1
59370,11,5,5,1
59371,12,6,6,1
59372,11,5,5,1
59373,12,6,6,1
59374,12,5,5,1
59375,13,6,6,1
59376,10,5,5,1
59377,11,6,6,1
59378,11,6,6,1
59379,12,6,6,1
59380,11,6,6,1
59381,12,7,7,1
59382,12,6,6,1
59383,13,7,7,1
59384,11,5,5,1
59385,12,6,6,1
59386,12,6,6,1
59387,13,6,6,1
59388,12,6,6,1
59389,13,7,7,1
59390,13,6,6,1
59391,14,7,7,1
59392,4,2,2,1
59393,5,3,3,1
59394,5,3,3,1
59395,6,3,3,1
59396,5,3,3,1
59397,6,4,4,1
59398,6,3,3,1
59399,7,4,4,1
59400,5,3,3,1
59401,6,4,4,1
59402,6,3,3,1
59403,7,4,4,1
59404,6,3,3,1
59405,7,4,4,1
59406,7,3,3,1
59407,8,4,4,1
59408,5,3,3,1
59409,6,4,4,1
59410,6,4,4,1
59411,7,4,4,1
59412,6,4,4,1
59413,7,5,5,1
59414,7,4,4,1
59415,8,5,5,1
59416,6,3,3,1
59417,7,4,4,1
59418,7,4,4,1
59419,8,4,4,1
59420,7,4,4,1
59421,8,5,5,1
59422,8,4,4,1
59423,9,5,5,1
59424,5,3,3,1
59425,6,4,4,1
59426,6,4,4,1
59427,7,4,4,1
59428,6,4,4,1
59429,7,5,5,1
59430,7,4,4,1
59431,8,5,5,1
59432,6,3,3,1
59433,7,4,4,1
59434,7,4,4,1
59435,8,4,4,1
59436,7,4,4,1
59437,8,5,5,1
59438,8,4,4,1
59439,9,5,5,1
59440,6,3,3,1
59441,7,4,4,1
59442,7,4,4,1
59443,8,4,4,1
59444,7,4,4,1
59445,8,5,5,1
59446,8,4,4,1
59447,9,5,5,1
59448,7,3,3,1
59449,8,4,4,1
59450,8,4,4,1
59451,9,4,4,1
59452,8,4,4,1
59453,9,5,5,1
59454,9,4,4,1
59455,10,5,5,1
59456,5,3,3,1
59457,6,4,4,1
59458,6,4,4,1
59459,7,4,4,1
59460,6,4,4,1
59461,7,5,5,1
59462,7,4,4,1
59463,8,5,5,1
59464,6,4,4,1
59465,7,5,5,1
59466,7,4,4,1
59467,8,5,5,1
59468,7,4,4,1
59469,8,5,5,1
59470,8,4,4,1
59471,9,5,5,1
59472,6,4,4,1
59473,7,5,5,1
59474,7,5,5,1
59475,8,5,5,1
59476,7,5,5,1
59477,8,6,6,1
59478,8,5,5,1
59479,9,6,6,1
59480,7,4,4,1
59481,8,5,5,1
59482,8,5,5,1
59483,9,5,5,1
59484,8,5,5,1
59485,9,6,6,1
59486,9,5,5,1
59487,10,6,6,1
59488,6,3,3,1
59489,7,4,4,1
59490,7,4,4,1
59491,8,4,4,1
59492,7,4,4,1
59493,8,5,5,1
59494,8,4,4,1
59495,9,5,5,1
59496,7,4,4,1
59497,8,5,5,1
59498,8,4,4,1
59499,9,5,5,1
59500,8,4,4,1
59501,9,5,5,1
59502,9,4,4,1
59503,10,5,5,1
59504,7,4,4,1
59505,8,5,5,1
59506,8,5,5,1
59507,9,5,5,1
59508,8,5,5,1
59509,9,6,6,1
59510,9,5,5,1
59511,10,6,6,1
59512,8,4,4,1
59513,9,5,5,1
59514,9,5,5,1
59515,10,5,5,1
59516,9,5,5,1
59517,10,6,6,1
59518,10,5,5,1
59519,11,6,6,1
59520,5,3,3,1
59521,6,4,4,1
59522,6,4,4,1
59523,7,4,4,1
59524,6,4,4,1
59525,7,5,5,1
59526,7,4,4,1
59527,8,5,5,1
59528,6,4,4,1
59529,7,5,5,1
59530,7,4,4,1
59531,8,5,5,1
59532,7,4,4,1
59533,8,5,5,1
59534,8,4,4,1
59535,9,5,5,1
59536,6,4,4,1
59537,7,5,5,1
59538,7,5,5,1
59539,8,5,5,1
59540,7,5,5,1
59541,8,6,6,1
59542,8,5,5,1
59543,9,6,6,1
59544,7,4,4,1
59545,8,5,5,1
59546,8,5,5,1
59547,9,5,5,1
59548,8,5,5,1
59549,9,6,6,1
59550,9,5,5,1
59551,10,6,6,1
59552,6,3,3,1
59553,7,4,4,1
59554,7,4,4,1
59555,8,4,4,1
59556,7,4,4,1
59557,8,5,5,1
59558,8,4,4,1
59559,9,5,5,1
59560,7,4,4,1
59561,8,5,5,1
59562,8,4,4,1
59563,9,5,5,1
59564,8,4,4,1
59565,9,5,5,1
59566,9,4,4,1
59567,10,5,5,1
59568,7,4,4,1
59569,8,5,5,1
59570,8,5,5,1
59571,9,5,5,1
59572,8,5,5,1
59573,9,6,6,1
59574,9,5,5,1
59575,10,6,6,1
59576,8,4,4,1
59577,9,5,5,1
59578,9,5,5,1
59579,10,5,5,1
59580,9,5,5,1
59581,10,6,6,1
59582,10,5,5,1
59583,11,6,6,1
59584,6,3,3,1
59585,7,4,4,1
59586,7,4,4,1
59587,8,4,4,1
59588,7,4,4,1
59589,8,5,5,1
59590,8,4,4,1
59591,9,5,5,1
59592,7,4,4,1
59593,8,5,5,1
59594,8,4,4,1
59595,9,5,5,1
59596,8,4,4,1
59597,9,5,5,1
59598,9,4,4,1
59599,10,5,5,1
59600,7,4,4,1
59601,8,5,5,1
59602,8,5,5,1
59603,9,5,5,1
59604,8,5,5,1
59605,9,6,6,1
59606,9,5,5,1
59607,10,6,6,1
59608,8,4,4,1
59609,9,5,5,1
59610,9,5,5,1
59611,10,5,5,1
59612,9,5,5,1
59613,10,6,6,1
59614,10,5,5,1
59615,11,6,6,1
59616,7,3,3,1
59617,8,4,4,1
59618,8,4,4,1
59619,9,4,4,1
59620,8,4,4,1
59621,9,5,5,1
59622,9,4,4,1
59623,10,5,5,1
59624,8,4,4,1
59625,9,5,5,1
59626,9,4,4,1
59627,10,5,5,1
59628,9,4,4,1
59629,10,5,5,1
59630,10,4,4,1
59631,11,5,5,1
59632,8,4,4,1
59633,9,5,5,1
59634,9,5,5,1
59635,10,5,5,1
59636,9,5,5,1
59637,10,6,6,1
59638,10,5,5,1
59639,11,6,6,1
59640,9,4,4,1
59641,10,5,5,1
59642,10,5,5,1
59643,11,5,5,1
59644,10,5,5,1
59645,11,6,6,1
59646,11,5,5,1
59647,12,6,6,1
59648,5,3,3,1
59649,6,4,4,1
59650,6,4,4,1
59651,7,4,4,1
59652,6,4,4,1
59653,7,5,5,1
59654,7,4,4,1
59655,8,5,5,1
59656,6,4,4,1
59657,7,5,5,1
59658,7,4,4,1
59659,8,5,5,1
59660,7,4,4,1
59661,8,5,5,1
59662,8,4,4,1
59663,9,5,5,1
59664,6,4,4,1
59665,7,5,5,1
59666,7,5,5,1
59667,8,5,5,1
59668,7,5,5,1
59669,8,6,6,1
59670,8,5,5,1
59671,9,6,6,1
59672,7,4,4,1
59673,8,5,5,1
59674,8,5,5,1
59675,9,5,5,1
59676,8,5,5,1
59677,9,6,6,1
59678,9,5,5,1
59679,10,6,6,1
59680,6,4,4,1
59681,7,5,5,1
59682,7,5,5,1
59683,8,5,5,1
59684,7,5,5,1
59685,8,6,6,1
59686,8,5,5,1
59687,9,6,6,1
59688,7,4,4,1
59689,8,5,5,1
59690,8,5,5,1
59691,9,5,5,1
59692,8,5,5,1
59693,9,6,6,1
59694,9,5,5,1
59695,10,6,6,1
59696,7,4,4,1
59697,8,5,5,1
59698,8,5,5,1
59699,9,5,5,1
59700,8,5,5,1
59701,9,6,6,1
59702,9,5,5,1
59703,10,6,6,1
59704,8,4,4,1
59705,9,5,5,1
59706,9,5,5,1
59707,10,5,5,1
59708,9,5,5,1
59709,10,6,6,1
59710,10,5,5,1
59711,11,6,6,1
59712,6,4,4,1
59713,7,5,5,1
59714,7,5,5,1
59715,8,5,5,1
59716,7,5,5,1
59717,8,6,6,1
59718,8,5,5,1
59719,9,6,6,1
59720,7,5,5,1
59721,8,6,6,1
59722,8,5,5,1
59723,9,6,6,1
59724,8,5,5,1
59725,9,6,6,1
59726,9,5,5,1
59727,10,6,6,1
59728,7,5,5,1
59729,8,6,6,1
59730,8,6,6,1
59731,9,6,6,1
59732,8,6,6,1
59733,9,7,7,1
59734,9,6,6,1
59735,10,7,7,1
59736,8,5,5,1
59737,9,6,6,1
59738,9,6,6,1
59739,10,6,6,1
59740,9,6,6,1
59741,10,7,7,1
59742,10,6,6,1
59743,11,7,7,1
59744,7,4,4,1
59745,8,5,5,1
59746,8,5,5,1
59747,9,5,5,1
59748,8,5,5,1
59749,9,6,6,1
59750,9,5,5,1
59751,10,6,6,1
59752,8,5,5,1
59753,9,6,6,1
59754,9,5,5,1
59755,10,6,6,1
59756,9,5,5,1
59757,10,6,6,1
59758,10,5,5,1
59759,11,6,6,1
59760,8,5,5,1
59761,9,6,6,1
59762,9,6,6,1
59763,10,6,6,1
59764,9,6,6,1
59765,10,7,7,1
59766,10,6,6,1
59767,11,7,7,1
59768,9,5,5,1
59769,10,6,6,1
59770,10,6,6,1
59771,11,6,6,1
59772,10,6,6,1
59773,11,7,7,1
59774,11,6,6,1
59775,12,7,7,1
59776,6,3,3,1
59777,7,4,4,1
59778,7,4,4,1
59779,8,4,4,1
59780,7,4,4,1
59781,8,5,5,1
59782,8,4,4,1
59783,9,5,5,1
59784,7,4,4,1
59785,8,5,5,1
59786,8,4,4,1
59787,9,5,5,1
59788,8,4,4,1
59789,9,5,5,1
59790,9,4,4,1
59791,10,5,5,1
59792,7,4,4,1
59793,8,5,5,1
59794,8,5,5,1
59795,9,5,5,1
59796,8,5,5,1
59797,9,6,6,1
59798,9,5,5,1
59799,10,6,6,1
59800,8,4,4,1
59801,9,5,5,1
59802,9,5,5,1
59803,10,5,5,1
59804,9,5,5,1
59805,10,6,6,1
59806,10,5,5,1
59807,11,6,6,1
59808,7,4,4,1
59809,8,5,5,1
59810,8,5,5,1
59811,9,5,5,1
59812,8,5,5,1
59813,9,6,6,1
59814,9,5,5,1
59815,10,6,6,1
59816,8,4,4,1
59817,9,5,5,1
59818,9,5,5,1
59819,10,5,5,1
59820,9,5,5,1
59821,10,6,6,1
59822,10,5,5,1
59823,11,6,6,1
59824,8,4,4,1
59825,9,5,5,1
59826,9,5,5,1
59827,10,5,5,1
59828,9,5,5,1
59829,10,6,6,1
59830,10,5,5,1
59831,11,6,6,1
59832,9,4,4,1
59833,10,5,5,1
59834,10,5,5,1
59835,11,5,5,1
59836,10,5,5,1
59837,11,6,6,1
59838,11,5,5,1
59839,12,6,6,1
59840,7,4,4,1
59841,8,5,5,1
59842,8,5,5,1
59843,9,5,5,1
59844,8,5,5,1
59845,9,6,6,1
59846,9,5,5,1
59847,10,6,6,1
59848,8,5,5,1
59849,9,6,6,1
59850,9,5,5,1
59851,10,6,6,1
59852,9,5,5,1
59853,10,6,6,1
59854,10,5,5,1
59855,11,6,6,1
59856,8,5,5,1
59857,9,6,6,1
59858,9,6,6,1
59859,10,6,6,1
59860,9,6,6,1
59861,10,7,7,1
59862,10,6,6,1
59863,11,7,7,1
59864,9,5,5,1
59865,10,6,6,1
59866,10,6,6,1
59867,11,6,6,1
59868,10,6,6,1
59869,11,7,7,1
59870,11,6,6,1
59871,12,7,7,1
59872,8,4,4,1
59873,9,5,5,1
59874,9,5,5,1
59875,10,5,5,1
59876,9,5,5,1
59877,10,6,6,1
59878,10,5,5,1
59879,11,6,6,1
59880,9,5,5,1
59881,10,6,6,1
59882,10,5,5,1
59883,11,6,6,1
59884,10,5,5,1
59885,11,6,6,1
59886,11,5,5,1
59887,12,6,6,1
59888,9,5,5,1
59889,10,6,6,1
59890,10,6,6,1
59891,11,6,6,1
59892,10,6,6,1
59893,11,7,7,1
59894,11,6,6,1
59895,12,7,7,1
59896,10,5,5,1
59897,11,6,6,1
59898,11,6,6,1
59899,12,6,6,1
59900,11,6,6,1
59901,12,7,7,1
59902,12,6,6,1
59903,13,7,7,1
59904,5,2,2,1
59905,6,3,3,1
59906,6,3,3,1
59907,7,3,3,1
59908,6,3,3,1
59909,7,4,4,1
59910,7,3,3,1
59911,8,4,4,1
59912,6,3,3,1
59913,7,4,4,1
59914,7,3,3,1
59915,8,4,4,1
59916,7,3,3,1
59917,8,4,4,1
59918,8,3,3,1
59919,9,4,4,1
59920,6,3,3,1
59921,7,4,4,1
59922,7,4,4,1
59923,8,4,4,1
59924,7,4,4,1
59925,8,5,5,1
59926,8,4,4,1
59927,9,5,5,1
59928,7,3,3,1
59929,8,4,4,1
59930,8,4,4,1
59931,9,4,4,1
59932,8,4,4,1
59933,9,5,5,1
59934,9,4,4,1
59935,10,5,5,1
59936,6,3,3,1
59937,7,4,4,1
59938,7,4,4,1
59939,8,4,4,1
59940,7,4,4,1
59941,8,5,5,1
59942,8,4,4,1
59943,9,5,5,1
59944,7,3,3,1
59945,8,4,4,1
59946,8,4,4,1
59947,9,4,4,1
59948,8,4,4,1
59949,9,5,5,1
59950,9,4,4,1
59951,10,5,5,1
59952,7,3,3,1
59953,8,4,4,1
59954,8,4,4,1
59955,9,4,4,1
59956,8,4,4,1
59957,9,5,5,1
59958,9,4,4,1
59959,10,5,5,1
59960,8,3,3,1
59961,9,4,4,1
59962,9,4,4,1
59963,10,4,4,1
59964,9,4,4,1
59965,10,5,5,1
59966,10,4,4,1
59967,11,5,5,1
59968,6,3,3,1
59969,7,4,4,1
59970,7,4,4,1
59971,8,4,4,1
59972,7,4,4,1
59973,8,5,5,1
59974,8,4,4,1
59975,9,5,5,1
59976,7,4,4,1
59977,8,5,5,1
59978,8,4,4,1
59979,9,5,5,1
59980,8,4,4,1
59981,9,5,5,1
59982,9,4,4,1
59983,10,5,5,1
59984,7,4,4,1
59985,8,5,5,1
59986,8,5,5,1
59987,9,5,5,1
59988,8,5,5,1
59989,9,6,6,1
59990,9,5,5,1
59991,10,6,6,1
59992,8,4,4,1
59993,9,5,5,1
59994,9,5,5,1
59995,10,5,5,1
59996,9,5,5,1
59997,10,6,6,1
59998,10,5,5,1
59999,11,6,6,1
60000,7,3,3,1
60001,8,4,4,1
60002,8,4,4,1
60003,9,4,4,1
60004,8,4,4,1
60005,9,5,5,1
60006,9,4,4,1
60007,10,5,5,1
60008,8,4,4,1
60009,9,5,5,1
60010,9,4,4,1
60011,10,5,5,1
60012,9,4,4,1
60013,10,5,5,1
60014,10,4,4,1
60015,11,5,5,1
60016,8,4,4,1
60017,9,5,5,1
60018,9,5,5,1
60019,10,5,5,1
60020,9,5,5,1
60021,10,6,6,1
60022,10,5,5,1
60023,11,6,6,1
60024,9,4,4,1
60025,10,5,5,1
60026,10,5,5,1
60027,11,5,5,1
60028,10,5,5,1
60029,11,6,6,1
60030,11,5,5,1
60031,12,6,6,1
60032,6,3,3,1
60033,7,4,4,1
60034,7,4,4,1
60035,8,4,4,1
60036,7,4,4,1
60037,8,5,5,1
60038,8,4,4,1
60039,9,5,5,1
60040,7,4,4,1
60041,8,5,5,1
60042,8,4,4,1
60043,9,5,5,1
60044,8,4,4,1
60045,9,5,5,1
60046,9,4,4,1
60047,10,5,5,1
60048,7,4,4,1
60049,8,5,5,1
60050,8,5,5,1
60051,9,5,5,1
60052,8,5,5,1
60053,9,6,6,1
60054,9,5,5,1
60055,10,6,6,1
60056,8,4,4,1
60057,9,5,5,1
60058,9,5,5,1
60059,10,5,5,1
60060,9,5,5,1
60061,10,6,6,1
60062,10,5,5,1
60063,11,6,6,1
60064,7,3,3,1
60065,8,4,4,1
60066,8,4,4,1
60067,9,4,4,1
60068,8,4,4,1
60069,9,5,5,1
60070,9,4,4,1
60071,10,5,5,1
60072,8,4,4,1
60073,9,5,5,1
60074,9,4,4,1
60075,10,5,5,1
60076,9,4,4,1
60077,10,5,5,1
60078,10,4,4,1
60079,11,5,5,1
60080,8,4,4,1
60081,9,5,5,1
60082,9,5,5,1
60083,10,5,5,1
60084,9,5,5,1
60085,10,6,6,1
60086,10,5,5,1
60087,11,6,6,1
60088,9,4,4,1
60089,10,5,5,1
60090,10,5,5,1
60091,11,5,5,1
60092,10,5,5,1
60093,11,6,6,1
60094,11,5,5,1
60095,12,6,6,1
60096,7,3,3,1
60097,8,4,4,1
60098,8,4,4,1
60099,9,4,4,1
60100,8,4,4,1
60101,9,5,5,1
60102,9,4,4,1
60103,10,5,5,1
60104,8,4,4,1
60105,9,5,5,1
60106,9,4,4,1
60107,10,5,5,1
60108,9,4,4,1
60109,10,5,5,1
60110,10,4,4,1
60111,11,5,5,1
60112,8,4,4,1
60113,9,5,5,1
60114,9,5,5,1
60115,10,5,5,1
60116,9,5,5,1
60117,10,6,6,1
60118,10,5,5,1
60119,11,6,6,1
60120,9,4,4,1
60121,10,5,5,1
60122,10,5,5,1
60123,11,5,5,1
60124,10,5,5,1
60125,11,6,6,1
60126,11,5,5,1
60127,12,6,6,1
60128,8,3,3,1
60129,9,4,4,1
60130,9,4,4,1
60131,10,4,4,1
60132,9,4,4,1
60133,10,5,5,1
60134,10,4,4,1
60135,11,5,5,1
60136,9,4,4,1
60137,10,5,5,1
60138,10,4,4,1
60139,11,5,5,1
60140,10,4,4,1
60141,11,5,5,1
60142,11,4,4,1
60143,12,5,5,1
60144,9,4,4,1
60145,10,5,5,1
60146,10,5,5,1
60147,11,5,5,1
60148,10,5,5,1
60149,11,6,6,1
60150,11,5,5,1
60151,12,6,6,1
60152,10,4,4,1
60153,11,5,5,1
60154,11,5,5,1
60155,12,5,5,1
60156,11,5,5,1
60157,12,6,6,1
60158,12,5,5,1
60159,13,6,6,1
60160,6,3,3,1
60161,7,4,4,1
60162,7,4,4,1
60163,8,4,4,1
60164,7,4,4,1
60165,8,5,5,1
60166,8,4,4,1
60167,9,5,5,1
60168,7,4,4,1
60169,8,5,5,1
60170,8,4,4,1
60171,9,5,5,1
60172,8,4,4,1
60173,9,5,5,1
60174,9,4,4,1
60175,10,5,5,1
60176,7,4,4,1
60177,8,5,5,1
60178,8,5,5,1
60179,9,5,5,1
60180,8,5,5,1
60181,9,6,6,1
60182,9,5,5,1
60183,10,6,6,1
60184,8,4,4,1
60185,9,5,5,1
60186,9,5,5,1
60187,10,5,5,1
60188,9,5,5,1
60189,10,6,6,1
60190,10,5,5,1
60191,11,6,6,1
60192,7,4,4,1
60193,8,5,5,1
60194,8,5,5,1
60195,9,5,5,1
60196,8,5,5,1
60197,9,6,6,1
60198,9,5,5,1
60199,10,6,6,1
60200,8,4,4,1
60201,9,5,5,1
60202,9,5,5,1
60203,10,5,5,1
60204,9,5,5,1
60205,10,6,6,1
60206,10,5,5,1
60207,11,6,6,1
60208,8,4,4,1
60209,9,5,5,1
60210,9,5,5,1
60211,10,5,5,1
60212,9,5,5,1
60213,10,6,6,1
60214,10,5,5,1
60215,11,6,6,1
60216,9,4,4,1
60217,10,5,5,1
60218,10,5,5,1
60219,11,5,5,1
60220,10,5,5,1
60221,11,6,6,1
60222,11,5,5,1
60223,12,6,6,1
60224,7,4,4,1
60225,8,5,5,1
60226,8,5,5,1
60227,9,5,5,1
60228,8,5,5,1
60229,9,6,6,1
60230,9,5,5,1
60231,10,6,6,1
60232,8,5,5,1
60233,9,6,6,1
60234,9,5,5,1
60235,10,6,6,1
60236,9,5,5,1
60237,10,6,6,1
60238,10,5,5,1
60239,11,6,6,1
60240,8,5,5,1
60241,9,6,6,1
60242,9,6,6,1
60243,10,6,6,1
60244,9,6,6,1
60245,10,7,7,1
60246,10,6,6,1
60247,11,7,7,1
60248,9,5,5,1
60249,10,6,6,1
60250,10,6,6,1
60251,11,6,6,1
60252,10,6,6,1
60253,11,7,7,1
60254,11,6,6,1
60255,12,7,7,1
60256,8,4,4,1
60257,9,5,5,1
60258,9,5,5,1
60259,10,5,5,1
60260,9,5,5,1
60261,10,6,6,1
60262,10,5,5,1
60263,11,6,6,1
60264,9,5,5,1
60265,10,6,6,1
60266,10,5,5,1
60267,11,6,6,1
60268,10,5,5,1
60269,11,6,6,1
60270,11,5,5,1
60271,12,6,6,1
60272,9,5,5,1
60273,10,6,6,1
60274,10,6,6,1
60275,11,6,6,1
60276,10,6,6,1
60277,11,7,7,1
60278,11,6,6,1
60279,12,7,7,1
60280,10,5,5,1
60281,11,6,6,1
60282,11,6,6,1
60283,12,6,6,1
60284,11,6,6,1
60285,12,7,7,1
60286,12,6,6,1
60287,13,7,7,1
60288,7,3,3,1
60289,8,4,4,1
60290,8,4,4,1
60291,9,4,4,1
60292,8,4,4,1
60293,9,5,5,1
60294,9,4,4,1
60295,10,5,5,1
60296,8,4,4,1
60297,9,5,5,1
60298,9,4,4,1
60299,10,5,5,1
60300,9,4,4,1
60301,10,5,5,1
60302,10,4,4,1
60303,11,5,5,1
60304,8,4,4,1
60305,9,5,5,1
60306,9,5,5,1
60307,10,5,5,1
60308,9,5,5,1
60309,10,6,6,1
60310,10,5,5,1
60311,11,6,6,1
60312,9,4,4,1
60313,10,5,5,1
60314,10,5,5,1
60315,11,5,5,1
60316,10,5,5,1
60317,11,6,6,1
60318,11,5,5,1
60319,12,6,6,1
60320,8,4,4,1
60321,9,5,5,1
60322,9,5,5,1
60323,10,5,5,1
60324,9,5,5,1
60325,10,6,6,1
60326,10,5,5,1
60327,11,6,6,1
60328,9,4,4,1
60329,10,5,5,1
60330,10,5,5,1
60331,11,5,5,1
60332,10,5,5,1
60333,11,6,6,1
60334,11,5,5,1
60335,12,6,6,1
60336,9,4,4,1
60337,10,5,5,1
60338,10,5,5,1
60339,11,5,5,1
60340,10,5,5,1
60341,11,6,6,1
60342,11,5,5,1
60343,12,6,6,1
60344,10,4,4,1
60345,11,5,5,1
60346,11,5,5,1
60347,12,5,5,1
60348,11,5,5,1
60349,12,6,6,1
60350,12,5,5,1
60351,13,6,6,1
60352,8,4,4,1
60353,9,5,5,1
60354,9,5,5,1
60355,10,5,5,1
60356,9,5,5,1
60357,10,6,6,1
60358,10,5,5,1
60359,11,6,6,1
60360,9,5,5,1
60361,10,6,6,1
60362,10,5,5,1
60363,11,6,6,1
60364,10,5,5,1
60365,11,6,6,1
60366,11,5,5,1
60367,12,6,6,1
60368,9,5,5,1
60369,10,6,6,1
60370,10,6,6,1
60371,11,6,6,1
60372,10,6,6,1
60373,11,7,7,1
60374,11,6,6,1
60375,12,7,7,1
60376,10,5,5,1
60377,11,6,6,1
60378,11,6,6,1
60379,12,6,6,1
60380,11,6,6,1
60381,12,7,7,1
60382,12,6,6,1
60383,13,7,7,1
60384,9,4,4,1
60385,10,5,5,1
60386,10,5,5,1
60387,11,5,5,1
60388,10,5,5,1
60389,11,6,6,1
60390,11,5,5,1
60391,12,6,6,1
60392,10,5,5,1
60393,11,6,6,1
60394,11,5,5,1
60395,12,6,6,1
60396,11,5,5,1
60397,12,6,6,1
60398,12,5,5,1
60399,13,6,6,1
60400,10,5,5,1
60401,11,6,6,1
60402,11,6,6,1
60403,12,6,6,1
60404,11,6,6,1
60405,12,7,7,1
60406,12,6,6,1
60407,13,7,7,1
60408,11,5,5,1
60409,12,6,6,1
60410,12,6,6,1
60411,13,6,6,1
60412,12,6,6,1
60413,13,7,7,1
60414,13,6,6,1
60415,14,7,7,1
60416,5,2,2,1
60417,6,3,3,1
60418,6,3,3,1
60419,7,3,3,1
60420,6,3,3,1
60421,7,4,4,1
60422,7,3,3,1
60423,8,4,4,1
60424,6,3,3,1
60425,7,4,4,1
60426,7,3,3,1
60427,8,4,4,1
60428,7,3,3,1
60429,8,4,4,1
60430,8,3,3,1
60431,9,4,4,1
60432,6,3,3,1
60433,7,4,4,1
60434,7,4,4,1
60435,8,4,4,1
60436,7,4,4,1
60437,8,5,5,1
60438,8,4,4,1
60439,9,5,5,1
60440,7,3,3,1
60441,8,4,4,1
60442,8,4,4,1
60443,9,4,4,1
60444,8,4,4,1
60445,9,5,5,1
60446,9,4,4,1
60447,10,5,5,1
60448,6,3,3,1
60449,7,4,4,1
60450,7,4,4,1
60451,8,4,4,1
60452,7,4,4,1
60453,8,5,5,1
60454,8,4,4,1
60455,9,5,5,1
60456,7,3,3,1
60457,8,4,4,1
60458,8,4,4,1
60459,9,4,4,1
60460,8,4,4,1
60461,9,5,5,1
60462,9,4,4,1
60463,10,5,5,1
60464,7,3,3,1
60465,8,4,4,1
60466,8,4,4,1
60467,9,4,4,1
60468,8,4,4,1
60469,9,5,5,1
60470,9,4,4,1
60471,10,5,5,1
60472,8,3,3,1
60473,9,4,4,1
60474,9,4,4,1
60475,10,4,4,1
60476,9,4,4,1
60477,10,5,5,1
60478,10,4,4,1
60479,11,5,5,1
60480,6,3,3,1
60481,7,4,4,1
60482,7,4,4,1
60483,8,4,4,1
60484,7,4,4,1
60485,8,5,5,1
60486,8,4,4,1
60487,9,5,5,1
60488,7,4,4,1
60489,8,5,5,1
60490,8,4,4,1
60491,9,5,5,1
60492,8,4,4,1
60493,9,5,5,1
60494,9,4,4,1
60495,10,5,5,1
60496,7,4,4,1
60497,8,5,5,1
60498,8,5,5,1
60499,9,5,5,1
60500,8,5,5,1
60501,9,6,6,1
60502,9,5,5,1
60503,10,6,6,1
60504,8,4,4,1
60505,9,5,5,1
60506,9,5,5,1
60507,10,5,5,1
60508,9,5,5,1
60509,10,6,6,1
60510,10,5,5,1
60511,11,6,6,1
60512,7,3,3,1
60513,8,4,4,1
60514,8,4,4,1
60515,9,4,4,1
60516,8,4,4,1
60517,9,5,5,1
60518,9,4,4,1
60519,10,5,5,1
60520,8,4,4,1
60521,9,5,5,1
60522,9,4,4,1
60523,10,5,5,1
60524,9,4,4,1
60525,10,5,5,1
60526,10,4,4,1
60527,11,5,5,1
60528,8,4,4,1
60529,9,5,5,1
60530,9,5,5,1
60531,10,5,5,1
60532,9,5,5,1
60533,10,6,6,1
60534,10,5,5,1
60535,11,6,6,1
60536,9,4,4,1
60537,10,5,5,1
60538,10,5,5,1
60539,11,5,5,1
60540,10,5,5,1
60541,11,6,6,1
60542,11,5,5,1
60543,12,6,6,1
60544,6,3,3,1
60545,7,4,4,1
60546,7,4,4,1
60547,8,4,4,1
60548,7,4,4,1
60549,8,5,5,1
60550,8,4,4,1
60551,9,5,5,1
60552,7,4,4,1
60553,8,5,5,1
60554,8,4,4,1
60555,9,5,5,1
60556,8,4,4,1
60557,9,5,5,1
60558,9,4,4,1
60559,10,5,5,1
60560,7,4,4,1
60561,8,5,5,1
60562,8,5,5,1
60563,9,5,5,1
60564,8,5,5,1
60565,9,6,6,1
60566,9,5,5,1
60567,10,6,6,1
60568,8,4,4,1
60569,9,5,5,1
60570,9,5,5,1
60571,10,5,5,1
60572,9,5,5,1
60573,10,6,6,1
60574,10,5,5,1
60575,11,6,6,1
60576,7,3,3,1
60577,8,4,4,1
60578,8,4,4,1
60579,9,4,4,1
60580,8,4,4,1
60581,9,5,5,1
60582,9,4,4,1
60583,10,5,5,1
60584,8,4,4,1
60585,9,5,5,1
60586,9,4,4,1
60587,10,5,5,1
60588,9,4,4,1
60589,10,5,5,1
60590,10,4,4,1
60591,11,5,5,1
60592,8,4,4,1
60593,9,5,5,1
60594,9,5,5,1
60595,10,5,5,1
60596,9,5,5,1
60597,10,6,6,1
60598,10,5,5,1
60599,11,6,6,1
60600,9,4,4,1
60601,10,5,5,1
60602,10,5,5,1
60603,11,5,5,1
60604,10,5,5,1
60605,11,6,6,1
60606,11,5,5,1
60607,12,6,6,1
60608,7,3,3,1
60609,8,4,4,1
60610,8,4,4,1
60611,9,4,4,1
60612,8,4,4,1
60613,9,5,5,1
60614,9,4,4,1
60615,10,5,5,1
60616,8,4,4,1
60617,9,5,5,1
60618,9,4,4,1
60619,10,5,5,1
60620,9,4,4,1
60621,10,5,5,1
60622,10,4,4,1
60623,11,5,5,1
60624,8,4,4,1
60625,9,5,5,1
60626,9,5,5,1
60627,10,5,5,1
60628,9,5,5,1
60629,10,6,6,1
60630,10,5,5,1
60631,11,6,6,1
60632,9,4,4,1
60633,10,5,5,1
60634,10,5,5,1
60635,11,5,5,1
60636,10,5,5,1
60637,11,6,6,1
60638,11,5,5,1
60639,12,6,6,1
60640,8,3,3,1
60641,9,4,4,1
60642,9,4,4,1
60643,10,4,4,1
60644,9,4,4,1
60645,10,5,5,1
60646,10,4,4,1
60647,11,5,5,1
60648,9,4,4,1
60649,10,5,5,1
60650,10,4,4,1
60651,11,5,5,1
60652,10,4,4,1
60653,11,5,5,1
60654,11,4,4,1
60655,12,5,5,1
60656,9,4,4,1
60657,10,5,5,1
60658,10,5,5,1
60659,11,5,5,1
60660,10,5,5,1
60661,11,6,6,1
60662,11,5,5,1
60663,12,6,6,1
60664,10,4,4,1
60665,11,5,5,1
60666,11,5,5,1
60667,12,5,5,1
60668,11,5,5,1
60669,12,6,6,1
60670,12,5,5,1
60671,13,6,6,1
60672,6,3,3,1
60673,7,4,4,1
60674,7,4,4,1
60675,8,4,4,1
60676,7,4,4,1
60677,8,5,5,1
60678,8,4,4,1
60679,9,5,5,1
60680,7,4,4,1
60681,8,5,5,1
60682,8,4,4,1
60683,9,5,5,1
60684,8,4,4,1
60685,9,5,5,1
60686,9,4,4,1
60687,10,5,5,1
60688,7,4,4,1
60689,8,5,5,1
60690,8,5,5,1
60691,9,5,5,1
60692,8,5,5,1
60693,9,6,6,1
60694,9,5,5,1
60695,10,6,6,1
60696,8,4,4,1
60697,9,5,5,1
60698,9,5,5,1
60699,10,5,5,1
60700,9,5,5,1
60701,10,6,6,1
60702,10,5,5,1
60703,11,6,6,1
60704,7,4,4,1
60705,8,5,5,1
60706,8,5,5,1
60707,9,5,5,1
60708,8,5,5,1
60709,9,6,6,1
60710,9,5,5,1
60711,10,6,6,1
60712,8,4,4,1
60713,9,5,5,1
60714,9,5,5,1
60715,10,5,5,1
60716,9,5,5,1
60717,10,6,6,1
60718,10,5,5,1
60719,11,6,6,1
60720,8,4,4,1
60721,9,5,5,1
60722,9,5,5,1
60723,10,5,5,1
60724,9,5,5,1
60725,10,6,6,1
60726,10,5,5,1
60727,11,6,6,1
60728,9,4,4,1
60729,10,5,5,1
60730,10,5,5,1
60731,11,5,5,1
60732,10,5,5,1
60733,11,6,6,1
60734,11,5,5,1
60735,12,6,6,1
60736,7,4,4,1
60737,8,5,5,1
60738,8,5,5,1
60739,9,5,5,1
60740,8,5,5,1
60741,9,6,6,1
60742,9,5,5,1
60743,10,6,6,1
60744,8,5,5,1
60745,9,6,6,1
60746,9,5,5,1
60747,10,6,6,1
60748,9,5,5,1
60749,10,6,6,1
60750,10,5,5,1
60751,11,6,6,1
60752,8,5,5,1
60753,9,6,6,1
60754,9,6,6,1
60755,10,6,6,1
60756,9,6,6,1
60757,10,7,7,1
60758,10,6,6,1
60759,11,7,7,1
60760,9,5,5,1
60761,10,6,6,1
60762,10,6,6,1
60763,11,6,6,1
60764,10,6,6,1
60765,11,7,7,1
60766,11,6,6,1
60767,12,7,7,1
60768,8,4,4,1
60769,9,5,5,1
60770,9,5,5,1
60771,10,5,5,1
60772,9,5,5,1
60773,10,6,6,1
60774,10,5,5,1
60775,11,6,6,1
60776,9,5,5,1
60777,10,6,6,1
60778,10,5,5,1
60779,11,6,6,1
60780,10,5,5,1
60781,11,6,6,1
60782,11,5,5,1
60783,12,6,6,1
60784,9,5,5,1
60785,10,6,6,1
60786,10,6,6,1
60787,11,6,6,1
60788,10,6,6,1
60789,11,7,7,1
60790,11,6,6,1
60791,12,7,7,1
60792,10,5,5,1
60793,11,6,6,1
60794,11,6,6,1
60795,12,6,6,1
60796,11,6,6,1
60797,12,7,7,1
60798,12,6,6,1
60799,13,7,7,1
60800,7,3,3,1
60801,8,4,4,1
60802,8,4,4,1
60803,9,4,4,1
60804,8,4,4,1
60805,9,5,5,1
60806,9,4,4,1
60807,10,5,5,1
60808,8,4,4,1
60809,9,5,5,1
60810,9,4,4,1
60811,10,5,5,1
60812,9,4,4,1
60813,10,5,5,1
60814,10,4,4,1
60815,11,5,5,1
60816,8,4,4,1
60817,9,5,5,1
60818,9,5,5,1
60819,10,5,5,1
60820,9,5,5,1
60821,10,6,6,1
60822,10,5,5,1
60823,11,6,6,1
60824,9,4,4,1
60825,10,5,5,1
60826,10,5,5,1
60827,11,5,5,1
60828,10,5,5,1
60829,11,6,6,1
60830,11,5,5,1
60831,12,6,6,1
60832,8,4,4,1
60833,9,5,5,1
60834,9,5,5,1
60835,10,5,5,1
60836,9,5,5,1
60837,10,6,6,1
60838,10,5,5,1
60839,11,6,6,1
60840,9,4,4,1
60841,10,5,5,1
60842,10,5,5,1
60843,11,5,5,1
60844,10,5,5,1
60845,11,6,6,1
60846,11,5,5,1
60847,12,6,6,1
60848,9,4,4,1
60849,10,5,5,1
60850,10,5,5,1
60851,11,5,5,1
60852,10,5,5,1
60853,11,6,6,1
60854,11,5,5,1
60855,12,6,6,1
60856,10,4,4,1
60857,11,5,5,1
60858,11,5,5,1
60859,12,5,5,1
60860,11,5,5,1
60861,12,6,6,1
60862,12,5,5,1
60863,13,6,6,1
60864,8,4,4,1
60865,9,5,5,1
60866,9,5,5,1
60867,10,5,5,1
60868,9,5,5,1
60869,10,6,6,1
60870,10,5,5,1
60871,11,6,6,1
60872,9,5,5,1
60873,10,6,6,1
60874,10,5,5,1
60875,11,6,6,1
60876,10,5,5,1
60877,11,6,6,1
60878,11,5,5,1
60879,12,6,6,1
60880,9,5,5,1
60881,10,6,6,1
60882,10,6,6,1
60883,11,6,6,1
60884,10,6,6,1
60885,11,7,7,1
60886,11,6,6,1
60887,12,7,7,1
60888,10,5,5,1
60889,11,6,6,1
60890,11,6,6,1
60891,12,6,6,1
60892,11,6,6,1
60893,12,7,7,1
60894,12,6,6,1
60895,13,7,7,1
60896,9,4,4,1
60897,10,5,5,1
60898,10,5,5,1
60899,11,5,5,1
60900,10,5,5,1
60901,11,6,6,1
60902,11,5,5,1
60903,12,6,6,1
60904,10,5,5,1
60905,11,6,6,1
60906,11,5,5,1
60907,12,6,6,1
60908,11,5,5,1
60909,12,6,6,1
60910,12,5,5,1
60911,13,6,6,1
60912,10,5,5,1
60913,11,6,6,1
60914,11,6,6,1
60915,12,6,6,1
60916,11,6,6,1
60917,12,7,7,1
60918,12,6,6,1
60919,13,7,7,1
60920,11,5,5,1
60921,12,6,6,1
60922,12,6,6,1
60923,13,6,6,1
60924,12,6,6,1
60925,13,7,7,1
60926,13,6,6,1
60927,14,7,7,1
60928,6,2,2,1
60929,7,3,3,1
60930,7,3,3,1
60931,8,3,3,1
60932,7,3,3,1
60933,8,4,4,1
60934,8,3,3,1
60935,9,4,4,1
60936,7,3,3,1
60937,8,4,4,1
60938,8,3,3,1
60939,9,4,4,1
60940,8,3,3,1
60941,9,4,4,1
60942,9,3,3,1
60943,10,4,4,1
60944,7,3,3,1
60945,8,4,4,1
60946,8,4,4,1
60947,9,4,4,1
60948,8,4,4,1
60949,9,5,5,1
60950,9,4,4,1
60951,10,5,5,1
60952,8,3,3,1
60953,9,4,4,1
60954,9,4,4,1
60955,10,4,4,1
60956,9,4,4,1
60957,10,5,5,1
60958,10,4,4,1
60959,11,5,5,1
60960,7,3,3,1
60961,8,4,4,1
60962,8,4,4,1
60963,9,4,4,1
60964,8,4,4,1
60965,9,5,5,1
60966,9,4,4,1
60967,10,5,5,1
60968,8,3,3,1
60969,9,4,4,1
60970,9,4,4,1
60971,10,4,4,1
60972,9,4,4,1
60973,10,5,5,1
60974,10,4,4,1
60975,11,5,5,1
60976,8,3,3,1
60977,9,4,4,1
60978,9,4,4,1
60979,10,4,4,1
60980,9,4,4,1
60981,10,5,5,1
60982,10,4,4,1
60983,11,5,5,1
60984,9,3,3,1
60985,10,4,4,1
60986,10,4,4,1
60987,11,4,4,1
60988,10,4,4,1
60989,11,5,5,1
60990,11,4,4,1
60991,12,5,5,1
60992,7,3,3,1
60993,8,4,4,1
60994,8,4,4,1
60995,9,4,4,1
60996,8,4,4,1
60997,9,5,5,1
60998,9,4,4,1
60999,10,5,5,1
61000,8,4,4,1
61001,9,5,5,1
61002,9,4,4,1
61003,10,5,5,1
61004,9,4,4,1
61005,10,5,5,1
61006,10,4,4,1
61007,11,5,5,1
61008,8,4,4,1
61009,9,5,5,1
61010,9,5,5,1
61011,10,5,5,1
61012,9,5,5,1
61013,10,6,6,1
61014,10,5,5,1
61015,11,6,6,1
61016,9,4,4,1
61017,10,5,5,1
61018,10,5,5,1
61019,11,5,5,1
61020,10,5,5,1
61021,11,6,6,1
61022,11,5,5,1
61023,12,6,6,1
61024,8,3,3,1
61025,9,4,4,1
61026,9,4,4,1
61027,10,4,4,1
61028,9,4,4,1
61029,10,5,5,1
61030,10,4,4,1
61031,11,5,5,1
61032,9,4,4,1
61033,10,5,5,1
61034,10,4,4,1
61035,11,5,5,1
61036,10,4,4,1
61037,11,5,5,1
61038,11,4,4,1
61039,12,5,5,1
61040,9,4,4,1
61041,10,5,5,1
61042,10,5,5,1
61043,11,5,5,1
61044,10,5,5,1
61045,11,6,6,1
61046,11,5,5,1
61047,12,6,6,1
61048,10,4,4,1
61049,11,5,5,1
61050,11,5,5,1
61051,12,5,5,1
61052,11,5,5,1
61053,12,6,6,1
61054,12,5,5,1
61055,13,6,6,1
61056,7,3,3,1
61057,8,4,4,1
61058,8,4,4,1
61059,9,4,4,1
61060,8,4,4,1
61061,9,5,5,1
61062,9,4,4,1
61063,10,5,5,1
61064,8,4,4,1
61065,9,5,5,1
61066,9,4,4,1
61067,10,5,5,1
61068,9,4,4,1
61069,10,5,5,1
61070,10,4,4,1
61071,11,5,5,1
61072,8,4,4,1
61073,9,5,5,1
61074,9,5,5,1
61075,10,5,5,1
61076,9,5,5,1
61077,10,6,6,1
61078,10,5,5,1
61079,11,6,6,1
61080,9,4,4,1
61081,10,5,5,1
61082,10,5,5,1
61083,11,5,5,1
61084,10,5,5,1
61085,11,6,6,1
61086,11,5,5,1
61087,12,6,6,1
61088,8,3,3,1
61089,9,4,4,1
61090,9,4,4,1
61091,10,4,4,1
61092,9,4,4,1
61093,10,5,5,1
61094,10,4,4,1
61095,11,5,5,1
61096,9,4,4,1
61097,10,5,5,1
61098,10,4,4,1
61099,11,5,5,1
61100,10,4,4,1
61101,11,5,5,1
61102,11,4,4,1
61103,12,5,5,1
61104,9,4,4,1
61105,10,5,5,1
61106,10,5,5,1
61107,11,5,5,1
61108,10,5,5,1
61109,11,6,6,1
61110,11,5,5,1
61111,12,6,6,1
61112,10,4,4,1
61113,11,5,5,1
61114,11,5,5,1
61115,12,5,5,1
61116,11,5,5,1
61117,12,6,6,1
61118,12,5,5,1
61119,13,6,6,1
61120,8,3,3,1
61121,9,4,4,1
61122,9,4,4,1
61123,10,4,4,1
61124,9,4,4,1
61125,10,5,5,1
61126,10,4,4,1
61127,11,5,5,1
61128,9,4,4,1
61129,10,5,5,1
61130,10,4,4,1
61131,11,5,5,1
61132,10,4,4,1
61133,11,5,5,1
61134,11,4,4,1
61135,12,5,5,1
61136,9,4,4,1
61137,10,5,5,1
61138,10,5,5,1
61139,11,5,5,1
61140,10,5,5,1
61141,11,6,6,1
61142,11,5,5,1
61143,12,6,6,1
61144,10,4,4,1
61145,11,5,5,1
61146,11,5,5,1
61147,12,5,5,1
61148,11,5,5,1
61149,12,6,6,1
61150,12,5,5,1
61151,13,6,6,1
61152,9,3,3,1
61153,10,4,4,1
61154,10,4,4,1
61155,11,4,4,1
61156,10,4,4,1
61157,11,5,5,1
61158,11,4,4,1
61159,12,5,5,1
61160,10,4,4,1
61161,11,5,5,1
61162,11,4,4,1
61163,12,5,5,1
61164,11,4,4,1
61165,12,5,5,1
61166,12,4,4,1
61167,13,5,5,1
61168,10,4,4,1
61169,11,5,5,1
61170,11,5,5,1
61171,12,5,5,1
61172,11,5,5,1
61173,12,6,6,1
61174,12,5,5,1
61175,13,6,6,1
61176,11,4,4,1
61177,12,5,5,1
61178,12,5,5,1
61179,13,5,5,1
61180,12,5,5,1
61181,13,6,6,1
61182,13,5,5,1
61183,14,6,6,1
61184,7,3,3,1
61185,8,4,4,1
61186,8,4,4,1
61187,9,4,4,1
61188,8,4,4,1
61189,9,5,5,1
61190,9,4,4,1
61191,10,5,5,1
61192,8,4,4,1
61193,9,5,5,1
61194,9,4,4,1
61195,10,5,5,1
61196,9,4,4,1
61197,10,5,5,1
61198,10,4,4,1
61199,11,5,5,1
61200,8,4,4,1
61201,9,5,5,1
61202,9,5,5,1
61203,10,5,5,1
61204,9,5,5,1
61205,10,6,6,1
61206,10,5,5,1
61207,11,6,6,1
61208,9,4,4,1
61209,10,5,5,1
61210,10,5,5,1
61211,11,5,5,1
61212,10,5,5,1
61213,11,6,6,1
61214,11,5,5,1
61215,12,6,6,1
61216,8,4,4,1
61217,9,5,5,1
61218,9,5,5,1
61219,10,5,5,1
61220,9,5,5,1
61221,10,6,6,1
61222,10,5,5,1
61223,11,6,6,1
61224,9,4,4,1
61225,10,5,5,1
61226,10,5,5,1
61227,11,5,5,1
61228,10,5,5,1
61229,11,6,6,1
61230,11,5,5,1
61231,12,6,6,1
61232,9,4,4,1
61233,10,5,5,1
61234,10,5,5,1
61235,11,5,5,1
61236,10,5,5,1
61237,11,6,6,1
61238,11,5,5,1
61239,12,6,6,1
61240,10,4,4,1
61241,11,5,5,1
61242,11,5,5,1
61243,12,5,5,1
61244,11,5,5,1
61245,12,6,6,1
61246,12,5,5,1
61247,13,6,6,1
61248,8,4,4,1
61249,9,5,5,1
61250,9,5,5,1
61251,10,5,5,1
61252,9,5,5,1
61253,10,6,6,1
61254,10,5,5,1
61255,11,6,6,1
61256,9,5,5,1
61257,10,6,6,1
61258,10,5,5,1
61259,11,6,6,1
61260,10,5,5,1
61261,11,6,6,1
61262,11,5,5,1
61263,12,6,6,1
61264,9,5,5,1
61265,10,6,6,1
61266,10,6,6,1
61267,11,6,6,1
61268,10,6,6,1
61269,11,7,7,1
61270,11,6,6,1
61271,12,7,7,1
61272,10,5,5,1
61273,11,6,6,1
61274,11,6,6,1
61275,12,6,6,1
61276,11,6,6,1
61277,12,7,7,1
61278,12,6,6,1
61279,13,7,7,1
61280,9,4,4,1
61281,10,5,5,1
61282,10,5,5,1
61283,11,5,5,1
61284,10,5,5,1
61285,11,6,6,1
61286,11,5,5,1
61287,12,6,6,1
61288,10,5,5,1
61289,11,6,6,1
61290,11,5,5,1
61291,12,6,6,1
61292,11,5,5,1
61293,12,6,6,1
61294,12,5,5,1
61295,13,6,6,1
61296,10,5,5,1
61297,11,6,6,1
61298,11,6,6,1
61299,12,6,6,1
61300,11,6,6,1
61301,12,7,7,1
61302,12,6,6,1
61303,13,7,7,1
61304,11,5,5,1
61305,12,6,6,1
61306,12,6,6,1
61307,13,6,6,1
61308,12,6,6,1
61309,13,7,7,1
61310,13,6,6,1
61311,14,7,7,1
61312,8,3,3,1
61313,9,4,4,1
61314,9,4,4,1
61315,10,4,4,1
61316,9,4,4,1
61317,10,5,5,1
61318,10,4,4,1
61319,11,5,5,1
61320,9,4,4,1
61321,10,5,5,1
61322,10,4,4,1
61323,11,5,5,1
61324,10,4,4,1
61325,11,5,5,1
61326,11,4,4,1
61327,12,5,5,1
61328,9,4,4,1
61329,10,5,5,1
61330,10,5,5,1
61331,11,5,5,1
61332,10,5,5,1
61333,11,6,6,1
61334,11,5,5,1
61335,12,6,6,1
61336,10,4,4,1
61337,11,5,5,1
61338,11,5,5,1
61339,12,5,5,1
61340,11,5,5,1
61341,12,6,6,1
61342,12,5,5,1
61343,13,6,6,1
61344,9,4,4,1
61345,10,5,5,1
61346,10,5,5,1
61347,11,5,5,1
61348,10,5,5,1
61349,11,6,6,1
61350,11,5,5,1
61351,12,6,6,1
61352,10,4,4,1
61353,11,5,5,1
61354,11,5,5,1
61355,12,5,5,1
61356,11,5,5,1
61357,12,6,6,1
61358,12,5,5,1
61359,13,6,6,1
61360,10,4,4,1
61361,11,5,5,1
61362,11,5,5,1
61363,12,5,5,1
61364,11,5,5,1
61365,12,6,6,1
61366,12,5,5,1
61367,13,6,6,1
61368,11,4,4,1
61369,12,5,5,1
61370,12,5,5,1
61371,13,5,5,1
61372,12,5,5,1
61373,13,6,6,1
61374,13,5,5,1
61375,14,6,6,1
61376,9,4,4,1
61377,10,5,5,1
61378,10,5,5,1
61379,11,5,5,1
61380,10,5,5,1
61381,11,6,6,1
61382,11,5,5,1
61383,12,6,6,1
61384,10,5,5,1
61385,11,6,6,1
61386,11,5,5,1
61387,12,6,6,1
61388,11,5,5,1
61389,12,6,6,1
61390,12,5,5,1
61391,13,6,6,1
61392,10,5,5,1
61393,11,6,6,1
61394,11,6,6,1
61395,12,6,6,1
61396,11,6,6,1
61397,12,7,7,1
61398,12,6,6,1
61399,13,7,7,1
61400,11,5,5,1
61401,12,6,6,1
61402,12,6,6,1
61403,13,6,6,1
61404,12,6,6,1
61405,13,7,7,1
61406,13,6,6,1
61407,14,7,7,1
61408,10,4,4,1
61409,11,5,5,1
61410,11,5,5,1
61411,12,5,5,1
61412,11,5,5,1
61413,12,6,6,1
61414,12,5,5,1
61415,13,6,6,1
61416,11,5,5,1
61417,12,6,6,1
61418,12,5,5,1
61419,13,6,6,1
61420,12,5,5,1
61421,13,6,6,1
61422,13,5,5,1
61423,14,6,6,1
61424,11,5,5,1
61425,12,6,6,1
61426,12,6,6,1
61427,13,6,6,1
61428,12,6,6,1
61429,13,7,7,1
61430,13,6,6,1
61431,14,7,7,1
61432,12,5,5,1
61433,13,6,6,1
61434,13,6,6,1
61435,14,6,6,1
61436,13,6,6,1
61437,14,7,7,1
61438,14,6,6,1
61439,15,7,7,1
61440,4,2,2,1
61441,5,3,3,1
61442,5,3,3,1
61443,6,3,3,1
61444,5,3,3,1
61445,6,4,4,1
61446,6,3,3,1
61447,7,4,4,1
61448,5,3,3,1
61449,6,4,4,1
61450,6,3,3,1
61451,7,4,4,1
61452,6,3,3,1
61453,7,4,4,1
61454,7,3,3,1
61455,8,4,4,1
61456,5,3,3,1
61457,6,4,4,1
61458,6,4,4,1
61459,7,4,4,1
61460,6,4,4,1
61461,7,5,5,1
61462,7,4,4,1
61463,8,5,5,1
61464,6,3,3,1
61465,7,4,4,1
61466,7,4,4,1
61467,8,4,4,1
61468,7,4,4,1
61469,8,5,5,1
61470,8,4,4,1
61471,9,5,5,1
61472,5,3,3,1
61473,6,4,4,1
61474,6,4,4,1
61475,7,4,4,1
61476,6,4,4,1
61477,7,5,5,1
61478,7,4,4,1
61479,8,5,5,1
61480,6,3,3,1
61481,7,4,4,1
61482,7,4,4,1
61483,8,4,4,1
61484,7,4,4,1
61485,8,5,5,1
61486,8,4,4,1
61487,9,5,5,1
61488,6,3,3,1
61489,7,4,4,1
61490,7,4,4,1
61491,8,4,4,1
61492,7,4,4,1
61493,8,5,5,1
61494,8,4,4,1
61495,9,5,5,1
61496,7,3,3,1
61497,8,4,4,1
61498,8,4,4,1
61499,9,4,4,1
61500,8,4,4,1
61501,9,5,5,1
61502,9,4,4,1
61503,10,5,5,1
61504,5,3,3,1
61505,6,4,4,1
61506,6,4,4,1
61507,7,4,4,1
61508,6,4,4,1
61509,7,5,5,1
61510,7,4,4,1
61511,8,5,5,1
61512,6,4,4,1
61513,7,5,5,1
61514,7,4,4,1
61515,8,5,5,1
61516,7,4,4,1
61517,8,5,5,1
61518,8,4,4,1
61519,9,5,5,1
61520,6,4,4,1
61521,7,5,5,1
61522,7,5,5,1
61523,8,5,5,1
61524,7,5,5,1
61525,8,6,6,1
61526,8,5,5,1
61527,9,6,6,1
61528,7,4,4,1
61529,8,5,5,1
61530,8,5,5,1
61531,9,5,5,1
61532,8,5,5,1
61533,9,6,6,1
61534,9,5,5,1
61535,10,6,6,1
61536,6,3,3,1
61537,7,4,4,1
61538,7,4,4,1
61539,8,4,4,1
61540,7,4,4,1
61541,8,5,5,1
61542,8,4,4,1
61543,9,5,5,1
61544,7,4,4,1
61545,8,5,5,1
61546,8,4,4,1
61547,9,5,5,1
61548,8,4,4,1
61549,9,5,5,1
61550,9,4,4,1
61551,10,5,5,1
61552,7,4,4,1
61553,8,5,5,1
61554,8,5,5,1
61555,9,5,5,1
61556,8,5,5,1
61557,9,6,6,1
61558,9,5,5,1
61559,10,6,6,1
61560,8,4,4,1
61561,9,5,5,1
61562,9,5,5,1
61563,10,5,5,1
61564,9,5,5,1
61565,10,6,6,1
61566,10,5,5,1
61567,11,6,6,1
61568,5,3,3,1
61569,6,4,4,1
61570,6,4,4,1
61571,7,4,4,1
61572,6,4,4,1
61573,7,5,5,1
61574,7,4,4,1
61575,8,5,5,1
61576,6,4,4,1
61577,7,5,5,1
61578,7,4,4,1
61579,8,5,5,1
61580,7,4,4,1
61581,8,5,5,1
61582,8,4,4,1
61583,9,5,5,1
61584,6,4,4,1
61585,7,5,5,1
61586,7,5,5,1
61587,8,5,5,1
61588,7,5,5,1
61589,8,6,6,1
61590,8,5,5,1
61591,9,6,6,1
61592,7,4,4,1
61593,8,5,5,1
61594,8,5,5,1
61595,9,5,5,1
61596,8,5,5,1
61597,9,6,6,1
61598,9,5,5,1
61599,10,6,6,1
61600,6,3,3,1
61601,7,4,4,1
61602,7,4,4,1
61603,8,4,4,1
61604,7,4,4,1
61605,8,5,5,1
61606,8,4,4,1
61607,9,5,5,1
61608,7,4,4,1
61609,8,5,5,1
61610,8,4,4,1
61611,9,5,5,1
61612,8,4,4,1
61613,9,5,5,1
61614,9,4,4,1
61615,10,5,5,1
61616,7,4,4,1
61617,8,5,5,1
61618,8,5,5,1
61619,9,5,5,1
61620,8,5,5,1
61621,9,6,6,1
61622,9,5,5,1
61623,10,6,6,1
61624,8,4,4,1
61625,9,5,5,1
61626,9,5,5,1
61627,10,5,5,1
61628,9,5,5,1
61629,10,6,6,1
61630,10,5,5,1
61631,11,6,6,1
61632,6,3,3,1
61633,7,4,4,1
61634,7,4,4,1
61635,8,4,4,1
61636,7,4,4,1
61637,8,5,5,1
61638,8,4,4,1
61639,9,5,5,1
61640,7,4,4,1
61641,8,5,5,1
61642,8,4,4,1
61643,9,5,5,1
61644,8,4,4,1
61645,9,5,5,1
61646,9,4,4,1
61647,10,5,5,1
61648,7,4,4,1
61649,8,5,5,1
61650,8,5,5,1
61651,9,5,5,1
61652,8,5,5,1
61653,9,6,6,1
61654,9,5,5,1
61655,10,6,6,1
61656,8,4,4,1
61657,9,5,5,1
61658,9,5,5,1
61659,10,5,5,1
61660,9,5,5,1
61661,10,6,6,1
61662,10,5,5,1
61663,11,6,6,1
61664,7,3,3,1
61665,8,4,4,1
61666,8,4,4,1
61667,9,4,4,1
61668,8,4,4,1
61669,9,5,5,1
61670,9,4,4,1
61671,10,5,5,1
61672,8,4,4,1
61673,9,5,5,1
61674,9,4,4,1
61675,10,5,5,1
61676,9,4,4,1
61677,10,5,5,1
61678,10,4,4,1
61679,11,5,5,1
61680,8,4,4,1
61681,9,5,5,1
61682,9,5,5,1
61683,10,5,5,1
61684,9,5,5,1
61685,10,6,6,1
61686,10,5,5,1
61687,11,6,6,1
61688,9,4,4,1
61689,10,5,5,1
61690,10,5,5,1
61691,11,5,5,1
61692,10,5,5,1
61693,11,6,6,1
61694,11,5,5,1
61695,12,6,6,1
61696,5,3,3,1
61697,6,4,4,1
61698,6,4,4,1
61699,7,4,4,1
61700,6,4,4,1
61701,7,5,5,1
61702,7,4,4,1
61703,8,5,5,1
61704,6,4,4,1
61705,7,5,5,1
61706,7,4,4,1
61707,8,5,5,1
61708,7,4,4,1
61709,8,5,5,1
61710,8,4,4,1
61711,9,5,5,1
61712,6,4,4,1
61713,7,5,5,1
61714,7,5,5,1
61715,8,5,5,1
61716,7,5,5,1
61717,8,6,6,1
61718,8,5,5,1
61719,9,6,6,1
61720,7,4,4,1
61721,8,5,5,1
61722,8,5,5,1
61723,9,5,5,1
61724,8,5,5,1
61725,9,6,6,1
61726,9,5,5,1
61727,10,6,6,1
61728,6,4,4,1
61729,7,5,5,1
61730,7,5,5,1
61731,8,5,5,1
61732,7,5,5,1
61733,8,6,6,1
61734,8,5,5,1
61735,9,6,6,1
61736,7,4,4,1
61737,8,5,5,1
61738,8,5,5,1
61739,9,5,5,1
61740,8,5,5,1
61741,9,6,6,1
61742,9,5,5,1
61743,10,6,6,1
61744,7,4,4,1
61745,8,5,5,1
61746,8,5,5,1
61747,9,5,5,1
61748,8,5,5,1
61749,9,6,6,1
61750,9,5,5,1
61751,10,6,6,1
61752,8,4,4,1
61753,9,5,5,1
61754,9,5,5,1
61755,10,5,5,1
61756,9,5,5,1
61757,10,6,6,1
61758,10,5,5,1
61759,11,6,6,1
61760,6,4,4,1
61761,7,5,5,1
61762,7,5,5,1
61763,8,5,5,1
61764,7,5,5,1
61765,8,6,6,1
61766,8,5,5,1
61767,9,6,6,1
61768,7,5,5,1
61769,8,6,6,1
61770,8,5,5,1
61771,9,6,6,1
61772,8,5,5,1
61773,9,6,6,1
61774,9,5,5,1
61775,10,6,6,1
61776,7,5,5,1
61777,8,6,6,1
61778,8,6,6,1
61779,9,6,6,1
61780,8,6,6,1
61781,9,7,7,1
61782,9,6,6,1
61783,10,7,7,1
61784,8,5,5,1
61785,9,6,6,1
61786,9,6,6,1
61787,10,6,6,1
61788,9,6,6,1
61789,10,7,7,1
61790,10,6,6,1
61791,11,7,7,1
61792,7,4,4,1
61793,8,5,5,1
61794,8,5,5,1
61795,9,5,5,1
61796,8,5,5,1
61797,9,6,6,1
61798,9,5,5,1
61799,10,6,6,1
61800,8,5,5,1
61801,9,6,6,1
61802,9,5,5,1
61803,10,6,6,1
61804,9,5,5,1
61805,10,6,6,1
61806,10,5,5,1
61807,11,6,6,1
61808,8,5,5,1
61809,9,6,6,1
61810,9,6,6,1
61811,10,6,6,1
61812,9,6,6,1
61813,10,7,7,1
61814,10,6,6,1
61815,11,7,7,1
61816,9,5,5,1
61817,10,6,6,1
61818,10,6,6,1
61819,11,6,6,1
61820,10,6,6,1
61821,11,7,7,1
61822,11,6,6,1
61823,12,7,7,1
61824,6,3,3,1
61825,7,4,4,1
61826,7,4,4,1
61827,8,4,4,1
61828,7,4,4,1
61829,8,5,5,1
61830,8,4,4,1
61831,9,5,5,1
61832,7,4,4,1
61833,8,5,5,1
61834,8,4,4,1
61835,9,5,5,1
61836,8,4,4,1
61837,9,5,5,1
61838,9,4,4,1
61839,10,5,5,1
61840,7,4,4,1
61841,8,5,5,1
61842,8,5,5,1
61843,9,5,5,1
61844,8,5,5,1
61845,9,6,6,1
61846,9,5,5,1
61847,10,6,6,1
61848,8,4,4,1
61849,9,5,5,1
61850,9,5,5,1
61851,10,5,5,1
61852,9,5,5,1
61853,10,6,6,1
61854,10,5,5,1
61855,11,6,6,1
61856,7,4,4,1
61857,8,5,5,1
61858,8,5,5,1
61859,9,5,5,1
61860,8,5,5,1
61861,9,6,6,1
61862,9,5,5,1
61863,10,6,6,1
61864,8,4,4,1
61865,9,5,5,1
61866,9,5,5,1
61867,10,5,5,1
61868,9,5,5,1
61869,10,6,6,1
61870,10,5,5,1
61871,11,6,6,1
61872,8,4,4,1
61873,9,5,5,1
61874,9,5,5,1
61875,10,5,5,1
61876,9,5,5,1
61877,10,6,6,1
61878,10,5,5,1
61879,11,6,6,1
61880,9,4,4,1
61881,10,5,5,1
61882,10,5,5,1
61883,11,5,5,1
61884,10,5,5,1
61885,11,6,6,1
61886,11,5,5,1
61887,12,6,6,1
61888,7,4,4,1
61889,8,5,5,1
61890,8,5,5,1
61891,9,5,5,1
61892,8,5,5,1
61893,9,6,6,1
61894,9,5,5,1
61895,10,6,6,1
61896,8,5,5,1
61897,9,6,6,1
61898,9,5,5,1
61899,10,6,6,1
61900,9,5,5,1
61901,10,6,6,1
61902,10,5,5,1
61903,11,6,6,1
61904,8,5,5,1
61905,9,6,6,1
61906,9,6,6,1
61907,10,6,6,1
61908,9,6,6,1
61909,10,7,7,1
61910,10,6,6,1
61911,11,7,7,1
61912,9,5,5,1
61913,10,6,6,1
61914,10,6,6,1
61915,11,6,6,1
61916,10,6,6,1
61917,11,7,7,1
61918,11,6,6,1
61919,12,7,7,1
61920,8,4,4,1
61921,9,5,5,1
61922,9,5,5,1
61923,10,5,5,1
61924,9,5,5,1
61925,10,6,6,1
61926,10,5,5,1
61927,11,6,6,1
61928,9,5,5,1
61929,10,6,6,1
61930,10,5,5,1
61931,11,6,6,1
61932,10,5,5,1
61933,11,6,6,1
61934,11,5,5,1
61935,12,6,6,1
61936,9,5,5,1
61937,10,6,6,1
61938,10,6,6,1
61939,11,6,6,1
61940,10,6,6,1
61941,11,7,7,1
61942,11,6,6,1
61943,12,7,7,1
61944,10,5,5,1
61945,11,6,6,1
61946,11,6,6,1
61947,12,6,6,1
61948,11,6,6,1
61949,12,7,7,1
61950,12,6,6,1
61951,13,7,7,1
61952,5,3,3,1
61953,6,4,4,1
61954,6,4,4,1
61955,7,4,4,1
61956,6,4,4,1
61957,7,5,5,1
61958,7,4,4,1
61959,8,5,5,1
61960,6,4,4,1
61961,7,5,5,1
61962,7,4,4,1
61963,8,5,5,1
61964,7,4,4,1
61965,8,5,5,1
61966,8,4,4,1
61967,9,5,5,1
61968,6,4,4,1
61969,7,5,5,1
61970,7,5,5,1
61971,8,5,5,1
61972,7,5,5,1
61973,8,6,6,1
61974,8,5,5,1
61975,9,6,6,1
61976,7,4,4,1
61977,8,5,5,1
61978,8,5,5,1
61979,9,5,5,1
61980,8,5,5,1
61981,9,6,6,1
61982,9,5,5,1
61983,10,6,6,1
61984,6,4,4,1
61985,7,5,5,1
61986,7,5,5,1
61987,8,5,5,1
61988,7,5,5,1
61989,8,6,6,1
61990,8,5,5,1
61991,9,6,6,1
61992,7,4,4,1
61993,8,5,5,1
61994,8,5,5,1
61995,9,5,5,1
61996,8,5,5,1
61997,9,6,6,1
61998,9,5,5,1
61999,10,6,6,1
62000,7,4,4,1
62001,8,5,5,1
62002,8,5,5,1
62003,9,5,5,1
62004,8,5,5,1
62005,9,6,6,1
62006,9,5,5,1
62007,10,6,6,1
62008,8,4,4,1
62009,9,5,5,1
62010,9,5,5,1
62011,10,5,5,1
62012,9,5,5,1
62013,10,6,6,1
62014,10,5,5,1
62015,11,6,6,1
62016,6,4,4,1
62017,7,5,5,1
62018,7,5,5,1
62019,8,5,5,1
62020,7,5,5,1
62021,8,6,6,1
62022,8,5,5,1
62023,9,6,6,1
62024,7,5,5,1
62025,8,6,6,1
62026,8,5,5,1
62027,9,6,6,1
62028,8,5,5,1
62029,9,6,6,1
62030,9,5,5,1
62031,10,6,6,1
62032,7,5,5,1
62033,8,6,6,1
62034,8,6,6,1
62035,9,6,6,1
62036,8,6,6,1
62037,9,7,7,1
62038,9,6,6,1
62039,10,7,7,1
62040,8,5,5,1
62041,9,6,6,1
62042,9,6,6,1
62043,10,6,6,1
62044,9,6,6,1
62045,10,7,7,1
62046,10,6,6,1
62047,11,7,7,1
62048,7,4,4,1
62049,8,5,5,1
62050,8,5,5,1
62051,9,5,5,1
62052,8,5,5,1
62053,9,6,6,1
62054,9,5,5,1
62055,10,6,6,1
62056,8,5,5,1
62057,9,6,6,1
62058,9,5,5,1
62059,10,6,6,1
62060,9,5,5,1
62061,10,6,6,1
62062,10,5,5,1
62063,11,6,6,1
62064,8,5,5,1
62065,9,6,6,1
62066,9,6,6,1
62067,10,6,6,1
62068,9,6,6,1
62069,10,7,7,1
62070,10,6,6,1
62071,11,7,7,1
62072,9,5,5,1
62073,10,6,6,1
62074,10,6,6,1
62075,11,6,6,1
62076,10,6,6,1
62077,11,7,7,1
62078,11,6,6,1
62079,12,7,7,1
62080,6,3,3,1
62081,7,4,4,1
62082,7,4,4,1
62083,8,4,4,1
62084,7,4,4,1
62085,8,5,5,1
62086,8,4,4,1
62087,9,5,5,1
62088,7,4,4,1
62089,8,5,5,1
62090,8,4,4,1
62091,9,5,5,1
62092,8,4,4,1
62093,9,5,5,1
62094,9,4,4,1
62095,10,5,5,1
62096,7,4,4,1
62097,8,5,5,1
62098,8,5,5,1
62099,9,5,5,1
62100,8,5,5,1
62101,9,6,6,1
62102,9,5,5,1
62103,10,6,6,1
62104,8,4,4,1
62105,9,5,5,1
62106,9,5,5,1
62107,10,5,5,1
62108,9,5,5,1
62109,10,6,6,1
62110,10,5,5,1
62111,11,6,6,1
62112,7,4,4,1
62113,8,5,5,1
62114,8,5,5,1
62115,9,5,5,1
62116,8,5,5,1
62117,9,6,6,1
62118,9,5,5,1
62119,10,6,6,1
62120,8,4,4,1
62121,9,5,5,1
62122,9,5,5,1
62123,10,5,5,1
62124,9,5,5,1
62125,10,6,6,1
62126,10,5,5,1
62127,11,6,6,1
62128,8,4,4,1
62129,9,5,5,1
62130,9,5,5,1
62131,10,5,5,1
62132,9,5,5,1
62133,10,6,6,1
62134,10,5,5,1
62135,11,6,6,1
62136,9,4,4,1
62137,10,5,5,1
62138,10,5,5,1
62139,11,5,5,1
62140,10,5,5,1
62141,11,6,6,1
62142,11,5,5,1
62143,12,6,6,1
62144,7,4,4,1
62145,8,5,5,1
62146,8,5,5,1
62147,9,5,5,1
62148,8,5,5,1
62149,9,6,6,1
62150,9,5,5,1
62151,10,6,6,1
62152,8,5,5,1
62153,9,6,6,1
62154,9,5,5,1
62155,10,6,6,1
62156,9,5,5,1
62157,10,6,6,1
62158,10,5,5,1
62159,11,6,6,1
62160,8,5,5,1
62161,9,6,6,1
62162,9,6,6,1
62163,10,6,6,1
62164,9,6,6,1
62165,10,7,7,1
62166,10,6,6,1
62167,11,7,7,1
62168,9,5,5,1
62169,10,6,6,1
62170,10,6,6,1
62171,11,6,6,1
62172,10,6,6,1
62173,11,7,7,1
62174,11,6,6,1
62175,12,7,7,1
62176,8,4,4,1
62177,9,5,5,1
62178,9,5,5,1
62179,10,5,5,1
62180,9,5,5,1
62181,10,6,6,1
62182,10,5,5,1
62183,11,6,6,1
62184,9,5,5,1
62185,10,6,6,1
62186,10,5,5,1
62187,11,6,6,1
62188,10,5,5,1
62189,11,6,6,1
62190,11,5,5,1
62191,12,6,6,1
62192,9,5,5,1
62193,10,6,6,1
62194,10,6,6,1
62195,11,6,6,1
62196,10,6,6,1
62197,11,7,7,1
62198,11,6,6,1
62199,12,7,7,1
62200,10,5,5,1
62201,11,6,6,1
62202,11,6,6,1
62203,12,6,6,1
62204,11,6,6,1
62205,12,7,7,1
62206,12,6,6,1
62207,13,7,7,1
62208,6,3,3,1
62209,7,4,4,1
62210,7,4,4,1
62211,8,4,4,1
62212,7,4,4,1
62213,8,5,5,1
62214,8,4,4,1
62215,9,5,5,1
62216,7,4,4,1
62217,8,5,5,1
62218,8,4,4,1
62219,9,5,5,1
62220,8,4,4,1
62221,9,5,5,1
62222,9,4,4,1
62223,10,5,5,1
62224,7,4,4,1
62225,8,5,5,1
62226,8,5,5,1
62227,9,5,5,1
62228,8,5,5,1
62229,9,6,6,1
62230,9,5,5,1
62231,10,6,6,1
62232,8,4,4,1
62233,9,5,5,1
62234,9,5,5,1
62235,10,5,5,1
62236,9,5,5,1
62237,10,6,6,1
62238,10,5,5,1
62239,11,6,6,1
62240,7,4,4,1
62241,8,5,5,1
62242,8,5,5,1
62243,9,5,5,1
62244,8,5,5,1
62245,9,6,6,1
62246,9,5,5,1
62247,10,6,6,1
62248,8,4,4,1
62249,9,5,5,1
62250,9,5,5,1
62251,10,5,5,1
62252,9,5,5,1
62253,10,6,6,1
62254,10,5,5,1
62255,11,6,6,1
62256,8,4,4,1
62257,9,5,5,1
62258,9,5,5,1
62259,10,5,5,1
62260,9,5,5,1
62261,10,6,6,1
62262,10,5,5,1
62263,11,6,6,1
62264,9,4,4,1
62265,10,5,5,1
62266,10,5,5,1
62267,11,5,5,1
62268,10,5,5,1
62269,11,6,6,1
62270,11,5,5,1
62271,12,6,6,1
62272,7,4,4,1
62273,8,5,5,1
62274,8,5,5,1
62275,9,5,5,1
62276,8,5,5,1
62277,9,6,6,1
62278,9,5,5,1
62279,10,6,6,1
62280,8,5,5,1
62281,9,6,6,1
62282,9,5,5,1
62283,10,6,6,1
62284,9,5,5,1
62285,10,6,6,1
62286,10,5,5,1
62287,11,6,6,1
62288,8,5,5,1
62289,9,6,6,1
62290,9,6,6,1
62291,10,6,6,1
62292,9,6,6,1
62293,10,7,7,1
62294,10,6,6,1
62295,11,7,7,1
62296,9,5,5,1
62297,10,6,6,1
62298,10,6,6,1
62299,11,6,6,1
62300,10,6,6,1
62301,11,7,7,1
62302,11,6,6,1
62303,12,7,7,1
62304,8,4,4,1
62305,9,5,5,1
62306,9,5,5,1
62307,10,5,5,1
62308,9,5,5,1
62309,10,6,6,1
62310,10,5,5,1
62311,11,6,6,1
62312,9,5,5,1
62313,10,6,6,1
62314,10,5,5,1
62315,11,6,6,1
62316,10,5,5,1
62317,11,6,6,1
62318,11,5,5,1
62319,12,6,6,1
62320,9,5,5,1
62321,10,6,6,1
62322,10,6,6,1
62323,11,6,6,1
62324,10,6,6,1
62325,11,7,7,1
62326,11,6,6,1
62327,12,7,7,1
62328,10,5,5,1
62329,11,6,6,1
62330,11,6,6,1
62331,12,6,6,1
62332,11,6,6,1
62333,12,7,7,1
62334,12,6,6,1
62335,13,7,7,1
62336,7,3,3,1
62337,8,4,4,1
62338,8,4,4,1
62339,9,4,4,1
62340,8,4,4,1
62341,9,5,5,1
62342,9,4,4,1
62343,10,5,5,1
62344,8,4,4,1
62345,9,5,5,1
62346,9,4,4,1
62347,10,5,5,1
62348,9,4,4,1
62349,10,5,5,1
62350,10,4,4,1
62351,11,5,5,1
62352,8,4,4,1
62353,9,5,5,1
62354,9,5,5,1
62355,10,5,5,1
62356,9,5,5,1
62357,10,6,6,1
62358,10,5,5,1
62359,11,6,6,1
62360,9,4,4,1
62361,10,5,5,1
62362,10,5,5,1
62363,11,5,5,1
62364,10,5,5,1
62365,11,6,6,1
62366,11,5,5,1
62367,12,6,6,1
62368,8,4,4,1
62369,9,5,5,1
62370,9,5,5,1
62371,10,5,5,1
62372,9,5,5,1
62373,10,6,6,1
62374,10,5,5,1
62375,11,6,6,1
62376,9,4,4,1
62377,10,5,5,1
62378,10,5,5,1
62379,11,5,5,1
62380,10,5,5,1
62381,11,6,6,1
62382,11,5,5,1
62383,12,6,6,1
62384,9,4,4,1
62385,10,5,5,1
62386,10,5,5,1
62387,11,5,5,1
62388,10,5,5,1
62389,11,6,6,1
62390,11,5,5,1
62391,12,6,6,1
62392,10,4,4,1
62393,11,5,5,1
62394,11,5,5,1
62395,12,5,5,1
62396,11,5,5,1
62397,12,6,6,1
62398,12,5,5,1
62399,13,6,6,1
62400,8,4,4,1
62401,9,5,5,1
62402,9,5,5,1
62403,10,5,5,1
62404,9,5,5,1
62405,10,6,6,1
62406,10,5,5,1
62407,11,6,6,1
62408,9,5,5,1
62409,10,6,6,1
62410,10,5,5,1
62411,11,6,6,1
62412,10,5,5,1
62413,11,6,6,1
62414,11,5,5,1
62415,12,6,6,1
62416,9,5,5,1
62417,10,6,6,1
62418,10,6,6,1
62419,11,6,6,1
62420,10,6,6,1
62421,11,7,7,1
62422,11,6,6,1
62423,12,7,7,1
62424,10,5,5,1
62425,11,6,6,1
62426,11,6,6,1
62427,12,6,6,1
62428,11,6,6,1
62429,12,7,7,1
62430,12,6,6,1
62431,13,7,7,1
62432,9,4,4,1
62433,10,5,5,1
62434,10,5,5,1
62435,11,5,5,1
62436,10,5,5,1
62437,11,6,6,1
62438,11,5,5,1
62439,12,6,6,1
62440,10,5,5,1
62441,11,6,6,1
62442,11,5,5,1
62443,12,6,6,1
62444,11,5,5,1
62445,12,6,6,1
62446,12,5,5,1
62447,13,6,6,1
62448,10,5,5,1
62449,11,6,6,1
62450,11,6,6,1
62451,12,6,6,1
62452,11,6,6,1
62453,12,7,7,1
62454,12,6,6,1
62455,13,7,7,1
62456,11,5,5,1
62457,12,6,6,1
62458,12,6,6,1
62459,13,6,6,1
62460,12,6,6,1
62461,13,7,7,1
62462,13,6,6,1
62463,14,7,7,1
62464,5,3,3,1
62465,6,4,4,1
62466,6,4,4,1
62467,7,4,4,1
62468,6,4,4,1
62469,7,5,5,1
62470,7,4,4,1
62471,8,5,5,1
62472,6,4,4,1
62473,7,5,5,1
62474,7,4,4,1
62475,8,5,5,1
62476,7,4,4,1
62477,8,5,5,1
62478,8,4,4,1
62479,9,5,5,1
62480,6,4,4,1
62481,7,5,5,1
62482,7,5,5,1
62483,8,5,5,1
62484,7,5,5,1
62485,8,6,6,1
62486,8,5,5,1
62487,9,6,6,1
62488,7,4,4,1
62489,8,5,5,1
62490,8,5,5,1
62491,9,5,5,1
62492,8,5,5,1
62493,9,6,6,1
62494,9,5,5,1
62495,10,6,6,1
62496,6,4,4,1
62497,7,5,5,1
62498,7,5,5,1
62499,8,5,5,1
62500,7,5,5,1
62501,8,6,6,1
62502,8,5,5,1
62503,9,6,6,1
62504,7,4,4,1
62505,8,5,5,1
62506,8,5,5,1
62507,9,5,5,1
62508,8,5,5,1
62509,9,6,6,1
62510,9,5,5,1
62511,10,6,6,1
62512,7,4,4,1
62513,8,5,5,1
62514,8,5,5,1
62515,9,5,5,1
62516,8,5,5,1
62517,9,6,6,1
62518,9,5,5,1
62519,10,6,6,1
62520,8,4,4,1
62521,9,5,5,1
62522,9,5,5,1
62523,10,5,5,1
62524,9,5,5,1
62525,10,6,6,1
62526,10,5,5,1
62527,11,6,6,1
62528,6,4,4,1
62529,7,5,5,1
62530,7,5,5,1
62531,8,5,5,1
62532,7,5,5,1
62533,8,6,6,1
62534,8,5,5,1
62535,9,6,6,1
62536,7,5,5,1
62537,8,6,6,1
62538,8,5,5,1
62539,9,6,6,1
62540,8,5,5,1
62541,9,6,6,1
62542,9,5,5,1
62543,10,6,6,1
62544,7,5,5,1
62545,8,6,6,1
62546,8,6,6,1
62547,9,6,6,1
62548,8,6,6,1
62549,9,7,7,1
62550,9,6,6,1
62551,10,7,7,1
62552,8,5,5,1
62553,9,6,6,1
62554,9,6,6,1
62555,10,6,6,1
62556,9,6,6,1
62557,10,7,7,1
62558,10,6,6,1
62559,11,7,7,1
62560,7,4,4,1
62561,8,5,5,1
62562,8,5,5,1
62563,9,5,5,1
62564,8,5,5,1
62565,9,6,6,1
62566,9,5,5,1
62567,10,6,6,1
62568,8,5,5,1
62569,9,6,6,1
62570,9,5,5,1
62571,10,6,6,1
62572,9,5,5,1
62573,10,6,6,1
62574,10,5,5,1
62575,11,6,6,1
62576,8,5,5,1
62577,9,6,6,1
62578,9,6,6,1
62579,10,6,6,1
62580,9,6,6,1
62581,10,7,7,1
62582,10,6,6,1
62583,11,7,7,1
62584,9,5,5,1
62585,10,6,6,1
62586,10,6,6,1
62587,11,6,6,1
62588,10,6,6,1
62589,11,7,7,1
62590,11,6,6,1
62591,12,7,7,1
62592,6,4,4,1
62593,7,5,5,1
62594,7,5,5,1
62595,8,5,5,1
62596,7,5,5,1
62597,8,6,6,1
62598,8,5,5,1
62599,9,6,6,1
62600,7,5,5,1
62601,8,6,6,1
62602,8,5,5,1
62603,9,6,6,1
62604,8,5,5,1
62605,9,6,6,1
62606,9,5,5,1
62607,10,6,6,1
62608,7,5,5,1
62609,8,6,6,1
62610,8,6,6,1
62611,9,6,6,1
62612,8,6,6,1
62613,9,7,7,1
62614,9,6,6,1
62615,10,7,7,1
62616,8,5,5,1
62617,9,6,6,1
62618,9,6,6,1
62619,10,6,6,1
62620,9,6,6,1
62621,10,7,7,1
62622,10,6,6,1
62623,11,7,7,1
62624,7,4,4,1
62625,8,5,5,1
62626,8,5,5,1
62627,9,5,5,1
62628,8,5,5,1
62629,9,6,6,1
62630,9,5,5,1
62631,10,6,6,1
62632,8,5,5,1
62633,9,6,6,1
62634,9,5,5,1
62635,10,6,6,1
62636,9,5,5,1
62637,10,6,6,1
62638,10,5,5,1
62639,11,6,6,1
62640,8,5,5,1
62641,9,6,6,1
62642,9,6,6,1
62643,10,6,6,1
62644,9,6,6,1
62645,10,7,7,1
62646,10,6,6,1
62647,11,7,7,1
62648,9,5,5,1
62649,10,6,6,1
62650,10,6,6,1
62651,11,6,6,1
62652,10,6,6,1
62653,11,7,7,1
62654,11,6,6,1
62655,12,7,7,1
62656,7,4,4,1
62657,8,5,5,1
62658,8,5,5,1
62659,9,5,5,1
62660,8,5,5,1
62661,9,6,6,1
62662,9,5,5,1
62663,10,6,6,1
62664,8,5,5,1
62665,9,6,6,1
62666,9,5,5,1
62667,10,6,6,1
62668,9,5,5,1
62669,10,6,6,1
62670,10,5,5,1
62671,11,6,6,1
62672,8,5,5,1
62673,9,6,6,1
62674,9,6,6,1
62675,10,6,6,1
62676,9,6,6,1
62677,10,7,7,1
62678,10,6,6,1
62679,11,7,7,1
62680,9,5,5,1
62681,10,6,6,1
62682,10,6,6,1
62683,11,6,6,1
62684,10,6,6,1
62685,11,7,7,1
62686,11,6,6,1
62687,12,7,7,1
62688,8,4,4,1
62689,9,5,5,1
62690,9,5,5,1
62691,10,5,5,1
62692,9,5,5,1
62693,10,6,6,1
62694,10,5,5,1
62695,11,6,6,1
62696,9,5,5,1
62697,10,6,6,1
62698,10,5,5,1
62699,11,6,6,1
62700,10,5,5,1
62701,11,6,6,1
62702,11,5,5,1
62703,12,6,6,1
62704,9,5,5,1
62705,10,6,6,1
62706,10,6,6,1
62707,11,6,6,1
62708,10,6,6,1
62709,11,7,7,1
62710,11,6,6,1
62711,12,7,7,1
62712,10,5,5,1
62713,11,6,6,1
62714,11,6,6,1
62715,12,6,6,1
62716,11,6,6,1
62717,12,7,7,1
62718,12,6,6,1
62719,13,7,7,1
62720,6,4,4,1
62721,7,5,5,1
62722,7,5,5,1
62723,8,5,5,1
62724,7,5,5,1
62725,8,6,6,1
62726,8,5,5,1
62727,9,6,6,1
62728,7,5,5,1
62729,8,6,6,1
62730,8,5,5,1
62731,9,6,6,1
62732,8,5,5,1
62733,9,6,6,1
62734,9,5,5,1
62735,10,6,6,1
62736,7,5,5,1
62737,8,6,6,1
62738,8,6,6,1
62739,9,6,6,1
62740,8,6,6,1
62741,9,7,7,1
62742,9,6,6,1
62743,10,7,7,1
62744,8,5,5,1
62745,9,6,6,1
62746,9,6,6,1
62747,10,6,6,1
62748,9,6,6,1
62749,10,7,7,1
62750,10,6,6,1
62751,11,7,7,1
62752,7,5,5,1
62753,8,6,6,1
62754,8,6,6,1
62755,9,6,6,1
62756,8,6,6,1
62757,9,7,7,1
62758,9,6,6,1
62759,10,7,7,1
62760,8,5,5,1
62761,9,6,6,1
62762,9,6,6,1
62763,10,6,6,1
62764,9,6,6,1
62765,10,7,7,1
62766,10,6,6,1
62767,11,7,7,1
62768,8,5,5,1
62769,9,6,6,1
62770,9,6,6,1
62771,10,6,6,1
62772,9,6,6,1
62773,10,7,7,1
62774,10,6,6,1
62775,11,7,7,1
62776,9,5,5,1
62777,10,6,6,1
62778,10,6,6,1
62779,11,6,6,1
62780,10,6,6,1
62781,11,7,7,1
62782,11,6,6,1
62783,12,7,7,1
62784,7,5,5,1
62785,8,6,6,1
62786,8,6,6,1
62787,9,6,6,1
62788,8,6,6,1
62789,9,7,7,1
62790,9,6,6,1
62791,10,7,7,1
62792,8,6,6,1
62793,9,7,7,1
62794,9,6,6,1
62795,10,7,7,1
62796,9,6,6,1
62797,10,7,7,1
62798,10,6,6,1
62799,11,7,7,1
62800,8,6,6,1
62801,9,7,7,1
62802,9,7,7,1
62803,10,7,7,1
62804,9,7,7,1
62805,10,8,8,1
62806,10,7,7,1
62807,11,8,8,1
62808,9,6,6,1
62809,10,7,7,1
62810,10,7,7,1
62811,11,7,7,1
62812,10,7,7,1
62813,11,8,8,1
62814,11,7,7,1
62815,12,8,8,1
62816,8,5,5,1
62817,9,6,6,1
62818,9,6,6,1
62819,10,6,6,1
62820,9,6,6,1
62821,10,7,7,1
62822,10,6,6,1
62823,11,7,7,1
62824,9,6,6,1
62825,10,7,7,1
62826,10,6,6,1
62827,11,7,7,1
62828,10,6,6,1
62829,11,7,7,1
62830,11,6,6,1
62831,12,7,7,1
62832,9,6,6,1
62833,10,7,7,1
62834,10,7,7,1
62835,11,7,7,1
62836,10,7,7,1
62837,11,8,8,1
62838,11,7,7,1
62839,12,8,8,1
62840,10,6,6,1
62841,11,7,7,1
62842,11,7,7,1
62843,12,7,7,1
62844,11,7,7,1
62845,12,8,8,1
62846,12,7,7,1
62847,13,8,8,1
62848,7,4,4,1
62849,8,5,5,1
62850,8,5,5,1
62851,9,5,5,1
62852,8,5,5,1
62853,9,6,6,1
62854,9,5,5,1
62855,10,6,6,1
62856,8,5,5,1
62857,9,6,6,1
62858,9,5,5,1
62859,10,6,6,1
62860,9,5,5,1
62861,10,6,6,1
62862,10,5,5,1
62863,11,6,6,1
62864,8,5,5,1
62865,9,6,6,1
62866,9,6,6,1
62867,10,6,6,1
62868,9,6,6,1
62869,10,7,7,1
62870,10,6,6,1
62871,11,7,7,1
62872,9,5,5,1
62873,10,6,6,1
62874,10,6,6,1
62875,11,6,6,1
62876,10,6,6,1
62877,11,7,7,1
62878,11,6,6,1
62879,12,7,7,1
62880,8,5,5,1
62881,9,6,6,1
62882,9,6,6,1
62883,10,6,6,1
62884,9,6,6,1
62885,10,7,7,1
62886,10,6,6,1
62887,11,7,7,1
62888,9,5,5,1
62889,10,6,6,1
62890,10,6,6,1
62891,11,6,6,1
62892,10,6,6,1
62893,11,7,7,1
62894,11,6,6,1
62895,12,7,7,1
62896,9,5,5,1
62897,10,6,6,1
62898,10,6,6,1
62899,11,6,6,1
62900,10,6,6,1
62901,11,7,7,1
62902,11,6,6,1
62903,12,7,7,1
62904,10,5,5,1
62905,11,6,6,1
62906,11,6,6,1
62907,12,6,6,1
62908,11,6,6,1
62909,12,7,7,1
62910,12,6,6,1
62911,13,7,7,1
62912,8,5,5,1
62913,9,6,6,1
62914,9,6,6,1
62915,10,6,6,1
62916,9,6,6,1
62917,10,7,7,1
62918,10,6,6,1
62919,11,7,7,1
62920,9,6,6,1
62921,10,7,7,1
62922,10,6,6,1
62923,11,7,7,1
62924,10,6,6,1
62925,11,7,7,1
62926,11,6,6,1
62927,12,7,7,1
62928,9,6,6,1
62929,10,7,7,1
62930,10,7,7,1
62931,11,7,7,1
62932,10,7,7,1
62933,11,8,8,1
62934,11,7,7,1
62935,12,8,8,1
62936,10,6,6,1
62937,11,7,7,1
62938,11,7,7,1
62939,12,7,7,1
62940,11,7,7,1
62941,12,8,8,1
62942,12,7,7,1
62943,13,8,8,1
62944,9,5,5,1
62945,10,6,6,1
62946,10,6,6,1
62947,11,6,6,1
62948,10,6,6,1
62949,11,7,7,1
62950,11,6,6,1
62951,12,7,7,1
62952,10,6,6,1
62953,11,7,7,1
62954,11,6,6,1
62955,12,7,7,1
62956,11,6,6,1
62957,12,7,7,1
62958,12,6,6,1
62959,13,7,7,1
62960,10,6,6,1
62961,11,7,7,1
62962,11,7,7,1
62963,12,7,7,1
62964,11,7,7,1
62965,12,8,8,1
62966,12,7,7,1
62967,13,8,8,1
62968,11,6,6,1
62969,12,7,7,1
62970,12,7,7,1
62971,13,7,7,1
62972,12,7,7,1
62973,13,8,8,1
62974,13,7,7,1
62975,14,8,8,1
62976,6,3,3,1
62977,7,4,4,1
62978,7,4,4,1
62979,8,4,4,1
62980,7,4,4,1
62981,8,5,5,1
62982,8,4,4,1
62983,9,5,5,1
62984,7,4,4,1
62985,8,5,5,1
62986,8,4,4,1
62987,9,5,5,1
62988,8,4,4,1
62989,9,5,5,1
62990,9,4,4,1
62991,10,5,5,1
62992,7,4,4,1
62993,8,5,5,1
62994,8,5,5,1
62995,9,5,5,1
62996,8,5,5,1
62997,9,6,6,1
62998,9,5,5,1
62999,10,6,6,1
63000,8,4,4,1
63001,9,5,5,1
63002,9,5,5,1
63003,10,5,5,1
63004,9,5,5,1
63005,10,6,6,1
63006,10,5,5,1
63007,11,6,6,1
63008,7,4,4,1
63009,8,5,5,1
63010,8,5,5,1
63011,9,5,5,1
63012,8,5,5,1
63013,9,6,6,1
63014,9,5,5,1
63015,10,6,6,1
63016,8,4,4,1
63017,9,5,5,1
63018,9,5,5,1
63019,10,5,5,1
63020,9,5,5,1
63021,10,6,6,1
63022,10,5,5,1
63023,11,6,6,1
63024,8,4,4,1
63025,9,5,5,1
63026,9,5,5,1
63027,10,5,5,1
63028,9,5,5,1
63029,10,6,6,1
63030,10,5,5,1
63031,11,6,6,1
63032,9,4,4,1
63033,10,5,5,1
63034,10,5,5,1
63035,11,5,5,1
63036,10,5,5,1
63037,11,6,6,1
63038,11,5,5,1
63039,12,6,6,1
63040,7,4,4,1
63041,8,5,5,1
63042,8,5,5,1
63043,9,5,5,1
63044,8,5,5,1
63045,9,6,6,1
63046,9,5,5,1
63047,10,6,6,1
63048,8,5,5,1
63049,9,6,6,1
63050,9,5,5,1
63051,10,6,6,1
63052,9,5,5,1
63053,10,6,6,1
63054,10,5,5,1
63055,11,6,6,1
63056,8,5,5,1
63057,9,6,6,1
63058,9,6,6,1
63059,10,6,6,1
63060,9,6,6,1
63061,10,7,7,1
63062,10,6,6,1
63063,11,7,7,1
63064,9,5,5,1
63065,10,6,6,1
63066,10,6,6,1
63067,11,6,6,1
63068,10,6,6,1
63069,11,7,7,1
63070,11,6,6,1
63071,12,7,7,1
63072,8,4,4,1
63073,9,5,5,1
63074,9,5,5,1
63075,10,5,5,1
63076,9,5,5,1
63077,10,6,6,1
63078,10,5,5,1
63079,11,6,6,1
63080,9,5,5,1
63081,10,6,6,1
63082,10,5,5,1
63083,11,6,6,1
63084,10,5,5,1
63085,11,6,6,1
63086,11,5,5,1
63087,12,6,6,1
63088,9,5,5,1
63089,10,6,6,1
63090,10,6,6,1
63091,11,6,6,1
63092,10,6,6,1
63093,11,7,7,1
63094,11,6,6,1
63095,12,7,7,1
63096,10,5,5,1
63097,11,6,6,1
63098,11,6,6,1
63099,12,6,6,1
63100,11,6,6,1
63101,12,7,7,1
63102,12,6,6,1
63103,13,7,7,1
63104,7,4,4,1
63105,8,5,5,1
63106,8,5,5,1
63107,9,5,5,1
63108,8,5,5,1
63109,9,6,6,1
63110,9,5,5,1
63111,10,6,6,1
63112,8,5,5,1
63113,9,6,6,1
63114,9,5,5,1
63115,10,6,6,1
63116,9,5,5,1
63117,10,6,6,1
63118,10,5,5,1
63119,11,6,6,1
63120,8,5,5,1
63121,9,6,6,1
63122,9,6,6,1
63123,10,6,6,1
63124,9,6,6,1
63125,10,7,7,1
63126,10,6,6,1
63127,11,7,7,1
63128,9,5,5,1
63129,10,6,6,1
63130,10,6,6,1
63131,11,6,6,1
63132,10,6,6,1
63133,11,7,7,1
63134,11,6,6,1
63135,12,7,7,1
63136,8,4,4,1
63137,9,5,5,1
63138,9,5,5,1
63139,10,5,5,1
63140,9,5,5,1
63141,10,6,6,1
63142,10,5,5,1
63143,11,6,6,1
63144,9,5,5,1
63145,10,6,6,1
63146,10,5,5,1
63147,11,6,6,1
63148,10,5,5,1
63149,11,6,6,1
63150,11,5,5,1
63151,12,6,6,1
63152,9,5,5,1
63153,10,6,6,1
63154,10,6,6,1
63155,11,6,6,1
63156,10,6,6,1
63157,11,7,7,1
63158,11,6,6,1
63159,12,7,7,1
63160,10,5,5,1
63161,11,6,6,1
63162,11,6,6,1
63163,12,6,6,1
63164,11,6,6,1
63165,12,7,7,1
63166,12,6,6,1
63167,13,7,7,1
63168,8,4,4,1
63169,9,5,5,1
63170,9,5,5,1
63171,10,5,5,1
63172,9,5,5,1
63173,10,6,6,1
63174,10,5,5,1
63175,11,6,6,1
63176,9,5,5,1
63177,10,6,6,1
63178,10,5,5,1
63179,11,6,6,1
63180,10,5,5,1
63181,11,6,6,1
63182,11,5,5,1
63183,12,6,6,1
63184,9,5,5,1
63185,10,6,6,1
63186,10,6,6,1
63187,11,6,6,1
63188,10,6,6,1
63189,11,7,7,1
63190,11,6,6,1
63191,12,7,7,1
63192,10,5,5,1
63193,11,6,6,1
63194,11,6,6,1
63195,12,6,6,1
63196,11,6,6,1
63197,12,7,7,1
63198,12,6,6,1
63199,13,7,7,1
63200,9,4,4,1
63201,10,5,5,1
63202,10,5,5,1
63203,11,5,5,1
63204,10,5,5,1
63205,11,6,6,1
63206,11,5,5,1
63207,12,6,6,1
63208,10,5,5,1
63209,11,6,6,1
63210,11,5,5,1
63211,12,6,6,1
63212,11,5,5,1
63213,12,6,6,1
63214,12,5,5,1
63215,13,6,6,1
63216,10,5,5,1
63217,11,6,6,1
63218,11,6,6,1
63219,12,6,6,1
63220,11,6,6,1
63221,12,7,7,1
63222,12,6,6,1
63223,13,7,7,1
63224,11,5,5,1
63225,12,6,6,1
63226,12,6,6,1
63227,13,6,6,1
63228,12,6,6,1
63229,13,7,7,1
63230,13,6,6,1
63231,14,7,7,1
63232,7,4,4,1
63233,8,5,5,1
63234,8,5,5,1
63235,9,5,5,1
63236,8,5,5,1
63237,9,6,6,1
63238,9,5,5,1
63239,10,6,6,1
63240,8,5,5,1
63241,9,6,6,1
63242,9,5,5,1
63243,10,6,6,1
63244,9,5,5,1
63245,10,6,6,1
63246,10,5,5,1
63247,11,6,6,1
63248,8,5,5,1
63249,9,6,6,1
63250,9,6,6,1
63251,10,6,6,1
63252,9,6,6,1
63253,10,7,7,1
63254,10,6,6,1
63255,11,7,7,1
63256,9,5,5,1
63257,10,6,6,1
63258,10,6,6,1
63259,11,6,6,1
63260,10,6,6,1
63261,11,7,7,1
63262,11,6,6,1
63263,12,7,7,1
63264,8,5,5,1
63265,9,6,6,1
63266,9,6,6,1
63267,10,6,6,1
63268,9,6,6,1
63269,10,7,7,1
63270,10,6,6,1
63271,11,7,7,1
63272,9,5,5,1
63273,10,6,6,1
63274,10,6,6,1
63275,11,6,6,1
63276,10,6,6,1
63277,11,7,7,1
63278,11,6,6,1
63279,12,7,7,1
63280,9,5,5,1
63281,10,6,6,1
63282,10,6,6,1
63283,11,6,6,1
63284,10,6,6,1
63285,11,7,7,1
63286,11,6,6,1
63287,12,7,7,1
63288,10,5,5,1
63289,11,6,6,1
63290,11,6,6,1
63291,12,6,6,1
63292,11,6,6,1
63293,12,7,7,1
63294,12,6,6,1
63295,13,7,7,1
63296,8,5,5,1
63297,9,6,6,1
63298,9,6,6,1
63299,10,6,6,1
63300,9,6,6,1
63301,10,7,7,1
63302,10,6,6,1
63303,11,7,7,1
63304,9,6,6,1
63305,10,7,7,1
63306,10,6,6,1
63307,11,7,7,1
63308,10,6,6,1
63309,11,7,7,1
63310,11,6,6,1
63311,12,7,7,1
63312,9,6,6,1
63313,10,7,7,1
63314,10,7,7,1
63315,11,7,7,1
63316,10,7,7,1
63317,11,8,8,1
63318,11,7,7,1
63319,12,8,8,1
63320,10,6,6,1
63321,11,7,7,1
63322,11,7,7,1
63323,12,7,7,1
63324,11,7,7,1
63325,12,8,8,1
63326,12,7,7,1
63327,13,8,8,1
63328,9,5,5,1
63329,10,6,6,1
63330,10,6,6,1
63331,11,6,6,1
63332,10,6,6,1
63333,11,7,7,1
63334,11,6,6,1
63335,12,7,7,1
63336,10,6,6,1
63337,11,7,7,1
63338,11,6,6,1
63339,12,7,7,1
63340,11,6,6,1
63341,12,7,7,1
63342,12,6,6,1
63343,13,7,7,1
63344,10,6,6,1
63345,11,7,7,1
63346,11,7,7,1
63347,12,7,7,1
63348,11,7,7,1
63349,12,8,8,1
63350,12,7,7,1
63351,13,8,8,1
63352,11,6,6,1
63353,12,7,7,1
63354,12,7,7,1
63355,13,7,7,1
63356,12,7,7,1
63357,13,8,8,1
63358,13,7,7,1
63359,14,8,8,1
63360,8,4,4,1
63361,9,5,5,1
63362,9,5,5,1
63363,10,5,5,1
63364,9,5,5,1
63365,10,6,6,1
63366,10,5,5,1
63367,11,6,6,1
63368,9,5,5,1
63369,10,6,6,1
63370,10,5,5,1
63371,11,6,6,1
63372,10,5,5,1
63373,11,6,6,1
63374,11,5,5,1
63375,12,6,6,1
63376,9,5,5,1
63377,10,6,6,1
63378,10,6,6,1
63379,11,6,6,1
63380,10,6,6,1
63381,11,7,7,1
63382,11,6,6,1
63383,12,7,7,1
63384,10,5,5,1
63385,11,6,6,1
63386,11,6,6,1
63387,12,6,6,1
63388,11,6,6,1
63389,12,7,7,1
63390,12,6,6,1
63391,13,7,7,1
63392,9,5,5,1
63393,10,6,6,1
63394,10,6,6,1
63395,11,6,6,1
63396,10,6,6,1
63397,11,7,7,1
63398,11,6,6,1
63399,12,7,7,1
63400,10,5,5,1
63401,11,6,6,1
63402,11,6,6,1
63403,12,6,6,1
63404,11,6,6,1
63405,12,7,7,1
63406,12,6,6,1
63407,13,7,7,1
63408,10,5,5,1
63409,11,6,6,1
63410,11,6,6,1
63411,12,6,6,1
63412,11,6,6,1
63413,12,7,7,1
63414,12,6,6,1
63415,13,7,7,1
63416,11,5,5,1
63417,12,6,6,1
63418,12,6,6,1
63419,13,6,6,1
63420,12,6,6,1
63421,13,7,7,1
63422,13,6,6,1
63423,14,7,7,1
63424,9,5,5,1
63425,10,6,6,1
63426,10,6,6,1
63427,11,6,6,1
63428,10,6,6,1
63429,11,7,7,1
63430,11,6,6,1
63431,12,7,7,1
63432,10,6,6,1
63433,11,7,7,1
63434,11,6,6,1
63435,12,7,7,1
63436,11,6,6,1
63437,12,7,7,1
63438,12,6,6,1
63439,13,7,7,1
63440,10,6,6,1
63441,11,7,7,1
63442,11,7,7,1
63443,12,7,7,1
63444,11,7,7,1
63445,12,8,8,1
63446,12,7,7,1
63447,13,8,8,1
63448,11,6,6,1
63449,12,7,7,1
63450,12,7,7,1
63451,13,7,7,1
63452,12,7,7,1
63453,13,8,8,1
63454,13,7,7,1
63455,14,8,8,1
63456,10,5,5,1
63457,11,6,6,1
63458,11,6,6,1
63459,12,6,6,1
63460,11,6,6,1
63461,12,7,7,1
63462,12,6,6,1
63463,13,7,7,1
63464,11,6,6,1
63465,12,7,7,1
63466,12,6,6,1
63467,13,7,7,1
63468,12,6,6,1
63469,13,7,7,1
63470,13,6,6,1
63471,14,7,7,1
63472,11,6,6,1
63473,12,7,7,1
63474,12,7,7,1
63475,13,7,7,1
63476,12,7,7,1
63477,13,8,8,1
63478,13,7,7,1
63479,14,8,8,1
63480,12,6,6,1
63481,13,7,7,1
63482,13,7,7,1
63483,14,7,7,1
63484,13,7,7,1
63485,14,8,8,1
63486,14,7,7,1
63487,15,8,8,1
63488,5,2,2,1
63489,6,3,3,1
63490,6,3,3,1
63491,7,3,3,1
63492,6,3,3,1
63493,7,4,4,1
63494,7,3,3,1
63495,8,4,4,1
63496,6,3,3,1
63497,7,4,4,1
63498,7,3,3,1
63499,8,4,4,1
63500,7,3,3,1
63501,8,4,4,1
63502,8,3,3,1
63503,9,4,4,1
63504,6,3,3,1
63505,7,4,4,1
63506,7,4,4,1
63507,8,4,4,1
63508,7,4,4,1
63509,8,5,5,1
63510,8,4,4,1
63511,9,5,5,1
63512,7,3,3,1
63513,8,4,4,1
63514,8,4,4,1
63515,9,4,4,1
63516,8,4,4,1
63517,9,5,5,1
63518,9,4,4,1
63519,10,5,5,1
63520,6,3,3,1
63521,7,4,4,1
63522,7,4,4,1
63523,8,4,4,1
63524,7,4,4,1
63525,8,5,5,1
63526,8,4,4,1
63527,9,5,5,1
63528,7,3,3,1
63529,8,4,4,1
63530,8,4,4,1
63531,9,4,4,1
63532,8,4,4,1
63533,9,5,5,1
63534,9,4,4,1
63535,10,5,5,1
63536,7,3,3,1
63537,8,4,4,1
63538,8,4,4,1
63539,9,4,4,1
63540,8,4,4,1
63541,9,5,5,1
63542,9,4,4,1
63543,10,5,5,1
63544,8,3,3,1
63545,9,4,4,1
63546,9,4,4,1
63547,10,4,4,1
63548,9,4,4,1
63549,10,5,5,1
63550,10,4,4,1
63551,11,5,5,1
63552,6,3,3,1
63553,7,4,4,1
63554,7,4,4,1
63555,8,4,4,1
63556,7,4,4,1
63557,8,5,5,1
63558,8,4,4,1
63559,9,5,5,1
63560,7,4,4,1
63561,8,5,5,1
63562,8,4,4,1
63563,9,5,5,1
63564,8,4,4,1
63565,9,5,5,1
63566,9,4,4,1
63567,10,5,5,1
63568,7,4,4,1
63569,8,5,5,1
63570,8,5,5,1
63571,9,5,5,1
63572,8,5,5,1
63573,9,6,6,1
63574,9,5,5,1
63575,10,6,6,1
63576,8,4,4,1
63577,9,5,5,1
63578,9,5,5,1
63579,10,5,5,1
63580,9,5,5,1
63581,10,6,6,1
63582,10,5,5,1
63583,11,6,6,1
63584,7,3,3,1
63585,8,4,4,1
63586,8,4,4,1
63587,9,4,4,1
63588,8,4,4,1
63589,9,5,5,1
63590,9,4,4,1
63591,10,5,5,1
63592,8,4,4,1
63593,9,5,5,1
63594,9,4,4,1
63595,10,5,5,1
63596,9,4,4,1
63597,10,5,5,1
63598,10,4,4,1
63599,11,5,5,1
63600,8,4,4,1
63601,9,5,5,1
63602,9,5,5,1
63603,10,5,5,1
63604,9,5,5,1
63605,10,6,6,1
63606,10,5,5,1
63607,11,6,6,1
63608,9,4,4,1
63609,10,5,5,1
63610,10,5,5,1
63611,11,5,5,1
63612,10,5,5,1
63613,11,6,6,1
63614,11,5,5,1
63615,12,6,6,1
63616,6,3,3,1
63617,7,4,4,1
63618,7,4,4,1
63619,8,4,4,1
63620,7,4,4,1
63621,8,5,5,1
63622,8,4,4,1
63623,9,5,5,1
63624,7,4,4,1
63625,8,5,5,1
63626,8,4,4,1
63627,9,5,5,1
63628,8,4,4,1
63629,9,5,5,1
63630,9,4,4,1
63631,10,5,5,1
63632,7,4,4,1
63633,8,5,5,1
63634,8,5,5,1
63635,9,5,5,1
63636,8,5,5,1
63637,9,6,6,1
63638,9,5,5,1
63639,10,6,6,1
63640,8,4,4,1
63641,9,5,5,1
63642,9,5,5,1
63643,10,5,5,1
63644,9,5,5,1
63645,10,6,6,1
63646,10,5,5,1
63647,11,6,6,1
63648,7,3,3,1
63649,8,4,4,1
63650,8,4,4,1
63651,9,4,4,1
63652,8,4,4,1
63653,9,5,5,1
63654,9,4,4,1
63655,10,5,5,1
63656,8,4,4,1
63657,9,5,5,1
63658,9,4,4,1
63659,10,5,5,1
63660,9,4,4,1
63661,10,5,5,1
63662,10,4,4,1
63663,11,5,5,1
63664,8,4,4,1
63665,9,5,5,1
63666,9,5,5,1
63667,10,5,5,1
63668,9,5,5,1
63669,10,6,6,1
63670,10,5,5,1
63671,11,6,6,1
63672,9,4,4,1
63673,10,5,5,1
63674,10,5,5,1
63675,11,5,5,1
63676,10,5,5,1
63677,11,6,6,1
63678,11,5,5,1
63679,12,6,6,1
63680,7,3,3,1
63681,8,4,4,1
63682,8,4,4,1
63683,9,4,4,1
63684,8,4,4,1
63685,9,5,5,1
63686,9,4,4,1
63687,10,5,5,1
63688,8,4,4,1
63689,9,5,5,1
63690,9,4,4,1
63691,10,5,5,1
63692,9,4,4,1
63693,10,5,5,1
63694,10,4,4,1
63695,11,5,5,1
63696,8,4,4,1
63697,9,5,5,1
63698,9,5,5,1
63699,10,5,5,1
63700,9,5,5,1
63701,10,6,6,1
63702,10,5,5,1
63703,11,6,6,1
63704,9,4,4,1
63705,10,5,5,1
63706,10,5,5,1
63707,11,5,5,1
63708,10,5,5,1
63709,11,6,6,1
63710,11,5,5,1
63711,12,6,6,1
63712,8,3,3,1
63713,9,4,4,1
63714,9,4,4,1
63715,10,4,4,1
63716,9,4,4,1
63717,10,5,5,1
63718,10,4,4,1
63719,11,5,5,1
63720,9,4,4,1
63721,10,5,5,1
63722,10,4,4,1
63723,11,5,5,1
63724,10,4,4,1
63725,11,5,5,1
63726,11,4,4,1
63727,12,5,5,1
63728,9,4,4,1
63729,10,5,5,1
63730,10,5,5,1
63731,11,5,5,1
63732,10,5,5,1
63733,11,6,6,1
63734,11,5,5,1
63735,12,6,6,1
63736,10,4,4,1
63737,11,5,5,1
63738,11,5,5,1
63739,12,5,5,1
63740,11,5,5,1
63741,12,6,6,1
63742,12,5,5,1
63743,13,6,6,1
63744,6,3,3,1
63745,7,4,4,1
63746,7,4,4,1
63747,8,4,4,1
63748,7,4,4,1
63749,8,5,5,1
63750,8,4,4,1
63751,9,5,5,1
63752,7,4,4,1
63753,8,5,5,1
63754,8,4,4,1
63755,9,5,5,1
63756,8,4,4,1
63757,9,5,5,1
63758,9,4,4,1
63759,10,5,5,1
63760,7,4,4,1
63761,8,5,5,1
63762,8,5,5,1
63763,9,5,5,1
63764,8,5,5,1
63765,9,6,6,1
63766,9,5,5,1
63767,10,6,6,1
63768,8,4,4,1
63769,9,5,5,1
63770,9,5,5,1
63771,10,5,5,1
63772,9,5,5,1
63773,10,6,6,1
63774,10,5,5,1
63775,11,6,6,1
63776,7,4,4,1
63777,8,5,5,1
63778,8,5,5,1
63779,9,5,5,1
63780,8,5,5,1
63781,9,6,6,1
63782,9,5,5,1
63783,10,6,6,1
63784,8,4,4,1
63785,9,5,5,1
63786,9,5,5,1
63787,10,5,5,1
63788,9,5,5,1
63789,10,6,6,1
63790,10,5,5,1
63791,11,6,6,1
63792,8,4,4,1
63793,9,5,5,1
63794,9,5,5,1
63795,10,5,5,1
63796,9,5,5,1
63797,10,6,6,1
63798,10,5,5,1
63799,11,6,6,1
63800,9,4,4,1
63801,10,5,5,1
63802,10,5,5,1
63803,11,5,5,1
63804,10,5,5,1
63805,11,6,6,1
63806,11,5,5,1
63807,12,6,6,1
63808,7,4,4,1
63809,8,5,5,1
63810,8,5,5,1
63811,9,5,5,1
63812,8,5,5,1
63813,9,6,6,1
63814,9,5,5,1
63815,10,6,6,1
63816,8,5,5,1
63817,9,6,6,1
63818,9,5,5,1
63819,10,6,6,1
63820,9,5,5,1
63821,10,6,6,1
63822,10,5,5,1
63823,11,6,6,1
63824,8,5,5,1
63825,9,6,6,1
63826,9,6,6,1
63827,10,6,6,1
63828,9,6,6,1
63829,10,7,7,1
63830,10,6,6,1
63831,11,7,7,1
63832,9,5,5,1
63833,10,6,6,1
63834,10,6,6,1
63835,11,6,6,1
63836,10,6,6,1
63837,11,7,7,1
63838,11,6,6,1
63839,12,7,7,1
63840,8,4,4,1
63841,9,5,5,1
63842,9,5,5,1
63843,10,5,5,1
63844,9,5,5,1
63845,10,6,6,1
63846,10,5,5,1
63847,11,6,6,1
63848,9,5,5,1
63849,10,6,6,1
63850,10,5,5,1
63851,11,6,6,1
63852,10,5,5,1
63853,11,6,6,1
63854,11,5,5,1
63855,12,6,6,1
63856,9,5,5,1
63857,10,6,6,1
63858,10,6,6,1
63859,11,6,6,1
63860,10,6,6,1
63861,11,7,7,1
63862,11,6,6,1
63863,12,7,7,1
63864,10,5,5,1
63865,11,6,6,1
63866,11,6,6,1
63867,12,6,6,1
63868,11,6,6,1
63869,12,7,7,1
63870,12,6,6,1
63871,13,7,7,1
63872,7,3,3,1
63873,8,4,4,1
63874,8,4,4,1
63875,9,4,4,1
63876,8,4,4,1
63877,9,5,5,1
63878,9,4,4,1
63879,10,5,5,1
63880,8,4,4,1
63881,9,5,5,1
63882,9,4,4,1
63883,10,5,5,1
63884,9,4,4,1
63885,10,5,5,1
63886,10,4,4,1
63887,11,5,5,1
63888,8,4,4,1
63889,9,5,5,1
63890,9,5,5,1
63891,10,5,5,1
63892,9,5,5,1
63893,10,6,6,1
63894,10,5,5,1
63895,11,6,6,1
63896,9,4,4,1
63897,10,5,5,1
63898,10,5,5,1
63899,11,5,5,1
63900,10,5,5,1
63901,11,6,6,1
63902,11,5,5,1
63903,12,6,6,1
63904,8,4,4,1
63905,9,5,5,1
63906,9,5,5,1
63907,10,5,5,1
63908,9,5,5,1
63909,10,6,6,1
63910,10,5,5,1
63911,11,6,6,1
63912,9,4,4,1
63913,10,5,5,1
63914,10,5,5,1
63915,11,5,5,1
63916,10,5,5,1
63917,11,6,6,1
63918,11,5,5,1
63919,12,6,6,1
63920,9,4,4,1
63921,10,5,5,1
63922,10,5,5,1
63923,11,5,5,1
63924,10,5,5,1
63925,11,6,6,1
63926,11,5,5,1
63927,12,6,6,1
63928,10,4,4,1
63929,11,5,5,1
63930,11,5,5,1
63931,12,5,5,1
63932,11,5,5,1
63933,12,6,6,1
63934,12,5,5,1
63935,13,6,6,1
63936,8,4,4,1
63937,9,5,5,1
63938,9,5,5,1
63939,10,5,5,1
63940,9,5,5,1
63941,10,6,6,1
63942,10,5,5,1
63943,11,6,6,1
63944,9,5,5,1
63945,10,6,6,1
63946,10,5,5,1
63947,11,6,6,1
63948,10,5,5,1
63949,11,6,6,1
63950,11,5,5,1
63951,12,6,6,1
63952,9,5,5,1
63953,10,6,6,1
63954,10,6,6,1
63955,11,6,6,1
63956,10,6,6,1
63957,11,7,7,1
63958,11,6,6,1
63959,12,7,7,1
63960,10,5,5,1
63961,11,6,6,1
63962,11,6,6,1
63963,12,6,6,1
63964,11,6,6,1
63965,12,7,7,1
63966,12,6,6,1
63967,13,7,7,1
63968,9,4,4,1
63969,10,5,5,1
63970,10,5,5,1
63971,11,5,5,1
63972,10,5,5,1
63973,11,6,6,1
63974,11,5,5,1
63975,12,6,6,1
63976,10,5,5,1
63977,11,6,6,1
63978,11,5,5,1
63979,12,6,6,1
63980,11,5,5,1
63981,12,6,6,1
63982,12,5,5,1
63983,13,6,6,1
63984,10,5,5,1
63985,11,6,6,1
63986,11,6,6,1
63987,12,6,6,1
63988,11,6,6,1
63989,12,7,7,1
63990,12,6,6,1
63991,13,7,7,1
63992,11,5,5,1
63993,12,6,6,1
63994,12,6,6,1
63995,13,6,6,1
63996,12,6,6,1
63997,13,7,7,1
63998,13,6,6,1
63999,14,7,7,1
64000,6,3,3,1
64001,7,4,4,1
64002,7,4,4,1
64003,8,4,4,1
64004,7,4,4,1
64005,8,5,5,1
64006,8,4,4,1
64007,9,5,5,1
64008,7,4,4,1
64009,8,5,5,1
64010,8,4,4,1
64011,9,5,5,1
64012,8,4,4,1
64013,9,5,5,1
64014,9,4,4,1
64015,10,5,5,1
64016,7,4,4,1
64017,8,5,5,1
64018,8,5,5,1
64019,9,5,5,1
64020,8,5,5,1
64021,9,6,6,1
64022,9,5,5,1
64023,10,6,6,1
64024,8,4,4,1
64025,9,5,5,1
64026,9,5,5,1
64027,10,5,5,1
64028,9,5,5,1
64029,10,6,6,1
64030,10,5,5,1
64031,11,6,6,1
64032,7,4,4,1
64033,8,5,5,1
64034,8,5,5,1
64035,9,5,5,1
64036,8,5,5,1
64037,9,6,6,1
64038,9,5,5,1
64039,10,6,6,1
64040,8,4,4,1
64041,9,5,5,1
64042,9,5,5,1
64043,10,5,5,1
64044,9,5,5,1
64045,10,6,6,1
64046,10,5,5,1
64047,11,6,6,1
64048,8,4,4,1
64049,9,5,5,1
64050,9,5,5,1
64051,10,5,5,1
64052,9,5,5,1
64053,10,6,6,1
64054,10,5,5,1
64055,11,6,6,1
64056,9,4,4,1
64057,10,5,5,1
64058,10,5,5,1
64059,11,5,5,1
64060,10,5,5,1
64061,11,6,6,1
64062,11,5,5,1
64063,12,6,6,1
64064,7,4,4,1
64065,8,5,5,1
64066,8,5,5,1
64067,9,5,5,1
64068,8,5,5,1
64069,9,6,6,1
64070,9,5,5,1
64071,10,6,6,1
64072,8,5,5,1
64073,9,6,6,1
64074,9,5,5,1
64075,10,6,6,1
64076,9,5,5,1
64077,10,6,6,1
64078,10,5,5,1
64079,11,6,6,1
64080,8,5,5,1
64081,9,6,6,1
64082,9,6,6,1
64083,10,6,6,1
64084,9,6,6,1
64085,10,7,7,1
64086,10,6,6,1
64087,11,7,7,1
64088,9,5,5,1
64089,10,6,6,1
64090,10,6,6,1
64091,11,6,6,1
64092,10,6,6,1
64093,11,7,7,1
64094,11,6,6,1
64095,12,7,7,1
64096,8,4,4,1
64097,9,5,5,1
64098,9,5,5,1
64099,10,5,5,1
64100,9,5,5,1
64101,10,6,6,1
64102,10,5,5,1
64103,11,6,6,1
64104,9,5,5,1
64105,10,6,6,1
64106,10,5,5,1
64107,11,6,6,1
64108,10,5,5,1
64109,11,6,6,1
64110,11,5,5,1
64111,12,6,6,1
64112,9,5,5,1
64113,10,6,6,1
64114,10,6,6,1
64115,11,6,6,1
64116,10,6,6,1
64117,11,7,7,1
64118,11,6,6,1
64119,12,7,7,1
64120,10,5,5,1
64121,11,6,6,1
64122,11,6,6,1
64123,12,6,6,1
64124,11,6,6,1
64125,12,7,7,1
64126,12,6,6,1
64127,13,7,7,1
64128,7,3,3,1
64129,8,4,4,1
64130,8,4,4,1
64131,9,4,4,1
64132,8,4,4,1
64133,9,5,5,1
64134,9,4,4,1
64135,10,5,5,1
64136,8,4,4,1
64137,9,5,5,1
64138,9,4,4,1
64139,10,5,5,1
64140,9,4,4,1
64141,10,5,5,1
64142,10,4,4,1
64143,11,5,5,1
64144,8,4,4,1
64145,9,5,5,1
64146,9,5,5,1
64147,10,5,5,1
64148,9,5,5,1
64149,10,6,6,1
64150,10,5,5,1
64151,11,6,6,1
64152,9,4,4,1
64153,10,5,5,1
64154,10,5,5,1
64155,11,5,5,1
64156,10,5,5,1
64157,11,6,6,1
64158,11,5,5,1
64159,12,6,6,1
64160,8,4,4,1
64161,9,5,5,1
64162,9,5,5,1
64163,10,5,5,1
64164,9,5,5,1
64165,10,6,6,1
64166,10,5,5,1
64167,11,6,6,1
64168,9,4,4,1
64169,10,5,5,1
64170,10,5,5,1
64171,11,5,5,1
64172,10,5,5,1
64173,11,6,6,1
64174,11,5,5,1
64175,12,6,6,1
64176,9,4,4,1
64177,10,5,5,1
64178,10,5,5,1
64179,11,5,5,1
64180,10,5,5,1
64181,11,6,6,1
64182,11,5,5,1
64183,12,6,6,1
64184,10,4,4,1
64185,11,5,5,1
64186,11,5,5,1
64187,12,5,5,1
64188,11,5,5,1
64189,12,6,6,1
64190,12,5,5,1
64191,13,6,6,1
64192,8,4,4,1
64193,9,5,5,1
64194,9,5,5,1
64195,10,5,5,1
64196,9,5,5,1
64197,10,6,6,1
64198,10,5,5,1
64199,11,6,6,1
64200,9,5,5,1
64201,10,6,6,1
64202,10,5,5,1
64203,11,6,6,1
64204,10,5,5,1
64205,11,6,6,1
64206,11,5,5,1
64207,12,6,6,1
64208,9,5,5,1
64209,10,6,6,1
64210,10,6,6,1
64211,11,6,6,1
64212,10,6,6,1
64213,11,7,7,1
64214,11,6,6,1
64215,12,7,7,1
64216,10,5,5,1
64217,11,6,6,1
64218,11,6,6,1
64219,12,6,6,1
64220,11,6,6,1
64221,12,7,7,1
64222,12,6,6,1
64223,13,7,7,1
64224,9,4,4,1
64225,10,5,5,1
64226,10,5,5,1
64227,11,5,5,1
64228,10,5,5,1
64229,11,6,6,1
64230,11,5,5,1
64231,12,6,6,1
64232,10,5,5,1
64233,11,6,6,1
64234,11,5,5,1
64235,12,6,6,1
64236,11,5,5,1
64237,12,6,6,1
64238,12,5,5,1
64239,13,6,6,1
64240,10,5,5,1
64241,11,6,6,1
64242,11,6,6,1
64243,12,6,6,1
64244,11,6,6,1
64245,12,7,7,1
64246,12,6,6,1
64247,13,7,7,1
64248,11,5,5,1
64249,12,6,6,1
64250,12,6,6,1
64251,13,6,6,1
64252,12,6,6,1
64253,13,7,7,1
64254,13,6,6,1
64255,14,7,7,1
64256,7,3,3,1
64257,8,4,4,1
64258,8,4,4,1
64259,9,4,4,1
64260,8,4,4,1
64261,9,5,5,1
64262,9,4,4,1
64263,10,5,5,1
64264,8,4,4,1
64265,9,5,5,1
64266,9,4,4,1
64267,10,5,5,1
64268,9,4,4,1
64269,10,5,5,1
64270,10,4,4,1
64271,11,5,5,1
64272,8,4,4,1
64273,9,5,5,1
64274,9,5,5,1
64275,10,5,5,1
64276,9,5,5,1
64277,10,6,6,1
64278,10,5,5,1
64279,11,6,6,1
64280,9,4,4,1
64281,10,5,5,1
64282,10,5,5,1
64283,11,5,5,1
64284,10,5,5,1
64285,11,6,6,1
64286,11,5,5,1
64287,12,6,6,1
64288,8,4,4,1
64289,9,5,5,1
64290,9,5,5,1
64291,10,5,5,1
64292,9,5,5,1
64293,10,6,6,1
64294,10,5,5,1
64295,11,6,6,1
64296,9,4,4,1
64297,10,5,5,1
64298,10,5,5,1
64299,11,5,5,1
64300,10,5,5,1
64301,11,6,6,1
64302,11,5,5,1
64303,12,6,6,1
64304,9,4,4,1
64305,10,5,5,1
64306,10,5,5,1
64307,11,5,5,1
64308,10,5,5,1
64309,11,6,6,1
64310,11,5,5,1
64311,12,6,6,1
64312,10,4,4,1
64313,11,5,5,1
64314,11,5,5,1
64315,12,5,5,1
64316,11,5,5,1
64317,12,6,6,1
64318,12,5,5,1
64319,13,6,6,1
64320,8,4,4,1
64321,9,5,5,1
64322,9,5,5,1
64323,10,5,5,1
64324,9,5,5,1
64325,10,6,6,1
64326,10,5,5,1
64327,11,6,6,1
64328,9,5,5,1
64329,10,6,6,1
64330,10,5,5,1
64331,11,6,6,1
64332,10,5,5,1
64333,11,6,6,1
64334,11,5,5,1
64335,12,6,6,1
64336,9,5,5,1
64337,10,6,6,1
64338,10,6,6,1
64339,11,6,6,1
64340,10,6,6,1
64341,11,7,7,1
64342,11,6,6,1
64343,12,7,7,1
64344,10,5,5,1
64345,11,6,6,1
64346,11,6,6,1
64347,12,6,6,1
64348,11,6,6,1
64349,12,7,7,1
64350,12,6,6,1
64351,13,7,7,1
64352,9,4,4,1
64353,10,5,5,1
64354,10,5,5,1
64355,11,5,5,1
64356,10,5,5,1
64357,11,6,6,1
64358,11,5,5,1
64359,12,6,6,1
64360,10,5,5,1
64361,11,6,6,1
64362,11,5,5,1
64363,12,6,6,1
64364,11,5,5,1
64365,12,6,6,1
64366,12,5,5,1
64367,13,6,6,1
64368,10,5,5,1
64369,11,6,6,1
64370,11,6,6,1
64371,12,6,6,1
64372,11,6,6,1
64373,12,7,7,1
64374,12,6,6,1
64375,13,7,7,1
64376,11,5,5,1
64377,12,6,6,1
64378,12,6,6,1
64379,13,6,6,1
64380,12,6,6,1
64381,13,7,7,1
64382,13,6,6,1
64383,14,7,7,1
64384,8,3,3,1
64385,9,4,4,1
64386,9,4,4,1
64387,10,4,4,1
64388,9,4,4,1
64389,10,5,5,1
64390,10,4,4,1
64391,11,5,5,1
64392,9,4,4,1
64393,10,5,5,1
64394,10,4,4,1
64395,11,5,5,1
64396,10,4,4,1
64397,11,5,5,1
64398,11,4,4,1
64399,12,5,5,1
64400,9,4,4,1
64401,10,5,5,1
64402,10,5,5,1
64403,11,5,5,1
64404,10,5,5,1
64405,11,6,6,1
64406,11,5,5,1
64407,12,6,6,1
64408,10,4,4,1
64409,11,5,5,1
64410,11,5,5,1
64411,12,5,5,1
64412,11,5,5,1
64413,12,6,6,1
64414,12,5,5,1
64415,13,6,6,1
64416,9,4,4,1
64417,10,5,5,1
64418,10,5,5,1
64419,11,5,5,1
64420,10,5,5,1
64421,11,6,6,1
64422,11,5,5,1
64423,12,6,6,1
64424,10,4,4,1
64425,11,5,5,1
64426,11,5,5,1
64427,12,5,5,1
64428,11,5,5,1
64429,12,6,6,1
64430,12,5,5,1
64431,13,6,6,1
64432,10,4,4,1
64433,11,5,5,1
64434,11,5,5,1
64435,12,5,5,1
64436,11,5,5,1
64437,12,6,6,1
64438,12,5,5,1
64439,13,6,6,1
64440,11,4,4,1
64441,12,5,5,1
64442,12,5,5,1
64443,13,5,5,1
64444,12,5,5,1
64445,13,6,6,1
64446,13,5,5,1
64447,14,6,6,1
64448,9,4,4,1
64449,10,5,5,1
64450,10,5,5,1
64451,11,5,5,1
64452,10,5,5,1
64453,11,6,6,1
64454,11,5,5,1
64455,12,6,6,1
64456,10,5,5,1
64457,11,6,6,1
64458,11,5,5,1
64459,12,6,6,1
64460,11,5,5,1
64461,12,6,6,1
64462,12,5,5,1
64463,13,6,6,1
64464,10,5,5,1
64465,11,6,6,1
64466,11,6,6,1
64467,12,6,6,1
64468,11,6,6,1
64469,12,7,7,1
64470,12,6,6,1
64471,13,7,7,1
64472,11,5,5,1
64473,12,6,6,1
64474,12,6,6,1
64475,13,6,6,1
64476,12,6,6,1
64477,13,7,7,1
64478,13,6,6,1
64479,14,7,7,1
64480,10,4,4,1
64481,11,5,5,1
64482,11,5,5,1
64483,12,5,5,1
64484,11,5,5,1
64485,12,6,6,1
64486,12,5,5,1
64487,13,6,6,1
64488,11,5,5,1
64489,12,6,6,1
64490,12,5,5,1
64491,13,6,6,1
64492,12,5,5,1
64493,13,6,6,1
64494,13,5,5,1
64495,14,6,6,1
64496,11,5,5,1
64497,12,6,6,1
64498,12,6,6,1
64499,13,6,6,1
64500,12,6,6,1
64501,13,7,7,1
64502,13,6,6,1
64503,14,7,7,1
64504,12,5,5,1
64505,13,6,6,1
64506,13,6,6,1
64507,14,6,6,1
64508,13,6,6,1
64509,14,7,7,1
64510,14,6,6,1
64511,15,7,7,1
64512,6,3,3,1
64513,7,4,4,1
64514,7,4,4,1
64515,8,4,4,1
64516,7,4,4,1
64517,8,5,5,1
64518,8,4,4,1
64519,9,5,5,1
64520,7,4,4,1
64521,8,5,5,1
64522,8,4,4,1
64523,9,5,5,1
64524,8,4,4,1
64525,9,5,5,1
64526,9,4,4,1
64527,10,5,5,1
64528,7,4,4,1
64529,8,5,5,1
64530,8,5,5,1
64531,9,5,5,1
64532,8,5,5,1
64533,9,6,6,1
64534,9,5,5,1
64535,10,6,6,1
64536,8,4,4,1
64537,9,5,5,1
64538,9,5,5,1
64539,10,5,5,1
64540,9,5,5,1
64541,10,6,6,1
64542,10,5,5,1
64543,11,6,6,1
64544,7,4,4,1
64545,8,5,5,1
64546,8,5,5,1
64547,9,5,5,1
64548,8,5,5,1
64549,9,6,6,1
64550,9,5,5,1
64551,10,6,6,1
64552,8,4,4,1
64553,9,5,5,1
64554,9,5,5,1
64555,10,5,5,1
64556,9,5,5,1
64557,10,6,6,1
64558,10,5,5,1
64559,11,6,6,1
64560,8,4,4,1
64561,9,5,5,1
64562,9,5,5,1
64563,10,5,5,1
64564,9,5,5,1
64565,10,6,6,1
64566,10,5,5,1
64567,11,6,6,1
64568,9,4,4,1
64569,10,5,5,1
64570,10,5,5,1
64571,11,5,5,1
64572,10,5,5,1
64573,11,6,6,1
64574,11,5,5,1
64575,12,6,6,1
64576,7,4,4,1
64577,8,5,5,1
64578,8,5,5,1
64579,9,5,5,1
64580,8,5,5,1
64581,9,6,6,1
64582,9,5,5,1
64583,10,6,6,1
64584,8,5,5,1
64585,9,6,6,1
64586,9,5,5,1
64587,10,6,6,1
64588,9,5,5,1
64589,10,6,6,1
64590,10,5,5,1
64591,11,6,6,1
64592,8,5,5,1
64593,9,6,6,1
64594,9,6,6,1
64595,10,6,6,1
64596,9,6,6,1
64597,10,7,7,1
64598,10,6,6,1
64599,11,7,7,1
64600,9,5,5,1
64601,10,6,6,1
64602,10,6,6,1
64603,11,6,6,1
64604,10,6,6,1
64605,11,7,7,1
64606,11,6,6,1
64607,12,7,7,1
64608,8,4,4,1
64609,9,5,5,1
64610,9,5,5,1
64611,10,5,5,1
64612,9,5,5,1
64613,10,6,6,1
64614,10,5,5,1
64615,11,6,6,1
64616,9,5,5,1
64617,10,6,6,1
64618,10,5,5,1
64619,11,6,6,1
64620,10,5,5,1
64621,11,6,6,1
64622,11,5,5,1
64623,12,6,6,1
64624,9,5,5,1
64625,10,6,6,1
64626,10,6,6,1
64627,11,6,6,1
64628,10,6,6,1
64629,11,7,7,1
64630,11,6,6,1
64631,12,7,7,1
64632,10,5,5,1
64633,11,6,6,1
64634,11,6,6,1
64635,12,6,6,1
64636,11,6,6,1
64637,12,7,7,1
64638,12,6,6,1
64639,13,7,7,1
64640,7,4,4,1
64641,8,5,5,1
64642,8,5,5,1
64643,9,5,5,1
64644,8,5,5,1
64645,9,6,6,1
64646,9,5,5,1
64647,10,6,6,1
64648,8,5,5,1
64649,9,6,6,1
64650,9,5,5,1
64651,10,6,6,1
64652,9,5,5,1
64653,10,6,6,1
64654,10,5,5,1
64655,11,6,6,1
64656,8,5,5,1
64657,9,6,6,1
64658,9,6,6,1
64659,10,6,6,1
64660,9,6,6,1
64661,10,7,7,1
64662,10,6,6,1
64663,11,7,7,1
64664,9,5,5,1
64665,10,6,6,1
64666,10,6,6,1
64667,11,6,6,1
64668,10,6,6,1
64669,11,7,7,1
64670,11,6,6,1
64671,12,7,7,1
64672,8,4,4,1
64673,9,5,5,1
64674,9,5,5,1
64675,10,5,5,1
64676,9,5,5,1
64677,10,6,6,1
64678,10,5,5,1
64679,11,6,6,1
64680,9,5,5,1
64681,10,6,6,1
64682,10,5,5,1
64683,11,6,6,1
64684,10,5,5,1
64685,11,6,6,1
64686,11,5,5,1
64687,12,6,6,1
64688,9,5,5,1
64689,10,6,6,1
64690,10,6,6,1
64691,11,6,6,1
64692,10,6,6,1
64693,11,7,7,1
64694,11,6,6,1
64695,12,7,7,1
64696,10,5,5,1
64697,11,6,6,1
64698,11,6,6,1
64699,12,6,6,1
64700,11,6,6,1
64701,12,7,7,1
64702,12,6,6,1
64703,13,7,7,1
64704,8,4,4,1
64705,9,5,5,1
64706,9,5,5,1
64707,10,5,5,1
64708,9,5,5,1
64709,10,6,6,1
64710,10,5,5,1
64711,11,6,6,1
64712,9,5,5,1
64713,10,6,6,1
64714,10,5,5,1
64715,11,6,6,1
64716,10,5,5,1
64717,11,6,6,1
64718,11,5,5,1
64719,12,6,6,1
64720,9,5,5,1
64721,10,6,6,1
64722,10,6,6,1
64723,11,6,6,1
64724,10,6,6,1
64725,11,7,7,1
64726,11,6,6,1
64727,12,7,7,1
64728,10,5,5,1
64729,11,6,6,1
64730,11,6,6,1
64731,12,6,6,1
64732,11,6,6,1
64733,12,7,7,1
64734,12,6,6,1
64735,13,7,7,1
64736,9,4,4,1
64737,10,5,5,1
64738,10,5,5,1
64739,11,5,5,1
64740,10,5,5,1
64741,11,6,6,1
64742,11,5,5,1
64743,12,6,6,1
64744,10,5,5,1
64745,11,6,6,1
64746,11,5,5,1
64747,12,6,6,1
64748,11,5,5,1
64749,12,6,6,1
64750,12,5,5,1
64751,13,6,6,1
64752,10,5,5,1
64753,11,6,6,1
64754,11,6,6,1
64755,12,6,6,1
64756,11,6,6,1
64757,12,7,7,1
64758,12,6,6,1
64759,13,7,7,1
64760,11,5,5,1
64761,12,6,6,1
64762,12,6,6,1
64763,13,6,6,1
64764,12,6,6,1
64765,13,7,7,1
64766,13,6,6,1
64767,14,7,7,1
64768,7,4,4,1
64769,8,5,5,1
64770,8,5,5,1
64771,9,5,5,1
64772,8,5,5,1
64773,9,6,6,1
64774,9,5,5,1
64775,10,6,6,1
64776,8,5,5,1
64777,9,6,6,1
64778,9,5,5,1
64779,10,6,6,1
64780,9,5,5,1
64781,10,6,6,1
64782,10,5,5,1
64783,11,6,6,1
64784,8,5,5,1
64785,9,6,6,1
64786,9,6,6,1
64787,10,6,6,1
64788,9,6,6,1
64789,10,7,7,1
64790,10,6,6,1
64791,11,7,7,1
64792,9,5,5,1
64793,10,6,6,1
64794,10,6,6,1
64795,11,6,6,1
64796,10,6,6,1
64797,11,7,7,1
64798,11,6,6,1
64799,12,7,7,1
64800,8,5,5,1
64801,9,6,6,1
64802,9,6,6,1
64803,10,6,6,1
64804,9,6,6,1
64805,10,7,7,1
64806,10,6,6,1
64807,11,7,7,1
64808,9,5,5,1
64809,10,6,6,1
64810,10,6,6,1
64811,11,6,6,1
64812,10,6,6,1
64813,11,7,7,1
64814,11,6,6,1
64815,12,7,7,1
64816,9,5,5,1
64817,10,6,6,1
64818,10,6,6,1
64819,11,6,6,1
64820,10,6,6,1
64821,11,7,7,1
64822,11,6,6,1
64823,12,7,7,1
64824,10,5,5,1
64825,11,6,6,1
64826,11,6,6,1
64827,12,6,6,1
64828,11,6,6,1
64829,12,7,7,1
64830,12,6,6,1
64831,13,7,7,1
64832,8,5,5,1
64833,9,6,6,1
64834,9,6,6,1
64835,10,6,6,1
64836,9,6,6,1
64837,10,7,7,1
64838,10,6,6,1
64839,11,7,7,1
64840,9,6,6,1
64841,10,7,7,1
64842,10,6,6,1
64843,11,7,7,1
64844,10,6,6,1
64845,11,7,7,1
64846,11,6,6,1
64847,12,7,7,1
64848,9,6,6,1
64849,10,7,7,1
64850,10,7,7,1
64851,11,7,7,1
64852,10,7,7,1
64853,11,8,8,1
64854,11,7,7,1
64855,12,8,8,1
64856,10,6,6,1
64857,11,7,7,1
64858,11,7,7,1
64859,12,7,7,1
64860,11,7,7,1
64861,12,8,8,1
64862,12,7,7,1
64863,13,8,8,1
64864,9,5,5,1
64865,10,6,6,1
64866,10,6,6,1
64867,11,6,6,1
64868,10,6,6,1
64869,11,7,7,1
64870,11,6,6,1
64871,12,7,7,1
64872,10,6,6,1
64873,11,7,7,1
64874,11,6,6,1
64875,12,7,7,1
64876,11,6,6,1
64877,12,7,7,1
64878,12,6,6,1
64879,13,7,7,1
64880,10,6,6,1
64881,11,7,7,1
64882,11,7,7,1
64883,12,7,7,1
64884,11,7,7,1
64885,12,8,8,1
64886,12,7,7,1
64887,13,8,8,1
64888,11,6,6,1
64889,12,7,7,1
64890,12,7,7,1
64891,13,7,7,1
64892,12,7,7,1
64893,13,8,8,1
64894,13,7,7,1
64895,14,8,8,1
64896,8,4,4,1
64897,9,5,5,1
64898,9,5,5,1
64899,10,5,5,1
64900,9,5,5,1
64901,10,6,6,1
64902,10,5,5,1
64903,11,6,6,1
64904,9,5,5,1
64905,10,6,6,1
64906,10,5,5,1
64907,11,6,6,1
64908,10,5,5,1
64909,11,6,6,1
64910,11,5,5,1
64911,12,6,6,1
64912,9,5,5,1
64913,10,6,6,1
64914,10,6,6,1
64915,11,6,6,1
64916,10,6,6,1
64917,11,7,7,1
64918,11,6,6,1
64919,12,7,7,1
64920,10,5,5,1
64921,11,6,6,1
64922,11,6,6,1
64923,12,6,6,1
64924,11,6,6,1
64925,12,7,7,1
64926,12,6,6,1
64927,13,7,7,1
64928,9,5,5,1
64929,10,6,6,1
64930,10,6,6,1
64931,11,6,6,1
64932,10,6,6,1
64933,11,7,7,1
64934,11,6,6,1
64935,12,7,7,1
64936,10,5,5,1
64937,11,6,6,1
64938,11,6,6,1
64939,12,6,6,1
64940,11,6,6,1
64941,12,7,7,1
64942,12,6,6,1
64943,13,7,7,1
64944,10,5,5,1
64945,11,6,6,1
64946,11,6,6,1
64947,12,6,6,1
64948,11,6,6,1
64949,12,7,7,1
64950,12,6,6,1
64951,13,7,7,1
64952,11,5,5,1
64953,12,6,6,1
64954,12,6,6,1
64955,13,6,6,1
64956,12,6,6,1
64957,13,7,7,1
64958,13,6,6,1
64959,14,7,7,1
64960,9,5,5,1
64961,10,6,6,1
64962,10,6,6,1
64963,11,6,6,1
64964,10,6,6,1
64965,11,7,7,1
64966,11,6,6,1
64967,12,7,7,1
64968,10,6,6,1
64969,11,7,7,1
64970,11,6,6,1
64971,12,7,7,1
64972,11,6,6,1
64973,12,7,7,1
64974,12,6,6,1
64975,13,7,7,1
64976,10,6,6,1
64977,11,7,7,1
64978,11,7,7,1
64979,12,7,7,1
64980,11,7,7,1
64981,12,8,8,1
64982,12,7,7,1
64983,13,8,8,1
64984,11,6,6,1
64985,12,7,7,1
64986,12,7,7,1
64987,13,7,7,1
64988,12,7,7,1
64989,13,8,8,1
64990,13,7,7,1
64991,14,8,8,1
64992,10,5,5,1
64993,11,6,6,1
64994,11,6,6,1
64995,12,6,6,1
64996,11,6,6,1
64997,12,7,7,1
64998,12,6,6,1
64999,13,7,7,1
65000,11,6,6,1
65001,12,7,7,1
65002,12,6,6,1
65003,13,7,7,1
65004,12,6,6,1
65005,13,7,7,1
65006,13,6,6,1
65007,14,7,7,1
65008,11,6,6,1
65009,12,7,7,1
65010,12,7,7,1
65011,13,7,7,1
65012,12,7,7,1
65013,13,8,8,1
65014,13,7,7,1
65015,14,8,8,1
65016,12,6,6,1
65017,13,7,7,1
65018,13,7,7,1
65019,14,7,7,1
65020,13,7,7,1
65021,14,8,8,1
65022,14,7,7,1
65023,15,8,8,1
65024,7,3,3,1
65025,8,4,4,1
65026,8,4,4,1
65027,9,4,4,1
65028,8,4,4,1
65029,9,5,5,1
65030,9,4,4,1
65031,10,5,5,1
65032,8,4,4,1
65033,9,5,5,1
65034,9,4,4,1
65035,10,5,5,1
65036,9,4,4,1
65037,10,5,5,1
65038,10,4,4,1
65039,11,5,5,1
65040,8,4,4,1
65041,9,5,5,1
65042,9,5,5,1
65043,10,5,5,1
65044,9,5,5,1
65045,10,6,6,1
65046,10,5,5,1
65047,11,6,6,1
65048,9,4,4,1
65049,10,5,5,1
65050,10,5,5,1
65051,11,5,5,1
65052,10,5,5,1
65053,11,6,6,1
65054,11,5,5,1
65055,12,6,6,1
65056,8,4,4,1
65057,9,5,5,1
65058,9,5,5,1
65059,10,5,5,1
65060,9,5,5,1
65061,10,6,6,1
65062,10,5,5,1
65063,11,6,6,1
65064,9,4,4,1
65065,10,5,5,1
65066,10,5,5,1
65067,11,5,5,1
65068,10,5,5,1
65069,11,6,6,1
65070,11,5,5,1
65071,12,6,6,1
65072,9,4,4,1
65073,10,5,5,1
65074,10,5,5,1
65075,11,5,5,1
65076,10,5,5,1
65077,11,6,6,1
65078,11,5,5,1
65079,12,6,6,1
65080,10,4,4,1
65081,11,5,5,1
65082,11,5,5,1
65083,12,5,5,1
65084,11,5,5,1
65085,12,6,6,1
65086,12,5,5,1
65087,13,6,6,1
65088,8,4,4,1
65089,9,5,5,1
65090,9,5,5,1
65091,10,5,5,1
65092,9,5,5,1
65093,10,6,6,1
65094,10,5,5,1
65095,11,6,6,1
65096,9,5,5,1
65097,10,6,6,1
65098,10,5,5,1
65099,11,6,6,1
65100,10,5,5,1
65101,11,6,6,1
65102,11,5,5,1
65103,12,6,6,1
65104,9,5,5,1
65105,10,6,6,1
65106,10,6,6,1
65107,11,6,6,1
65108,10,6,6,1
65109,11,7,7,1
65110,11,6,6,1
65111,12,7,7,1
65112,10,5,5,1
65113,11,6,6,1
65114,11,6,6,1
65115,12,6,6,1
65116,11,6,6,1
65117,12,7,7,1
65118,12,6,6,1
65119,13,7,7,1
65120,9,4,4,1
65121,10,5,5,1
65122,10,5,5,1
65123,11,5,5,1
65124,10,5,5,1
65125,11,6,6,1
65126,11,5,5,1
65127,12,6,6,1
65128,10,5,5,1
65129,11,6,6,1
65130,11,5,5,1
65131,12,6,6,1
65132,11,5,5,1
65133,12,6,6,1
65134,12,5,5,1
65135,13,6,6,1
65136,10,5,5,1
65137,11,6,6,1
65138,11,6,6,1
65139,12,6,6,1
65140,11,6,6,1
65141,12,7,7,1
65142,12,6,6,1
65143,13,7,7,1
65144,11,5,5,1
65145,12,6,6,1
65146,12,6,6,1
65147,13,6,6,1
65148,12,6,6,1
65149,13,7,7,1
65150,13,6,6,1
65151,14,7,7,1
65152,8,4,4,1
65153,9,5,5,1
65154,9,5,5,1
65155,10,5,5,1
65156,9,5,5,1
65157,10,6,6,1
65158,10,5,5,1
65159,11,6,6,1
65160,9,5,5,1
65161,10,6,6,1
65162,10,5,5,1
65163,11,6,6,1
65164,10,5,5,1
65165,11,6,6,1
65166,11,5,5,1
65167,12,6,6,1
65168,9,5,5,1
65169,10,6,6,1
65170,10,6,6,1
65171,11,6,6,1
65172,10,6,6,1
65173,11,7,7,1
65174,11,6,6,1
65175,12,7,7,1
65176,10,5,5,1
65177,11,6,6,1
65178,11,6,6,1
65179,12,6,6,1
65180,11,6,6,1
65181,12,7,7,1
65182,12,6,6,1
65183,13,7,7,1
65184,9,4,4,1
65185,10,5,5,1
65186,10,5,5,1
65187,11,5,5,1
65188,10,5,5,1
65189,11,6,6,1
65190,11,5,5,1
65191,12,6,6,1
65192,10,5,5,1
65193,11,6,6,1
65194,11,5,5,1
65195,12,6,6,1
65196,11,5,5,1
65197,12,6,6,1
65198,12,5,5,1
65199,13,6,6,1
65200,10,5,5,1
65201,11,6,6,1
65202,11,6,6,1
65203,12,6,6,1
65204,11,6,6,1
65205,12,7,7,1
65206,12,6,6,1
65207,13,7,7,1
65208,11,5,5,1
65209,12,6,6,1
65210,12,6,6,1
65211,13,6,6,1
65212,12,6,6,1
65213,13,7,7,1
65214,13,6,6,1
65215,14,7,7,1
65216,9,4,4,1
65217,10,5,5,1
65218,10,5,5,1
65219,11,5,5,1
65220,10,5,5,1
65221,11,6,6,1
65222,11,5,5,1
65223,12,6,6,1
65224,10,5,5,1
65225,11,6,6,1
65226,11,5,5,1
65227,12,6,6,1
65228,11,5,5,1
65229,12,6,6,1
65230,12,5,5,1
65231,13,6,6,1
65232,10,5,5,1
65233,11,6,6,1
65234,11,6,6,1
65235,12,6,6,1
65236,11,6,6,1
65237,12,7,7,1
65238,12,6,6,1
65239,13,7,7,1
65240,11,5,5,1
65241,12,6,6,1
65242,12,6,6,1
65243,13,6,6,1
65244,12,6,6,1
65245,13,7,7,1
65246,13,6,6,1
65247,14,7,7,1
65248,10,4,4,1
65249,11,5,5,1
65250,11,5,5,1
65251,12,5,5,1
65252,11,5,5,1
65253,12,6,6,1
65254,12,5,5,1
65255,13,6,6,1
65256,11,5,5,1
65257,12,6,6,1
65258,12,5,5,1
65259,13,6,6,1
65260,12,5,5,1
65261,13,6,6,1
65262,13,5,5,1
65263,14,6,6,1
65264,11,5,5,1
65265,12,6,6,1
65266,12,6,6,1
65267,13,6,6,1
65268,12,6,6,1
65269,13,7,7,1
65270,13,6,6,1
65271,14,7,7,1
65272,12,5,5,1
65273,13,6,6,1
65274,13,6,6,1
65275,14,6,6,1
65276,13,6,6,1
65277,14,7,7,1
65278,14,6,6,1
65279,15,7,7,1
65280,8,4,4,1
65281,9,5,5,1
65282,9,5,5,1
65283,10,5,5,1
65284,9,5,5,1
65285,10,6,6,1
65286,10,5,5,1
65287,11,6,6,1
65288,9,5,5,1
65289,10,6,6,1
65290,10,5,5,1
65291,11,6,6,1
65292,10,5,5,1
65293,11,6,6,1
65294,11,5,5,1
65295,12,6,6,1
65296,9,5,5,1
65297,10,6,6,1
65298,10,6,6,1
65299,11,6,6,1
65300,10,6,6,1
65301,11,7,7,1
65302,11,6,6,1
65303,12,7,7,1
65304,10,5,5,1
65305,11,6,6,1
65306,11,6,6,1
65307,12,6,6,1
65308,11,6,6,1
65309,12,7,7,1
65310,12,6,6,1
65311,13,7,7,1
65312,9,5,5,1
65313,10,6,6,1
65314,10,6,6,1
65315,11,6,6,1
65316,10,6,6,1
65317,11,7,7,1
65318,11,6,6,1
65319,12,7,7,1
65320,10,5,5,1
65321,11,6,6,1
65322,11,6,6,1
65323,12,6,6,1
65324,11,6,6,1
65325,12,7,7,1
65326,12,6,6,1
65327,13,7,7,1
65328,10,5,5,1
65329,11,6,6,1
65330,11,6,6,1
65331,12,6,6,1
65332,11,6,6,1
65333,12,7,7,1
65334,12,6,6,1
65335,13,7,7,1
65336,11,5,5,1
65337,12,6,6,1
65338,12,6,6,1
65339,13,6,6,1
65340,12,6,6,1
65341,13,7,7,1
65342,13,6,6,1
65343,14,7,7,1
65344,9,5,5,1
65345,10,6,6,1
65346,10,6,6,1
65347,11,6,6,1
65348,10,6,6,1
65349,11,7,7,1
65350,11,6,6,1
65351,12,7,7,1
65352,10,6,6,1
65353,11,7,7,1
65354,11,6,6,1
65355,12,7,7,1
65356,11,6,6,1
65357,12,7,7,1
65358,12,6,6,1
65359,13,7,7,1
65360,10,6,6,1
65361,11,7,7,1
65362,11,7,7,1
65363,12,7,7,1
65364,11,7,7,1
65365,12,8,8,1
65366,12,7,7,1
65367,13,8,8,1
65368,11,6,6,1
65369,12,7,7,1
65370,12,7,7,1
65371,13,7,7,1
65372,12,7,7,1
65373,13,8,8,1
65374,13,7,7,1
65375,14,8,8,1
65376,10,5,5,1
65377,11,6,6,1
65378,11,6,6,1
65379,12,6,6,1
65380,11,6,6,1
65381,12,7,7,1
65382,12,6,6,1
65383,13,7,7,1
65384,11,6,6,1
65385,12,7,7,1
65386,12,6,6,1
65387,13,7,7,1
65388,12,6,6,1
65389,13,7,7,1
65390,13,6,6,1
65391,14,7,7,1
65392,11,6,6,1
65393,12,7,7,1
65394,12,7,7,1
65395,13,7,7,1
65396,12,7,7,1
65397,13,8,8,1
65398,13,7,7,1
65399,14,8,8,1
65400,12,6,6,1
65401,13,7,7,1
65402,13,7,7,1
65403,14,7,7,1
65404,13,7,7,1
65405,14,8,8,1
65406,14,7,7,1
65407,15,8,8,1
65408,9,4,4,1
65409,10,5,5,1
65410,10,5,5,1
65411,11,5,5,1
65412,10,5,5,1
65413,11,6,6,1
65414,11,5,5,1
65415,12,6,6,1
65416,10,5,5,1
65417,11,6,6,1
65418,11,5,5,1
65419,12,6,6,1
65420,11,5,5,1
65421,12,6,6,1
65422,12,5,5,1
65423,13,6,6,1
65424,10,5,5,1
65425,11,6,6,1
65426,11,6,6,1
65427,12,6,6,1
65428,11,6,6,1
65429,12,7,7,1
65430,12,6,6,1
65431,13,7,7,1
65432,11,5,5,1
65433,12,6,6,1
65434,12,6,6,1
65435,13,6,6,1
65436,12,6,6,1
65437,13,7,7,1
65438,13,6,6,1
65439,14,7,7,1
65440,10,5,5,1
65441,11,6,6,1
65442,11,6,6,1
65443,12,6,6,1
65444,11,6,6,1
65445,12,7,7,1
65446,12,6,6,1
65447,13,7,7,1
65448,11,5,5,1
65449,12,6,6,1
65450,12,6,6,1
65451,13,6,6,1
65452,12,6,6,1
65453,13,7,7,1
65454,13,6,6,1
65455,14,7,7,1
65456,11,5,5,1
65457,12,6,6,1
65458,12,6,6,1
65459,13,6,6,1
65460,12,6,6,1
65461,13,7,7,1
65462,13,6,6,1
65463,14,7,7,1
65464,12,5,5,1
65465,13,6,6,1
65466,13,6,6,1
65467,14,6,6,1
65468,13,6,6,1
65469,14,7,7,1
65470,14,6,6,1
65471,15,7,7,1
65472,10,5,5,1
65473,11,6,6,1
65474,11,6,6,1
65475,12,6,6,1
65476,11,6,6,1
65477,12,7,7,1
65478,12,6,6,1
65479,13,7,7,1
65480,11,6,6,1
65481,12,7,7,1
65482,12,6,6,1
65483,13,7,7,1
65484,12,6,6,1
65485,13,7,7,1
65486,13,6,6,1
65487,14,7,7,1
65488,11,6,6,1
65489,12,7,7,1
65490,12,7,7,1
65491,13,7,7,1
65492,12,7,7,1
65493,13,8,8,1
65494,13,7,7,1
65495,14,8,8,1
65496,12,6,6,1
65497,13,7,7,1
65498,13,7,7,1
65499,14,7,7,1
65500,13,7,7,1
65501,14,8,8,1
65502,14,7,7,1
65503,15,8,8,1
65504,11,5,5,1
65505,12,6,6,1
65506,12,6,6,1
65507,13,6,6,1
65508,12,6,6,1
65509,13,7,7,1
65510,13,6,6,1
65511,14,7,7,1
65512,12,6,6,1
65513,13,7,7,1
65514,13,6,6,1
65515,14,7,7,1
65516,13,6,6,1
65517,14,7,7,1
65518,14,6,6,1
65519,15,7,7,1
65520,12,6,6,1
65521,13,7,7,1
65522,13,7,7,1
65523,14,7,7,1
65524,13,7,7,1
65525,14,8,8,1
65526,14,7,7,1
65527,15,8,8,1
65528,13,6,6,1
65529,14,7,7,1
65530,14,7,7,1
65531,15,7,7,1
65532,14,7,7,1
65533,15,8,8,1
65534,15,7,7,1
65535,16,8,8,1
