source,source_sha256,stage,portable_command_json,portable_command_shell,returncode,timed_out,stdout_sha256,stderr_sha256,diagnostic_excerpt,instructions,operand_sites,identity_sites,adjacent_sites,selected_sites,payload_bits,operand_only_payload_bits,identity_only_payload_bits,adjacent_only_payload_bits
cmd/cgo/internal/swig/testdata/callback/main.cc,e2d363d200d58799719220bdbe5a6e57167856e642d1d760d570e00a0cc50145,O0,"[""clang"",""-O0"",""-S"",""-emit-llvm"",""-Wno-everything"",""-I"",""<snapshot>/cmd/cgo/internal/swig/testdata/callback"",""-I"",""<snapshot>"",""<snapshot>/cmd/cgo/internal/swig/testdata/callback/main.cc"",""-o"",""<temporary>/module.ll""]",clang -O0 -S -emit-llvm -Wno-everything -I '<snapshot>/cmd/cgo/internal/swig/testdata/callback' -I '<snapshot>' '<snapshot>/cmd/cgo/internal/swig/testdata/callback/main.cc' -o '<temporary>/module.ll',0,0,e3b0c44298fc1c149afbf4c8996fb92427ae41e4649b934ca495991b7852b855,e3b0c44298fc1c149afbf4c8996fb92427ae41e4649b934ca495991b7852b855,,211,0,0,1,1,0,0,0,0
cmd/cgo/internal/swig/testdata/callback/main.cc,e2d363d200d58799719220bdbe5a6e57167856e642d1d760d570e00a0cc50145,O1,"[""clang"",""-O1"",""-S"",""-emit-llvm"",""-Wno-everything"",""-I"",""<snapshot>/cmd/cgo/internal/swig/testdata/callback"",""-I"",""<snapshot>"",""<snapshot>/cmd/cgo/internal/swig/testdata/callback/main.cc"",""-o"",""<temporary>/module.ll""]",clang -O1 -S -emit-llvm -Wno-everything -I '<snapshot>/cmd/cgo/internal/swig/testdata/callback' -I '<snapshot>' '<snapshot>/cmd/cgo/internal/swig/testdata/callback/main.cc' -o '<temporary>/module.ll',0,0,e3b0c44298fc1c149afbf4c8996fb92427ae41e4649b934ca495991b7852b855,e3b0c44298fc1c149afbf4c8996fb92427ae41e4649b934ca495991b7852b855,,15,0,0,0,0,0,0,0,0
cmd/cgo/internal/swig/testdata/callback/main.cc,e2d363d200d58799719220bdbe5a6e57167856e642d1d760d570e00a0cc50145,O2,"[""clang"",""-O2"",""-S"",""-emit-llvm"",""-Wno-everything"",""-I"",""<snapshot>/cmd/cgo/internal/swig/testdata/callback"",""-I"",""<snapshot>"",""<snapshot>/cmd/cgo/internal/swig/testdata/callback/main.cc"",""-o"",""<temporary>/module.ll""]",clang -O2 -S -emit-llvm -Wno-everything -I '<snapshot>/cmd/cgo/internal/swig/testdata/callback' -I '<snapshot>' '<snapshot>/cmd/cgo/internal/swig/testdata/callback/main.cc' -o '<temporary>/module.ll',0,0,e3b0c44298fc1c149afbf4c8996fb92427ae41e4649b934ca495991b7852b855,e3b0c44298fc1c149afbf4c8996fb92427ae41e4649b934ca495991b7852b855,,15,0,0,0,0,0,0,0,0
cmd/cgo/internal/test/callback_c.c,da21848be7c278361da5950a744f2c017613ed7fc9f7431fcadefb153dbd51be,O0,"[""clang"",""-O0"",""-S"",""-emit-llvm"",""-Wno-everything"",""-I"",""<snapshot>/cmd/cgo/internal/test"",""-I"",""<snapshot>"",""<snapshot>/cmd/cgo/internal/test/callback_c.c"",""-o"",""<temporary>/module.ll""]",clang -O0 -S -emit-llvm -Wno-everything -I '<snapshot>/cmd/cgo/internal/test' -I '<snapshot>' '<snapshot>/cmd/cgo/internal/test/callback_c.c' -o '<temporary>/module.ll',1,0,e3b0c44298fc1c149afbf4c8996fb92427ae41e4649b934ca495991b7852b855,74cb4939eda977bb64f4e617317125c8f72dc215aa450c86ffbff548af85b03c,"<snapshot>/cmd/cgo/internal/test/callback_c.c:7:10: fatal error: '_cgo_export.h' file not found
    7 | #include ""_cgo_export.h""
      |          ^~~~~~~~~~~~~~~
1 error generated.",0,0,0,0,0,0,0,0,0
cmd/cgo/internal/test/callback_c.c,da21848be7c278361da5950a744f2c017613ed7fc9f7431fcadefb153dbd51be,O1,"[""clang"",""-O1"",""-S"",""-emit-llvm"",""-Wno-everything"",""-I"",""<snapshot>/cmd/cgo/internal/test"",""-I"",""<snapshot>"",""<snapshot>/cmd/cgo/internal/test/callback_c.c"",""-o"",""<temporary>/module.ll""]",clang -O1 -S -emit-llvm -Wno-everything -I '<snapshot>/cmd/cgo/internal/test' -I '<snapshot>' '<snapshot>/cmd/cgo/internal/test/callback_c.c' -o '<temporary>/module.ll',1,0,e3b0c44298fc1c149afbf4c8996fb92427ae41e4649b934ca495991b7852b855,74cb4939eda977bb64f4e617317125c8f72dc215aa450c86ffbff548af85b03c,"<snapshot>/cmd/cgo/internal/test/callback_c.c:7:10: fatal error: '_cgo_export.h' file not found
    7 | #include ""_cgo_export.h""
      |          ^~~~~~~~~~~~~~~
1 error generated.",0,0,0,0,0,0,0,0,0
cmd/cgo/internal/test/callback_c.c,da21848be7c278361da5950a744f2c017613ed7fc9f7431fcadefb153dbd51be,O2,"[""clang"",""-O2"",""-S"",""-emit-llvm"",""-Wno-everything"",""-I"",""<snapshot>/cmd/cgo/internal/test"",""-I"",""<snapshot>"",""<snapshot>/cmd/cgo/internal/test/callback_c.c"",""-o"",""<temporary>/module.ll""]",clang -O2 -S -emit-llvm -Wno-everything -I '<snapshot>/cmd/cgo/internal/test' -I '<snapshot>' '<snapshot>/cmd/cgo/internal/test/callback_c.c' -o '<temporary>/module.ll',1,0,e3b0c44298fc1c149afbf4c8996fb92427ae41e4649b934ca495991b7852b855,74cb4939eda977bb64f4e617317125c8f72dc215aa450c86ffbff548af85b03c,"<snapshot>/cmd/cgo/internal/test/callback_c.c:7:10: fatal error: '_cgo_export.h' file not found
    7 | #include ""_cgo_export.h""
      |          ^~~~~~~~~~~~~~~
1 error generated.",0,0,0,0,0,0,0,0,0
cmd/cgo/internal/test/callback_c_gc.c,73bc4f0d0d1d02a733e396653a8d9b454c1a558c653e665b21c5995bea6dcb3c,O0,"[""clang"",""-O0"",""-S"",""-emit-llvm"",""-Wno-everything"",""-I"",""<snapshot>/cmd/cgo/internal/test"",""-I"",""<snapshot>"",""<snapshot>/cmd/cgo/internal/test/callback_c_gc.c"",""-o"",""<temporary>/module.ll""]",clang -O0 -S -emit-llvm -Wno-everything -I '<snapshot>/cmd/cgo/internal/test' -I '<snapshot>' '<snapshot>/cmd/cgo/internal/test/callback_c_gc.c' -o '<temporary>/module.ll',1,0,e3b0c44298fc1c149afbf4c8996fb92427ae41e4649b934ca495991b7852b855,1a11edc97906350a865766fe29c1c41a2a8b73083e668d89595b15a8a578ea66,"<snapshot>/cmd/cgo/internal/test/callback_c_gc.c:7:10: fatal error: '_cgo_export.h' file not found
    7 | #include ""_cgo_export.h""
      |          ^~~~~~~~~~~~~~~
1 error generated.",0,0,0,0,0,0,0,0,0
cmd/cgo/internal/test/callback_c_gc.c,73bc4f0d0d1d02a733e396653a8d9b454c1a558c653e665b21c5995bea6dcb3c,O1,"[""clang"",""-O1"",""-S"",""-emit-llvm"",""-Wno-everything"",""-I"",""<snapshot>/cmd/cgo/internal/test"",""-I"",""<snapshot>"",""<snapshot>/cmd/cgo/internal/test/callback_c_gc.c"",""-o"",""<temporary>/module.ll""]",clang -O1 -S -emit-llvm -Wno-everything -I '<snapshot>/cmd/cgo/internal/test' -I '<snapshot>' '<snapshot>/cmd/cgo/internal/test/callback_c_gc.c' -o '<temporary>/module.ll',1,0,e3b0c44298fc1c149afbf4c8996fb92427ae41e4649b934ca495991b7852b855,1a11edc97906350a865766fe29c1c41a2a8b73083e668d89595b15a8a578ea66,"<snapshot>/cmd/cgo/internal/test/callback_c_gc.c:7:10: fatal error: '_cgo_export.h' file not found
    7 | #include ""_cgo_export.h""
      |          ^~~~~~~~~~~~~~~
1 error generated.",0,0,0,0,0,0,0,0,0
cmd/cgo/internal/test/callback_c_gc.c,73bc4f0d0d1d02a733e396653a8d9b454c1a558c653e665b21c5995bea6dcb3c,O2,"[""clang"",""-O2"",""-S"",""-emit-llvm"",""-Wno-everything"",""-I"",""<snapshot>/cmd/cgo/internal/test"",""-I"",""<snapshot>"",""<snapshot>/cmd/cgo/internal/test/callback_c_gc.c"",""-o"",""<temporary>/module.ll""]",clang -O2 -S -emit-llvm -Wno-everything -I '<snapshot>/cmd/cgo/internal/test' -I '<snapshot>' '<snapshot>/cmd/cgo/internal/test/callback_c_gc.c' -o '<temporary>/module.ll',1,0,e3b0c44298fc1c149afbf4c8996fb92427ae41e4649b934ca495991b7852b855,1a11edc97906350a865766fe29c1c41a2a8b73083e668d89595b15a8a578ea66,"<snapshot>/cmd/cgo/internal/test/callback_c_gc.c:7:10: fatal error: '_cgo_export.h' file not found
    7 | #include ""_cgo_export.h""
      |          ^~~~~~~~~~~~~~~
1 error generated.",0,0,0,0,0,0,0,0,0
cmd/cgo/internal/test/callback_c_gccgo.c,76708995e54ad240ccc4e141dccee57e9cf14314e19226e214fa6e1241de26d3,O0,"[""clang"",""-O0"",""-S"",""-emit-llvm"",""-Wno-everything"",""-I"",""<snapshot>/cmd/cgo/internal/test"",""-I"",""<snapshot>"",""<snapshot>/cmd/cgo/internal/test/callback_c_gccgo.c"",""-o"",""<temporary>/module.ll""]",clang -O0 -S -emit-llvm -Wno-everything -I '<snapshot>/cmd/cgo/internal/test' -I '<snapshot>' '<snapshot>/cmd/cgo/internal/test/callback_c_gccgo.c' -o '<temporary>/module.ll',1,0,e3b0c44298fc1c149afbf4c8996fb92427ae41e4649b934ca495991b7852b855,3c689b0471becb8ffe191081d84693e299dbcb44154f9610830a13c75267351a,"<snapshot>/cmd/cgo/internal/test/callback_c_gccgo.c:7:10: fatal error: '_cgo_export.h' file not found
    7 | #include ""_cgo_export.h""
      |          ^~~~~~~~~~~~~~~
1 error generated.",0,0,0,0,0,0,0,0,0
cmd/cgo/internal/test/callback_c_gccgo.c,76708995e54ad240ccc4e141dccee57e9cf14314e19226e214fa6e1241de26d3,O1,"[""clang"",""-O1"",""-S"",""-emit-llvm"",""-Wno-everything"",""-I"",""<snapshot>/cmd/cgo/internal/test"",""-I"",""<snapshot>"",""<snapshot>/cmd/cgo/internal/test/callback_c_gccgo.c"",""-o"",""<temporary>/module.ll""]",clang -O1 -S -emit-llvm -Wno-everything -I '<snapshot>/cmd/cgo/internal/test' -I '<snapshot>' '<snapshot>/cmd/cgo/internal/test/callback_c_gccgo.c' -o '<temporary>/module.ll',1,0,e3b0c44298fc1c149afbf4c8996fb92427ae41e4649b934ca495991b7852b855,3c689b0471becb8ffe191081d84693e299dbcb44154f9610830a13c75267351a,"<snapshot>/cmd/cgo/internal/test/callback_c_gccgo.c:7:10: fatal error: '_cgo_export.h' file not found
    7 | #include ""_cgo_export.h""
      |          ^~~~~~~~~~~~~~~
1 error generated.",0,0,0,0,0,0,0,0,0
cmd/cgo/internal/test/callback_c_gccgo.c,76708995e54ad240ccc4e141dccee57e9cf14314e19226e214fa6e1241de26d3,O2,"[""clang"",""-O2"",""-S"",""-emit-llvm"",""-Wno-everything"",""-I"",""<snapshot>/cmd/cgo/internal/test"",""-I"",""<snapshot>"",""<snapshot>/cmd/cgo/internal/test/callback_c_gccgo.c"",""-o"",""<temporary>/module.ll""]",clang -O2 -S -emit-llvm -Wno-everything -I '<snapshot>/cmd/cgo/internal/test' -I '<snapshot>' '<snapshot>/cmd/cgo/internal/test/callback_c_gccgo.c' -o '<temporary>/module.ll',1,0,e3b0c44298fc1c149afbf4c8996fb92427ae41e4649b934ca495991b7852b855,3c689b0471becb8ffe191081d84693e299dbcb44154f9610830a13c75267351a,"<snapshot>/cmd/cgo/internal/test/callback_c_gccgo.c:7:10: fatal error: '_cgo_export.h' file not found
    7 | #include ""_cgo_export.h""
      |          ^~~~~~~~~~~~~~~
1 error generated.",0,0,0,0,0,0,0,0,0
cmd/cgo/internal/test/cthread_unix.c,757c636d44a32ebca6548920ab3387948aff7d3a5a390e7988542f7b143cc2fa,O0,"[""clang"",""-O0"",""-S"",""-emit-llvm"",""-Wno-everything"",""-I"",""<snapshot>/cmd/cgo/internal/test"",""-I"",""<snapshot>"",""<snapshot>/cmd/cgo/internal/test/cthread_unix.c"",""-o"",""<temporary>/module.ll""]",clang -O0 -S -emit-llvm -Wno-everything -I '<snapshot>/cmd/cgo/internal/test' -I '<snapshot>' '<snapshot>/cmd/cgo/internal/test/cthread_unix.c' -o '<temporary>/module.ll',1,0,e3b0c44298fc1c149afbf4c8996fb92427ae41e4649b934ca495991b7852b855,720c7931d49d6f6732bac75e7205e11accb6132a3815d2cf5efaa79ebc6d8872,"<snapshot>/cmd/cgo/internal/test/cthread_unix.c:8:10: fatal error: '_cgo_export.h' file not found
    8 | #include ""_cgo_export.h""
      |          ^~~~~~~~~~~~~~~
1 error generated.",0,0,0,0,0,0,0,0,0
cmd/cgo/internal/test/cthread_unix.c,757c636d44a32ebca6548920ab3387948aff7d3a5a390e7988542f7b143cc2fa,O1,"[""clang"",""-O1"",""-S"",""-emit-llvm"",""-Wno-everything"",""-I"",""<snapshot>/cmd/cgo/internal/test"",""-I"",""<snapshot>"",""<snapshot>/cmd/cgo/internal/test/cthread_unix.c"",""-o"",""<temporary>/module.ll""]",clang -O1 -S -emit-llvm -Wno-everything -I '<snapshot>/cmd/cgo/internal/test' -I '<snapshot>' '<snapshot>/cmd/cgo/internal/test/cthread_unix.c' -o '<temporary>/module.ll',1,0,e3b0c44298fc1c149afbf4c8996fb92427ae41e4649b934ca495991b7852b855,720c7931d49d6f6732bac75e7205e11accb6132a3815d2cf5efaa79ebc6d8872,"<snapshot>/cmd/cgo/internal/test/cthread_unix.c:8:10: fatal error: '_cgo_export.h' file not found
    8 | #include ""_cgo_export.h""
      |          ^~~~~~~~~~~~~~~
1 error generated.",0,0,0,0,0,0,0,0,0
cmd/cgo/internal/test/cthread_unix.c,757c636d44a32ebca6548920ab3387948aff7d3a5a390e7988542f7b143cc2fa,O2,"[""clang"",""-O2"",""-S"",""-emit-llvm"",""-Wno-everything"",""-I"",""<snapshot>/cmd/cgo/internal/test"",""-I"",""<snapshot>"",""<snapshot>/cmd/cgo/internal/test/cthread_unix.c"",""-o"",""<temporary>/module.ll""]",clang -O2 -S -emit-llvm -Wno-everything -I '<snapshot>/cmd/cgo/internal/test' -I '<snapshot>' '<snapshot>/cmd/cgo/internal/test/cthread_unix.c' -o '<temporary>/module.ll',1,0,e3b0c44298fc1c149afbf4c8996fb92427ae41e4649b934ca495991b7852b855,720c7931d49d6f6732bac75e7205e11accb6132a3815d2cf5efaa79ebc6d8872,"<snapshot>/cmd/cgo/internal/test/cthread_unix.c:8:10: fatal error: '_cgo_export.h' file not found
    8 | #include ""_cgo_export.h""
      |          ^~~~~~~~~~~~~~~
1 error generated.",0,0,0,0,0,0,0,0,0
cmd/cgo/internal/test/cthread_windows.c,719973d6b86b03200c19f97beb22d5716ccdcc74d9cd80aea00d5f41e3282043,O0,"[""clang"",""-O0"",""-S"",""-emit-llvm"",""-Wno-everything"",""-I"",""<snapshot>/cmd/cgo/internal/test"",""-I"",""<snapshot>"",""<snapshot>/cmd/cgo/internal/test/cthread_windows.c"",""-o"",""<temporary>/module.ll""]",clang -O0 -S -emit-llvm -Wno-everything -I '<snapshot>/cmd/cgo/internal/test' -I '<snapshot>' '<snapshot>/cmd/cgo/internal/test/cthread_windows.c' -o '<temporary>/module.ll',1,0,e3b0c44298fc1c149afbf4c8996fb92427ae41e4649b934ca495991b7852b855,bbd5e17ecde9959fe231ab6cce25fecb97dfba1682d57d9b609bf4f1b8b2cd56,"<snapshot>/cmd/cgo/internal/test/cthread_windows.c:6:10: fatal error: 'windows.h' file not found
    6 | #include <windows.h>
      |          ^~~~~~~~~~~
1 error generated.",0,0,0,0,0,0,0,0,0
cmd/cgo/internal/test/cthread_windows.c,719973d6b86b03200c19f97beb22d5716ccdcc74d9cd80aea00d5f41e3282043,O1,"[""clang"",""-O1"",""-S"",""-emit-llvm"",""-Wno-everything"",""-I"",""<snapshot>/cmd/cgo/internal/test"",""-I"",""<snapshot>"",""<snapshot>/cmd/cgo/internal/test/cthread_windows.c"",""-o"",""<temporary>/module.ll""]",clang -O1 -S -emit-llvm -Wno-everything -I '<snapshot>/cmd/cgo/internal/test' -I '<snapshot>' '<snapshot>/cmd/cgo/internal/test/cthread_windows.c' -o '<temporary>/module.ll',1,0,e3b0c44298fc1c149afbf4c8996fb92427ae41e4649b934ca495991b7852b855,bbd5e17ecde9959fe231ab6cce25fecb97dfba1682d57d9b609bf4f1b8b2cd56,"<snapshot>/cmd/cgo/internal/test/cthread_windows.c:6:10: fatal error: 'windows.h' file not found
    6 | #include <windows.h>
      |          ^~~~~~~~~~~
1 error generated.",0,0,0,0,0,0,0,0,0
cmd/cgo/internal/test/cthread_windows.c,719973d6b86b03200c19f97beb22d5716ccdcc74d9cd80aea00d5f41e3282043,O2,"[""clang"",""-O2"",""-S"",""-emit-llvm"",""-Wno-everything"",""-I"",""<snapshot>/cmd/cgo/internal/test"",""-I"",""<snapshot>"",""<snapshot>/cmd/cgo/internal/test/cthread_windows.c"",""-o"",""<temporary>/module.ll""]",clang -O2 -S -emit-llvm -Wno-everything -I '<snapshot>/cmd/cgo/internal/test' -I '<snapshot>' '<snapshot>/cmd/cgo/internal/test/cthread_windows.c' -o '<temporary>/module.ll',1,0,e3b0c44298fc1c149afbf4c8996fb92427ae41e4649b934ca495991b7852b855,bbd5e17ecde9959fe231ab6cce25fecb97dfba1682d57d9b609bf4f1b8b2cd56,"<snapshot>/cmd/cgo/internal/test/cthread_windows.c:6:10: fatal error: 'windows.h' file not found
    6 | #include <windows.h>
      |          ^~~~~~~~~~~
1 error generated.",0,0,0,0,0,0,0,0,0
cmd/cgo/internal/test/gcc68255/c.c,834ce8274078cec1957739cb0ae831da1aee1564cdd395b8986464e812d4ee47,O0,"[""clang"",""-O0"",""-S"",""-emit-llvm"",""-Wno-everything"",""-I"",""<snapshot>/cmd/cgo/internal/test/gcc68255"",""-I"",""<snapshot>"",""<snapshot>/cmd/cgo/internal/test/gcc68255/c.c"",""-o"",""<temporary>/module.ll""]",clang -O0 -S -emit-llvm -Wno-everything -I '<snapshot>/cmd/cgo/internal/test/gcc68255' -I '<snapshot>' '<snapshot>/cmd/cgo/internal/test/gcc68255/c.c' -o '<temporary>/module.ll',0,0,e3b0c44298fc1c149afbf4c8996fb92427ae41e4649b934ca495991b7852b855,e3b0c44298fc1c149afbf4c8996fb92427ae41e4649b934ca495991b7852b855,,1,0,0,0,0,0,0,0,0
cmd/cgo/internal/test/gcc68255/c.c,834ce8274078cec1957739cb0ae831da1aee1564cdd395b8986464e812d4ee47,O1,"[""clang"",""-O1"",""-S"",""-emit-llvm"",""-Wno-everything"",""-I"",""<snapshot>/cmd/cgo/internal/test/gcc68255"",""-I"",""<snapshot>"",""<snapshot>/cmd/cgo/internal/test/gcc68255/c.c"",""-o"",""<temporary>/module.ll""]",clang -O1 -S -emit-llvm -Wno-everything -I '<snapshot>/cmd/cgo/internal/test/gcc68255' -I '<snapshot>' '<snapshot>/cmd/cgo/internal/test/gcc68255/c.c' -o '<temporary>/module.ll',0,0,e3b0c44298fc1c149afbf4c8996fb92427ae41e4649b934ca495991b7852b855,e3b0c44298fc1c149afbf4c8996fb92427ae41e4649b934ca495991b7852b855,,1,0,0,0,0,0,0,0,0
cmd/cgo/internal/test/gcc68255/c.c,834ce8274078cec1957739cb0ae831da1aee1564cdd395b8986464e812d4ee47,O2,"[""clang"",""-O2"",""-S"",""-emit-llvm"",""-Wno-everything"",""-I"",""<snapshot>/cmd/cgo/internal/test/gcc68255"",""-I"",""<snapshot>"",""<snapshot>/cmd/cgo/internal/test/gcc68255/c.c"",""-o"",""<temporary>/module.ll""]",clang -O2 -S -emit-llvm -Wno-everything -I '<snapshot>/cmd/cgo/internal/test/gcc68255' -I '<snapshot>' '<snapshot>/cmd/cgo/internal/test/gcc68255/c.c' -o '<temporary>/module.ll',0,0,e3b0c44298fc1c149afbf4c8996fb92427ae41e4649b934ca495991b7852b855,e3b0c44298fc1c149afbf4c8996fb92427ae41e4649b934ca495991b7852b855,,1,0,0,0,0,0,0,0,0
cmd/cgo/internal/test/issue20910.c,a153c65e3030d3705cb0d3e9490760651a77f7c0c3aae8a9cd9a66b931183eb3,O0,"[""clang"",""-O0"",""-S"",""-emit-llvm"",""-Wno-everything"",""-I"",""<snapshot>/cmd/cgo/internal/test"",""-I"",""<snapshot>"",""<snapshot>/cmd/cgo/internal/test/issue20910.c"",""-o"",""<temporary>/module.ll""]",clang -O0 -S -emit-llvm -Wno-everything -I '<snapshot>/cmd/cgo/internal/test' -I '<snapshot>' '<snapshot>/cmd/cgo/internal/test/issue20910.c' -o '<temporary>/module.ll',1,0,e3b0c44298fc1c149afbf4c8996fb92427ae41e4649b934ca495991b7852b855,598ed4b534eb74c13ac7a7b5ccaca886c79a96a078f2f87ca2623bf1d5506eaa,"<snapshot>/cmd/cgo/internal/test/issue20910.c:8:10: fatal error: '_cgo_export.h' file not found
    8 | #include ""_cgo_export.h""
      |          ^~~~~~~~~~~~~~~
1 error generated.",0,0,0,0,0,0,0,0,0
cmd/cgo/internal/test/issue20910.c,a153c65e3030d3705cb0d3e9490760651a77f7c0c3aae8a9cd9a66b931183eb3,O1,"[""clang"",""-O1"",""-S"",""-emit-llvm"",""-Wno-everything"",""-I"",""<snapshot>/cmd/cgo/internal/test"",""-I"",""<snapshot>"",""<snapshot>/cmd/cgo/internal/test/issue20910.c"",""-o"",""<temporary>/module.ll""]",clang -O1 -S -emit-llvm -Wno-everything -I '<snapshot>/cmd/cgo/internal/test' -I '<snapshot>' '<snapshot>/cmd/cgo/internal/test/issue20910.c' -o '<temporary>/module.ll',1,0,e3b0c44298fc1c149afbf4c8996fb92427ae41e4649b934ca495991b7852b855,598ed4b534eb74c13ac7a7b5ccaca886c79a96a078f2f87ca2623bf1d5506eaa,"<snapshot>/cmd/cgo/internal/test/issue20910.c:8:10: fatal error: '_cgo_export.h' file not found
    8 | #include ""_cgo_export.h""
      |          ^~~~~~~~~~~~~~~
1 error generated.",0,0,0,0,0,0,0,0,0
cmd/cgo/internal/test/issue20910.c,a153c65e3030d3705cb0d3e9490760651a77f7c0c3aae8a9cd9a66b931183eb3,O2,"[""clang"",""-O2"",""-S"",""-emit-llvm"",""-Wno-everything"",""-I"",""<snapshot>/cmd/cgo/internal/test"",""-I"",""<snapshot>"",""<snapshot>/cmd/cgo/internal/test/issue20910.c"",""-o"",""<temporary>/module.ll""]",clang -O2 -S -emit-llvm -Wno-everything -I '<snapshot>/cmd/cgo/internal/test' -I '<snapshot>' '<snapshot>/cmd/cgo/internal/test/issue20910.c' -o '<temporary>/module.ll',1,0,e3b0c44298fc1c149afbf4c8996fb92427ae41e4649b934ca495991b7852b855,598ed4b534eb74c13ac7a7b5ccaca886c79a96a078f2f87ca2623bf1d5506eaa,"<snapshot>/cmd/cgo/internal/test/issue20910.c:8:10: fatal error: '_cgo_export.h' file not found
    8 | #include ""_cgo_export.h""
      |          ^~~~~~~~~~~~~~~
1 error generated.",0,0,0,0,0,0,0,0,0
cmd/cgo/internal/test/issue29563/weak1.c,b70a760e9c65019c91bd3c1fa371f3fd6d8037e02dc660458307d4c44490dc62,O0,"[""clang"",""-O0"",""-S"",""-emit-llvm"",""-Wno-everything"",""-I"",""<snapshot>/cmd/cgo/internal/test/issue29563"",""-I"",""<snapshot>"",""<snapshot>/cmd/cgo/internal/test/issue29563/weak1.c"",""-o"",""<temporary>/module.ll""]",clang -O0 -S -emit-llvm -Wno-everything -I '<snapshot>/cmd/cgo/internal/test/issue29563' -I '<snapshot>' '<snapshot>/cmd/cgo/internal/test/issue29563/weak1.c' -o '<temporary>/module.ll',0,0,e3b0c44298fc1c149afbf4c8996fb92427ae41e4649b934ca495991b7852b855,e3b0c44298fc1c149afbf4c8996fb92427ae41e4649b934ca495991b7852b855,,2,0,0,0,0,0,0,0,0
cmd/cgo/internal/test/issue29563/weak1.c,b70a760e9c65019c91bd3c1fa371f3fd6d8037e02dc660458307d4c44490dc62,O1,"[""clang"",""-O1"",""-S"",""-emit-llvm"",""-Wno-everything"",""-I"",""<snapshot>/cmd/cgo/internal/test/issue29563"",""-I"",""<snapshot>"",""<snapshot>/cmd/cgo/internal/test/issue29563/weak1.c"",""-o"",""<temporary>/module.ll""]",clang -O1 -S -emit-llvm -Wno-everything -I '<snapshot>/cmd/cgo/internal/test/issue29563' -I '<snapshot>' '<snapshot>/cmd/cgo/internal/test/issue29563/weak1.c' -o '<temporary>/module.ll',0,0,e3b0c44298fc1c149afbf4c8996fb92427ae41e4649b934ca495991b7852b855,e3b0c44298fc1c149afbf4c8996fb92427ae41e4649b934ca495991b7852b855,,2,0,0,0,0,0,0,0,0
cmd/cgo/internal/test/issue29563/weak1.c,b70a760e9c65019c91bd3c1fa371f3fd6d8037e02dc660458307d4c44490dc62,O2,"[""clang"",""-O2"",""-S"",""-emit-llvm"",""-Wno-everything"",""-I"",""<snapshot>/cmd/cgo/internal/test/issue29563"",""-I"",""<snapshot>"",""<snapshot>/cmd/cgo/internal/test/issue29563/weak1.c"",""-o"",""<temporary>/module.ll""]",clang -O2 -S -emit-llvm -Wno-everything -I '<snapshot>/cmd/cgo/internal/test/issue29563' -I '<snapshot>' '<snapshot>/cmd/cgo/internal/test/issue29563/weak1.c' -o '<temporary>/module.ll',0,0,e3b0c44298fc1c149afbf4c8996fb92427ae41e4649b934ca495991b7852b855,e3b0c44298fc1c149afbf4c8996fb92427ae41e4649b934ca495991b7852b855,,2,0,0,0,0,0,0,0,0
cmd/cgo/internal/test/issue29563/weak2.c,d475993c9af967184a657d446d3a535e700d3ef47638fb3d608e44b4747534b1,O0,"[""clang"",""-O0"",""-S"",""-emit-llvm"",""-Wno-everything"",""-I"",""<snapshot>/cmd/cgo/internal/test/issue29563"",""-I"",""<snapshot>"",""<snapshot>/cmd/cgo/internal/test/issue29563/weak2.c"",""-o"",""<temporary>/module.ll""]",clang -O0 -S -emit-llvm -Wno-everything -I '<snapshot>/cmd/cgo/internal/test/issue29563' -I '<snapshot>' '<snapshot>/cmd/cgo/internal/test/issue29563/weak2.c' -o '<temporary>/module.ll',0,0,e3b0c44298fc1c149afbf4c8996fb92427ae41e4649b934ca495991b7852b855,e3b0c44298fc1c149afbf4c8996fb92427ae41e4649b934ca495991b7852b855,,2,0,0,0,0,0,0,0,0
cmd/cgo/internal/test/issue29563/weak2.c,d475993c9af967184a657d446d3a535e700d3ef47638fb3d608e44b4747534b1,O1,"[""clang"",""-O1"",""-S"",""-emit-llvm"",""-Wno-everything"",""-I"",""<snapshot>/cmd/cgo/internal/test/issue29563"",""-I"",""<snapshot>"",""<snapshot>/cmd/cgo/internal/test/issue29563/weak2.c"",""-o"",""<temporary>/module.ll""]",clang -O1 -S -emit-llvm -Wno-everything -I '<snapshot>/cmd/cgo/internal/test/issue29563' -I '<snapshot>' '<snapshot>/cmd/cgo/internal/test/issue29563/weak2.c' -o '<temporary>/module.ll',0,0,e3b0c44298fc1c149afbf4c8996fb92427ae41e4649b934ca495991b7852b855,e3b0c44298fc1c149afbf4c8996fb92427ae41e4649b934ca495991b7852b855,,2,0,0,0,0,0,0,0,0
cmd/cgo/internal/test/issue29563/weak2.c,d475993c9af967184a657d446d3a535e700d3ef47638fb3d608e44b4747534b1,O2,"[""clang"",""-O2"",""-S"",""-emit-llvm"",""-Wno-everything"",""-I"",""<snapshot>/cmd/cgo/internal/test/issue29563"",""-I"",""<snapshot>"",""<snapshot>/cmd/cgo/internal/test/issue29563/weak2.c"",""-o"",""<temporary>/module.ll""]",clang -O2 -S -emit-llvm -Wno-everything -I '<snapshot>/cmd/cgo/internal/test/issue29563' -I '<snapshot>' '<snapshot>/cmd/cgo/internal/test/issue29563/weak2.c' -o '<temporary>/module.ll',0,0,e3b0c44298fc1c149afbf4c8996fb92427ae41e4649b934ca495991b7852b855,e3b0c44298fc1c149afbf4c8996fb92427ae41e4649b934ca495991b7852b855,,2,0,0,0,0,0,0,0,0
cmd/cgo/internal/test/issue31891.c,76646788071c55cb2a557cfdb1fe41867f4e562f932ad930546a4ee78513ff2e,O0,"[""clang"",""-O0"",""-S"",""-emit-llvm"",""-Wno-everything"",""-I"",""<snapshot>/cmd/cgo/internal/test"",""-I"",""<snapshot>"",""<snapshot>/cmd/cgo/internal/test/issue31891.c"",""-o"",""<temporary>/module.ll""]",clang -O0 -S -emit-llvm -Wno-everything -I '<snapshot>/cmd/cgo/internal/test' -I '<snapshot>' '<snapshot>/cmd/cgo/internal/test/issue31891.c' -o '<temporary>/module.ll',1,0,e3b0c44298fc1c149afbf4c8996fb92427ae41e4649b934ca495991b7852b855,77676205b4fff7287568e335e106d50f856758c1276db5804b90c1f5c265b34c,"<snapshot>/cmd/cgo/internal/test/issue31891.c:5:10: fatal error: '_cgo_export.h' file not found
    5 | #include ""_cgo_export.h""
      |          ^~~~~~~~~~~~~~~
1 error generated.",0,0,0,0,0,0,0,0,0
cmd/cgo/internal/test/issue31891.c,76646788071c55cb2a557cfdb1fe41867f4e562f932ad930546a4ee78513ff2e,O1,"[""clang"",""-O1"",""-S"",""-emit-llvm"",""-Wno-everything"",""-I"",""<snapshot>/cmd/cgo/internal/test"",""-I"",""<snapshot>"",""<snapshot>/cmd/cgo/internal/test/issue31891.c"",""-o"",""<temporary>/module.ll""]",clang -O1 -S -emit-llvm -Wno-everything -I '<snapshot>/cmd/cgo/internal/test' -I '<snapshot>' '<snapshot>/cmd/cgo/internal/test/issue31891.c' -o '<temporary>/module.ll',1,0,e3b0c44298fc1c149afbf4c8996fb92427ae41e4649b934ca495991b7852b855,77676205b4fff7287568e335e106d50f856758c1276db5804b90c1f5c265b34c,"<snapshot>/cmd/cgo/internal/test/issue31891.c:5:10: fatal error: '_cgo_export.h' file not found
    5 | #include ""_cgo_export.h""
      |          ^~~~~~~~~~~~~~~
1 error generated.",0,0,0,0,0,0,0,0,0
cmd/cgo/internal/test/issue31891.c,76646788071c55cb2a557cfdb1fe41867f4e562f932ad930546a4ee78513ff2e,O2,"[""clang"",""-O2"",""-S"",""-emit-llvm"",""-Wno-everything"",""-I"",""<snapshot>/cmd/cgo/internal/test"",""-I"",""<snapshot>"",""<snapshot>/cmd/cgo/internal/test/issue31891.c"",""-o"",""<temporary>/module.ll""]",clang -O2 -S -emit-llvm -Wno-everything -I '<snapshot>/cmd/cgo/internal/test' -I '<snapshot>' '<snapshot>/cmd/cgo/internal/test/issue31891.c' -o '<temporary>/module.ll',1,0,e3b0c44298fc1c149afbf4c8996fb92427ae41e4649b934ca495991b7852b855,77676205b4fff7287568e335e106d50f856758c1276db5804b90c1f5c265b34c,"<snapshot>/cmd/cgo/internal/test/issue31891.c:5:10: fatal error: '_cgo_export.h' file not found
    5 | #include ""_cgo_export.h""
      |          ^~~~~~~~~~~~~~~
1 error generated.",0,0,0,0,0,0,0,0,0
cmd/cgo/internal/test/issue4029.c,52a8e36e8031bf413a14ccd7dd213d5168bd1060acbceec571ca53858d26d67a,O0,"[""clang"",""-O0"",""-S"",""-emit-llvm"",""-Wno-everything"",""-I"",""<snapshot>/cmd/cgo/internal/test"",""-I"",""<snapshot>"",""<snapshot>/cmd/cgo/internal/test/issue4029.c"",""-o"",""<temporary>/module.ll""]",clang -O0 -S -emit-llvm -Wno-everything -I '<snapshot>/cmd/cgo/internal/test' -I '<snapshot>' '<snapshot>/cmd/cgo/internal/test/issue4029.c' -o '<temporary>/module.ll',0,0,e3b0c44298fc1c149afbf4c8996fb92427ae41e4649b934ca495991b7852b855,e3b0c44298fc1c149afbf4c8996fb92427ae41e4649b934ca495991b7852b855,,33,0,0,0,0,0,0,0,0
cmd/cgo/internal/test/issue4029.c,52a8e36e8031bf413a14ccd7dd213d5168bd1060acbceec571ca53858d26d67a,O1,"[""clang"",""-O1"",""-S"",""-emit-llvm"",""-Wno-everything"",""-I"",""<snapshot>/cmd/cgo/internal/test"",""-I"",""<snapshot>"",""<snapshot>/cmd/cgo/internal/test/issue4029.c"",""-o"",""<temporary>/module.ll""]",clang -O1 -S -emit-llvm -Wno-everything -I '<snapshot>/cmd/cgo/internal/test' -I '<snapshot>' '<snapshot>/cmd/cgo/internal/test/issue4029.c' -o '<temporary>/module.ll',0,0,e3b0c44298fc1c149afbf4c8996fb92427ae41e4649b934ca495991b7852b855,e3b0c44298fc1c149afbf4c8996fb92427ae41e4649b934ca495991b7852b855,,12,0,0,0,0,0,0,0,0
cmd/cgo/internal/test/issue4029.c,52a8e36e8031bf413a14ccd7dd213d5168bd1060acbceec571ca53858d26d67a,O2,"[""clang"",""-O2"",""-S"",""-emit-llvm"",""-Wno-everything"",""-I"",""<snapshot>/cmd/cgo/internal/test"",""-I"",""<snapshot>"",""<snapshot>/cmd/cgo/internal/test/issue4029.c"",""-o"",""<temporary>/module.ll""]",clang -O2 -S -emit-llvm -Wno-everything -I '<snapshot>/cmd/cgo/internal/test' -I '<snapshot>' '<snapshot>/cmd/cgo/internal/test/issue4029.c' -o '<temporary>/module.ll',0,0,e3b0c44298fc1c149afbf4c8996fb92427ae41e4649b934ca495991b7852b855,e3b0c44298fc1c149afbf4c8996fb92427ae41e4649b934ca495991b7852b855,,12,0,0,0,0,0,0,0,0
cmd/cgo/internal/test/issue4273.c,eef40c626200af0b2eb8b88fdd61d9e3e85ec188b1b3d88393bed652f6502a10,O0,"[""clang"",""-O0"",""-S"",""-emit-llvm"",""-Wno-everything"",""-I"",""<snapshot>/cmd/cgo/internal/test"",""-I"",""<snapshot>"",""<snapshot>/cmd/cgo/internal/test/issue4273.c"",""-o"",""<temporary>/module.ll""]",clang -O0 -S -emit-llvm -Wno-everything -I '<snapshot>/cmd/cgo/internal/test' -I '<snapshot>' '<snapshot>/cmd/cgo/internal/test/issue4273.c' -o '<temporary>/module.ll',0,0,e3b0c44298fc1c149afbf4c8996fb92427ae41e4649b934ca495991b7852b855,e3b0c44298fc1c149afbf4c8996fb92427ae41e4649b934ca495991b7852b855,,7,0,0,0,0,0,0,0,0
cmd/cgo/internal/test/issue4273.c,eef40c626200af0b2eb8b88fdd61d9e3e85ec188b1b3d88393bed652f6502a10,O1,"[""clang"",""-O1"",""-S"",""-emit-llvm"",""-Wno-everything"",""-I"",""<snapshot>/cmd/cgo/internal/test"",""-I"",""<snapshot>"",""<snapshot>/cmd/cgo/internal/test/issue4273.c"",""-o"",""<temporary>/module.ll""]",clang -O1 -S -emit-llvm -Wno-everything -I '<snapshot>/cmd/cgo/internal/test' -I '<snapshot>' '<snapshot>/cmd/cgo/internal/test/issue4273.c' -o '<temporary>/module.ll',0,0,e3b0c44298fc1c149afbf4c8996fb92427ae41e4649b934ca495991b7852b855,e3b0c44298fc1c149afbf4c8996fb92427ae41e4649b934ca495991b7852b855,,1,0,0,0,0,0,0,0,0
cmd/cgo/internal/test/issue4273.c,eef40c626200af0b2eb8b88fdd61d9e3e85ec188b1b3d88393bed652f6502a10,O2,"[""clang"",""-O2"",""-S"",""-emit-llvm"",""-Wno-everything"",""-I"",""<snapshot>/cmd/cgo/internal/test"",""-I"",""<snapshot>"",""<snapshot>/cmd/cgo/internal/test/issue4273.c"",""-o"",""<temporary>/module.ll""]",clang -O2 -S -emit-llvm -Wno-everything -I '<snapshot>/cmd/cgo/internal/test' -I '<snapshot>' '<snapshot>/cmd/cgo/internal/test/issue4273.c' -o '<temporary>/module.ll',0,0,e3b0c44298fc1c149afbf4c8996fb92427ae41e4649b934ca495991b7852b855,e3b0c44298fc1c149afbf4c8996fb92427ae41e4649b934ca495991b7852b855,,1,0,0,0,0,0,0,0,0
cmd/cgo/internal/test/issue4273b.c,3973c73bb790d5d6fe9c3b4bec761a261f3c5ac2e507d38e525d3e7116baef79,O0,"[""clang"",""-O0"",""-S"",""-emit-llvm"",""-Wno-everything"",""-I"",""<snapshot>/cmd/cgo/internal/test"",""-I"",""<snapshot>"",""<snapshot>/cmd/cgo/internal/test/issue4273b.c"",""-o"",""<temporary>/module.ll""]",clang -O0 -S -emit-llvm -Wno-everything -I '<snapshot>/cmd/cgo/internal/test' -I '<snapshot>' '<snapshot>/cmd/cgo/internal/test/issue4273b.c' -o '<temporary>/module.ll',0,0,e3b0c44298fc1c149afbf4c8996fb92427ae41e4649b934ca495991b7852b855,e3b0c44298fc1c149afbf4c8996fb92427ae41e4649b934ca495991b7852b855,,11,0,0,0,0,0,0,0,0
cmd/cgo/internal/test/issue4273b.c,3973c73bb790d5d6fe9c3b4bec761a261f3c5ac2e507d38e525d3e7116baef79,O1,"[""clang"",""-O1"",""-S"",""-emit-llvm"",""-Wno-everything"",""-I"",""<snapshot>/cmd/cgo/internal/test"",""-I"",""<snapshot>"",""<snapshot>/cmd/cgo/internal/test/issue4273b.c"",""-o"",""<temporary>/module.ll""]",clang -O1 -S -emit-llvm -Wno-everything -I '<snapshot>/cmd/cgo/internal/test' -I '<snapshot>' '<snapshot>/cmd/cgo/internal/test/issue4273b.c' -o '<temporary>/module.ll',0,0,e3b0c44298fc1c149afbf4c8996fb92427ae41e4649b934ca495991b7852b855,e3b0c44298fc1c149afbf4c8996fb92427ae41e4649b934ca495991b7852b855,,2,0,0,0,0,0,0,0,0
cmd/cgo/internal/test/issue4273b.c,3973c73bb790d5d6fe9c3b4bec761a261f3c5ac2e507d38e525d3e7116baef79,O2,"[""clang"",""-O2"",""-S"",""-emit-llvm"",""-Wno-everything"",""-I"",""<snapshot>/cmd/cgo/internal/test"",""-I"",""<snapshot>"",""<snapshot>/cmd/cgo/internal/test/issue4273b.c"",""-o"",""<temporary>/module.ll""]",clang -O2 -S -emit-llvm -Wno-everything -I '<snapshot>/cmd/cgo/internal/test' -I '<snapshot>' '<snapshot>/cmd/cgo/internal/test/issue4273b.c' -o '<temporary>/module.ll',0,0,e3b0c44298fc1c149afbf4c8996fb92427ae41e4649b934ca495991b7852b855,e3b0c44298fc1c149afbf4c8996fb92427ae41e4649b934ca495991b7852b855,,2,0,0,0,0,0,0,0,0
cmd/cgo/internal/test/issue4339.c,0432ac6e93a492a9945f0d02d18294952c677114dffead4ba56f118044a0d2fa,O0,"[""clang"",""-O0"",""-S"",""-emit-llvm"",""-Wno-everything"",""-I"",""<snapshot>/cmd/cgo/internal/test"",""-I"",""<snapshot>"",""<snapshot>/cmd/cgo/internal/test/issue4339.c"",""-o"",""<temporary>/module.ll""]",clang -O0 -S -emit-llvm -Wno-everything -I '<snapshot>/cmd/cgo/internal/test' -I '<snapshot>' '<snapshot>/cmd/cgo/internal/test/issue4339.c' -o '<temporary>/module.ll',0,0,e3b0c44298fc1c149afbf4c8996fb92427ae41e4649b934ca495991b7852b855,e3b0c44298fc1c149afbf4c8996fb92427ae41e4649b934ca495991b7852b855,,8,0,0,0,0,0,0,0,0
cmd/cgo/internal/test/issue4339.c,0432ac6e93a492a9945f0d02d18294952c677114dffead4ba56f118044a0d2fa,O1,"[""clang"",""-O1"",""-S"",""-emit-llvm"",""-Wno-everything"",""-I"",""<snapshot>/cmd/cgo/internal/test"",""-I"",""<snapshot>"",""<snapshot>/cmd/cgo/internal/test/issue4339.c"",""-o"",""<temporary>/module.ll""]",clang -O1 -S -emit-llvm -Wno-everything -I '<snapshot>/cmd/cgo/internal/test' -I '<snapshot>' '<snapshot>/cmd/cgo/internal/test/issue4339.c' -o '<temporary>/module.ll',0,0,e3b0c44298fc1c149afbf4c8996fb92427ae41e4649b934ca495991b7852b855,e3b0c44298fc1c149afbf4c8996fb92427ae41e4649b934ca495991b7852b855,,5,0,0,0,0,0,0,0,0
cmd/cgo/internal/test/issue4339.c,0432ac6e93a492a9945f0d02d18294952c677114dffead4ba56f118044a0d2fa,O2,"[""clang"",""-O2"",""-S"",""-emit-llvm"",""-Wno-everything"",""-I"",""<snapshot>/cmd/cgo/internal/test"",""-I"",""<snapshot>"",""<snapshot>/cmd/cgo/internal/test/issue4339.c"",""-o"",""<temporary>/module.ll""]",clang -O2 -S -emit-llvm -Wno-everything -I '<snapshot>/cmd/cgo/internal/test' -I '<snapshot>' '<snapshot>/cmd/cgo/internal/test/issue4339.c' -o '<temporary>/module.ll',0,0,e3b0c44298fc1c149afbf4c8996fb92427ae41e4649b934ca495991b7852b855,e3b0c44298fc1c149afbf4c8996fb92427ae41e4649b934ca495991b7852b855,,5,0,0,0,0,0,0,0,0
cmd/cgo/internal/test/issue5548_c.c,9b325a5ac52cc6fda4ed3408d416bab9a2b2dbb705d550cf44ed5434c03971d0,O0,"[""clang"",""-O0"",""-S"",""-emit-llvm"",""-Wno-everything"",""-I"",""<snapshot>/cmd/cgo/internal/test"",""-I"",""<snapshot>"",""<snapshot>/cmd/cgo/internal/test/issue5548_c.c"",""-o"",""<temporary>/module.ll""]",clang -O0 -S -emit-llvm -Wno-everything -I '<snapshot>/cmd/cgo/internal/test' -I '<snapshot>' '<snapshot>/cmd/cgo/internal/test/issue5548_c.c' -o '<temporary>/module.ll',1,0,e3b0c44298fc1c149afbf4c8996fb92427ae41e4649b934ca495991b7852b855,45bb7163c050641bd37dfde473feebc7201d6d51999de981115bd6d20155e97f,"<snapshot>/cmd/cgo/internal/test/issue5548_c.c:5:10: fatal error: '_cgo_export.h' file not found
    5 | #include ""_cgo_export.h""
      |          ^~~~~~~~~~~~~~~
1 error generated.",0,0,0,0,0,0,0,0,0
cmd/cgo/internal/test/issue5548_c.c,9b325a5ac52cc6fda4ed3408d416bab9a2b2dbb705d550cf44ed5434c03971d0,O1,"[""clang"",""-O1"",""-S"",""-emit-llvm"",""-Wno-everything"",""-I"",""<snapshot>/cmd/cgo/internal/test"",""-I"",""<snapshot>"",""<snapshot>/cmd/cgo/internal/test/issue5548_c.c"",""-o"",""<temporary>/module.ll""]",clang -O1 -S -emit-llvm -Wno-everything -I '<snapshot>/cmd/cgo/internal/test' -I '<snapshot>' '<snapshot>/cmd/cgo/internal/test/issue5548_c.c' -o '<temporary>/module.ll',1,0,e3b0c44298fc1c149afbf4c8996fb92427ae41e4649b934ca495991b7852b855,45bb7163c050641bd37dfde473feebc7201d6d51999de981115bd6d20155e97f,"<snapshot>/cmd/cgo/internal/test/issue5548_c.c:5:10: fatal error: '_cgo_export.h' file not found
    5 | #include ""_cgo_export.h""
      |          ^~~~~~~~~~~~~~~
1 error generated.",0,0,0,0,0,0,0,0,0
cmd/cgo/internal/test/issue5548_c.c,9b325a5ac52cc6fda4ed3408d416bab9a2b2dbb705d550cf44ed5434c03971d0,O2,"[""clang"",""-O2"",""-S"",""-emit-llvm"",""-Wno-everything"",""-I"",""<snapshot>/cmd/cgo/internal/test"",""-I"",""<snapshot>"",""<snapshot>/cmd/cgo/internal/test/issue5548_c.c"",""-o"",""<temporary>/module.ll""]",clang -O2 -S -emit-llvm -Wno-everything -I '<snapshot>/cmd/cgo/internal/test' -I '<snapshot>' '<snapshot>/cmd/cgo/internal/test/issue5548_c.c' -o '<temporary>/module.ll',1,0,e3b0c44298fc1c149afbf4c8996fb92427ae41e4649b934ca495991b7852b855,45bb7163c050641bd37dfde473feebc7201d6d51999de981115bd6d20155e97f,"<snapshot>/cmd/cgo/internal/test/issue5548_c.c:5:10: fatal error: '_cgo_export.h' file not found
    5 | #include ""_cgo_export.h""
      |          ^~~~~~~~~~~~~~~
1 error generated.",0,0,0,0,0,0,0,0,0
cmd/cgo/internal/test/issue5740a.c,f327d49b261072853b59dfcadd53739454343d1170383227124ddedf3abb738c,O0,"[""clang"",""-O0"",""-S"",""-emit-llvm"",""-Wno-everything"",""-I"",""<snapshot>/cmd/cgo/internal/test"",""-I"",""<snapshot>"",""<snapshot>/cmd/cgo/internal/test/issue5740a.c"",""-o"",""<temporary>/module.ll""]",clang -O0 -S -emit-llvm -Wno-everything -I '<snapshot>/cmd/cgo/internal/test' -I '<snapshot>' '<snapshot>/cmd/cgo/internal/test/issue5740a.c' -o '<temporary>/module.ll',0,0,e3b0c44298fc1c149afbf4c8996fb92427ae41e4649b934ca495991b7852b855,e3b0c44298fc1c149afbf4c8996fb92427ae41e4649b934ca495991b7852b855,,2,0,0,0,0,0,0,0,0
cmd/cgo/internal/test/issue5740a.c,f327d49b261072853b59dfcadd53739454343d1170383227124ddedf3abb738c,O1,"[""clang"",""-O1"",""-S"",""-emit-llvm"",""-Wno-everything"",""-I"",""<snapshot>/cmd/cgo/internal/test"",""-I"",""<snapshot>"",""<snapshot>/cmd/cgo/internal/test/issue5740a.c"",""-o"",""<temporary>/module.ll""]",clang -O1 -S -emit-llvm -Wno-everything -I '<snapshot>/cmd/cgo/internal/test' -I '<snapshot>' '<snapshot>/cmd/cgo/internal/test/issue5740a.c' -o '<temporary>/module.ll',0,0,e3b0c44298fc1c149afbf4c8996fb92427ae41e4649b934ca495991b7852b855,e3b0c44298fc1c149afbf4c8996fb92427ae41e4649b934ca495991b7852b855,,2,0,0,0,0,0,0,0,0
cmd/cgo/internal/test/issue5740a.c,f327d49b261072853b59dfcadd53739454343d1170383227124ddedf3abb738c,O2,"[""clang"",""-O2"",""-S"",""-emit-llvm"",""-Wno-everything"",""-I"",""<snapshot>/cmd/cgo/internal/test"",""-I"",""<snapshot>"",""<snapshot>/cmd/cgo/internal/test/issue5740a.c"",""-o"",""<temporary>/module.ll""]",clang -O2 -S -emit-llvm -Wno-everything -I '<snapshot>/cmd/cgo/internal/test' -I '<snapshot>' '<snapshot>/cmd/cgo/internal/test/issue5740a.c' -o '<temporary>/module.ll',0,0,e3b0c44298fc1c149afbf4c8996fb92427ae41e4649b934ca495991b7852b855,e3b0c44298fc1c149afbf4c8996fb92427ae41e4649b934ca495991b7852b855,,2,0,0,0,0,0,0,0,0
cmd/cgo/internal/test/issue5740b.c,5ad9fc95c13669b36287a4a84703cac80578d94376afe36a53cb44159f56e43b,O0,"[""clang"",""-O0"",""-S"",""-emit-llvm"",""-Wno-everything"",""-I"",""<snapshot>/cmd/cgo/internal/test"",""-I"",""<snapshot>"",""<snapshot>/cmd/cgo/internal/test/issue5740b.c"",""-o"",""<temporary>/module.ll""]",clang -O0 -S -emit-llvm -Wno-everything -I '<snapshot>/cmd/cgo/internal/test' -I '<snapshot>' '<snapshot>/cmd/cgo/internal/test/issue5740b.c' -o '<temporary>/module.ll',0,0,e3b0c44298fc1c149afbf4c8996fb92427ae41e4649b934ca495991b7852b855,e3b0c44298fc1c149afbf4c8996fb92427ae41e4649b934ca495991b7852b855,,2,0,0,0,0,0,0,0,0
cmd/cgo/internal/test/issue5740b.c,5ad9fc95c13669b36287a4a84703cac80578d94376afe36a53cb44159f56e43b,O1,"[""clang"",""-O1"",""-S"",""-emit-llvm"",""-Wno-everything"",""-I"",""<snapshot>/cmd/cgo/internal/test"",""-I"",""<snapshot>"",""<snapshot>/cmd/cgo/internal/test/issue5740b.c"",""-o"",""<temporary>/module.ll""]",clang -O1 -S -emit-llvm -Wno-everything -I '<snapshot>/cmd/cgo/internal/test' -I '<snapshot>' '<snapshot>/cmd/cgo/internal/test/issue5740b.c' -o '<temporary>/module.ll',0,0,e3b0c44298fc1c149afbf4c8996fb92427ae41e4649b934ca495991b7852b855,e3b0c44298fc1c149afbf4c8996fb92427ae41e4649b934ca495991b7852b855,,2,0,0,0,0,0,0,0,0
cmd/cgo/internal/test/issue5740b.c,5ad9fc95c13669b36287a4a84703cac80578d94376afe36a53cb44159f56e43b,O2,"[""clang"",""-O2"",""-S"",""-emit-llvm"",""-Wno-everything"",""-I"",""<snapshot>/cmd/cgo/internal/test"",""-I"",""<snapshot>"",""<snapshot>/cmd/cgo/internal/test/issue5740b.c"",""-o"",""<temporary>/module.ll""]",clang -O2 -S -emit-llvm -Wno-everything -I '<snapshot>/cmd/cgo/internal/test' -I '<snapshot>' '<snapshot>/cmd/cgo/internal/test/issue5740b.c' -o '<temporary>/module.ll',0,0,e3b0c44298fc1c149afbf4c8996fb92427ae41e4649b934ca495991b7852b855,e3b0c44298fc1c149afbf4c8996fb92427ae41e4649b934ca495991b7852b855,,2,0,0,0,0,0,0,0,0
cmd/cgo/internal/test/issue6833_c.c,544191df76d07519efa9d9e22e7cf08e5fe4d9515233d913711ad7d2cff4a3dc,O0,"[""clang"",""-O0"",""-S"",""-emit-llvm"",""-Wno-everything"",""-I"",""<snapshot>/cmd/cgo/internal/test"",""-I"",""<snapshot>"",""<snapshot>/cmd/cgo/internal/test/issue6833_c.c"",""-o"",""<temporary>/module.ll""]",clang -O0 -S -emit-llvm -Wno-everything -I '<snapshot>/cmd/cgo/internal/test' -I '<snapshot>' '<snapshot>/cmd/cgo/internal/test/issue6833_c.c' -o '<temporary>/module.ll',1,0,e3b0c44298fc1c149afbf4c8996fb92427ae41e4649b934ca495991b7852b855,d35c8bd17a8415580a026d63788627a7c808d292185dcf43e6cffd09f5bcfe64,"<snapshot>/cmd/cgo/internal/test/issue6833_c.c:5:10: fatal error: '_cgo_export.h' file not found
    5 | #include ""_cgo_export.h""
      |          ^~~~~~~~~~~~~~~
1 error generated.",0,0,0,0,0,0,0,0,0
cmd/cgo/internal/test/issue6833_c.c,544191df76d07519efa9d9e22e7cf08e5fe4d9515233d913711ad7d2cff4a3dc,O1,"[""clang"",""-O1"",""-S"",""-emit-llvm"",""-Wno-everything"",""-I"",""<snapshot>/cmd/cgo/internal/test"",""-I"",""<snapshot>"",""<snapshot>/cmd/cgo/internal/test/issue6833_c.c"",""-o"",""<temporary>/module.ll""]",clang -O1 -S -emit-llvm -Wno-everything -I '<snapshot>/cmd/cgo/internal/test' -I '<snapshot>' '<snapshot>/cmd/cgo/internal/test/issue6833_c.c' -o '<temporary>/module.ll',1,0,e3b0c44298fc1c149afbf4c8996fb92427ae41e4649b934ca495991b7852b855,d35c8bd17a8415580a026d63788627a7c808d292185dcf43e6cffd09f5bcfe64,"<snapshot>/cmd/cgo/internal/test/issue6833_c.c:5:10: fatal error: '_cgo_export.h' file not found
    5 | #include ""_cgo_export.h""
      |          ^~~~~~~~~~~~~~~
1 error generated.",0,0,0,0,0,0,0,0,0
cmd/cgo/internal/test/issue6833_c.c,544191df76d07519efa9d9e22e7cf08e5fe4d9515233d913711ad7d2cff4a3dc,O2,"[""clang"",""-O2"",""-S"",""-emit-llvm"",""-Wno-everything"",""-I"",""<snapshot>/cmd/cgo/internal/test"",""-I"",""<snapshot>"",""<snapshot>/cmd/cgo/internal/test/issue6833_c.c"",""-o"",""<temporary>/module.ll""]",clang -O2 -S -emit-llvm -Wno-everything -I '<snapshot>/cmd/cgo/internal/test' -I '<snapshot>' '<snapshot>/cmd/cgo/internal/test/issue6833_c.c' -o '<temporary>/module.ll',1,0,e3b0c44298fc1c149afbf4c8996fb92427ae41e4649b934ca495991b7852b855,d35c8bd17a8415580a026d63788627a7c808d292185dcf43e6cffd09f5bcfe64,"<snapshot>/cmd/cgo/internal/test/issue6833_c.c:5:10: fatal error: '_cgo_export.h' file not found
    5 | #include ""_cgo_export.h""
      |          ^~~~~~~~~~~~~~~
1 error generated.",0,0,0,0,0,0,0,0,0
cmd/cgo/internal/test/issue6907export_c.c,bc9e34d578a942b95741083f650e345c033063062c8cca21889c31eef0bee243,O0,"[""clang"",""-O0"",""-S"",""-emit-llvm"",""-Wno-everything"",""-I"",""<snapshot>/cmd/cgo/internal/test"",""-I"",""<snapshot>"",""<snapshot>/cmd/cgo/internal/test/issue6907export_c.c"",""-o"",""<temporary>/module.ll""]",clang -O0 -S -emit-llvm -Wno-everything -I '<snapshot>/cmd/cgo/internal/test' -I '<snapshot>' '<snapshot>/cmd/cgo/internal/test/issue6907export_c.c' -o '<temporary>/module.ll',1,0,e3b0c44298fc1c149afbf4c8996fb92427ae41e4649b934ca495991b7852b855,e0457d8d10f23eb5ab1a4b6a07b3aab31791fa2f9908fa232544f1fe5d156287,"<snapshot>/cmd/cgo/internal/test/issue6907export_c.c:7:10: fatal error: '_cgo_export.h' file not found
    7 | #include ""_cgo_export.h""
      |          ^~~~~~~~~~~~~~~
1 error generated.",0,0,0,0,0,0,0,0,0
cmd/cgo/internal/test/issue6907export_c.c,bc9e34d578a942b95741083f650e345c033063062c8cca21889c31eef0bee243,O1,"[""clang"",""-O1"",""-S"",""-emit-llvm"",""-Wno-everything"",""-I"",""<snapshot>/cmd/cgo/internal/test"",""-I"",""<snapshot>"",""<snapshot>/cmd/cgo/internal/test/issue6907export_c.c"",""-o"",""<temporary>/module.ll""]",clang -O1 -S -emit-llvm -Wno-everything -I '<snapshot>/cmd/cgo/internal/test' -I '<snapshot>' '<snapshot>/cmd/cgo/internal/test/issue6907export_c.c' -o '<temporary>/module.ll',1,0,e3b0c44298fc1c149afbf4c8996fb92427ae41e4649b934ca495991b7852b855,e0457d8d10f23eb5ab1a4b6a07b3aab31791fa2f9908fa232544f1fe5d156287,"<snapshot>/cmd/cgo/internal/test/issue6907export_c.c:7:10: fatal error: '_cgo_export.h' file not found
    7 | #include ""_cgo_export.h""
      |          ^~~~~~~~~~~~~~~
1 error generated.",0,0,0,0,0,0,0,0,0
cmd/cgo/internal/test/issue6907export_c.c,bc9e34d578a942b95741083f650e345c033063062c8cca21889c31eef0bee243,O2,"[""clang"",""-O2"",""-S"",""-emit-llvm"",""-Wno-everything"",""-I"",""<snapshot>/cmd/cgo/internal/test"",""-I"",""<snapshot>"",""<snapshot>/cmd/cgo/internal/test/issue6907export_c.c"",""-o"",""<temporary>/module.ll""]",clang -O2 -S -emit-llvm -Wno-everything -I '<snapshot>/cmd/cgo/internal/test' -I '<snapshot>' '<snapshot>/cmd/cgo/internal/test/issue6907export_c.c' -o '<temporary>/module.ll',1,0,e3b0c44298fc1c149afbf4c8996fb92427ae41e4649b934ca495991b7852b855,e0457d8d10f23eb5ab1a4b6a07b3aab31791fa2f9908fa232544f1fe5d156287,"<snapshot>/cmd/cgo/internal/test/issue6907export_c.c:7:10: fatal error: '_cgo_export.h' file not found
    7 | #include ""_cgo_export.h""
      |          ^~~~~~~~~~~~~~~
1 error generated.",0,0,0,0,0,0,0,0,0
cmd/cgo/internal/test/issue6997_linux.c,80d2eaef99fa57027ef45986c665a6f5fe8d2ffb3f989dc07fbb2e0f9c8e6aad,O0,"[""clang"",""-O0"",""-S"",""-emit-llvm"",""-Wno-everything"",""-I"",""<snapshot>/cmd/cgo/internal/test"",""-I"",""<snapshot>"",""<snapshot>/cmd/cgo/internal/test/issue6997_linux.c"",""-o"",""<temporary>/module.ll""]",clang -O0 -S -emit-llvm -Wno-everything -I '<snapshot>/cmd/cgo/internal/test' -I '<snapshot>' '<snapshot>/cmd/cgo/internal/test/issue6997_linux.c' -o '<temporary>/module.ll',0,0,e3b0c44298fc1c149afbf4c8996fb92427ae41e4649b934ca495991b7852b855,e3b0c44298fc1c149afbf4c8996fb92427ae41e4649b934ca495991b7852b855,,16,0,0,0,0,0,0,0,0
cmd/cgo/internal/test/issue6997_linux.c,80d2eaef99fa57027ef45986c665a6f5fe8d2ffb3f989dc07fbb2e0f9c8e6aad,O1,"[""clang"",""-O1"",""-S"",""-emit-llvm"",""-Wno-everything"",""-I"",""<snapshot>/cmd/cgo/internal/test"",""-I"",""<snapshot>"",""<snapshot>/cmd/cgo/internal/test/issue6997_linux.c"",""-o"",""<temporary>/module.ll""]",clang -O1 -S -emit-llvm -Wno-everything -I '<snapshot>/cmd/cgo/internal/test' -I '<snapshot>' '<snapshot>/cmd/cgo/internal/test/issue6997_linux.c' -o '<temporary>/module.ll',0,0,e3b0c44298fc1c149afbf4c8996fb92427ae41e4649b934ca495991b7852b855,e3b0c44298fc1c149afbf4c8996fb92427ae41e4649b934ca495991b7852b855,,16,0,0,0,0,0,0,0,0
cmd/cgo/internal/test/issue6997_linux.c,80d2eaef99fa57027ef45986c665a6f5fe8d2ffb3f989dc07fbb2e0f9c8e6aad,O2,"[""clang"",""-O2"",""-S"",""-emit-llvm"",""-Wno-everything"",""-I"",""<snapshot>/cmd/cgo/internal/test"",""-I"",""<snapshot>"",""<snapshot>/cmd/cgo/internal/test/issue6997_linux.c"",""-o"",""<temporary>/module.ll""]",clang -O2 -S -emit-llvm -Wno-everything -I '<snapshot>/cmd/cgo/internal/test' -I '<snapshot>' '<snapshot>/cmd/cgo/internal/test/issue6997_linux.c' -o '<temporary>/module.ll',0,0,e3b0c44298fc1c149afbf4c8996fb92427ae41e4649b934ca495991b7852b855,e3b0c44298fc1c149afbf4c8996fb92427ae41e4649b934ca495991b7852b855,,16,0,0,0,0,0,0,0,0
cmd/cgo/internal/test/issue8148.c,ba5162fa8dec3c6a33954a7990507a0aa31c50a24cf85b28acfb8545c5ba0887,O0,"[""clang"",""-O0"",""-S"",""-emit-llvm"",""-Wno-everything"",""-I"",""<snapshot>/cmd/cgo/internal/test"",""-I"",""<snapshot>"",""<snapshot>/cmd/cgo/internal/test/issue8148.c"",""-o"",""<temporary>/module.ll""]",clang -O0 -S -emit-llvm -Wno-everything -I '<snapshot>/cmd/cgo/internal/test' -I '<snapshot>' '<snapshot>/cmd/cgo/internal/test/issue8148.c' -o '<temporary>/module.ll',1,0,e3b0c44298fc1c149afbf4c8996fb92427ae41e4649b934ca495991b7852b855,700749132442602a66964a28900f20287e83e098eb2bdcdebbba40e35f702bb3,"<snapshot>/cmd/cgo/internal/test/issue8148.c:5:10: fatal error: '_cgo_export.h' file not found
    5 | #include ""_cgo_export.h""
      |          ^~~~~~~~~~~~~~~
1 error generated.",0,0,0,0,0,0,0,0,0
cmd/cgo/internal/test/issue8148.c,ba5162fa8dec3c6a33954a7990507a0aa31c50a24cf85b28acfb8545c5ba0887,O1,"[""clang"",""-O1"",""-S"",""-emit-llvm"",""-Wno-everything"",""-I"",""<snapshot>/cmd/cgo/internal/test"",""-I"",""<snapshot>"",""<snapshot>/cmd/cgo/internal/test/issue8148.c"",""-o"",""<temporary>/module.ll""]",clang -O1 -S -emit-llvm -Wno-everything -I '<snapshot>/cmd/cgo/internal/test' -I '<snapshot>' '<snapshot>/cmd/cgo/internal/test/issue8148.c' -o '<temporary>/module.ll',1,0,e3b0c44298fc1c149afbf4c8996fb92427ae41e4649b934ca495991b7852b855,700749132442602a66964a28900f20287e83e098eb2bdcdebbba40e35f702bb3,"<snapshot>/cmd/cgo/internal/test/issue8148.c:5:10: fatal error: '_cgo_export.h' file not found
    5 | #include ""_cgo_export.h""
      |          ^~~~~~~~~~~~~~~
1 error generated.",0,0,0,0,0,0,0,0,0
cmd/cgo/internal/test/issue8148.c,ba5162fa8dec3c6a33954a7990507a0aa31c50a24cf85b28acfb8545c5ba0887,O2,"[""clang"",""-O2"",""-S"",""-emit-llvm"",""-Wno-everything"",""-I"",""<snapshot>/cmd/cgo/internal/test"",""-I"",""<snapshot>"",""<snapshot>/cmd/cgo/internal/test/issue8148.c"",""-o"",""<temporary>/module.ll""]",clang -O2 -S -emit-llvm -Wno-everything -I '<snapshot>/cmd/cgo/internal/test' -I '<snapshot>' '<snapshot>/cmd/cgo/internal/test/issue8148.c' -o '<temporary>/module.ll',1,0,e3b0c44298fc1c149afbf4c8996fb92427ae41e4649b934ca495991b7852b855,700749132442602a66964a28900f20287e83e098eb2bdcdebbba40e35f702bb3,"<snapshot>/cmd/cgo/internal/test/issue8148.c:5:10: fatal error: '_cgo_export.h' file not found
    5 | #include ""_cgo_export.h""
      |          ^~~~~~~~~~~~~~~
1 error generated.",0,0,0,0,0,0,0,0,0
cmd/cgo/internal/test/issue8517_windows.c,7cc710364db9093bd65435150ec5202325364ccd9b3f8beec65cd537f00ca6d8,O0,"[""clang"",""-O0"",""-S"",""-emit-llvm"",""-Wno-everything"",""-I"",""<snapshot>/cmd/cgo/internal/test"",""-I"",""<snapshot>"",""<snapshot>/cmd/cgo/internal/test/issue8517_windows.c"",""-o"",""<temporary>/module.ll""]",clang -O0 -S -emit-llvm -Wno-everything -I '<snapshot>/cmd/cgo/internal/test' -I '<snapshot>' '<snapshot>/cmd/cgo/internal/test/issue8517_windows.c' -o '<temporary>/module.ll',1,0,e3b0c44298fc1c149afbf4c8996fb92427ae41e4649b934ca495991b7852b855,df7207c6a084999679b6daf8ffaeedc3a2fe9733f835a969448a4b1e369589a4,"<snapshot>/cmd/cgo/internal/test/issue8517_windows.c:5:10: fatal error: 'windows.h' file not found
    5 | #include ""windows.h""
      |          ^~~~~~~~~~~
1 error generated.",0,0,0,0,0,0,0,0,0
cmd/cgo/internal/test/issue8517_windows.c,7cc710364db9093bd65435150ec5202325364ccd9b3f8beec65cd537f00ca6d8,O1,"[""clang"",""-O1"",""-S"",""-emit-llvm"",""-Wno-everything"",""-I"",""<snapshot>/cmd/cgo/internal/test"",""-I"",""<snapshot>"",""<snapshot>/cmd/cgo/internal/test/issue8517_windows.c"",""-o"",""<temporary>/module.ll""]",clang -O1 -S -emit-llvm -Wno-everything -I '<snapshot>/cmd/cgo/internal/test' -I '<snapshot>' '<snapshot>/cmd/cgo/internal/test/issue8517_windows.c' -o '<temporary>/module.ll',1,0,e3b0c44298fc1c149afbf4c8996fb92427ae41e4649b934ca495991b7852b855,df7207c6a084999679b6daf8ffaeedc3a2fe9733f835a969448a4b1e369589a4,"<snapshot>/cmd/cgo/internal/test/issue8517_windows.c:5:10: fatal error: 'windows.h' file not found
    5 | #include ""windows.h""
      |          ^~~~~~~~~~~
1 error generated.",0,0,0,0,0,0,0,0,0
cmd/cgo/internal/test/issue8517_windows.c,7cc710364db9093bd65435150ec5202325364ccd9b3f8beec65cd537f00ca6d8,O2,"[""clang"",""-O2"",""-S"",""-emit-llvm"",""-Wno-everything"",""-I"",""<snapshot>/cmd/cgo/internal/test"",""-I"",""<snapshot>"",""<snapshot>/cmd/cgo/internal/test/issue8517_windows.c"",""-o"",""<temporary>/module.ll""]",clang -O2 -S -emit-llvm -Wno-everything -I '<snapshot>/cmd/cgo/internal/test' -I '<snapshot>' '<snapshot>/cmd/cgo/internal/test/issue8517_windows.c' -o '<temporary>/module.ll',1,0,e3b0c44298fc1c149afbf4c8996fb92427ae41e4649b934ca495991b7852b855,df7207c6a084999679b6daf8ffaeedc3a2fe9733f835a969448a4b1e369589a4,"<snapshot>/cmd/cgo/internal/test/issue8517_windows.c:5:10: fatal error: 'windows.h' file not found
    5 | #include ""windows.h""
      |          ^~~~~~~~~~~
1 error generated.",0,0,0,0,0,0,0,0,0
cmd/cgo/internal/test/issue8811.c,6d646ab6ccc5a90bf67181182476d8d6b326fd842e1636a25b62c55fc6899739,O0,"[""clang"",""-O0"",""-S"",""-emit-llvm"",""-Wno-everything"",""-I"",""<snapshot>/cmd/cgo/internal/test"",""-I"",""<snapshot>"",""<snapshot>/cmd/cgo/internal/test/issue8811.c"",""-o"",""<temporary>/module.ll""]",clang -O0 -S -emit-llvm -Wno-everything -I '<snapshot>/cmd/cgo/internal/test' -I '<snapshot>' '<snapshot>/cmd/cgo/internal/test/issue8811.c' -o '<temporary>/module.ll',0,0,e3b0c44298fc1c149afbf4c8996fb92427ae41e4649b934ca495991b7852b855,e3b0c44298fc1c149afbf4c8996fb92427ae41e4649b934ca495991b7852b855,,1,0,0,0,0,0,0,0,0
cmd/cgo/internal/test/issue8811.c,6d646ab6ccc5a90bf67181182476d8d6b326fd842e1636a25b62c55fc6899739,O1,"[""clang"",""-O1"",""-S"",""-emit-llvm"",""-Wno-everything"",""-I"",""<snapshot>/cmd/cgo/internal/test"",""-I"",""<snapshot>"",""<snapshot>/cmd/cgo/internal/test/issue8811.c"",""-o"",""<temporary>/module.ll""]",clang -O1 -S -emit-llvm -Wno-everything -I '<snapshot>/cmd/cgo/internal/test' -I '<snapshot>' '<snapshot>/cmd/cgo/internal/test/issue8811.c' -o '<temporary>/module.ll',0,0,e3b0c44298fc1c149afbf4c8996fb92427ae41e4649b934ca495991b7852b855,e3b0c44298fc1c149afbf4c8996fb92427ae41e4649b934ca495991b7852b855,,1,0,0,0,0,0,0,0,0
cmd/cgo/internal/test/issue8811.c,6d646ab6ccc5a90bf67181182476d8d6b326fd842e1636a25b62c55fc6899739,O2,"[""clang"",""-O2"",""-S"",""-emit-llvm"",""-Wno-everything"",""-I"",""<snapshot>/cmd/cgo/internal/test"",""-I"",""<snapshot>"",""<snapshot>/cmd/cgo/internal/test/issue8811.c"",""-o"",""<temporary>/module.ll""]",clang -O2 -S -emit-llvm -Wno-everything -I '<snapshot>/cmd/cgo/internal/test' -I '<snapshot>' '<snapshot>/cmd/cgo/internal/test/issue8811.c' -o '<temporary>/module.ll',0,0,e3b0c44298fc1c149afbf4c8996fb92427ae41e4649b934ca495991b7852b855,e3b0c44298fc1c149afbf4c8996fb92427ae41e4649b934ca495991b7852b855,,1,0,0,0,0,0,0,0,0
cmd/cgo/internal/test/issue8828/issue8828.c,313d1f40ab089b10cc30a61a184231d621964530808a0abb840bd85ce83c2ea9,O0,"[""clang"",""-O0"",""-S"",""-emit-llvm"",""-Wno-everything"",""-I"",""<snapshot>/cmd/cgo/internal/test/issue8828"",""-I"",""<snapshot>"",""<snapshot>/cmd/cgo/internal/test/issue8828/issue8828.c"",""-o"",""<temporary>/module.ll""]",clang -O0 -S -emit-llvm -Wno-everything -I '<snapshot>/cmd/cgo/internal/test/issue8828' -I '<snapshot>' '<snapshot>/cmd/cgo/internal/test/issue8828/issue8828.c' -o '<temporary>/module.ll',0,0,e3b0c44298fc1c149afbf4c8996fb92427ae41e4649b934ca495991b7852b855,e3b0c44298fc1c149afbf4c8996fb92427ae41e4649b934ca495991b7852b855,,1,0,0,0,0,0,0,0,0
cmd/cgo/internal/test/issue8828/issue8828.c,313d1f40ab089b10cc30a61a184231d621964530808a0abb840bd85ce83c2ea9,O1,"[""clang"",""-O1"",""-S"",""-emit-llvm"",""-Wno-everything"",""-I"",""<snapshot>/cmd/cgo/internal/test/issue8828"",""-I"",""<snapshot>"",""<snapshot>/cmd/cgo/internal/test/issue8828/issue8828.c"",""-o"",""<temporary>/module.ll""]",clang -O1 -S -emit-llvm -Wno-everything -I '<snapshot>/cmd/cgo/internal/test/issue8828' -I '<snapshot>' '<snapshot>/cmd/cgo/internal/test/issue8828/issue8828.c' -o '<temporary>/module.ll',0,0,e3b0c44298fc1c149afbf4c8996fb92427ae41e4649b934ca495991b7852b855,e3b0c44298fc1c149afbf4c8996fb92427ae41e4649b934ca495991b7852b855,,1,0,0,0,0,0,0,0,0
cmd/cgo/internal/test/issue8828/issue8828.c,313d1f40ab089b10cc30a61a184231d621964530808a0abb840bd85ce83c2ea9,O2,"[""clang"",""-O2"",""-S"",""-emit-llvm"",""-Wno-everything"",""-I"",""<snapshot>/cmd/cgo/internal/test/issue8828"",""-I"",""<snapshot>"",""<snapshot>/cmd/cgo/internal/test/issue8828/issue8828.c"",""-o"",""<temporary>/module.ll""]",clang -O2 -S -emit-llvm -Wno-everything -I '<snapshot>/cmd/cgo/internal/test/issue8828' -I '<snapshot>' '<snapshot>/cmd/cgo/internal/test/issue8828/issue8828.c' -o '<temporary>/module.ll',0,0,e3b0c44298fc1c149afbf4c8996fb92427ae41e4649b934ca495991b7852b855,e3b0c44298fc1c149afbf4c8996fb92427ae41e4649b934ca495991b7852b855,,1,0,0,0,0,0,0,0,0
cmd/cgo/internal/test/sigprocmask.c,cab0df2f4c7788edb76e7df485c5f7fcbcfaf46c4ee472081bf22bc70386bf06,O0,"[""clang"",""-O0"",""-S"",""-emit-llvm"",""-Wno-everything"",""-I"",""<snapshot>/cmd/cgo/internal/test"",""-I"",""<snapshot>"",""<snapshot>/cmd/cgo/internal/test/sigprocmask.c"",""-o"",""<temporary>/module.ll""]",clang -O0 -S -emit-llvm -Wno-everything -I '<snapshot>/cmd/cgo/internal/test' -I '<snapshot>' '<snapshot>/cmd/cgo/internal/test/sigprocmask.c' -o '<temporary>/module.ll',0,0,e3b0c44298fc1c149afbf4c8996fb92427ae41e4649b934ca495991b7852b855,e3b0c44298fc1c149afbf4c8996fb92427ae41e4649b934ca495991b7852b855,,56,5,0,1,6,3,2,0,0
cmd/cgo/internal/test/sigprocmask.c,cab0df2f4c7788edb76e7df485c5f7fcbcfaf46c4ee472081bf22bc70386bf06,O1,"[""clang"",""-O1"",""-S"",""-emit-llvm"",""-Wno-everything"",""-I"",""<snapshot>/cmd/cgo/internal/test"",""-I"",""<snapshot>"",""<snapshot>/cmd/cgo/internal/test/sigprocmask.c"",""-o"",""<temporary>/module.ll""]",clang -O1 -S -emit-llvm -Wno-everything -I '<snapshot>/cmd/cgo/internal/test' -I '<snapshot>' '<snapshot>/cmd/cgo/internal/test/sigprocmask.c' -o '<temporary>/module.ll',0,0,e3b0c44298fc1c149afbf4c8996fb92427ae41e4649b934ca495991b7852b855,e3b0c44298fc1c149afbf4c8996fb92427ae41e4649b934ca495991b7852b855,,40,3,0,0,3,1,1,0,0
cmd/cgo/internal/test/sigprocmask.c,cab0df2f4c7788edb76e7df485c5f7fcbcfaf46c4ee472081bf22bc70386bf06,O2,"[""clang"",""-O2"",""-S"",""-emit-llvm"",""-Wno-everything"",""-I"",""<snapshot>/cmd/cgo/internal/test"",""-I"",""<snapshot>"",""<snapshot>/cmd/cgo/internal/test/sigprocmask.c"",""-o"",""<temporary>/module.ll""]",clang -O2 -S -emit-llvm -Wno-everything -I '<snapshot>/cmd/cgo/internal/test' -I '<snapshot>' '<snapshot>/cmd/cgo/internal/test/sigprocmask.c' -o '<temporary>/module.ll',0,0,e3b0c44298fc1c149afbf4c8996fb92427ae41e4649b934ca495991b7852b855,e3b0c44298fc1c149afbf4c8996fb92427ae41e4649b934ca495991b7852b855,,40,3,0,0,3,1,1,0,0
cmd/cgo/internal/test/testx.c,2bccdb31d3255d3bfd2a2b73b1f4c5b96e0157d3908cb662a21fbdb9413c0daf,O0,"[""clang"",""-O0"",""-S"",""-emit-llvm"",""-Wno-everything"",""-I"",""<snapshot>/cmd/cgo/internal/test"",""-I"",""<snapshot>"",""<snapshot>/cmd/cgo/internal/test/testx.c"",""-o"",""<temporary>/module.ll""]",clang -O0 -S -emit-llvm -Wno-everything -I '<snapshot>/cmd/cgo/internal/test' -I '<snapshot>' '<snapshot>/cmd/cgo/internal/test/testx.c' -o '<temporary>/module.ll',1,0,e3b0c44298fc1c149afbf4c8996fb92427ae41e4649b934ca495991b7852b855,a282d95947b80cb5412cd07eca86c8252b48a43b2e44577662078c42a8ff8d16,"<snapshot>/cmd/cgo/internal/test/testx.c:5:10: fatal error: '_cgo_export.h' file not found
    5 | #include ""_cgo_export.h""
      |          ^~~~~~~~~~~~~~~
1 error generated.",0,0,0,0,0,0,0,0,0
cmd/cgo/internal/test/testx.c,2bccdb31d3255d3bfd2a2b73b1f4c5b96e0157d3908cb662a21fbdb9413c0daf,O1,"[""clang"",""-O1"",""-S"",""-emit-llvm"",""-Wno-everything"",""-I"",""<snapshot>/cmd/cgo/internal/test"",""-I"",""<snapshot>"",""<snapshot>/cmd/cgo/internal/test/testx.c"",""-o"",""<temporary>/module.ll""]",clang -O1 -S -emit-llvm -Wno-everything -I '<snapshot>/cmd/cgo/internal/test' -I '<snapshot>' '<snapshot>/cmd/cgo/internal/test/testx.c' -o '<temporary>/module.ll',1,0,e3b0c44298fc1c149afbf4c8996fb92427ae41e4649b934ca495991b7852b855,a282d95947b80cb5412cd07eca86c8252b48a43b2e44577662078c42a8ff8d16,"<snapshot>/cmd/cgo/internal/test/testx.c:5:10: fatal error: '_cgo_export.h' file not found
    5 | #include ""_cgo_export.h""
      |          ^~~~~~~~~~~~~~~
1 error generated.",0,0,0,0,0,0,0,0,0
cmd/cgo/internal/test/testx.c,2bccdb31d3255d3bfd2a2b73b1f4c5b96e0157d3908cb662a21fbdb9413c0daf,O2,"[""clang"",""-O2"",""-S"",""-emit-llvm"",""-Wno-everything"",""-I"",""<snapshot>/cmd/cgo/internal/test"",""-I"",""<snapshot>"",""<snapshot>/cmd/cgo/internal/test/testx.c"",""-o"",""<temporary>/module.ll""]",clang -O2 -S -emit-llvm -Wno-everything -I '<snapshot>/cmd/cgo/internal/test' -I '<snapshot>' '<snapshot>/cmd/cgo/internal/test/testx.c' -o '<temporary>/module.ll',1,0,e3b0c44298fc1c149afbf4c8996fb92427ae41e4649b934ca495991b7852b855,a282d95947b80cb5412cd07eca86c8252b48a43b2e44577662078c42a8ff8d16,"<snapshot>/cmd/cgo/internal/test/testx.c:5:10: fatal error: '_cgo_export.h' file not found
    5 | #include ""_cgo_export.h""
      |          ^~~~~~~~~~~~~~~
1 error generated.",0,0,0,0,0,0,0,0,0
cmd/cgo/internal/testcarchive/testdata/main.c,3b32e5b46795d4b58ed16fa105c20154f7d100934fe675983227295e1ff76803,O0,"[""clang"",""-O0"",""-S"",""-emit-llvm"",""-Wno-everything"",""-I"",""<snapshot>/cmd/cgo/internal/testcarchive/testdata"",""-I"",""<snapshot>"",""<snapshot>/cmd/cgo/internal/testcarchive/testdata/main.c"",""-o"",""<temporary>/module.ll""]",clang -O0 -S -emit-llvm -Wno-everything -I '<snapshot>/cmd/cgo/internal/testcarchive/testdata' -I '<snapshot>' '<snapshot>/cmd/cgo/internal/testcarchive/testdata/main.c' -o '<temporary>/module.ll',1,0,e3b0c44298fc1c149afbf4c8996fb92427ae41e4649b934ca495991b7852b855,01e95af97e4eed73d095b73b9ada13ea60aabca6d9db4d1767bd5415bff9b11f,"<snapshot>/cmd/cgo/internal/testcarchive/testdata/main.c:9:10: fatal error: 'p.h' file not found
    9 | #include ""p.h""
      |          ^~~~~
1 error generated.",0,0,0,0,0,0,0,0,0
cmd/cgo/internal/testcarchive/testdata/main.c,3b32e5b46795d4b58ed16fa105c20154f7d100934fe675983227295e1ff76803,O1,"[""clang"",""-O1"",""-S"",""-emit-llvm"",""-Wno-everything"",""-I"",""<snapshot>/cmd/cgo/internal/testcarchive/testdata"",""-I"",""<snapshot>"",""<snapshot>/cmd/cgo/internal/testcarchive/testdata/main.c"",""-o"",""<temporary>/module.ll""]",clang -O1 -S -emit-llvm -Wno-everything -I '<snapshot>/cmd/cgo/internal/testcarchive/testdata' -I '<snapshot>' '<snapshot>/cmd/cgo/internal/testcarchive/testdata/main.c' -o '<temporary>/module.ll',1,0,e3b0c44298fc1c149afbf4c8996fb92427ae41e4649b934ca495991b7852b855,01e95af97e4eed73d095b73b9ada13ea60aabca6d9db4d1767bd5415bff9b11f,"<snapshot>/cmd/cgo/internal/testcarchive/testdata/main.c:9:10: fatal error: 'p.h' file not found
    9 | #include ""p.h""
      |          ^~~~~
1 error generated.",0,0,0,0,0,0,0,0,0
cmd/cgo/internal/testcarchive/testdata/main.c,3b32e5b46795d4b58ed16fa105c20154f7d100934fe675983227295e1ff76803,O2,"[""clang"",""-O2"",""-S"",""-emit-llvm"",""-Wno-everything"",""-I"",""<snapshot>/cmd/cgo/internal/testcarchive/testdata"",""-I"",""<snapshot>"",""<snapshot>/cmd/cgo/internal/testcarchive/testdata/main.c"",""-o"",""<temporary>/module.ll""]",clang -O2 -S -emit-llvm -Wno-everything -I '<snapshot>/cmd/cgo/internal/testcarchive/testdata' -I '<snapshot>' '<snapshot>/cmd/cgo/internal/testcarchive/testdata/main.c' -o '<temporary>/module.ll',1,0,e3b0c44298fc1c149afbf4c8996fb92427ae41e4649b934ca495991b7852b855,01e95af97e4eed73d095b73b9ada13ea60aabca6d9db4d1767bd5415bff9b11f,"<snapshot>/cmd/cgo/internal/testcarchive/testdata/main.c:9:10: fatal error: 'p.h' file not found
    9 | #include ""p.h""
      |          ^~~~~
1 error generated.",0,0,0,0,0,0,0,0,0
cmd/cgo/internal/testcarchive/testdata/main2.c,a56a4f75bc673838f83720b3437d691a7f56640476e8bd70638154f49aedf342,O0,"[""clang"",""-O0"",""-S"",""-emit-llvm"",""-Wno-everything"",""-I"",""<snapshot>/cmd/cgo/internal/testcarchive/testdata"",""-I"",""<snapshot>"",""<snapshot>/cmd/cgo/internal/testcarchive/testdata/main2.c"",""-o"",""<temporary>/module.ll""]",clang -O0 -S -emit-llvm -Wno-everything -I '<snapshot>/cmd/cgo/internal/testcarchive/testdata' -I '<snapshot>' '<snapshot>/cmd/cgo/internal/testcarchive/testdata/main2.c' -o '<temporary>/module.ll',1,0,e3b0c44298fc1c149afbf4c8996fb92427ae41e4649b934ca495991b7852b855,114c190b23f5bc8d5ece31229cf88e4cc390483891750db647bcfe81df12ad85,"<snapshot>/cmd/cgo/internal/testcarchive/testdata/main2.c:22:10: fatal error: 'libgo2.h' file not found
   22 | #include ""libgo2.h""
      |          ^~~~~~~~~~
1 error generated.",0,0,0,0,0,0,0,0,0
cmd/cgo/internal/testcarchive/testdata/main2.c,a56a4f75bc673838f83720b3437d691a7f56640476e8bd70638154f49aedf342,O1,"[""clang"",""-O1"",""-S"",""-emit-llvm"",""-Wno-everything"",""-I"",""<snapshot>/cmd/cgo/internal/testcarchive/testdata"",""-I"",""<snapshot>"",""<snapshot>/cmd/cgo/internal/testcarchive/testdata/main2.c"",""-o"",""<temporary>/module.ll""]",clang -O1 -S -emit-llvm -Wno-everything -I '<snapshot>/cmd/cgo/internal/testcarchive/testdata' -I '<snapshot>' '<snapshot>/cmd/cgo/internal/testcarchive/testdata/main2.c' -o '<temporary>/module.ll',1,0,e3b0c44298fc1c149afbf4c8996fb92427ae41e4649b934ca495991b7852b855,114c190b23f5bc8d5ece31229cf88e4cc390483891750db647bcfe81df12ad85,"<snapshot>/cmd/cgo/internal/testcarchive/testdata/main2.c:22:10: fatal error: 'libgo2.h' file not found
   22 | #include ""libgo2.h""
      |          ^~~~~~~~~~
1 error generated.",0,0,0,0,0,0,0,0,0
cmd/cgo/internal/testcarchive/testdata/main2.c,a56a4f75bc673838f83720b3437d691a7f56640476e8bd70638154f49aedf342,O2,"[""clang"",""-O2"",""-S"",""-emit-llvm"",""-Wno-everything"",""-I"",""<snapshot>/cmd/cgo/internal/testcarchive/testdata"",""-I"",""<snapshot>"",""<snapshot>/cmd/cgo/internal/testcarchive/testdata/main2.c"",""-o"",""<temporary>/module.ll""]",clang -O2 -S -emit-llvm -Wno-everything -I '<snapshot>/cmd/cgo/internal/testcarchive/testdata' -I '<snapshot>' '<snapshot>/cmd/cgo/internal/testcarchive/testdata/main2.c' -o '<temporary>/module.ll',1,0,e3b0c44298fc1c149afbf4c8996fb92427ae41e4649b934ca495991b7852b855,114c190b23f5bc8d5ece31229cf88e4cc390483891750db647bcfe81df12ad85,"<snapshot>/cmd/cgo/internal/testcarchive/testdata/main2.c:22:10: fatal error: 'libgo2.h' file not found
   22 | #include ""libgo2.h""
      |          ^~~~~~~~~~
1 error generated.",0,0,0,0,0,0,0,0,0
cmd/cgo/internal/testcarchive/testdata/main3.c,8bccc8ca20ce47072813a3a4e5d388ab819b573ef7f163e553653b6bdaaed740,O0,"[""clang"",""-O0"",""-S"",""-emit-llvm"",""-Wno-everything"",""-I"",""<snapshot>/cmd/cgo/internal/testcarchive/testdata"",""-I"",""<snapshot>"",""<snapshot>/cmd/cgo/internal/testcarchive/testdata/main3.c"",""-o"",""<temporary>/module.ll""]",clang -O0 -S -emit-llvm -Wno-everything -I '<snapshot>/cmd/cgo/internal/testcarchive/testdata' -I '<snapshot>' '<snapshot>/cmd/cgo/internal/testcarchive/testdata/main3.c' -o '<temporary>/module.ll',1,0,e3b0c44298fc1c149afbf4c8996fb92427ae41e4649b934ca495991b7852b855,5b9ec1e62e29359f487a7a7fb604e50c0f12afa62b6676276301669ea1b1c886,"<snapshot>/cmd/cgo/internal/testcarchive/testdata/main3.c:17:10: fatal error: 'libgo3.h' file not found
   17 | #include ""libgo3.h""
      |          ^~~~~~~~~~
1 error generated.",0,0,0,0,0,0,0,0,0
cmd/cgo/internal/testcarchive/testdata/main3.c,8bccc8ca20ce47072813a3a4e5d388ab819b573ef7f163e553653b6bdaaed740,O1,"[""clang"",""-O1"",""-S"",""-emit-llvm"",""-Wno-everything"",""-I"",""<snapshot>/cmd/cgo/internal/testcarchive/testdata"",""-I"",""<snapshot>"",""<snapshot>/cmd/cgo/internal/testcarchive/testdata/main3.c"",""-o"",""<temporary>/module.ll""]",clang -O1 -S -emit-llvm -Wno-everything -I '<snapshot>/cmd/cgo/internal/testcarchive/testdata' -I '<snapshot>' '<snapshot>/cmd/cgo/internal/testcarchive/testdata/main3.c' -o '<temporary>/module.ll',1,0,e3b0c44298fc1c149afbf4c8996fb92427ae41e4649b934ca495991b7852b855,5b9ec1e62e29359f487a7a7fb604e50c0f12afa62b6676276301669ea1b1c886,"<snapshot>/cmd/cgo/internal/testcarchive/testdata/main3.c:17:10: fatal error: 'libgo3.h' file not found
   17 | #include ""libgo3.h""
      |          ^~~~~~~~~~
1 error generated.",0,0,0,0,0,0,0,0,0
cmd/cgo/internal/testcarchive/testdata/main3.c,8bccc8ca20ce47072813a3a4e5d388ab819b573ef7f163e553653b6bdaaed740,O2,"[""clang"",""-O2"",""-S"",""-emit-llvm"",""-Wno-everything"",""-I"",""<snapshot>/cmd/cgo/internal/testcarchive/testdata"",""-I"",""<snapshot>"",""<snapshot>/cmd/cgo/internal/testcarchive/testdata/main3.c"",""-o"",""<temporary>/module.ll""]",clang -O2 -S -emit-llvm -Wno-everything -I '<snapshot>/cmd/cgo/internal/testcarchive/testdata' -I '<snapshot>' '<snapshot>/cmd/cgo/internal/testcarchive/testdata/main3.c' -o '<temporary>/module.ll',1,0,e3b0c44298fc1c149afbf4c8996fb92427ae41e4649b934ca495991b7852b855,5b9ec1e62e29359f487a7a7fb604e50c0f12afa62b6676276301669ea1b1c886,"<snapshot>/cmd/cgo/internal/testcarchive/testdata/main3.c:17:10: fatal error: 'libgo3.h' file not found
   17 | #include ""libgo3.h""
      |          ^~~~~~~~~~
1 error generated.",0,0,0,0,0,0,0,0,0
cmd/cgo/internal/testcarchive/testdata/main4.c,fac79c3485e011c15af7b96536730a3b346fd81cda5ddef0236d46c3764d0850,O0,"[""clang"",""-O0"",""-S"",""-emit-llvm"",""-Wno-everything"",""-I"",""<snapshot>/cmd/cgo/internal/testcarchive/testdata"",""-I"",""<snapshot>"",""<snapshot>/cmd/cgo/internal/testcarchive/testdata/main4.c"",""-o"",""<temporary>/module.ll""]",clang -O0 -S -emit-llvm -Wno-everything -I '<snapshot>/cmd/cgo/internal/testcarchive/testdata' -I '<snapshot>' '<snapshot>/cmd/cgo/internal/testcarchive/testdata/main4.c' -o '<temporary>/module.ll',1,0,e3b0c44298fc1c149afbf4c8996fb92427ae41e4649b934ca495991b7852b855,7d79cdaf5ce4f1ffe9fb77de57817e397bbf3326c87eaf35a3cdc545d8f15271,"<snapshot>/cmd/cgo/internal/testcarchive/testdata/main4.c:15:10: fatal error: 'libgo4.h' file not found
   15 | #include ""libgo4.h""
      |          ^~~~~~~~~~
1 error generated.",0,0,0,0,0,0,0,0,0
cmd/cgo/internal/testcarchive/testdata/main4.c,fac79c3485e011c15af7b96536730a3b346fd81cda5ddef0236d46c3764d0850,O1,"[""clang"",""-O1"",""-S"",""-emit-llvm"",""-Wno-everything"",""-I"",""<snapshot>/cmd/cgo/internal/testcarchive/testdata"",""-I"",""<snapshot>"",""<snapshot>/cmd/cgo/internal/testcarchive/testdata/main4.c"",""-o"",""<temporary>/module.ll""]",clang -O1 -S -emit-llvm -Wno-everything -I '<snapshot>/cmd/cgo/internal/testcarchive/testdata' -I '<snapshot>' '<snapshot>/cmd/cgo/internal/testcarchive/testdata/main4.c' -o '<temporary>/module.ll',1,0,e3b0c44298fc1c149afbf4c8996fb92427ae41e4649b934ca495991b7852b855,7d79cdaf5ce4f1ffe9fb77de57817e397bbf3326c87eaf35a3cdc545d8f15271,"<snapshot>/cmd/cgo/internal/testcarchive/testdata/main4.c:15:10: fatal error: 'libgo4.h' file not found
   15 | #include ""libgo4.h""
      |          ^~~~~~~~~~
1 error generated.",0,0,0,0,0,0,0,0,0
cmd/cgo/internal/testcarchive/testdata/main4.c,fac79c3485e011c15af7b96536730a3b346fd81cda5ddef0236d46c3764d0850,O2,"[""clang"",""-O2"",""-S"",""-emit-llvm"",""-Wno-everything"",""-I"",""<snapshot>/cmd/cgo/internal/testcarchive/testdata"",""-I"",""<snapshot>"",""<snapshot>/cmd/cgo/internal/testcarchive/testdata/main4.c"",""-o"",""<temporary>/module.ll""]",clang -O2 -S -emit-llvm -Wno-everything -I '<snapshot>/cmd/cgo/internal/testcarchive/testdata' -I '<snapshot>' '<snapshot>/cmd/cgo/internal/testcarchive/testdata/main4.c' -o '<temporary>/module.ll',1,0,e3b0c44298fc1c149afbf4c8996fb92427ae41e4649b934ca495991b7852b855,7d79cdaf5ce4f1ffe9fb77de57817e397bbf3326c87eaf35a3cdc545d8f15271,"<snapshot>/cmd/cgo/internal/testcarchive/testdata/main4.c:15:10: fatal error: 'libgo4.h' file not found
   15 | #include ""libgo4.h""
      |          ^~~~~~~~~~
1 error generated.",0,0,0,0,0,0,0,0,0
cmd/cgo/internal/testcarchive/testdata/main5.c,c2e39608ab193b9a5d431d8ba7b5c65110dbf777989ab1776574fa82b5be4c83,O0,"[""clang"",""-O0"",""-S"",""-emit-llvm"",""-Wno-everything"",""-I"",""<snapshot>/cmd/cgo/internal/testcarchive/testdata"",""-I"",""<snapshot>"",""<snapshot>/cmd/cgo/internal/testcarchive/testdata/main5.c"",""-o"",""<temporary>/module.ll""]",clang -O0 -S -emit-llvm -Wno-everything -I '<snapshot>/cmd/cgo/internal/testcarchive/testdata' -I '<snapshot>' '<snapshot>/cmd/cgo/internal/testcarchive/testdata/main5.c' -o '<temporary>/module.ll',1,0,e3b0c44298fc1c149afbf4c8996fb92427ae41e4649b934ca495991b7852b855,6e1f23f5052764a6a23cda0cb7b7fc7e8260b80056f8ce04df7980999699f167,"<snapshot>/cmd/cgo/internal/testcarchive/testdata/main5.c:15:10: fatal error: 'libgo2.h' file not found
   15 | #include ""libgo2.h""
      |          ^~~~~~~~~~
1 error generated.",0,0,0,0,0,0,0,0,0
cmd/cgo/internal/testcarchive/testdata/main5.c,c2e39608ab193b9a5d431d8ba7b5c65110dbf777989ab1776574fa82b5be4c83,O1,"[""clang"",""-O1"",""-S"",""-emit-llvm"",""-Wno-everything"",""-I"",""<snapshot>/cmd/cgo/internal/testcarchive/testdata"",""-I"",""<snapshot>"",""<snapshot>/cmd/cgo/internal/testcarchive/testdata/main5.c"",""-o"",""<temporary>/module.ll""]",clang -O1 -S -emit-llvm -Wno-everything -I '<snapshot>/cmd/cgo/internal/testcarchive/testdata' -I '<snapshot>' '<snapshot>/cmd/cgo/internal/testcarchive/testdata/main5.c' -o '<temporary>/module.ll',1,0,e3b0c44298fc1c149afbf4c8996fb92427ae41e4649b934ca495991b7852b855,6e1f23f5052764a6a23cda0cb7b7fc7e8260b80056f8ce04df7980999699f167,"<snapshot>/cmd/cgo/internal/testcarchive/testdata/main5.c:15:10: fatal error: 'libgo2.h' file not found
   15 | #include ""libgo2.h""
      |          ^~~~~~~~~~
1 error generated.",0,0,0,0,0,0,0,0,0
cmd/cgo/internal/testcarchive/testdata/main5.c,c2e39608ab193b9a5d431d8ba7b5c65110dbf777989ab1776574fa82b5be4c83,O2,"[""clang"",""-O2"",""-S"",""-emit-llvm"",""-Wno-everything"",""-I"",""<snapshot>/cmd/cgo/internal/testcarchive/testdata"",""-I"",""<snapshot>"",""<snapshot>/cmd/cgo/internal/testcarchive/testdata/main5.c"",""-o"",""<temporary>/module.ll""]",clang -O2 -S -emit-llvm -Wno-everything -I '<snapshot>/cmd/cgo/internal/testcarchive/testdata' -I '<snapshot>' '<snapshot>/cmd/cgo/internal/testcarchive/testdata/main5.c' -o '<temporary>/module.ll',1,0,e3b0c44298fc1c149afbf4c8996fb92427ae41e4649b934ca495991b7852b855,6e1f23f5052764a6a23cda0cb7b7fc7e8260b80056f8ce04df7980999699f167,"<snapshot>/cmd/cgo/internal/testcarchive/testdata/main5.c:15:10: fatal error: 'libgo2.h' file not found
   15 | #include ""libgo2.h""
      |          ^~~~~~~~~~
1 error generated.",0,0,0,0,0,0,0,0,0
cmd/cgo/internal/testcarchive/testdata/main6.c,6f2e6211a390c4c2f8f36ad00e73c2860270a2d23c93b2d6e4b26066bd23c89e,O0,"[""clang"",""-O0"",""-S"",""-emit-llvm"",""-Wno-everything"",""-I"",""<snapshot>/cmd/cgo/internal/testcarchive/testdata"",""-I"",""<snapshot>"",""<snapshot>/cmd/cgo/internal/testcarchive/testdata/main6.c"",""-o"",""<temporary>/module.ll""]",clang -O0 -S -emit-llvm -Wno-everything -I '<snapshot>/cmd/cgo/internal/testcarchive/testdata' -I '<snapshot>' '<snapshot>/cmd/cgo/internal/testcarchive/testdata/main6.c' -o '<temporary>/module.ll',1,0,e3b0c44298fc1c149afbf4c8996fb92427ae41e4649b934ca495991b7852b855,e714bdee1aa3ecca399e3baba7015b05982073083c7bfa2125d28fa83eaa826b,"<snapshot>/cmd/cgo/internal/testcarchive/testdata/main6.c:10:10: fatal error: 'libgo6.h' file not found
   10 | #include ""libgo6.h""
      |          ^~~~~~~~~~
1 error generated.",0,0,0,0,0,0,0,0,0
cmd/cgo/internal/testcarchive/testdata/main6.c,6f2e6211a390c4c2f8f36ad00e73c2860270a2d23c93b2d6e4b26066bd23c89e,O1,"[""clang"",""-O1"",""-S"",""-emit-llvm"",""-Wno-everything"",""-I"",""<snapshot>/cmd/cgo/internal/testcarchive/testdata"",""-I"",""<snapshot>"",""<snapshot>/cmd/cgo/internal/testcarchive/testdata/main6.c"",""-o"",""<temporary>/module.ll""]",clang -O1 -S -emit-llvm -Wno-everything -I '<snapshot>/cmd/cgo/internal/testcarchive/testdata' -I '<snapshot>' '<snapshot>/cmd/cgo/internal/testcarchive/testdata/main6.c' -o '<temporary>/module.ll',1,0,e3b0c44298fc1c149afbf4c8996fb92427ae41e4649b934ca495991b7852b855,e714bdee1aa3ecca399e3baba7015b05982073083c7bfa2125d28fa83eaa826b,"<snapshot>/cmd/cgo/internal/testcarchive/testdata/main6.c:10:10: fatal error: 'libgo6.h' file not found
   10 | #include ""libgo6.h""
      |          ^~~~~~~~~~
1 error generated.",0,0,0,0,0,0,0,0,0
cmd/cgo/internal/testcarchive/testdata/main6.c,6f2e6211a390c4c2f8f36ad00e73c2860270a2d23c93b2d6e4b26066bd23c89e,O2,"[""clang"",""-O2"",""-S"",""-emit-llvm"",""-Wno-everything"",""-I"",""<snapshot>/cmd/cgo/internal/testcarchive/testdata"",""-I"",""<snapshot>"",""<snapshot>/cmd/cgo/internal/testcarchive/testdata/main6.c"",""-o"",""<temporary>/module.ll""]",clang -O2 -S -emit-llvm -Wno-everything -I '<snapshot>/cmd/cgo/internal/testcarchive/testdata' -I '<snapshot>' '<snapshot>/cmd/cgo/internal/testcarchive/testdata/main6.c' -o '<temporary>/module.ll',1,0,e3b0c44298fc1c149afbf4c8996fb92427ae41e4649b934ca495991b7852b855,e714bdee1aa3ecca399e3baba7015b05982073083c7bfa2125d28fa83eaa826b,"<snapshot>/cmd/cgo/internal/testcarchive/testdata/main6.c:10:10: fatal error: 'libgo6.h' file not found
   10 | #include ""libgo6.h""
      |          ^~~~~~~~~~
1 error generated.",0,0,0,0,0,0,0,0,0
cmd/cgo/internal/testcarchive/testdata/main7.c,e02fbc5a50769b2c6033df48f3ce27e3e3dc61cd9ea720f97a52cd7e4cd71f99,O0,"[""clang"",""-O0"",""-S"",""-emit-llvm"",""-Wno-everything"",""-I"",""<snapshot>/cmd/cgo/internal/testcarchive/testdata"",""-I"",""<snapshot>"",""<snapshot>/cmd/cgo/internal/testcarchive/testdata/main7.c"",""-o"",""<temporary>/module.ll""]",clang -O0 -S -emit-llvm -Wno-everything -I '<snapshot>/cmd/cgo/internal/testcarchive/testdata' -I '<snapshot>' '<snapshot>/cmd/cgo/internal/testcarchive/testdata/main7.c' -o '<temporary>/module.ll',1,0,e3b0c44298fc1c149afbf4c8996fb92427ae41e4649b934ca495991b7852b855,53c0593920a64f32b81382b69efdab8423950603c72ae89d9db64a853d679bd2,"<snapshot>/cmd/cgo/internal/testcarchive/testdata/main7.c:9:10: fatal error: 'libgo7.h' file not found
    9 | #include ""libgo7.h""
      |          ^~~~~~~~~~
1 error generated.",0,0,0,0,0,0,0,0,0
cmd/cgo/internal/testcarchive/testdata/main7.c,e02fbc5a50769b2c6033df48f3ce27e3e3dc61cd9ea720f97a52cd7e4cd71f99,O1,"[""clang"",""-O1"",""-S"",""-emit-llvm"",""-Wno-everything"",""-I"",""<snapshot>/cmd/cgo/internal/testcarchive/testdata"",""-I"",""<snapshot>"",""<snapshot>/cmd/cgo/internal/testcarchive/testdata/main7.c"",""-o"",""<temporary>/module.ll""]",clang -O1 -S -emit-llvm -Wno-everything -I '<snapshot>/cmd/cgo/internal/testcarchive/testdata' -I '<snapshot>' '<snapshot>/cmd/cgo/internal/testcarchive/testdata/main7.c' -o '<temporary>/module.ll',1,0,e3b0c44298fc1c149afbf4c8996fb92427ae41e4649b934ca495991b7852b855,53c0593920a64f32b81382b69efdab8423950603c72ae89d9db64a853d679bd2,"<snapshot>/cmd/cgo/internal/testcarchive/testdata/main7.c:9:10: fatal error: 'libgo7.h' file not found
    9 | #include ""libgo7.h""
      |          ^~~~~~~~~~
1 error generated.",0,0,0,0,0,0,0,0,0
cmd/cgo/internal/testcarchive/testdata/main7.c,e02fbc5a50769b2c6033df48f3ce27e3e3dc61cd9ea720f97a52cd7e4cd71f99,O2,"[""clang"",""-O2"",""-S"",""-emit-llvm"",""-Wno-everything"",""-I"",""<snapshot>/cmd/cgo/internal/testcarchive/testdata"",""-I"",""<snapshot>"",""<snapshot>/cmd/cgo/internal/testcarchive/testdata/main7.c"",""-o"",""<temporary>/module.ll""]",clang -O2 -S -emit-llvm -Wno-everything -I '<snapshot>/cmd/cgo/internal/testcarchive/testdata' -I '<snapshot>' '<snapshot>/cmd/cgo/internal/testcarchive/testdata/main7.c' -o '<temporary>/module.ll',1,0,e3b0c44298fc1c149afbf4c8996fb92427ae41e4649b934ca495991b7852b855,53c0593920a64f32b81382b69efdab8423950603c72ae89d9db64a853d679bd2,"<snapshot>/cmd/cgo/internal/testcarchive/testdata/main7.c:9:10: fatal error: 'libgo7.h' file not found
    9 | #include ""libgo7.h""
      |          ^~~~~~~~~~
1 error generated.",0,0,0,0,0,0,0,0,0
cmd/cgo/internal/testcarchive/testdata/main8.c,aafc031898bffa89a0b949fba8fb8f5ffc598c4354fdd11f2b30ff9ad145be70,O0,"[""clang"",""-O0"",""-S"",""-emit-llvm"",""-Wno-everything"",""-I"",""<snapshot>/cmd/cgo/internal/testcarchive/testdata"",""-I"",""<snapshot>"",""<snapshot>/cmd/cgo/internal/testcarchive/testdata/main8.c"",""-o"",""<temporary>/module.ll""]",clang -O0 -S -emit-llvm -Wno-everything -I '<snapshot>/cmd/cgo/internal/testcarchive/testdata' -I '<snapshot>' '<snapshot>/cmd/cgo/internal/testcarchive/testdata/main8.c' -o '<temporary>/module.ll',1,0,e3b0c44298fc1c149afbf4c8996fb92427ae41e4649b934ca495991b7852b855,60d0ef19e686dff0c529197703eab3091afab60f70bd740256f228a7db7a099c,"<snapshot>/cmd/cgo/internal/testcarchive/testdata/main8.c:9:10: fatal error: 'libgo8.h' file not found
    9 | #include ""libgo8.h""
      |          ^~~~~~~~~~
1 error generated.",0,0,0,0,0,0,0,0,0
cmd/cgo/internal/testcarchive/testdata/main8.c,aafc031898bffa89a0b949fba8fb8f5ffc598c4354fdd11f2b30ff9ad145be70,O1,"[""clang"",""-O1"",""-S"",""-emit-llvm"",""-Wno-everything"",""-I"",""<snapshot>/cmd/cgo/internal/testcarchive/testdata"",""-I"",""<snapshot>"",""<snapshot>/cmd/cgo/internal/testcarchive/testdata/main8.c"",""-o"",""<temporary>/module.ll""]",clang -O1 -S -emit-llvm -Wno-everything -I '<snapshot>/cmd/cgo/internal/testcarchive/testdata' -I '<snapshot>' '<snapshot>/cmd/cgo/internal/testcarchive/testdata/main8.c' -o '<temporary>/module.ll',1,0,e3b0c44298fc1c149afbf4c8996fb92427ae41e4649b934ca495991b7852b855,60d0ef19e686dff0c529197703eab3091afab60f70bd740256f228a7db7a099c,"<snapshot>/cmd/cgo/internal/testcarchive/testdata/main8.c:9:10: fatal error: 'libgo8.h' file not found
    9 | #include ""libgo8.h""
      |          ^~~~~~~~~~
1 error generated.",0,0,0,0,0,0,0,0,0
cmd/cgo/internal/testcarchive/testdata/main8.c,aafc031898bffa89a0b949fba8fb8f5ffc598c4354fdd11f2b30ff9ad145be70,O2,"[""clang"",""-O2"",""-S"",""-emit-llvm"",""-Wno-everything"",""-I"",""<snapshot>/cmd/cgo/internal/testcarchive/testdata"",""-I"",""<snapshot>"",""<snapshot>/cmd/cgo/internal/testcarchive/testdata/main8.c"",""-o"",""<temporary>/module.ll""]",clang -O2 -S -emit-llvm -Wno-everything -I '<snapshot>/cmd/cgo/internal/testcarchive/testdata' -I '<snapshot>' '<snapshot>/cmd/cgo/internal/testcarchive/testdata/main8.c' -o '<temporary>/module.ll',1,0,e3b0c44298fc1c149afbf4c8996fb92427ae41e4649b934ca495991b7852b855,60d0ef19e686dff0c529197703eab3091afab60f70bd740256f228a7db7a099c,"<snapshot>/cmd/cgo/internal/testcarchive/testdata/main8.c:9:10: fatal error: 'libgo8.h' file not found
    9 | #include ""libgo8.h""
      |          ^~~~~~~~~~
1 error generated.",0,0,0,0,0,0,0,0,0
cmd/cgo/internal/testcarchive/testdata/main9.c,855c1016eca1fdcbdd0e4d0c80bd951ddd00ced04b079ab20b280162d83572a6,O0,"[""clang"",""-O0"",""-S"",""-emit-llvm"",""-Wno-everything"",""-I"",""<snapshot>/cmd/cgo/internal/testcarchive/testdata"",""-I"",""<snapshot>"",""<snapshot>/cmd/cgo/internal/testcarchive/testdata/main9.c"",""-o"",""<temporary>/module.ll""]",clang -O0 -S -emit-llvm -Wno-everything -I '<snapshot>/cmd/cgo/internal/testcarchive/testdata' -I '<snapshot>' '<snapshot>/cmd/cgo/internal/testcarchive/testdata/main9.c' -o '<temporary>/module.ll',1,0,e3b0c44298fc1c149afbf4c8996fb92427ae41e4649b934ca495991b7852b855,ae95f6c0cb439676d1a5cbb420fe65fe56477298c750d95c5ee21d24251752cb,"<snapshot>/cmd/cgo/internal/testcarchive/testdata/main9.c:5:10: fatal error: 'libgo9.h' file not found
    5 | #include ""libgo9.h""
      |          ^~~~~~~~~~
1 error generated.",0,0,0,0,0,0,0,0,0
cmd/cgo/internal/testcarchive/testdata/main9.c,855c1016eca1fdcbdd0e4d0c80bd951ddd00ced04b079ab20b280162d83572a6,O1,"[""clang"",""-O1"",""-S"",""-emit-llvm"",""-Wno-everything"",""-I"",""<snapshot>/cmd/cgo/internal/testcarchive/testdata"",""-I"",""<snapshot>"",""<snapshot>/cmd/cgo/internal/testcarchive/testdata/main9.c"",""-o"",""<temporary>/module.ll""]",clang -O1 -S -emit-llvm -Wno-everything -I '<snapshot>/cmd/cgo/internal/testcarchive/testdata' -I '<snapshot>' '<snapshot>/cmd/cgo/internal/testcarchive/testdata/main9.c' -o '<temporary>/module.ll',1,0,e3b0c44298fc1c149afbf4c8996fb92427ae41e4649b934ca495991b7852b855,ae95f6c0cb439676d1a5cbb420fe65fe56477298c750d95c5ee21d24251752cb,"<snapshot>/cmd/cgo/internal/testcarchive/testdata/main9.c:5:10: fatal error: 'libgo9.h' file not found
    5 | #include ""libgo9.h""
      |          ^~~~~~~~~~
1 error generated.",0,0,0,0,0,0,0,0,0
cmd/cgo/internal/testcarchive/testdata/main9.c,855c1016eca1fdcbdd0e4d0c80bd951ddd00ced04b079ab20b280162d83572a6,O2,"[""clang"",""-O2"",""-S"",""-emit-llvm"",""-Wno-everything"",""-I"",""<snapshot>/cmd/cgo/internal/testcarchive/testdata"",""-I"",""<snapshot>"",""<snapshot>/cmd/cgo/internal/testcarchive/testdata/main9.c"",""-o"",""<temporary>/module.ll""]",clang -O2 -S -emit-llvm -Wno-everything -I '<snapshot>/cmd/cgo/internal/testcarchive/testdata' -I '<snapshot>' '<snapshot>/cmd/cgo/internal/testcarchive/testdata/main9.c' -o '<temporary>/module.ll',1,0,e3b0c44298fc1c149afbf4c8996fb92427ae41e4649b934ca495991b7852b855,ae95f6c0cb439676d1a5cbb420fe65fe56477298c750d95c5ee21d24251752cb,"<snapshot>/cmd/cgo/internal/testcarchive/testdata/main9.c:5:10: fatal error: 'libgo9.h' file not found
    5 | #include ""libgo9.h""
      |          ^~~~~~~~~~
1 error generated.",0,0,0,0,0,0,0,0,0
cmd/cgo/internal/testcarchive/testdata/main_unix.c,f395747eb1c5b5542780762509eba7f8b0ec9337f6fcb51c86554ce58de2a309,O0,"[""clang"",""-O0"",""-S"",""-emit-llvm"",""-Wno-everything"",""-I"",""<snapshot>/cmd/cgo/internal/testcarchive/testdata"",""-I"",""<snapshot>"",""<snapshot>/cmd/cgo/internal/testcarchive/testdata/main_unix.c"",""-o"",""<temporary>/module.ll""]",clang -O0 -S -emit-llvm -Wno-everything -I '<snapshot>/cmd/cgo/internal/testcarchive/testdata' -I '<snapshot>' '<snapshot>/cmd/cgo/internal/testcarchive/testdata/main_unix.c' -o '<temporary>/module.ll',0,0,e3b0c44298fc1c149afbf4c8996fb92427ae41e4649b934ca495991b7852b855,e3b0c44298fc1c149afbf4c8996fb92427ae41e4649b934ca495991b7852b855,,72,1,0,0,1,0,0,0,0
cmd/cgo/internal/testcarchive/testdata/main_unix.c,f395747eb1c5b5542780762509eba7f8b0ec9337f6fcb51c86554ce58de2a309,O1,"[""clang"",""-O1"",""-S"",""-emit-llvm"",""-Wno-everything"",""-I"",""<snapshot>/cmd/cgo/internal/testcarchive/testdata"",""-I"",""<snapshot>"",""<snapshot>/cmd/cgo/internal/testcarchive/testdata/main_unix.c"",""-o"",""<temporary>/module.ll""]",clang -O1 -S -emit-llvm -Wno-everything -I '<snapshot>/cmd/cgo/internal/testcarchive/testdata' -I '<snapshot>' '<snapshot>/cmd/cgo/internal/testcarchive/testdata/main_unix.c' -o '<temporary>/module.ll',0,0,e3b0c44298fc1c149afbf4c8996fb92427ae41e4649b934ca495991b7852b855,e3b0c44298fc1c149afbf4c8996fb92427ae41e4649b934ca495991b7852b855,,58,1,0,0,1,0,0,0,0
cmd/cgo/internal/testcarchive/testdata/main_unix.c,f395747eb1c5b5542780762509eba7f8b0ec9337f6fcb51c86554ce58de2a309,O2,"[""clang"",""-O2"",""-S"",""-emit-llvm"",""-Wno-everything"",""-I"",""<snapshot>/cmd/cgo/internal/testcarchive/testdata"",""-I"",""<snapshot>"",""<snapshot>/cmd/cgo/internal/testcarchive/testdata/main_unix.c"",""-o"",""<temporary>/module.ll""]",clang -O2 -S -emit-llvm -Wno-everything -I '<snapshot>/cmd/cgo/internal/testcarchive/testdata' -I '<snapshot>' '<snapshot>/cmd/cgo/internal/testcarchive/testdata/main_unix.c' -o '<temporary>/module.ll',0,0,e3b0c44298fc1c149afbf4c8996fb92427ae41e4649b934ca495991b7852b855,e3b0c44298fc1c149afbf4c8996fb92427ae41e4649b934ca495991b7852b855,,58,1,0,0,1,0,0,0,0
cmd/cgo/internal/testcarchive/testdata/main_windows.c,2387c790993b76bd9ce08a168aa57fb69af0e1886e391e6b993279790bf55d46,O0,"[""clang"",""-O0"",""-S"",""-emit-llvm"",""-Wno-everything"",""-I"",""<snapshot>/cmd/cgo/internal/testcarchive/testdata"",""-I"",""<snapshot>"",""<snapshot>/cmd/cgo/internal/testcarchive/testdata/main_windows.c"",""-o"",""<temporary>/module.ll""]",clang -O0 -S -emit-llvm -Wno-everything -I '<snapshot>/cmd/cgo/internal/testcarchive/testdata' -I '<snapshot>' '<snapshot>/cmd/cgo/internal/testcarchive/testdata/main_windows.c' -o '<temporary>/module.ll',0,0,e3b0c44298fc1c149afbf4c8996fb92427ae41e4649b934ca495991b7852b855,e3b0c44298fc1c149afbf4c8996fb92427ae41e4649b934ca495991b7852b855,,2,0,0,0,0,0,0,0,0
cmd/cgo/internal/testcarchive/testdata/main_windows.c,2387c790993b76bd9ce08a168aa57fb69af0e1886e391e6b993279790bf55d46,O1,"[""clang"",""-O1"",""-S"",""-emit-llvm"",""-Wno-everything"",""-I"",""<snapshot>/cmd/cgo/internal/testcarchive/testdata"",""-I"",""<snapshot>"",""<snapshot>/cmd/cgo/internal/testcarchive/testdata/main_windows.c"",""-o"",""<temporary>/module.ll""]",clang -O1 -S -emit-llvm -Wno-everything -I '<snapshot>/cmd/cgo/internal/testcarchive/testdata' -I '<snapshot>' '<snapshot>/cmd/cgo/internal/testcarchive/testdata/main_windows.c' -o '<temporary>/module.ll',0,0,e3b0c44298fc1c149afbf4c8996fb92427ae41e4649b934ca495991b7852b855,e3b0c44298fc1c149afbf4c8996fb92427ae41e4649b934ca495991b7852b855,,2,0,0,0,0,0,0,0,0
cmd/cgo/internal/testcarchive/testdata/main_windows.c,2387c790993b76bd9ce08a168aa57fb69af0e1886e391e6b993279790bf55d46,O2,"[""clang"",""-O2"",""-S"",""-emit-llvm"",""-Wno-everything"",""-I"",""<snapshot>/cmd/cgo/internal/testcarchive/testdata"",""-I"",""<snapshot>"",""<snapshot>/cmd/cgo/internal/testcarchive/testdata/main_windows.c"",""-o"",""<temporary>/module.ll""]",clang -O2 -S -emit-llvm -Wno-everything -I '<snapshot>/cmd/cgo/internal/testcarchive/testdata' -I '<snapshot>' '<snapshot>/cmd/cgo/internal/testcarchive/testdata/main_windows.c' -o '<temporary>/module.ll',0,0,e3b0c44298fc1c149afbf4c8996fb92427ae41e4649b934ca495991b7852b855,e3b0c44298fc1c149afbf4c8996fb92427ae41e4649b934ca495991b7852b855,,2,0,0,0,0,0,0,0,0
cmd/cgo/internal/testcshared/testdata/go2c2go/m1/c.c,674729c5786cec0a5a99544db5600bf5c64493384b9a91e79707b6eb7b7abf26,O0,"[""clang"",""-O0"",""-S"",""-emit-llvm"",""-Wno-everything"",""-I"",""<snapshot>/cmd/cgo/internal/testcshared/testdata/go2c2go/m1"",""-I"",""<snapshot>"",""<snapshot>/cmd/cgo/internal/testcshared/testdata/go2c2go/m1/c.c"",""-o"",""<temporary>/module.ll""]",clang -O0 -S -emit-llvm -Wno-everything -I '<snapshot>/cmd/cgo/internal/testcshared/testdata/go2c2go/m1' -I '<snapshot>' '<snapshot>/cmd/cgo/internal/testcshared/testdata/go2c2go/m1/c.c' -o '<temporary>/module.ll',1,0,e3b0c44298fc1c149afbf4c8996fb92427ae41e4649b934ca495991b7852b855,9beaf5fbfc66b4d6453c6c3a67e29777da7d738037e6c05f445369029871b9c9,"<snapshot>/cmd/cgo/internal/testcshared/testdata/go2c2go/m1/c.c:5:10: fatal error: 'libtestgo2c2go.h' file not found
    5 | #include ""libtestgo2c2go.h""
      |          ^~~~~~~~~~~~~~~~~~
1 error generated.",0,0,0,0,0,0,0,0,0
cmd/cgo/internal/testcshared/testdata/go2c2go/m1/c.c,674729c5786cec0a5a99544db5600bf5c64493384b9a91e79707b6eb7b7abf26,O1,"[""clang"",""-O1"",""-S"",""-emit-llvm"",""-Wno-everything"",""-I"",""<snapshot>/cmd/cgo/internal/testcshared/testdata/go2c2go/m1"",""-I"",""<snapshot>"",""<snapshot>/cmd/cgo/internal/testcshared/testdata/go2c2go/m1/c.c"",""-o"",""<temporary>/module.ll""]",clang -O1 -S -emit-llvm -Wno-everything -I '<snapshot>/cmd/cgo/internal/testcshared/testdata/go2c2go/m1' -I '<snapshot>' '<snapshot>/cmd/cgo/internal/testcshared/testdata/go2c2go/m1/c.c' -o '<temporary>/module.ll',1,0,e3b0c44298fc1c149afbf4c8996fb92427ae41e4649b934ca495991b7852b855,9beaf5fbfc66b4d6453c6c3a67e29777da7d738037e6c05f445369029871b9c9,"<snapshot>/cmd/cgo/internal/testcshared/testdata/go2c2go/m1/c.c:5:10: fatal error: 'libtestgo2c2go.h' file not found
    5 | #include ""libtestgo2c2go.h""
      |          ^~~~~~~~~~~~~~~~~~
1 error generated.",0,0,0,0,0,0,0,0,0
cmd/cgo/internal/testcshared/testdata/go2c2go/m1/c.c,674729c5786cec0a5a99544db5600bf5c64493384b9a91e79707b6eb7b7abf26,O2,"[""clang"",""-O2"",""-S"",""-emit-llvm"",""-Wno-everything"",""-I"",""<snapshot>/cmd/cgo/internal/testcshared/testdata/go2c2go/m1"",""-I"",""<snapshot>"",""<snapshot>/cmd/cgo/internal/testcshared/testdata/go2c2go/m1/c.c"",""-o"",""<temporary>/module.ll""]",clang -O2 -S -emit-llvm -Wno-everything -I '<snapshot>/cmd/cgo/internal/testcshared/testdata/go2c2go/m1' -I '<snapshot>' '<snapshot>/cmd/cgo/internal/testcshared/testdata/go2c2go/m1/c.c' -o '<temporary>/module.ll',1,0,e3b0c44298fc1c149afbf4c8996fb92427ae41e4649b934ca495991b7852b855,9beaf5fbfc66b4d6453c6c3a67e29777da7d738037e6c05f445369029871b9c9,"<snapshot>/cmd/cgo/internal/testcshared/testdata/go2c2go/m1/c.c:5:10: fatal error: 'libtestgo2c2go.h' file not found
    5 | #include ""libtestgo2c2go.h""
      |          ^~~~~~~~~~~~~~~~~~
1 error generated.",0,0,0,0,0,0,0,0,0
cmd/cgo/internal/testcshared/testdata/main0.c,777d7732677397a74be5b7c1e52312bdc66f5ee17c548f86c4fba1a9b172a458,O0,"[""clang"",""-O0"",""-S"",""-emit-llvm"",""-Wno-everything"",""-I"",""<snapshot>/cmd/cgo/internal/testcshared/testdata"",""-I"",""<snapshot>"",""<snapshot>/cmd/cgo/internal/testcshared/testdata/main0.c"",""-o"",""<temporary>/module.ll""]",clang -O0 -S -emit-llvm -Wno-everything -I '<snapshot>/cmd/cgo/internal/testcshared/testdata' -I '<snapshot>' '<snapshot>/cmd/cgo/internal/testcshared/testdata/main0.c' -o '<temporary>/module.ll',1,0,e3b0c44298fc1c149afbf4c8996fb92427ae41e4649b934ca495991b7852b855,c55d3bcc16a7107bb5df4b63ffc0e5964ac6e7aee3bf33444e4fb63706457b55,"<snapshot>/cmd/cgo/internal/testcshared/testdata/main0.c:8:10: fatal error: 'p.h' file not found
    8 | #include ""p.h""
      |          ^~~~~
1 error generated.",0,0,0,0,0,0,0,0,0
cmd/cgo/internal/testcshared/testdata/main0.c,777d7732677397a74be5b7c1e52312bdc66f5ee17c548f86c4fba1a9b172a458,O1,"[""clang"",""-O1"",""-S"",""-emit-llvm"",""-Wno-everything"",""-I"",""<snapshot>/cmd/cgo/internal/testcshared/testdata"",""-I"",""<snapshot>"",""<snapshot>/cmd/cgo/internal/testcshared/testdata/main0.c"",""-o"",""<temporary>/module.ll""]",clang -O1 -S -emit-llvm -Wno-everything -I '<snapshot>/cmd/cgo/internal/testcshared/testdata' -I '<snapshot>' '<snapshot>/cmd/cgo/internal/testcshared/testdata/main0.c' -o '<temporary>/module.ll',1,0,e3b0c44298fc1c149afbf4c8996fb92427ae41e4649b934ca495991b7852b855,c55d3bcc16a7107bb5df4b63ffc0e5964ac6e7aee3bf33444e4fb63706457b55,"<snapshot>/cmd/cgo/internal/testcshared/testdata/main0.c:8:10: fatal error: 'p.h' file not found
    8 | #include ""p.h""
      |          ^~~~~
1 error generated.",0,0,0,0,0,0,0,0,0
cmd/cgo/internal/testcshared/testdata/main0.c,777d7732677397a74be5b7c1e52312bdc66f5ee17c548f86c4fba1a9b172a458,O2,"[""clang"",""-O2"",""-S"",""-emit-llvm"",""-Wno-everything"",""-I"",""<snapshot>/cmd/cgo/internal/testcshared/testdata"",""-I"",""<snapshot>"",""<snapshot>/cmd/cgo/internal/testcshared/testdata/main0.c"",""-o"",""<temporary>/module.ll""]",clang -O2 -S -emit-llvm -Wno-everything -I '<snapshot>/cmd/cgo/internal/testcshared/testdata' -I '<snapshot>' '<snapshot>/cmd/cgo/internal/testcshared/testdata/main0.c' -o '<temporary>/module.ll',1,0,e3b0c44298fc1c149afbf4c8996fb92427ae41e4649b934ca495991b7852b855,c55d3bcc16a7107bb5df4b63ffc0e5964ac6e7aee3bf33444e4fb63706457b55,"<snapshot>/cmd/cgo/internal/testcshared/testdata/main0.c:8:10: fatal error: 'p.h' file not found
    8 | #include ""p.h""
      |          ^~~~~
1 error generated.",0,0,0,0,0,0,0,0,0
cmd/cgo/internal/testcshared/testdata/main1.c,1b0132f1155bb074662fd0c9f52f84c36157a67a08d6f800c7abdc2d6f078aa6,O0,"[""clang"",""-O0"",""-S"",""-emit-llvm"",""-Wno-everything"",""-I"",""<snapshot>/cmd/cgo/internal/testcshared/testdata"",""-I"",""<snapshot>"",""<snapshot>/cmd/cgo/internal/testcshared/testdata/main1.c"",""-o"",""<temporary>/module.ll""]",clang -O0 -S -emit-llvm -Wno-everything -I '<snapshot>/cmd/cgo/internal/testcshared/testdata' -I '<snapshot>' '<snapshot>/cmd/cgo/internal/testcshared/testdata/main1.c' -o '<temporary>/module.ll',0,0,e3b0c44298fc1c149afbf4c8996fb92427ae41e4649b934ca495991b7852b855,e3b0c44298fc1c149afbf4c8996fb92427ae41e4649b934ca495991b7852b855,,138,0,0,0,0,0,0,0,0
cmd/cgo/internal/testcshared/testdata/main1.c,1b0132f1155bb074662fd0c9f52f84c36157a67a08d6f800c7abdc2d6f078aa6,O1,"[""clang"",""-O1"",""-S"",""-emit-llvm"",""-Wno-everything"",""-I"",""<snapshot>/cmd/cgo/internal/testcshared/testdata"",""-I"",""<snapshot>"",""<snapshot>/cmd/cgo/internal/testcshared/testdata/main1.c"",""-o"",""<temporary>/module.ll""]",clang -O1 -S -emit-llvm -Wno-everything -I '<snapshot>/cmd/cgo/internal/testcshared/testdata' -I '<snapshot>' '<snapshot>/cmd/cgo/internal/testcshared/testdata/main1.c' -o '<temporary>/module.ll',0,0,e3b0c44298fc1c149afbf4c8996fb92427ae41e4649b934ca495991b7852b855,e3b0c44298fc1c149afbf4c8996fb92427ae41e4649b934ca495991b7852b855,,118,5,0,1,6,3,2,0,0
cmd/cgo/internal/testcshared/testdata/main1.c,1b0132f1155bb074662fd0c9f52f84c36157a67a08d6f800c7abdc2d6f078aa6,O2,"[""clang"",""-O2"",""-S"",""-emit-llvm"",""-Wno-everything"",""-I"",""<snapshot>/cmd/cgo/internal/testcshared/testdata"",""-I"",""<snapshot>"",""<snapshot>/cmd/cgo/internal/testcshared/testdata/main1.c"",""-o"",""<temporary>/module.ll""]",clang -O2 -S -emit-llvm -Wno-everything -I '<snapshot>/cmd/cgo/internal/testcshared/testdata' -I '<snapshot>' '<snapshot>/cmd/cgo/internal/testcshared/testdata/main1.c' -o '<temporary>/module.ll',0,0,e3b0c44298fc1c149afbf4c8996fb92427ae41e4649b934ca495991b7852b855,e3b0c44298fc1c149afbf4c8996fb92427ae41e4649b934ca495991b7852b855,,118,5,0,1,6,3,2,0,0
cmd/cgo/internal/testcshared/testdata/main2.c,2dec374d03cd80e8ea4a63ffd2b8ea5ada629fddb4d95219ec90a249d029f034,O0,"[""clang"",""-O0"",""-S"",""-emit-llvm"",""-Wno-everything"",""-I"",""<snapshot>/cmd/cgo/internal/testcshared/testdata"",""-I"",""<snapshot>"",""<snapshot>/cmd/cgo/internal/testcshared/testdata/main2.c"",""-o"",""<temporary>/module.ll""]",clang -O0 -S -emit-llvm -Wno-everything -I '<snapshot>/cmd/cgo/internal/testcshared/testdata' -I '<snapshot>' '<snapshot>/cmd/cgo/internal/testcshared/testdata/main2.c' -o '<temporary>/module.ll',0,0,e3b0c44298fc1c149afbf4c8996fb92427ae41e4649b934ca495991b7852b855,e3b0c44298fc1c149afbf4c8996fb92427ae41e4649b934ca495991b7852b855,,73,4,0,0,4,1,1,0,0
cmd/cgo/internal/testcshared/testdata/main2.c,2dec374d03cd80e8ea4a63ffd2b8ea5ada629fddb4d95219ec90a249d029f034,O1,"[""clang"",""-O1"",""-S"",""-emit-llvm"",""-Wno-everything"",""-I"",""<snapshot>/cmd/cgo/internal/testcshared/testdata"",""-I"",""<snapshot>"",""<snapshot>/cmd/cgo/internal/testcshared/testdata/main2.c"",""-o"",""<temporary>/module.ll""]",clang -O1 -S -emit-llvm -Wno-everything -I '<snapshot>/cmd/cgo/internal/testcshared/testdata' -I '<snapshot>' '<snapshot>/cmd/cgo/internal/testcshared/testdata/main2.c' -o '<temporary>/module.ll',0,0,e3b0c44298fc1c149afbf4c8996fb92427ae41e4649b934ca495991b7852b855,e3b0c44298fc1c149afbf4c8996fb92427ae41e4649b934ca495991b7852b855,,60,2,0,0,2,0,0,0,0
cmd/cgo/internal/testcshared/testdata/main2.c,2dec374d03cd80e8ea4a63ffd2b8ea5ada629fddb4d95219ec90a249d029f034,O2,"[""clang"",""-O2"",""-S"",""-emit-llvm"",""-Wno-everything"",""-I"",""<snapshot>/cmd/cgo/internal/testcshared/testdata"",""-I"",""<snapshot>"",""<snapshot>/cmd/cgo/internal/testcshared/testdata/main2.c"",""-o"",""<temporary>/module.ll""]",clang -O2 -S -emit-llvm -Wno-everything -I '<snapshot>/cmd/cgo/internal/testcshared/testdata' -I '<snapshot>' '<snapshot>/cmd/cgo/internal/testcshared/testdata/main2.c' -o '<temporary>/module.ll',0,0,e3b0c44298fc1c149afbf4c8996fb92427ae41e4649b934ca495991b7852b855,e3b0c44298fc1c149afbf4c8996fb92427ae41e4649b934ca495991b7852b855,,58,2,0,0,2,0,0,0,0
cmd/cgo/internal/testcshared/testdata/main3.c,e707a3c469a84a84aa47484cf8c744a131dbefdc8838b34970ddb9bdef486493,O0,"[""clang"",""-O0"",""-S"",""-emit-llvm"",""-Wno-everything"",""-I"",""<snapshot>/cmd/cgo/internal/testcshared/testdata"",""-I"",""<snapshot>"",""<snapshot>/cmd/cgo/internal/testcshared/testdata/main3.c"",""-o"",""<temporary>/module.ll""]",clang -O0 -S -emit-llvm -Wno-everything -I '<snapshot>/cmd/cgo/internal/testcshared/testdata' -I '<snapshot>' '<snapshot>/cmd/cgo/internal/testcshared/testdata/main3.c' -o '<temporary>/module.ll',0,0,e3b0c44298fc1c149afbf4c8996fb92427ae41e4649b934ca495991b7852b855,e3b0c44298fc1c149afbf4c8996fb92427ae41e4649b934ca495991b7852b855,,38,0,0,0,0,0,0,0,0
cmd/cgo/internal/testcshared/testdata/main3.c,e707a3c469a84a84aa47484cf8c744a131dbefdc8838b34970ddb9bdef486493,O1,"[""clang"",""-O1"",""-S"",""-emit-llvm"",""-Wno-everything"",""-I"",""<snapshot>/cmd/cgo/internal/testcshared/testdata"",""-I"",""<snapshot>"",""<snapshot>/cmd/cgo/internal/testcshared/testdata/main3.c"",""-o"",""<temporary>/module.ll""]",clang -O1 -S -emit-llvm -Wno-everything -I '<snapshot>/cmd/cgo/internal/testcshared/testdata' -I '<snapshot>' '<snapshot>/cmd/cgo/internal/testcshared/testdata/main3.c' -o '<temporary>/module.ll',0,0,e3b0c44298fc1c149afbf4c8996fb92427ae41e4649b934ca495991b7852b855,e3b0c44298fc1c149afbf4c8996fb92427ae41e4649b934ca495991b7852b855,,28,0,0,0,0,0,0,0,0
cmd/cgo/internal/testcshared/testdata/main3.c,e707a3c469a84a84aa47484cf8c744a131dbefdc8838b34970ddb9bdef486493,O2,"[""clang"",""-O2"",""-S"",""-emit-llvm"",""-Wno-everything"",""-I"",""<snapshot>/cmd/cgo/internal/testcshared/testdata"",""-I"",""<snapshot>"",""<snapshot>/cmd/cgo/internal/testcshared/testdata/main3.c"",""-o"",""<temporary>/module.ll""]",clang -O2 -S -emit-llvm -Wno-everything -I '<snapshot>/cmd/cgo/internal/testcshared/testdata' -I '<snapshot>' '<snapshot>/cmd/cgo/internal/testcshared/testdata/main3.c' -o '<temporary>/module.ll',0,0,e3b0c44298fc1c149afbf4c8996fb92427ae41e4649b934ca495991b7852b855,e3b0c44298fc1c149afbf4c8996fb92427ae41e4649b934ca495991b7852b855,,28,0,0,0,0,0,0,0,0
cmd/cgo/internal/testcshared/testdata/main4.c,369ceb8cfb485d221d175bd7fd8714b3a10e8f6208095147f8d2abd077288651,O0,"[""clang"",""-O0"",""-S"",""-emit-llvm"",""-Wno-everything"",""-I"",""<snapshot>/cmd/cgo/internal/testcshared/testdata"",""-I"",""<snapshot>"",""<snapshot>/cmd/cgo/internal/testcshared/testdata/main4.c"",""-o"",""<temporary>/module.ll""]",clang -O0 -S -emit-llvm -Wno-everything -I '<snapshot>/cmd/cgo/internal/testcshared/testdata' -I '<snapshot>' '<snapshot>/cmd/cgo/internal/testcshared/testdata/main4.c' -o '<temporary>/module.ll',0,0,e3b0c44298fc1c149afbf4c8996fb92427ae41e4649b934ca495991b7852b855,e3b0c44298fc1c149afbf4c8996fb92427ae41e4649b934ca495991b7852b855,,275,2,0,1,3,1,0,0,0
cmd/cgo/internal/testcshared/testdata/main4.c,369ceb8cfb485d221d175bd7fd8714b3a10e8f6208095147f8d2abd077288651,O1,"[""clang"",""-O1"",""-S"",""-emit-llvm"",""-Wno-everything"",""-I"",""<snapshot>/cmd/cgo/internal/testcshared/testdata"",""-I"",""<snapshot>"",""<snapshot>/cmd/cgo/internal/testcshared/testdata/main4.c"",""-o"",""<temporary>/module.ll""]",clang -O1 -S -emit-llvm -Wno-everything -I '<snapshot>/cmd/cgo/internal/testcshared/testdata' -I '<snapshot>' '<snapshot>/cmd/cgo/internal/testcshared/testdata/main4.c' -o '<temporary>/module.ll',0,0,e3b0c44298fc1c149afbf4c8996fb92427ae41e4649b934ca495991b7852b855,e3b0c44298fc1c149afbf4c8996fb92427ae41e4649b934ca495991b7852b855,,270,7,0,0,7,4,4,0,0
cmd/cgo/internal/testcshared/testdata/main4.c,369ceb8cfb485d221d175bd7fd8714b3a10e8f6208095147f8d2abd077288651,O2,"[""clang"",""-O2"",""-S"",""-emit-llvm"",""-Wno-everything"",""-I"",""<snapshot>/cmd/cgo/internal/testcshared/testdata"",""-I"",""<snapshot>"",""<snapshot>/cmd/cgo/internal/testcshared/testdata/main4.c"",""-o"",""<temporary>/module.ll""]",clang -O2 -S -emit-llvm -Wno-everything -I '<snapshot>/cmd/cgo/internal/testcshared/testdata' -I '<snapshot>' '<snapshot>/cmd/cgo/internal/testcshared/testdata/main4.c' -o '<temporary>/module.ll',0,0,e3b0c44298fc1c149afbf4c8996fb92427ae41e4649b934ca495991b7852b855,e3b0c44298fc1c149afbf4c8996fb92427ae41e4649b934ca495991b7852b855,,281,8,0,0,8,4,4,0,0
cmd/cgo/internal/testcshared/testdata/main5.c,de266b82d02c0132a4c0b1e9271048067f922c74dc6611798070ab19f055af22,O0,"[""clang"",""-O0"",""-S"",""-emit-llvm"",""-Wno-everything"",""-I"",""<snapshot>/cmd/cgo/internal/testcshared/testdata"",""-I"",""<snapshot>"",""<snapshot>/cmd/cgo/internal/testcshared/testdata/main5.c"",""-o"",""<temporary>/module.ll""]",clang -O0 -S -emit-llvm -Wno-everything -I '<snapshot>/cmd/cgo/internal/testcshared/testdata' -I '<snapshot>' '<snapshot>/cmd/cgo/internal/testcshared/testdata/main5.c' -o '<temporary>/module.ll',0,0,e3b0c44298fc1c149afbf4c8996fb92427ae41e4649b934ca495991b7852b855,e3b0c44298fc1c149afbf4c8996fb92427ae41e4649b934ca495991b7852b855,,274,2,0,0,2,0,0,0,0
cmd/cgo/internal/testcshared/testdata/main5.c,de266b82d02c0132a4c0b1e9271048067f922c74dc6611798070ab19f055af22,O1,"[""clang"",""-O1"",""-S"",""-emit-llvm"",""-Wno-everything"",""-I"",""<snapshot>/cmd/cgo/internal/testcshared/testdata"",""-I"",""<snapshot>"",""<snapshot>/cmd/cgo/internal/testcshared/testdata/main5.c"",""-o"",""<temporary>/module.ll""]",clang -O1 -S -emit-llvm -Wno-everything -I '<snapshot>/cmd/cgo/internal/testcshared/testdata' -I '<snapshot>' '<snapshot>/cmd/cgo/internal/testcshared/testdata/main5.c' -o '<temporary>/module.ll',0,0,e3b0c44298fc1c149afbf4c8996fb92427ae41e4649b934ca495991b7852b855,e3b0c44298fc1c149afbf4c8996fb92427ae41e4649b934ca495991b7852b855,,289,7,0,0,7,4,4,0,0
cmd/cgo/internal/testcshared/testdata/main5.c,de266b82d02c0132a4c0b1e9271048067f922c74dc6611798070ab19f055af22,O2,"[""clang"",""-O2"",""-S"",""-emit-llvm"",""-Wno-everything"",""-I"",""<snapshot>/cmd/cgo/internal/testcshared/testdata"",""-I"",""<snapshot>"",""<snapshot>/cmd/cgo/internal/testcshared/testdata/main5.c"",""-o"",""<temporary>/module.ll""]",clang -O2 -S -emit-llvm -Wno-everything -I '<snapshot>/cmd/cgo/internal/testcshared/testdata' -I '<snapshot>' '<snapshot>/cmd/cgo/internal/testcshared/testdata/main5.c' -o '<temporary>/module.ll',0,0,e3b0c44298fc1c149afbf4c8996fb92427ae41e4649b934ca495991b7852b855,e3b0c44298fc1c149afbf4c8996fb92427ae41e4649b934ca495991b7852b855,,296,8,0,0,8,4,4,0,0
cmd/cgo/internal/testlife/testdata/c-life.c,3dcc40028f8da5351501969e683841e90e3ef3da8b5fe5b796da5f6ace16b3d3,O0,"[""clang"",""-O0"",""-S"",""-emit-llvm"",""-Wno-everything"",""-I"",""<snapshot>/cmd/cgo/internal/testlife/testdata"",""-I"",""<snapshot>"",""<snapshot>/cmd/cgo/internal/testlife/testdata/c-life.c"",""-o"",""<temporary>/module.ll""]",clang -O0 -S -emit-llvm -Wno-everything -I '<snapshot>/cmd/cgo/internal/testlife/testdata' -I '<snapshot>' '<snapshot>/cmd/cgo/internal/testlife/testdata/c-life.c' -o '<temporary>/module.ll',1,0,e3b0c44298fc1c149afbf4c8996fb92427ae41e4649b934ca495991b7852b855,768b36d8de374b2021c88c308f1b0c4d15fd264fafb905236dc733a4ee8aea68,"<snapshot>/cmd/cgo/internal/testlife/testdata/c-life.c:7:10: fatal error: '_cgo_export.h' file not found
    7 | #include ""_cgo_export.h""
      |          ^~~~~~~~~~~~~~~
1 error generated.",0,0,0,0,0,0,0,0,0
cmd/cgo/internal/testlife/testdata/c-life.c,3dcc40028f8da5351501969e683841e90e3ef3da8b5fe5b796da5f6ace16b3d3,O1,"[""clang"",""-O1"",""-S"",""-emit-llvm"",""-Wno-everything"",""-I"",""<snapshot>/cmd/cgo/internal/testlife/testdata"",""-I"",""<snapshot>"",""<snapshot>/cmd/cgo/internal/testlife/testdata/c-life.c"",""-o"",""<temporary>/module.ll""]",clang -O1 -S -emit-llvm -Wno-everything -I '<snapshot>/cmd/cgo/internal/testlife/testdata' -I '<snapshot>' '<snapshot>/cmd/cgo/internal/testlife/testdata/c-life.c' -o '<temporary>/module.ll',1,0,e3b0c44298fc1c149afbf4c8996fb92427ae41e4649b934ca495991b7852b855,768b36d8de374b2021c88c308f1b0c4d15fd264fafb905236dc733a4ee8aea68,"<snapshot>/cmd/cgo/internal/testlife/testdata/c-life.c:7:10: fatal error: '_cgo_export.h' file not found
    7 | #include ""_cgo_export.h""
      |          ^~~~~~~~~~~~~~~
1 error generated.",0,0,0,0,0,0,0,0,0
cmd/cgo/internal/testlife/testdata/c-life.c,3dcc40028f8da5351501969e683841e90e3ef3da8b5fe5b796da5f6ace16b3d3,O2,"[""clang"",""-O2"",""-S"",""-emit-llvm"",""-Wno-everything"",""-I"",""<snapshot>/cmd/cgo/internal/testlife/testdata"",""-I"",""<snapshot>"",""<snapshot>/cmd/cgo/internal/testlife/testdata/c-life.c"",""-o"",""<temporary>/module.ll""]",clang -O2 -S -emit-llvm -Wno-everything -I '<snapshot>/cmd/cgo/internal/testlife/testdata' -I '<snapshot>' '<snapshot>/cmd/cgo/internal/testlife/testdata/c-life.c' -o '<temporary>/module.ll',1,0,e3b0c44298fc1c149afbf4c8996fb92427ae41e4649b934ca495991b7852b855,768b36d8de374b2021c88c308f1b0c4d15fd264fafb905236dc733a4ee8aea68,"<snapshot>/cmd/cgo/internal/testlife/testdata/c-life.c:7:10: fatal error: '_cgo_export.h' file not found
    7 | #include ""_cgo_export.h""
      |          ^~~~~~~~~~~~~~~
1 error generated.",0,0,0,0,0,0,0,0,0
cmd/cgo/internal/testplugin/testdata/issue25756/plugin/c-life.c,3dcc40028f8da5351501969e683841e90e3ef3da8b5fe5b796da5f6ace16b3d3,O0,"[""clang"",""-O0"",""-S"",""-emit-llvm"",""-Wno-everything"",""-I"",""<snapshot>/cmd/cgo/internal/testplugin/testdata/issue25756/plugin"",""-I"",""<snapshot>"",""<snapshot>/cmd/cgo/internal/testplugin/testdata/issue25756/plugin/c-life.c"",""-o"",""<temporary>/module.ll""]",clang -O0 -S -emit-llvm -Wno-everything -I '<snapshot>/cmd/cgo/internal/testplugin/testdata/issue25756/plugin' -I '<snapshot>' '<snapshot>/cmd/cgo/internal/testplugin/testdata/issue25756/plugin/c-life.c' -o '<temporary>/module.ll',1,0,e3b0c44298fc1c149afbf4c8996fb92427ae41e4649b934ca495991b7852b855,06226237e700d84c3a76534d9fb32533bc6035d990d78a9b8ba9855582b25f65,"<snapshot>/cmd/cgo/internal/testplugin/testdata/issue25756/plugin/c-life.c:7:10: fatal error: '_cgo_export.h' file not found
    7 | #include ""_cgo_export.h""
      |          ^~~~~~~~~~~~~~~
1 error generated.",0,0,0,0,0,0,0,0,0
cmd/cgo/internal/testplugin/testdata/issue25756/plugin/c-life.c,3dcc40028f8da5351501969e683841e90e3ef3da8b5fe5b796da5f6ace16b3d3,O1,"[""clang"",""-O1"",""-S"",""-emit-llvm"",""-Wno-everything"",""-I"",""<snapshot>/cmd/cgo/internal/testplugin/testdata/issue25756/plugin"",""-I"",""<snapshot>"",""<snapshot>/cmd/cgo/internal/testplugin/testdata/issue25756/plugin/c-life.c"",""-o"",""<temporary>/module.ll""]",clang -O1 -S -emit-llvm -Wno-everything -I '<snapshot>/cmd/cgo/internal/testplugin/testdata/issue25756/plugin' -I '<snapshot>' '<snapshot>/cmd/cgo/internal/testplugin/testdata/issue25756/plugin/c-life.c' -o '<temporary>/module.ll',1,0,e3b0c44298fc1c149afbf4c8996fb92427ae41e4649b934ca495991b7852b855,06226237e700d84c3a76534d9fb32533bc6035d990d78a9b8ba9855582b25f65,"<snapshot>/cmd/cgo/internal/testplugin/testdata/issue25756/plugin/c-life.c:7:10: fatal error: '_cgo_export.h' file not found
    7 | #include ""_cgo_export.h""
      |          ^~~~~~~~~~~~~~~
1 error generated.",0,0,0,0,0,0,0,0,0
cmd/cgo/internal/testplugin/testdata/issue25756/plugin/c-life.c,3dcc40028f8da5351501969e683841e90e3ef3da8b5fe5b796da5f6ace16b3d3,O2,"[""clang"",""-O2"",""-S"",""-emit-llvm"",""-Wno-everything"",""-I"",""<snapshot>/cmd/cgo/internal/testplugin/testdata/issue25756/plugin"",""-I"",""<snapshot>"",""<snapshot>/cmd/cgo/internal/testplugin/testdata/issue25756/plugin/c-life.c"",""-o"",""<temporary>/module.ll""]",clang -O2 -S -emit-llvm -Wno-everything -I '<snapshot>/cmd/cgo/internal/testplugin/testdata/issue25756/plugin' -I '<snapshot>' '<snapshot>/cmd/cgo/internal/testplugin/testdata/issue25756/plugin/c-life.c' -o '<temporary>/module.ll',1,0,e3b0c44298fc1c149afbf4c8996fb92427ae41e4649b934ca495991b7852b855,06226237e700d84c3a76534d9fb32533bc6035d990d78a9b8ba9855582b25f65,"<snapshot>/cmd/cgo/internal/testplugin/testdata/issue25756/plugin/c-life.c:7:10: fatal error: '_cgo_export.h' file not found
    7 | #include ""_cgo_export.h""
      |          ^~~~~~~~~~~~~~~
1 error generated.",0,0,0,0,0,0,0,0,0
cmd/cgo/internal/testsanitizers/testdata/libfuzzer2.c,d4a2b08ff009f4a6e0941250c1deeb5870edc959f8b9974fd119782e5888a469,O0,"[""clang"",""-O0"",""-S"",""-emit-llvm"",""-Wno-everything"",""-I"",""<snapshot>/cmd/cgo/internal/testsanitizers/testdata"",""-I"",""<snapshot>"",""<snapshot>/cmd/cgo/internal/testsanitizers/testdata/libfuzzer2.c"",""-o"",""<temporary>/module.ll""]",clang -O0 -S -emit-llvm -Wno-everything -I '<snapshot>/cmd/cgo/internal/testsanitizers/testdata' -I '<snapshot>' '<snapshot>/cmd/cgo/internal/testsanitizers/testdata/libfuzzer2.c' -o '<temporary>/module.ll',1,0,e3b0c44298fc1c149afbf4c8996fb92427ae41e4649b934ca495991b7852b855,14f411377d5399135914bfe87422d0daa73397d21d34b50433ff74ef355947b7,"<snapshot>/cmd/cgo/internal/testsanitizers/testdata/libfuzzer2.c:3:10: fatal error: 'libfuzzer2.h' file not found
    3 | #include ""libfuzzer2.h""
      |          ^~~~~~~~~~~~~~
1 error generated.",0,0,0,0,0,0,0,0,0
cmd/cgo/internal/testsanitizers/testdata/libfuzzer2.c,d4a2b08ff009f4a6e0941250c1deeb5870edc959f8b9974fd119782e5888a469,O1,"[""clang"",""-O1"",""-S"",""-emit-llvm"",""-Wno-everything"",""-I"",""<snapshot>/cmd/cgo/internal/testsanitizers/testdata"",""-I"",""<snapshot>"",""<snapshot>/cmd/cgo/internal/testsanitizers/testdata/libfuzzer2.c"",""-o"",""<temporary>/module.ll""]",clang -O1 -S -emit-llvm -Wno-everything -I '<snapshot>/cmd/cgo/internal/testsanitizers/testdata' -I '<snapshot>' '<snapshot>/cmd/cgo/internal/testsanitizers/testdata/libfuzzer2.c' -o '<temporary>/module.ll',1,0,e3b0c44298fc1c149afbf4c8996fb92427ae41e4649b934ca495991b7852b855,14f411377d5399135914bfe87422d0daa73397d21d34b50433ff74ef355947b7,"<snapshot>/cmd/cgo/internal/testsanitizers/testdata/libfuzzer2.c:3:10: fatal error: 'libfuzzer2.h' file not found
    3 | #include ""libfuzzer2.h""
      |          ^~~~~~~~~~~~~~
1 error generated.",0,0,0,0,0,0,0,0,0
cmd/cgo/internal/testsanitizers/testdata/libfuzzer2.c,d4a2b08ff009f4a6e0941250c1deeb5870edc959f8b9974fd119782e5888a469,O2,"[""clang"",""-O2"",""-S"",""-emit-llvm"",""-Wno-everything"",""-I"",""<snapshot>/cmd/cgo/internal/testsanitizers/testdata"",""-I"",""<snapshot>"",""<snapshot>/cmd/cgo/internal/testsanitizers/testdata/libfuzzer2.c"",""-o"",""<temporary>/module.ll""]",clang -O2 -S -emit-llvm -Wno-everything -I '<snapshot>/cmd/cgo/internal/testsanitizers/testdata' -I '<snapshot>' '<snapshot>/cmd/cgo/internal/testsanitizers/testdata/libfuzzer2.c' -o '<temporary>/module.ll',1,0,e3b0c44298fc1c149afbf4c8996fb92427ae41e4649b934ca495991b7852b855,14f411377d5399135914bfe87422d0daa73397d21d34b50433ff74ef355947b7,"<snapshot>/cmd/cgo/internal/testsanitizers/testdata/libfuzzer2.c:3:10: fatal error: 'libfuzzer2.h' file not found
    3 | #include ""libfuzzer2.h""
      |          ^~~~~~~~~~~~~~
1 error generated.",0,0,0,0,0,0,0,0,0
cmd/cgo/internal/testso/testdata/so/cgoso.c,6a0bb54ec6357e09f55acc316a22199519e64b2490101d37f46c06f813c91ce1,O0,"[""clang"",""-O0"",""-S"",""-emit-llvm"",""-Wno-everything"",""-I"",""<snapshot>/cmd/cgo/internal/testso/testdata/so"",""-I"",""<snapshot>"",""<snapshot>/cmd/cgo/internal/testso/testdata/so/cgoso.c"",""-o"",""<temporary>/module.ll""]",clang -O0 -S -emit-llvm -Wno-everything -I '<snapshot>/cmd/cgo/internal/testso/testdata/so' -I '<snapshot>' '<snapshot>/cmd/cgo/internal/testso/testdata/so/cgoso.c' -o '<temporary>/module.ll',1,0,e3b0c44298fc1c149afbf4c8996fb92427ae41e4649b934ca495991b7852b855,1c94664d9e886342afdfce53400872676c97ec00bc0d779e385b08a7bedc6c8f,"<snapshot>/cmd/cgo/internal/testso/testdata/so/cgoso.c:5:10: fatal error: '_cgo_export.h' file not found
    5 | #include ""_cgo_export.h""
      |          ^~~~~~~~~~~~~~~
1 error generated.",0,0,0,0,0,0,0,0,0
cmd/cgo/internal/testso/testdata/so/cgoso.c,6a0bb54ec6357e09f55acc316a22199519e64b2490101d37f46c06f813c91ce1,O1,"[""clang"",""-O1"",""-S"",""-emit-llvm"",""-Wno-everything"",""-I"",""<snapshot>/cmd/cgo/internal/testso/testdata/so"",""-I"",""<snapshot>"",""<snapshot>/cmd/cgo/internal/testso/testdata/so/cgoso.c"",""-o"",""<temporary>/module.ll""]",clang -O1 -S -emit-llvm -Wno-everything -I '<snapshot>/cmd/cgo/internal/testso/testdata/so' -I '<snapshot>' '<snapshot>/cmd/cgo/internal/testso/testdata/so/cgoso.c' -o '<temporary>/module.ll',1,0,e3b0c44298fc1c149afbf4c8996fb92427ae41e4649b934ca495991b7852b855,1c94664d9e886342afdfce53400872676c97ec00bc0d779e385b08a7bedc6c8f,"<snapshot>/cmd/cgo/internal/testso/testdata/so/cgoso.c:5:10: fatal error: '_cgo_export.h' file not found
    5 | #include ""_cgo_export.h""
      |          ^~~~~~~~~~~~~~~
1 error generated.",0,0,0,0,0,0,0,0,0
cmd/cgo/internal/testso/testdata/so/cgoso.c,6a0bb54ec6357e09f55acc316a22199519e64b2490101d37f46c06f813c91ce1,O2,"[""clang"",""-O2"",""-S"",""-emit-llvm"",""-Wno-everything"",""-I"",""<snapshot>/cmd/cgo/internal/testso/testdata/so"",""-I"",""<snapshot>"",""<snapshot>/cmd/cgo/internal/testso/testdata/so/cgoso.c"",""-o"",""<temporary>/module.ll""]",clang -O2 -S -emit-llvm -Wno-everything -I '<snapshot>/cmd/cgo/internal/testso/testdata/so' -I '<snapshot>' '<snapshot>/cmd/cgo/internal/testso/testdata/so/cgoso.c' -o '<temporary>/module.ll',1,0,e3b0c44298fc1c149afbf4c8996fb92427ae41e4649b934ca495991b7852b855,1c94664d9e886342afdfce53400872676c97ec00bc0d779e385b08a7bedc6c8f,"<snapshot>/cmd/cgo/internal/testso/testdata/so/cgoso.c:5:10: fatal error: '_cgo_export.h' file not found
    5 | #include ""_cgo_export.h""
      |          ^~~~~~~~~~~~~~~
1 error generated.",0,0,0,0,0,0,0,0,0
cmd/cgo/internal/testso/testdata/so/cgoso_c.c,a9972530d315817659945f6fb9f577df54b249c5eeb4ed3ae623a939b34a3fc3,O0,"[""clang"",""-O0"",""-S"",""-emit-llvm"",""-Wno-everything"",""-I"",""<snapshot>/cmd/cgo/internal/testso/testdata/so"",""-I"",""<snapshot>"",""<snapshot>/cmd/cgo/internal/testso/testdata/so/cgoso_c.c"",""-o"",""<temporary>/module.ll""]",clang -O0 -S -emit-llvm -Wno-everything -I '<snapshot>/cmd/cgo/internal/testso/testdata/so' -I '<snapshot>' '<snapshot>/cmd/cgo/internal/testso/testdata/so/cgoso_c.c' -o '<temporary>/module.ll',0,0,e3b0c44298fc1c149afbf4c8996fb92427ae41e4649b934ca495991b7852b855,e3b0c44298fc1c149afbf4c8996fb92427ae41e4649b934ca495991b7852b855,,6,0,0,0,0,0,0,0,0
cmd/cgo/internal/testso/testdata/so/cgoso_c.c,a9972530d315817659945f6fb9f577df54b249c5eeb4ed3ae623a939b34a3fc3,O1,"[""clang"",""-O1"",""-S"",""-emit-llvm"",""-Wno-everything"",""-I"",""<snapshot>/cmd/cgo/internal/testso/testdata/so"",""-I"",""<snapshot>"",""<snapshot>/cmd/cgo/internal/testso/testdata/so/cgoso_c.c"",""-o"",""<temporary>/module.ll""]",clang -O1 -S -emit-llvm -Wno-everything -I '<snapshot>/cmd/cgo/internal/testso/testdata/so' -I '<snapshot>' '<snapshot>/cmd/cgo/internal/testso/testdata/so/cgoso_c.c' -o '<temporary>/module.ll',0,0,e3b0c44298fc1c149afbf4c8996fb92427ae41e4649b934ca495991b7852b855,e3b0c44298fc1c149afbf4c8996fb92427ae41e4649b934ca495991b7852b855,,3,0,0,0,0,0,0,0,0
cmd/cgo/internal/testso/testdata/so/cgoso_c.c,a9972530d315817659945f6fb9f577df54b249c5eeb4ed3ae623a939b34a3fc3,O2,"[""clang"",""-O2"",""-S"",""-emit-llvm"",""-Wno-everything"",""-I"",""<snapshot>/cmd/cgo/internal/testso/testdata/so"",""-I"",""<snapshot>"",""<snapshot>/cmd/cgo/internal/testso/testdata/so/cgoso_c.c"",""-o"",""<temporary>/module.ll""]",clang -O2 -S -emit-llvm -Wno-everything -I '<snapshot>/cmd/cgo/internal/testso/testdata/so' -I '<snapshot>' '<snapshot>/cmd/cgo/internal/testso/testdata/so/cgoso_c.c' -o '<temporary>/module.ll',0,0,e3b0c44298fc1c149afbf4c8996fb92427ae41e4649b934ca495991b7852b855,e3b0c44298fc1c149afbf4c8996fb92427ae41e4649b934ca495991b7852b855,,3,0,0,0,0,0,0,0,0
cmd/cgo/internal/testso/testdata/sovar/cgoso_c.c,3c549ed1c54f8548c8a186d93b112e539440fa9066382847c74368a5b6fc54a4,O0,"[""clang"",""-O0"",""-S"",""-emit-llvm"",""-Wno-everything"",""-I"",""<snapshot>/cmd/cgo/internal/testso/testdata/sovar"",""-I"",""<snapshot>"",""<snapshot>/cmd/cgo/internal/testso/testdata/sovar/cgoso_c.c"",""-o"",""<temporary>/module.ll""]",clang -O0 -S -emit-llvm -Wno-everything -I '<snapshot>/cmd/cgo/internal/testso/testdata/sovar' -I '<snapshot>' '<snapshot>/cmd/cgo/internal/testso/testdata/sovar/cgoso_c.c' -o '<temporary>/module.ll',0,0,e3b0c44298fc1c149afbf4c8996fb92427ae41e4649b934ca495991b7852b855,e3b0c44298fc1c149afbf4c8996fb92427ae41e4649b934ca495991b7852b855,,0,0,0,0,0,0,0,0,0
cmd/cgo/internal/testso/testdata/sovar/cgoso_c.c,3c549ed1c54f8548c8a186d93b112e539440fa9066382847c74368a5b6fc54a4,O1,"[""clang"",""-O1"",""-S"",""-emit-llvm"",""-Wno-everything"",""-I"",""<snapshot>/cmd/cgo/internal/testso/testdata/sovar"",""-I"",""<snapshot>"",""<snapshot>/cmd/cgo/internal/testso/testdata/sovar/cgoso_c.c"",""-o"",""<temporary>/module.ll""]",clang -O1 -S -emit-llvm -Wno-everything -I '<snapshot>/cmd/cgo/internal/testso/testdata/sovar' -I '<snapshot>' '<snapshot>/cmd/cgo/internal/testso/testdata/sovar/cgoso_c.c' -o '<temporary>/module.ll',0,0,e3b0c44298fc1c149afbf4c8996fb92427ae41e4649b934ca495991b7852b855,e3b0c44298fc1c149afbf4c8996fb92427ae41e4649b934ca495991b7852b855,,0,0,0,0,0,0,0,0,0
cmd/cgo/internal/testso/testdata/sovar/cgoso_c.c,3c549ed1c54f8548c8a186d93b112e539440fa9066382847c74368a5b6fc54a4,O2,"[""clang"",""-O2"",""-S"",""-emit-llvm"",""-Wno-everything"",""-I"",""<snapshot>/cmd/cgo/internal/testso/testdata/sovar"",""-I"",""<snapshot>"",""<snapshot>/cmd/cgo/internal/testso/testdata/sovar/cgoso_c.c"",""-o"",""<temporary>/module.ll""]",clang -O2 -S -emit-llvm -Wno-everything -I '<snapshot>/cmd/cgo/internal/testso/testdata/sovar' -I '<snapshot>' '<snapshot>/cmd/cgo/internal/testso/testdata/sovar/cgoso_c.c' -o '<temporary>/module.ll',0,0,e3b0c44298fc1c149afbf4c8996fb92427ae41e4649b934ca495991b7852b855,e3b0c44298fc1c149afbf4c8996fb92427ae41e4649b934ca495991b7852b855,,0,0,0,0,0,0,0,0,0
cmd/cgo/internal/testtls/tls.c,3db794c8c6d91569629892b12bf36508f26dea8677ebe128f11aebb1179b52bc,O0,"[""clang"",""-O0"",""-S"",""-emit-llvm"",""-Wno-everything"",""-I"",""<snapshot>/cmd/cgo/internal/testtls"",""-I"",""<snapshot>"",""<snapshot>/cmd/cgo/internal/testtls/tls.c"",""-o"",""<temporary>/module.ll""]",clang -O0 -S -emit-llvm -Wno-everything -I '<snapshot>/cmd/cgo/internal/testtls' -I '<snapshot>' '<snapshot>/cmd/cgo/internal/testtls/tls.c' -o '<temporary>/module.ll',0,0,e3b0c44298fc1c149afbf4c8996fb92427ae41e4649b934ca495991b7852b855,e3b0c44298fc1c149afbf4c8996fb92427ae41e4649b934ca495991b7852b855,,10,0,0,0,0,0,0,0,0
cmd/cgo/internal/testtls/tls.c,3db794c8c6d91569629892b12bf36508f26dea8677ebe128f11aebb1179b52bc,O1,"[""clang"",""-O1"",""-S"",""-emit-llvm"",""-Wno-everything"",""-I"",""<snapshot>/cmd/cgo/internal/testtls"",""-I"",""<snapshot>"",""<snapshot>/cmd/cgo/internal/testtls/tls.c"",""-o"",""<temporary>/module.ll""]",clang -O1 -S -emit-llvm -Wno-everything -I '<snapshot>/cmd/cgo/internal/testtls' -I '<snapshot>' '<snapshot>/cmd/cgo/internal/testtls/tls.c' -o '<temporary>/module.ll',0,0,e3b0c44298fc1c149afbf4c8996fb92427ae41e4649b934ca495991b7852b855,e3b0c44298fc1c149afbf4c8996fb92427ae41e4649b934ca495991b7852b855,,7,0,0,0,0,0,0,0,0
cmd/cgo/internal/testtls/tls.c,3db794c8c6d91569629892b12bf36508f26dea8677ebe128f11aebb1179b52bc,O2,"[""clang"",""-O2"",""-S"",""-emit-llvm"",""-Wno-everything"",""-I"",""<snapshot>/cmd/cgo/internal/testtls"",""-I"",""<snapshot>"",""<snapshot>/cmd/cgo/internal/testtls/tls.c"",""-o"",""<temporary>/module.ll""]",clang -O2 -S -emit-llvm -Wno-everything -I '<snapshot>/cmd/cgo/internal/testtls' -I '<snapshot>' '<snapshot>/cmd/cgo/internal/testtls/tls.c' -o '<temporary>/module.ll',0,0,e3b0c44298fc1c149afbf4c8996fb92427ae41e4649b934ca495991b7852b855,e3b0c44298fc1c149afbf4c8996fb92427ae41e4649b934ca495991b7852b855,,7,0,0,0,0,0,0,0,0
cmd/go/internal/modindex/testdata/ignore_non_source/c.c,e3b0c44298fc1c149afbf4c8996fb92427ae41e4649b934ca495991b7852b855,O0,"[""clang"",""-O0"",""-S"",""-emit-llvm"",""-Wno-everything"",""-I"",""<snapshot>/cmd/go/internal/modindex/testdata/ignore_non_source"",""-I"",""<snapshot>"",""<snapshot>/cmd/go/internal/modindex/testdata/ignore_non_source/c.c"",""-o"",""<temporary>/module.ll""]",clang -O0 -S -emit-llvm -Wno-everything -I '<snapshot>/cmd/go/internal/modindex/testdata/ignore_non_source' -I '<snapshot>' '<snapshot>/cmd/go/internal/modindex/testdata/ignore_non_source/c.c' -o '<temporary>/module.ll',0,0,e3b0c44298fc1c149afbf4c8996fb92427ae41e4649b934ca495991b7852b855,e3b0c44298fc1c149afbf4c8996fb92427ae41e4649b934ca495991b7852b855,,0,0,0,0,0,0,0,0,0
cmd/go/internal/modindex/testdata/ignore_non_source/c.c,e3b0c44298fc1c149afbf4c8996fb92427ae41e4649b934ca495991b7852b855,O1,"[""clang"",""-O1"",""-S"",""-emit-llvm"",""-Wno-everything"",""-I"",""<snapshot>/cmd/go/internal/modindex/testdata/ignore_non_source"",""-I"",""<snapshot>"",""<snapshot>/cmd/go/internal/modindex/testdata/ignore_non_source/c.c"",""-o"",""<temporary>/module.ll""]",clang -O1 -S -emit-llvm -Wno-everything -I '<snapshot>/cmd/go/internal/modindex/testdata/ignore_non_source' -I '<snapshot>' '<snapshot>/cmd/go/internal/modindex/testdata/ignore_non_source/c.c' -o '<temporary>/module.ll',0,0,e3b0c44298fc1c149afbf4c8996fb92427ae41e4649b934ca495991b7852b855,e3b0c44298fc1c149afbf4c8996fb92427ae41e4649b934ca495991b7852b855,,0,0,0,0,0,0,0,0,0
cmd/go/internal/modindex/testdata/ignore_non_source/c.c,e3b0c44298fc1c149afbf4c8996fb92427ae41e4649b934ca495991b7852b855,O2,"[""clang"",""-O2"",""-S"",""-emit-llvm"",""-Wno-everything"",""-I"",""<snapshot>/cmd/go/internal/modindex/testdata/ignore_non_source"",""-I"",""<snapshot>"",""<snapshot>/cmd/go/internal/modindex/testdata/ignore_non_source/c.c"",""-o"",""<temporary>/module.ll""]",clang -O2 -S -emit-llvm -Wno-everything -I '<snapshot>/cmd/go/internal/modindex/testdata/ignore_non_source' -I '<snapshot>' '<snapshot>/cmd/go/internal/modindex/testdata/ignore_non_source/c.c' -o '<temporary>/module.ll',0,0,e3b0c44298fc1c149afbf4c8996fb92427ae41e4649b934ca495991b7852b855,e3b0c44298fc1c149afbf4c8996fb92427ae41e4649b934ca495991b7852b855,,0,0,0,0,0,0,0,0,0
cmd/internal/archive/testdata/mycgo/c1.c,9078c201c05e71f391fc4e1a5396435da5c0e085ebcec3b5e1d28cf907f86dc4,O0,"[""clang"",""-O0"",""-S"",""-emit-llvm"",""-Wno-everything"",""-I"",""<snapshot>/cmd/internal/archive/testdata/mycgo"",""-I"",""<snapshot>"",""<snapshot>/cmd/internal/archive/testdata/mycgo/c1.c"",""-o"",""<temporary>/module.ll""]",clang -O0 -S -emit-llvm -Wno-everything -I '<snapshot>/cmd/internal/archive/testdata/mycgo' -I '<snapshot>' '<snapshot>/cmd/internal/archive/testdata/mycgo/c1.c' -o '<temporary>/module.ll',0,0,e3b0c44298fc1c149afbf4c8996fb92427ae41e4649b934ca495991b7852b855,e3b0c44298fc1c149afbf4c8996fb92427ae41e4649b934ca495991b7852b855,,2,0,0,0,0,0,0,0,0
cmd/internal/archive/testdata/mycgo/c1.c,9078c201c05e71f391fc4e1a5396435da5c0e085ebcec3b5e1d28cf907f86dc4,O1,"[""clang"",""-O1"",""-S"",""-emit-llvm"",""-Wno-everything"",""-I"",""<snapshot>/cmd/internal/archive/testdata/mycgo"",""-I"",""<snapshot>"",""<snapshot>/cmd/internal/archive/testdata/mycgo/c1.c"",""-o"",""<temporary>/module.ll""]",clang -O1 -S -emit-llvm -Wno-everything -I '<snapshot>/cmd/internal/archive/testdata/mycgo' -I '<snapshot>' '<snapshot>/cmd/internal/archive/testdata/mycgo/c1.c' -o '<temporary>/module.ll',0,0,e3b0c44298fc1c149afbf4c8996fb92427ae41e4649b934ca495991b7852b855,e3b0c44298fc1c149afbf4c8996fb92427ae41e4649b934ca495991b7852b855,,2,0,0,0,0,0,0,0,0
cmd/internal/archive/testdata/mycgo/c1.c,9078c201c05e71f391fc4e1a5396435da5c0e085ebcec3b5e1d28cf907f86dc4,O2,"[""clang"",""-O2"",""-S"",""-emit-llvm"",""-Wno-everything"",""-I"",""<snapshot>/cmd/internal/archive/testdata/mycgo"",""-I"",""<snapshot>"",""<snapshot>/cmd/internal/archive/testdata/mycgo/c1.c"",""-o"",""<temporary>/module.ll""]",clang -O2 -S -emit-llvm -Wno-everything -I '<snapshot>/cmd/internal/archive/testdata/mycgo' -I '<snapshot>' '<snapshot>/cmd/internal/archive/testdata/mycgo/c1.c' -o '<temporary>/module.ll',0,0,e3b0c44298fc1c149afbf4c8996fb92427ae41e4649b934ca495991b7852b855,e3b0c44298fc1c149afbf4c8996fb92427ae41e4649b934ca495991b7852b855,,2,0,0,0,0,0,0,0,0
cmd/internal/archive/testdata/mycgo/c2.c,1025a047bbb01f0a187ef9f1bc8db7cc3096fedbdd4a465df738a7f679cc006b,O0,"[""clang"",""-O0"",""-S"",""-emit-llvm"",""-Wno-everything"",""-I"",""<snapshot>/cmd/internal/archive/testdata/mycgo"",""-I"",""<snapshot>"",""<snapshot>/cmd/internal/archive/testdata/mycgo/c2.c"",""-o"",""<temporary>/module.ll""]",clang -O0 -S -emit-llvm -Wno-everything -I '<snapshot>/cmd/internal/archive/testdata/mycgo' -I '<snapshot>' '<snapshot>/cmd/internal/archive/testdata/mycgo/c2.c' -o '<temporary>/module.ll',0,0,e3b0c44298fc1c149afbf4c8996fb92427ae41e4649b934ca495991b7852b855,e3b0c44298fc1c149afbf4c8996fb92427ae41e4649b934ca495991b7852b855,,2,0,0,0,0,0,0,0,0
cmd/internal/archive/testdata/mycgo/c2.c,1025a047bbb01f0a187ef9f1bc8db7cc3096fedbdd4a465df738a7f679cc006b,O1,"[""clang"",""-O1"",""-S"",""-emit-llvm"",""-Wno-everything"",""-I"",""<snapshot>/cmd/internal/archive/testdata/mycgo"",""-I"",""<snapshot>"",""<snapshot>/cmd/internal/archive/testdata/mycgo/c2.c"",""-o"",""<temporary>/module.ll""]",clang -O1 -S -emit-llvm -Wno-everything -I '<snapshot>/cmd/internal/archive/testdata/mycgo' -I '<snapshot>' '<snapshot>/cmd/internal/archive/testdata/mycgo/c2.c' -o '<temporary>/module.ll',0,0,e3b0c44298fc1c149afbf4c8996fb92427ae41e4649b934ca495991b7852b855,e3b0c44298fc1c149afbf4c8996fb92427ae41e4649b934ca495991b7852b855,,2,0,0,0,0,0,0,0,0
cmd/internal/archive/testdata/mycgo/c2.c,1025a047bbb01f0a187ef9f1bc8db7cc3096fedbdd4a465df738a7f679cc006b,O2,"[""clang"",""-O2"",""-S"",""-emit-llvm"",""-Wno-everything"",""-I"",""<snapshot>/cmd/internal/archive/testdata/mycgo"",""-I"",""<snapshot>"",""<snapshot>/cmd/internal/archive/testdata/mycgo/c2.c"",""-o"",""<temporary>/module.ll""]",clang -O2 -S -emit-llvm -Wno-everything -I '<snapshot>/cmd/internal/archive/testdata/mycgo' -I '<snapshot>' '<snapshot>/cmd/internal/archive/testdata/mycgo/c2.c' -o '<temporary>/module.ll',0,0,e3b0c44298fc1c149afbf4c8996fb92427ae41e4649b934ca495991b7852b855,e3b0c44298fc1c149afbf4c8996fb92427ae41e4649b934ca495991b7852b855,,2,0,0,0,0,0,0,0,0
cmd/link/testdata/testBuildFortvOS/main.m,ee01727df300b1818d1afec94886b79d21c6c1ca08f492545e4822f33ad25260,O0,"[""clang"",""-O0"",""-S"",""-emit-llvm"",""-Wno-everything"",""-I"",""<snapshot>/cmd/link/testdata/testBuildFortvOS"",""-I"",""<snapshot>"",""<snapshot>/cmd/link/testdata/testBuildFortvOS/main.m"",""-o"",""<temporary>/module.ll""]",clang -O0 -S -emit-llvm -Wno-everything -I '<snapshot>/cmd/link/testdata/testBuildFortvOS' -I '<snapshot>' '<snapshot>/cmd/link/testdata/testBuildFortvOS/main.m' -o '<temporary>/module.ll',0,0,e3b0c44298fc1c149afbf4c8996fb92427ae41e4649b934ca495991b7852b855,e3b0c44298fc1c149afbf4c8996fb92427ae41e4649b934ca495991b7852b855,,6,0,0,0,0,0,0,0,0
cmd/link/testdata/testBuildFortvOS/main.m,ee01727df300b1818d1afec94886b79d21c6c1ca08f492545e4822f33ad25260,O1,"[""clang"",""-O1"",""-S"",""-emit-llvm"",""-Wno-everything"",""-I"",""<snapshot>/cmd/link/testdata/testBuildFortvOS"",""-I"",""<snapshot>"",""<snapshot>/cmd/link/testdata/testBuildFortvOS/main.m"",""-o"",""<temporary>/module.ll""]",clang -O1 -S -emit-llvm -Wno-everything -I '<snapshot>/cmd/link/testdata/testBuildFortvOS' -I '<snapshot>' '<snapshot>/cmd/link/testdata/testBuildFortvOS/main.m' -o '<temporary>/module.ll',0,0,e3b0c44298fc1c149afbf4c8996fb92427ae41e4649b934ca495991b7852b855,e3b0c44298fc1c149afbf4c8996fb92427ae41e4649b934ca495991b7852b855,,2,0,0,0,0,0,0,0,0
cmd/link/testdata/testBuildFortvOS/main.m,ee01727df300b1818d1afec94886b79d21c6c1ca08f492545e4822f33ad25260,O2,"[""clang"",""-O2"",""-S"",""-emit-llvm"",""-Wno-everything"",""-I"",""<snapshot>/cmd/link/testdata/testBuildFortvOS"",""-I"",""<snapshot>"",""<snapshot>/cmd/link/testdata/testBuildFortvOS/main.m"",""-o"",""<temporary>/module.ll""]",clang -O2 -S -emit-llvm -Wno-everything -I '<snapshot>/cmd/link/testdata/testBuildFortvOS' -I '<snapshot>' '<snapshot>/cmd/link/testdata/testBuildFortvOS/main.m' -o '<temporary>/module.ll',0,0,e3b0c44298fc1c149afbf4c8996fb92427ae41e4649b934ca495991b7852b855,e3b0c44298fc1c149afbf4c8996fb92427ae41e4649b934ca495991b7852b855,,2,0,0,0,0,0,0,0,0
cmd/vendor/golang.org/x/sys/unix/gccgo_c.c,3bea4e48ed46901e180e143da42b8380392f50f5ac428022a64bc31899ec1a81,O0,"[""clang"",""-O0"",""-S"",""-emit-llvm"",""-Wno-everything"",""-I"",""<snapshot>/cmd/vendor/golang.org/x/sys/unix"",""-I"",""<snapshot>"",""<snapshot>/cmd/vendor/golang.org/x/sys/unix/gccgo_c.c"",""-o"",""<temporary>/module.ll""]",clang -O0 -S -emit-llvm -Wno-everything -I '<snapshot>/cmd/vendor/golang.org/x/sys/unix' -I '<snapshot>' '<snapshot>/cmd/vendor/golang.org/x/sys/unix/gccgo_c.c' -o '<temporary>/module.ll',1,0,e3b0c44298fc1c149afbf4c8996fb92427ae41e4649b934ca495991b7852b855,a3953105530e7340b2d5a6c185d87189b437b7a8efa070ef8f1d4b395a1bf09d,"<snapshot>/cmd/vendor/golang.org/x/sys/unix/gccgo_c.c:24:24: error: cannot use an empty string literal in 'asm'
   24 |   __asm__(GOSYM_PREFIX GOPKGPATH "".realSyscall"");
      |           ~~~~~~~~~~~~ ^
<snapshot>/cmd/vendor/golang.org/x/sys/unix/gccgo_c.c:38:24: error: cannot use an empty string literal in 'asm'
   38 |   __asm__(GOSYM_PREFIX GOPKGPATH "".realSyscallNoError"");
      |           ~~~~~~~~~~~~ ^
2 errors generated.",0,0,0,0,0,0,0,0,0
cmd/vendor/golang.org/x/sys/unix/gccgo_c.c,3bea4e48ed46901e180e143da42b8380392f50f5ac428022a64bc31899ec1a81,O1,"[""clang"",""-O1"",""-S"",""-emit-llvm"",""-Wno-everything"",""-I"",""<snapshot>/cmd/vendor/golang.org/x/sys/unix"",""-I"",""<snapshot>"",""<snapshot>/cmd/vendor/golang.org/x/sys/unix/gccgo_c.c"",""-o"",""<temporary>/module.ll""]",clang -O1 -S -emit-llvm -Wno-everything -I '<snapshot>/cmd/vendor/golang.org/x/sys/unix' -I '<snapshot>' '<snapshot>/cmd/vendor/golang.org/x/sys/unix/gccgo_c.c' -o '<temporary>/module.ll',1,0,e3b0c44298fc1c149afbf4c8996fb92427ae41e4649b934ca495991b7852b855,a3953105530e7340b2d5a6c185d87189b437b7a8efa070ef8f1d4b395a1bf09d,"<snapshot>/cmd/vendor/golang.org/x/sys/unix/gccgo_c.c:24:24: error: cannot use an empty string literal in 'asm'
   24 |   __asm__(GOSYM_PREFIX GOPKGPATH "".realSyscall"");
      |           ~~~~~~~~~~~~ ^
<snapshot>/cmd/vendor/golang.org/x/sys/unix/gccgo_c.c:38:24: error: cannot use an empty string literal in 'asm'
   38 |   __asm__(GOSYM_PREFIX GOPKGPATH "".realSyscallNoError"");
      |           ~~~~~~~~~~~~ ^
2 errors generated.",0,0,0,0,0,0,0,0,0
cmd/vendor/golang.org/x/sys/unix/gccgo_c.c,3bea4e48ed46901e180e143da42b8380392f50f5ac428022a64bc31899ec1a81,O2,"[""clang"",""-O2"",""-S"",""-emit-llvm"",""-Wno-everything"",""-I"",""<snapshot>/cmd/vendor/golang.org/x/sys/unix"",""-I"",""<snapshot>"",""<snapshot>/cmd/vendor/golang.org/x/sys/unix/gccgo_c.c"",""-o"",""<temporary>/module.ll""]",clang -O2 -S -emit-llvm -Wno-everything -I '<snapshot>/cmd/vendor/golang.org/x/sys/unix' -I '<snapshot>' '<snapshot>/cmd/vendor/golang.org/x/sys/unix/gccgo_c.c' -o '<temporary>/module.ll',1,0,e3b0c44298fc1c149afbf4c8996fb92427ae41e4649b934ca495991b7852b855,a3953105530e7340b2d5a6c185d87189b437b7a8efa070ef8f1d4b395a1bf09d,"<snapshot>/cmd/vendor/golang.org/x/sys/unix/gccgo_c.c:24:24: error: cannot use an empty string literal in 'asm'
   24 |   __asm__(GOSYM_PREFIX GOPKGPATH "".realSyscall"");
      |           ~~~~~~~~~~~~ ^
<snapshot>/cmd/vendor/golang.org/x/sys/unix/gccgo_c.c:38:24: error: cannot use an empty string literal in 'asm'
   38 |   __asm__(GOSYM_PREFIX GOPKGPATH "".realSyscallNoError"");
      |           ~~~~~~~~~~~~ ^
2 errors generated.",0,0,0,0,0,0,0,0,0
crypto/internal/boring/div_test.c,4ea5d2571735ff3a6d059a85e1fc9a8941120ed089200eaa0b43dba4167f69a8,O0,"[""clang"",""-O0"",""-S"",""-emit-llvm"",""-Wno-everything"",""-I"",""<snapshot>/crypto/internal/boring"",""-I"",""<snapshot>"",""<snapshot>/crypto/internal/boring/div_test.c"",""-o"",""<temporary>/module.ll""]",clang -O0 -S -emit-llvm -Wno-everything -I '<snapshot>/crypto/internal/boring' -I '<snapshot>' '<snapshot>/crypto/internal/boring/div_test.c' -o '<temporary>/module.ll',0,0,e3b0c44298fc1c149afbf4c8996fb92427ae41e4649b934ca495991b7852b855,e3b0c44298fc1c149afbf4c8996fb92427ae41e4649b934ca495991b7852b855,,138,6,0,0,6,3,3,0,0
crypto/internal/boring/div_test.c,4ea5d2571735ff3a6d059a85e1fc9a8941120ed089200eaa0b43dba4167f69a8,O1,"[""clang"",""-O1"",""-S"",""-emit-llvm"",""-Wno-everything"",""-I"",""<snapshot>/crypto/internal/boring"",""-I"",""<snapshot>"",""<snapshot>/crypto/internal/boring/div_test.c"",""-o"",""<temporary>/module.ll""]",clang -O1 -S -emit-llvm -Wno-everything -I '<snapshot>/crypto/internal/boring' -I '<snapshot>' '<snapshot>/crypto/internal/boring/div_test.c' -o '<temporary>/module.ll',0,0,e3b0c44298fc1c149afbf4c8996fb92427ae41e4649b934ca495991b7852b855,e3b0c44298fc1c149afbf4c8996fb92427ae41e4649b934ca495991b7852b855,,62,11,0,11,16,11,7,0,4
crypto/internal/boring/div_test.c,4ea5d2571735ff3a6d059a85e1fc9a8941120ed089200eaa0b43dba4167f69a8,O2,"[""clang"",""-O2"",""-S"",""-emit-llvm"",""-Wno-everything"",""-I"",""<snapshot>/crypto/internal/boring"",""-I"",""<snapshot>"",""<snapshot>/crypto/internal/boring/div_test.c"",""-o"",""<temporary>/module.ll""]",clang -O2 -S -emit-llvm -Wno-everything -I '<snapshot>/crypto/internal/boring' -I '<snapshot>' '<snapshot>/crypto/internal/boring/div_test.c' -o '<temporary>/module.ll',0,0,e3b0c44298fc1c149afbf4c8996fb92427ae41e4649b934ca495991b7852b855,e3b0c44298fc1c149afbf4c8996fb92427ae41e4649b934ca495991b7852b855,,86,12,0,16,21,16,8,0,8
debug/dwarf/testdata/bitfields.c,c34b40f82a9692c420099ab26fd7636338d819bb3fb307bb4c2410c5303e588c,O0,"[""clang"",""-O0"",""-S"",""-emit-llvm"",""-Wno-everything"",""-I"",""<snapshot>/debug/dwarf/testdata"",""-I"",""<snapshot>"",""<snapshot>/debug/dwarf/testdata/bitfields.c"",""-o"",""<temporary>/module.ll""]",clang -O0 -S -emit-llvm -Wno-everything -I '<snapshot>/debug/dwarf/testdata' -I '<snapshot>' '<snapshot>/debug/dwarf/testdata/bitfields.c' -o '<temporary>/module.ll',0,0,e3b0c44298fc1c149afbf4c8996fb92427ae41e4649b934ca495991b7852b855,e3b0c44298fc1c149afbf4c8996fb92427ae41e4649b934ca495991b7852b855,,0,0,0,0,0,0,0,0,0
debug/dwarf/testdata/bitfields.c,c34b40f82a9692c420099ab26fd7636338d819bb3fb307bb4c2410c5303e588c,O1,"[""clang"",""-O1"",""-S"",""-emit-llvm"",""-Wno-everything"",""-I"",""<snapshot>/debug/dwarf/testdata"",""-I"",""<snapshot>"",""<snapshot>/debug/dwarf/testdata/bitfields.c"",""-o"",""<temporary>/module.ll""]",clang -O1 -S -emit-llvm -Wno-everything -I '<snapshot>/debug/dwarf/testdata' -I '<snapshot>' '<snapshot>/debug/dwarf/testdata/bitfields.c' -o '<temporary>/module.ll',0,0,e3b0c44298fc1c149afbf4c8996fb92427ae41e4649b934ca495991b7852b855,e3b0c44298fc1c149afbf4c8996fb92427ae41e4649b934ca495991b7852b855,,0,0,0,0,0,0,0,0,0
debug/dwarf/testdata/bitfields.c,c34b40f82a9692c420099ab26fd7636338d819bb3fb307bb4c2410c5303e588c,O2,"[""clang"",""-O2"",""-S"",""-emit-llvm"",""-Wno-everything"",""-I"",""<snapshot>/debug/dwarf/testdata"",""-I"",""<snapshot>"",""<snapshot>/debug/dwarf/testdata/bitfields.c"",""-o"",""<temporary>/module.ll""]",clang -O2 -S -emit-llvm -Wno-everything -I '<snapshot>/debug/dwarf/testdata' -I '<snapshot>' '<snapshot>/debug/dwarf/testdata/bitfields.c' -o '<temporary>/module.ll',0,0,e3b0c44298fc1c149afbf4c8996fb92427ae41e4649b934ca495991b7852b855,e3b0c44298fc1c149afbf4c8996fb92427ae41e4649b934ca495991b7852b855,,0,0,0,0,0,0,0,0,0
debug/dwarf/testdata/cppunsuptypes.cc,3dea181673ee7f89b6c21747c861a3884c1099665487d398a23426396897dfa6,O0,"[""clang"",""-O0"",""-S"",""-emit-llvm"",""-Wno-everything"",""-I"",""<snapshot>/debug/dwarf/testdata"",""-I"",""<snapshot>"",""<snapshot>/debug/dwarf/testdata/cppunsuptypes.cc"",""-o"",""<temporary>/module.ll""]",clang -O0 -S -emit-llvm -Wno-everything -I '<snapshot>/debug/dwarf/testdata' -I '<snapshot>' '<snapshot>/debug/dwarf/testdata/cppunsuptypes.cc' -o '<temporary>/module.ll',0,0,e3b0c44298fc1c149afbf4c8996fb92427ae41e4649b934ca495991b7852b855,e3b0c44298fc1c149afbf4c8996fb92427ae41e4649b934ca495991b7852b855,,8,0,0,0,0,0,0,0,0
debug/dwarf/testdata/cppunsuptypes.cc,3dea181673ee7f89b6c21747c861a3884c1099665487d398a23426396897dfa6,O1,"[""clang"",""-O1"",""-S"",""-emit-llvm"",""-Wno-everything"",""-I"",""<snapshot>/debug/dwarf/testdata"",""-I"",""<snapshot>"",""<snapshot>/debug/dwarf/testdata/cppunsuptypes.cc"",""-o"",""<temporary>/module.ll""]",clang -O1 -S -emit-llvm -Wno-everything -I '<snapshot>/debug/dwarf/testdata' -I '<snapshot>' '<snapshot>/debug/dwarf/testdata/cppunsuptypes.cc' -o '<temporary>/module.ll',0,0,e3b0c44298fc1c149afbf4c8996fb92427ae41e4649b934ca495991b7852b855,e3b0c44298fc1c149afbf4c8996fb92427ae41e4649b934ca495991b7852b855,,1,0,0,0,0,0,0,0,0
debug/dwarf/testdata/cppunsuptypes.cc,3dea181673ee7f89b6c21747c861a3884c1099665487d398a23426396897dfa6,O2,"[""clang"",""-O2"",""-S"",""-emit-llvm"",""-Wno-everything"",""-I"",""<snapshot>/debug/dwarf/testdata"",""-I"",""<snapshot>"",""<snapshot>/debug/dwarf/testdata/cppunsuptypes.cc"",""-o"",""<temporary>/module.ll""]",clang -O2 -S -emit-llvm -Wno-everything -I '<snapshot>/debug/dwarf/testdata' -I '<snapshot>' '<snapshot>/debug/dwarf/testdata/cppunsuptypes.cc' -o '<temporary>/module.ll',0,0,e3b0c44298fc1c149afbf4c8996fb92427ae41e4649b934ca495991b7852b855,e3b0c44298fc1c149afbf4c8996fb92427ae41e4649b934ca495991b7852b855,,1,0,0,0,0,0,0,0,0
debug/dwarf/testdata/cycle.c,e8a8759544bca57bf6bc02201e328f7a78ef57462b6024e2473f75b5bed38cc5,O0,"[""clang"",""-O0"",""-S"",""-emit-llvm"",""-Wno-everything"",""-I"",""<snapshot>/debug/dwarf/testdata"",""-I"",""<snapshot>"",""<snapshot>/debug/dwarf/testdata/cycle.c"",""-o"",""<temporary>/module.ll""]",clang -O0 -S -emit-llvm -Wno-everything -I '<snapshot>/debug/dwarf/testdata' -I '<snapshot>' '<snapshot>/debug/dwarf/testdata/cycle.c' -o '<temporary>/module.ll',0,0,e3b0c44298fc1c149afbf4c8996fb92427ae41e4649b934ca495991b7852b855,e3b0c44298fc1c149afbf4c8996fb92427ae41e4649b934ca495991b7852b855,,1,0,0,0,0,0,0,0,0
debug/dwarf/testdata/cycle.c,e8a8759544bca57bf6bc02201e328f7a78ef57462b6024e2473f75b5bed38cc5,O1,"[""clang"",""-O1"",""-S"",""-emit-llvm"",""-Wno-everything"",""-I"",""<snapshot>/debug/dwarf/testdata"",""-I"",""<snapshot>"",""<snapshot>/debug/dwarf/testdata/cycle.c"",""-o"",""<temporary>/module.ll""]",clang -O1 -S -emit-llvm -Wno-everything -I '<snapshot>/debug/dwarf/testdata' -I '<snapshot>' '<snapshot>/debug/dwarf/testdata/cycle.c' -o '<temporary>/module.ll',0,0,e3b0c44298fc1c149afbf4c8996fb92427ae41e4649b934ca495991b7852b855,e3b0c44298fc1c149afbf4c8996fb92427ae41e4649b934ca495991b7852b855,,1,0,0,0,0,0,0,0,0
debug/dwarf/testdata/cycle.c,e8a8759544bca57bf6bc02201e328f7a78ef57462b6024e2473f75b5bed38cc5,O2,"[""clang"",""-O2"",""-S"",""-emit-llvm"",""-Wno-everything"",""-I"",""<snapshot>/debug/dwarf/testdata"",""-I"",""<snapshot>"",""<snapshot>/debug/dwarf/testdata/cycle.c"",""-o"",""<temporary>/module.ll""]",clang -O2 -S -emit-llvm -Wno-everything -I '<snapshot>/debug/dwarf/testdata' -I '<snapshot>' '<snapshot>/debug/dwarf/testdata/cycle.c' -o '<temporary>/module.ll',0,0,e3b0c44298fc1c149afbf4c8996fb92427ae41e4649b934ca495991b7852b855,e3b0c44298fc1c149afbf4c8996fb92427ae41e4649b934ca495991b7852b855,,1,0,0,0,0,0,0,0,0
debug/dwarf/testdata/line1.c,ea53e5c97f37633da2642e70c9444603aa82a3e4e708630ee12292b33f1a62b9,O0,"[""clang"",""-O0"",""-S"",""-emit-llvm"",""-Wno-everything"",""-I"",""<snapshot>/debug/dwarf/testdata"",""-I"",""<snapshot>"",""<snapshot>/debug/dwarf/testdata/line1.c"",""-o"",""<temporary>/module.ll""]",clang -O0 -S -emit-llvm -Wno-everything -I '<snapshot>/debug/dwarf/testdata' -I '<snapshot>' '<snapshot>/debug/dwarf/testdata/line1.c' -o '<temporary>/module.ll',0,0,e3b0c44298fc1c149afbf4c8996fb92427ae41e4649b934ca495991b7852b855,e3b0c44298fc1c149afbf4c8996fb92427ae41e4649b934ca495991b7852b855,,20,1,0,0,1,0,0,0,0
debug/dwarf/testdata/line1.c,ea53e5c97f37633da2642e70c9444603aa82a3e4e708630ee12292b33f1a62b9,O1,"[""clang"",""-O1"",""-S"",""-emit-llvm"",""-Wno-everything"",""-I"",""<snapshot>/debug/dwarf/testdata"",""-I"",""<snapshot>"",""<snapshot>/debug/dwarf/testdata/line1.c"",""-o"",""<temporary>/module.ll""]",clang -O1 -S -emit-llvm -Wno-everything -I '<snapshot>/debug/dwarf/testdata' -I '<snapshot>' '<snapshot>/debug/dwarf/testdata/line1.c' -o '<temporary>/module.ll',0,0,e3b0c44298fc1c149afbf4c8996fb92427ae41e4649b934ca495991b7852b855,e3b0c44298fc1c149afbf4c8996fb92427ae41e4649b934ca495991b7852b855,,2,0,0,0,0,0,0,0,0
debug/dwarf/testdata/line1.c,ea53e5c97f37633da2642e70c9444603aa82a3e4e708630ee12292b33f1a62b9,O2,"[""clang"",""-O2"",""-S"",""-emit-llvm"",""-Wno-everything"",""-I"",""<snapshot>/debug/dwarf/testdata"",""-I"",""<snapshot>"",""<snapshot>/debug/dwarf/testdata/line1.c"",""-o"",""<temporary>/module.ll""]",clang -O2 -S -emit-llvm -Wno-everything -I '<snapshot>/debug/dwarf/testdata' -I '<snapshot>' '<snapshot>/debug/dwarf/testdata/line1.c' -o '<temporary>/module.ll',0,0,e3b0c44298fc1c149afbf4c8996fb92427ae41e4649b934ca495991b7852b855,e3b0c44298fc1c149afbf4c8996fb92427ae41e4649b934ca495991b7852b855,,2,0,0,0,0,0,0,0,0
debug/dwarf/testdata/line2.c,dd373e5fe702ed0a6f1bbd4f89029aaba37c8df99d44e533a622799fedac53df,O0,"[""clang"",""-O0"",""-S"",""-emit-llvm"",""-Wno-everything"",""-I"",""<snapshot>/debug/dwarf/testdata"",""-I"",""<snapshot>"",""<snapshot>/debug/dwarf/testdata/line2.c"",""-o"",""<temporary>/module.ll""]",clang -O0 -S -emit-llvm -Wno-everything -I '<snapshot>/debug/dwarf/testdata' -I '<snapshot>' '<snapshot>/debug/dwarf/testdata/line2.c' -o '<temporary>/module.ll',0,0,e3b0c44298fc1c149afbf4c8996fb92427ae41e4649b934ca495991b7852b855,e3b0c44298fc1c149afbf4c8996fb92427ae41e4649b934ca495991b7852b855,,2,0,0,0,0,0,0,0,0
debug/dwarf/testdata/line2.c,dd373e5fe702ed0a6f1bbd4f89029aaba37c8df99d44e533a622799fedac53df,O1,"[""clang"",""-O1"",""-S"",""-emit-llvm"",""-Wno-everything"",""-I"",""<snapshot>/debug/dwarf/testdata"",""-I"",""<snapshot>"",""<snapshot>/debug/dwarf/testdata/line2.c"",""-o"",""<temporary>/module.ll""]",clang -O1 -S -emit-llvm -Wno-everything -I '<snapshot>/debug/dwarf/testdata' -I '<snapshot>' '<snapshot>/debug/dwarf/testdata/line2.c' -o '<temporary>/module.ll',0,0,e3b0c44298fc1c149afbf4c8996fb92427ae41e4649b934ca495991b7852b855,e3b0c44298fc1c149afbf4c8996fb92427ae41e4649b934ca495991b7852b855,,2,0,0,0,0,0,0,0,0
debug/dwarf/testdata/line2.c,dd373e5fe702ed0a6f1bbd4f89029aaba37c8df99d44e533a622799fedac53df,O2,"[""clang"",""-O2"",""-S"",""-emit-llvm"",""-Wno-everything"",""-I"",""<snapshot>/debug/dwarf/testdata"",""-I"",""<snapshot>"",""<snapshot>/debug/dwarf/testdata/line2.c"",""-o"",""<temporary>/module.ll""]",clang -O2 -S -emit-llvm -Wno-everything -I '<snapshot>/debug/dwarf/testdata' -I '<snapshot>' '<snapshot>/debug/dwarf/testdata/line2.c' -o '<temporary>/module.ll',0,0,e3b0c44298fc1c149afbf4c8996fb92427ae41e4649b934ca495991b7852b855,e3b0c44298fc1c149afbf4c8996fb92427ae41e4649b934ca495991b7852b855,,2,0,0,0,0,0,0,0,0
debug/dwarf/testdata/ranges.c,02c38db748eef0b91f934f31a8afe54faa3b8a42993aed121f423a4c19745aa7,O0,"[""clang"",""-O0"",""-S"",""-emit-llvm"",""-Wno-everything"",""-I"",""<snapshot>/debug/dwarf/testdata"",""-I"",""<snapshot>"",""<snapshot>/debug/dwarf/testdata/ranges.c"",""-o"",""<temporary>/module.ll""]",clang -O0 -S -emit-llvm -Wno-everything -I '<snapshot>/debug/dwarf/testdata' -I '<snapshot>' '<snapshot>/debug/dwarf/testdata/ranges.c' -o '<temporary>/module.ll',0,0,e3b0c44298fc1c149afbf4c8996fb92427ae41e4649b934ca495991b7852b855,e3b0c44298fc1c149afbf4c8996fb92427ae41e4649b934ca495991b7852b855,,50,2,0,0,2,0,0,0,0
debug/dwarf/testdata/ranges.c,02c38db748eef0b91f934f31a8afe54faa3b8a42993aed121f423a4c19745aa7,O1,"[""clang"",""-O1"",""-S"",""-emit-llvm"",""-Wno-everything"",""-I"",""<snapshot>/debug/dwarf/testdata"",""-I"",""<snapshot>"",""<snapshot>/debug/dwarf/testdata/ranges.c"",""-o"",""<temporary>/module.ll""]",clang -O1 -S -emit-llvm -Wno-everything -I '<snapshot>/debug/dwarf/testdata' -I '<snapshot>' '<snapshot>/debug/dwarf/testdata/ranges.c' -o '<temporary>/module.ll',0,0,e3b0c44298fc1c149afbf4c8996fb92427ae41e4649b934ca495991b7852b855,e3b0c44298fc1c149afbf4c8996fb92427ae41e4649b934ca495991b7852b855,,21,5,0,0,5,2,2,0,0
debug/dwarf/testdata/ranges.c,02c38db748eef0b91f934f31a8afe54faa3b8a42993aed121f423a4c19745aa7,O2,"[""clang"",""-O2"",""-S"",""-emit-llvm"",""-Wno-everything"",""-I"",""<snapshot>/debug/dwarf/testdata"",""-I"",""<snapshot>"",""<snapshot>/debug/dwarf/testdata/ranges.c"",""-o"",""<temporary>/module.ll""]",clang -O2 -S -emit-llvm -Wno-everything -I '<snapshot>/debug/dwarf/testdata' -I '<snapshot>' '<snapshot>/debug/dwarf/testdata/ranges.c' -o '<temporary>/module.ll',0,0,e3b0c44298fc1c149afbf4c8996fb92427ae41e4649b934ca495991b7852b855,e3b0c44298fc1c149afbf4c8996fb92427ae41e4649b934ca495991b7852b855,,69,13,0,0,13,9,9,0,0
debug/dwarf/testdata/rnglistx.c,a3a7b467708195bbabd5ea357b056c58d778e8c61437dee18279620f86bfaa4c,O0,"[""clang"",""-O0"",""-S"",""-emit-llvm"",""-Wno-everything"",""-I"",""<snapshot>/debug/dwarf/testdata"",""-I"",""<snapshot>"",""<snapshot>/debug/dwarf/testdata/rnglistx.c"",""-o"",""<temporary>/module.ll""]",clang -O0 -S -emit-llvm -Wno-everything -I '<snapshot>/debug/dwarf/testdata' -I '<snapshot>' '<snapshot>/debug/dwarf/testdata/rnglistx.c' -o '<temporary>/module.ll',0,0,e3b0c44298fc1c149afbf4c8996fb92427ae41e4649b934ca495991b7852b855,e3b0c44298fc1c149afbf4c8996fb92427ae41e4649b934ca495991b7852b855,,41,4,0,0,4,1,1,0,0
debug/dwarf/testdata/rnglistx.c,a3a7b467708195bbabd5ea357b056c58d778e8c61437dee18279620f86bfaa4c,O1,"[""clang"",""-O1"",""-S"",""-emit-llvm"",""-Wno-everything"",""-I"",""<snapshot>/debug/dwarf/testdata"",""-I"",""<snapshot>"",""<snapshot>/debug/dwarf/testdata/rnglistx.c"",""-o"",""<temporary>/module.ll""]",clang -O1 -S -emit-llvm -Wno-everything -I '<snapshot>/debug/dwarf/testdata' -I '<snapshot>' '<snapshot>/debug/dwarf/testdata/rnglistx.c' -o '<temporary>/module.ll',0,0,e3b0c44298fc1c149afbf4c8996fb92427ae41e4649b934ca495991b7852b855,e3b0c44298fc1c149afbf4c8996fb92427ae41e4649b934ca495991b7852b855,,21,7,0,1,7,4,4,0,0
debug/dwarf/testdata/rnglistx.c,a3a7b467708195bbabd5ea357b056c58d778e8c61437dee18279620f86bfaa4c,O2,"[""clang"",""-O2"",""-S"",""-emit-llvm"",""-Wno-everything"",""-I"",""<snapshot>/debug/dwarf/testdata"",""-I"",""<snapshot>"",""<snapshot>/debug/dwarf/testdata/rnglistx.c"",""-o"",""<temporary>/module.ll""]",clang -O2 -S -emit-llvm -Wno-everything -I '<snapshot>/debug/dwarf/testdata' -I '<snapshot>' '<snapshot>/debug/dwarf/testdata/rnglistx.c' -o '<temporary>/module.ll',0,0,e3b0c44298fc1c149afbf4c8996fb92427ae41e4649b934ca495991b7852b855,e3b0c44298fc1c149afbf4c8996fb92427ae41e4649b934ca495991b7852b855,,21,7,0,1,7,4,4,0,0
debug/dwarf/testdata/split.c,bf18d1d7eeaa465f05f8ebfc104558f81a81a0a660151c7d9d85b2fe86a0a5ce,O0,"[""clang"",""-O0"",""-S"",""-emit-llvm"",""-Wno-everything"",""-I"",""<snapshot>/debug/dwarf/testdata"",""-I"",""<snapshot>"",""<snapshot>/debug/dwarf/testdata/split.c"",""-o"",""<temporary>/module.ll""]",clang -O0 -S -emit-llvm -Wno-everything -I '<snapshot>/debug/dwarf/testdata' -I '<snapshot>' '<snapshot>/debug/dwarf/testdata/split.c' -o '<temporary>/module.ll',0,0,e3b0c44298fc1c149afbf4c8996fb92427ae41e4649b934ca495991b7852b855,e3b0c44298fc1c149afbf4c8996fb92427ae41e4649b934ca495991b7852b855,,1,0,0,0,0,0,0,0,0
debug/dwarf/testdata/split.c,bf18d1d7eeaa465f05f8ebfc104558f81a81a0a660151c7d9d85b2fe86a0a5ce,O1,"[""clang"",""-O1"",""-S"",""-emit-llvm"",""-Wno-everything"",""-I"",""<snapshot>/debug/dwarf/testdata"",""-I"",""<snapshot>"",""<snapshot>/debug/dwarf/testdata/split.c"",""-o"",""<temporary>/module.ll""]",clang -O1 -S -emit-llvm -Wno-everything -I '<snapshot>/debug/dwarf/testdata' -I '<snapshot>' '<snapshot>/debug/dwarf/testdata/split.c' -o '<temporary>/module.ll',0,0,e3b0c44298fc1c149afbf4c8996fb92427ae41e4649b934ca495991b7852b855,e3b0c44298fc1c149afbf4c8996fb92427ae41e4649b934ca495991b7852b855,,1,0,0,0,0,0,0,0,0
debug/dwarf/testdata/split.c,bf18d1d7eeaa465f05f8ebfc104558f81a81a0a660151c7d9d85b2fe86a0a5ce,O2,"[""clang"",""-O2"",""-S"",""-emit-llvm"",""-Wno-everything"",""-I"",""<snapshot>/debug/dwarf/testdata"",""-I"",""<snapshot>"",""<snapshot>/debug/dwarf/testdata/split.c"",""-o"",""<temporary>/module.ll""]",clang -O2 -S -emit-llvm -Wno-everything -I '<snapshot>/debug/dwarf/testdata' -I '<snapshot>' '<snapshot>/debug/dwarf/testdata/split.c' -o '<temporary>/module.ll',0,0,e3b0c44298fc1c149afbf4c8996fb92427ae41e4649b934ca495991b7852b855,e3b0c44298fc1c149afbf4c8996fb92427ae41e4649b934ca495991b7852b855,,1,0,0,0,0,0,0,0,0
debug/dwarf/testdata/typedef.c,1cf6a516c3427d607c8f399bddba39cf02691efcdb2ee1fda5c171e5829e3d55,O0,"[""clang"",""-O0"",""-S"",""-emit-llvm"",""-Wno-everything"",""-I"",""<snapshot>/debug/dwarf/testdata"",""-I"",""<snapshot>"",""<snapshot>/debug/dwarf/testdata/typedef.c"",""-o"",""<temporary>/module.ll""]",clang -O0 -S -emit-llvm -Wno-everything -I '<snapshot>/debug/dwarf/testdata' -I '<snapshot>' '<snapshot>/debug/dwarf/testdata/typedef.c' -o '<temporary>/module.ll',0,0,e3b0c44298fc1c149afbf4c8996fb92427ae41e4649b934ca495991b7852b855,e3b0c44298fc1c149afbf4c8996fb92427ae41e4649b934ca495991b7852b855,,3,0,0,0,0,0,0,0,0
debug/dwarf/testdata/typedef.c,1cf6a516c3427d607c8f399bddba39cf02691efcdb2ee1fda5c171e5829e3d55,O1,"[""clang"",""-O1"",""-S"",""-emit-llvm"",""-Wno-everything"",""-I"",""<snapshot>/debug/dwarf/testdata"",""-I"",""<snapshot>"",""<snapshot>/debug/dwarf/testdata/typedef.c"",""-o"",""<temporary>/module.ll""]",clang -O1 -S -emit-llvm -Wno-everything -I '<snapshot>/debug/dwarf/testdata' -I '<snapshot>' '<snapshot>/debug/dwarf/testdata/typedef.c' -o '<temporary>/module.ll',0,0,e3b0c44298fc1c149afbf4c8996fb92427ae41e4649b934ca495991b7852b855,e3b0c44298fc1c149afbf4c8996fb92427ae41e4649b934ca495991b7852b855,,1,0,0,0,0,0,0,0,0
debug/dwarf/testdata/typedef.c,1cf6a516c3427d607c8f399bddba39cf02691efcdb2ee1fda5c171e5829e3d55,O2,"[""clang"",""-O2"",""-S"",""-emit-llvm"",""-Wno-everything"",""-I"",""<snapshot>/debug/dwarf/testdata"",""-I"",""<snapshot>"",""<snapshot>/debug/dwarf/testdata/typedef.c"",""-o"",""<temporary>/module.ll""]",clang -O2 -S -emit-llvm -Wno-everything -I '<snapshot>/debug/dwarf/testdata' -I '<snapshot>' '<snapshot>/debug/dwarf/testdata/typedef.c' -o '<temporary>/module.ll',0,0,e3b0c44298fc1c149afbf4c8996fb92427ae41e4649b934ca495991b7852b855,e3b0c44298fc1c149afbf4c8996fb92427ae41e4649b934ca495991b7852b855,,1,0,0,0,0,0,0,0,0
debug/elf/testdata/hello.c,3f6097ad890b3178b65f12c744a7b629c25d66f1daeb8f1acb82868a34f52672,O0,"[""clang"",""-O0"",""-S"",""-emit-llvm"",""-Wno-everything"",""-I"",""<snapshot>/debug/elf/testdata"",""-I"",""<snapshot>"",""<snapshot>/debug/elf/testdata/hello.c"",""-o"",""<temporary>/module.ll""]",clang -O0 -S -emit-llvm -Wno-everything -I '<snapshot>/debug/elf/testdata' -I '<snapshot>' '<snapshot>/debug/elf/testdata/hello.c' -o '<temporary>/module.ll',0,0,e3b0c44298fc1c149afbf4c8996fb92427ae41e4649b934ca495991b7852b855,e3b0c44298fc1c149afbf4c8996fb92427ae41e4649b934ca495991b7852b855,,6,0,0,0,0,0,0,0,0
debug/elf/testdata/hello.c,3f6097ad890b3178b65f12c744a7b629c25d66f1daeb8f1acb82868a34f52672,O1,"[""clang"",""-O1"",""-S"",""-emit-llvm"",""-Wno-everything"",""-I"",""<snapshot>/debug/elf/testdata"",""-I"",""<snapshot>"",""<snapshot>/debug/elf/testdata/hello.c"",""-o"",""<temporary>/module.ll""]",clang -O1 -S -emit-llvm -Wno-everything -I '<snapshot>/debug/elf/testdata' -I '<snapshot>' '<snapshot>/debug/elf/testdata/hello.c' -o '<temporary>/module.ll',0,0,e3b0c44298fc1c149afbf4c8996fb92427ae41e4649b934ca495991b7852b855,e3b0c44298fc1c149afbf4c8996fb92427ae41e4649b934ca495991b7852b855,,2,0,0,0,0,0,0,0,0
debug/elf/testdata/hello.c,3f6097ad890b3178b65f12c744a7b629c25d66f1daeb8f1acb82868a34f52672,O2,"[""clang"",""-O2"",""-S"",""-emit-llvm"",""-Wno-everything"",""-I"",""<snapshot>/debug/elf/testdata"",""-I"",""<snapshot>"",""<snapshot>/debug/elf/testdata/hello.c"",""-o"",""<temporary>/module.ll""]",clang -O2 -S -emit-llvm -Wno-everything -I '<snapshot>/debug/elf/testdata' -I '<snapshot>' '<snapshot>/debug/elf/testdata/hello.c' -o '<temporary>/module.ll',0,0,e3b0c44298fc1c149afbf4c8996fb92427ae41e4649b934ca495991b7852b855,e3b0c44298fc1c149afbf4c8996fb92427ae41e4649b934ca495991b7852b855,,2,0,0,0,0,0,0,0,0
debug/elf/testdata/multiple-code-sections.c,44fe05930bbcd744ae7f3b884a0cbedd50245f54d10aacefc0c1a4a163b19570,O0,"[""clang"",""-O0"",""-S"",""-emit-llvm"",""-Wno-everything"",""-I"",""<snapshot>/debug/elf/testdata"",""-I"",""<snapshot>"",""<snapshot>/debug/elf/testdata/multiple-code-sections.c"",""-o"",""<temporary>/module.ll""]",clang -O0 -S -emit-llvm -Wno-everything -I '<snapshot>/debug/elf/testdata' -I '<snapshot>' '<snapshot>/debug/elf/testdata/multiple-code-sections.c' -o '<temporary>/module.ll',0,0,e3b0c44298fc1c149afbf4c8996fb92427ae41e4649b934ca495991b7852b855,e3b0c44298fc1c149afbf4c8996fb92427ae41e4649b934ca495991b7852b855,,8,0,0,0,0,0,0,0,0
debug/elf/testdata/multiple-code-sections.c,44fe05930bbcd744ae7f3b884a0cbedd50245f54d10aacefc0c1a4a163b19570,O1,"[""clang"",""-O1"",""-S"",""-emit-llvm"",""-Wno-everything"",""-I"",""<snapshot>/debug/elf/testdata"",""-I"",""<snapshot>"",""<snapshot>/debug/elf/testdata/multiple-code-sections.c"",""-o"",""<temporary>/module.ll""]",clang -O1 -S -emit-llvm -Wno-everything -I '<snapshot>/debug/elf/testdata' -I '<snapshot>' '<snapshot>/debug/elf/testdata/multiple-code-sections.c' -o '<temporary>/module.ll',0,0,e3b0c44298fc1c149afbf4c8996fb92427ae41e4649b934ca495991b7852b855,e3b0c44298fc1c149afbf4c8996fb92427ae41e4649b934ca495991b7852b855,,2,0,0,0,0,0,0,0,0
debug/elf/testdata/multiple-code-sections.c,44fe05930bbcd744ae7f3b884a0cbedd50245f54d10aacefc0c1a4a163b19570,O2,"[""clang"",""-O2"",""-S"",""-emit-llvm"",""-Wno-everything"",""-I"",""<snapshot>/debug/elf/testdata"",""-I"",""<snapshot>"",""<snapshot>/debug/elf/testdata/multiple-code-sections.c"",""-o"",""<temporary>/module.ll""]",clang -O2 -S -emit-llvm -Wno-everything -I '<snapshot>/debug/elf/testdata' -I '<snapshot>' '<snapshot>/debug/elf/testdata/multiple-code-sections.c' -o '<temporary>/module.ll',0,0,e3b0c44298fc1c149afbf4c8996fb92427ae41e4649b934ca495991b7852b855,e3b0c44298fc1c149afbf4c8996fb92427ae41e4649b934ca495991b7852b855,,2,0,0,0,0,0,0,0,0
debug/macho/testdata/hello.c,b56bc30a35b0e984799aac58be0e7c994183bdba43e52a4249896d563fe85449,O0,"[""clang"",""-O0"",""-S"",""-emit-llvm"",""-Wno-everything"",""-I"",""<snapshot>/debug/macho/testdata"",""-I"",""<snapshot>"",""<snapshot>/debug/macho/testdata/hello.c"",""-o"",""<temporary>/module.ll""]",clang -O0 -S -emit-llvm -Wno-everything -I '<snapshot>/debug/macho/testdata' -I '<snapshot>' '<snapshot>/debug/macho/testdata/hello.c' -o '<temporary>/module.ll',0,0,e3b0c44298fc1c149afbf4c8996fb92427ae41e4649b934ca495991b7852b855,e3b0c44298fc1c149afbf4c8996fb92427ae41e4649b934ca495991b7852b855,,4,0,0,0,0,0,0,0,0
debug/macho/testdata/hello.c,b56bc30a35b0e984799aac58be0e7c994183bdba43e52a4249896d563fe85449,O1,"[""clang"",""-O1"",""-S"",""-emit-llvm"",""-Wno-everything"",""-I"",""<snapshot>/debug/macho/testdata"",""-I"",""<snapshot>"",""<snapshot>/debug/macho/testdata/hello.c"",""-o"",""<temporary>/module.ll""]",clang -O1 -S -emit-llvm -Wno-everything -I '<snapshot>/debug/macho/testdata' -I '<snapshot>' '<snapshot>/debug/macho/testdata/hello.c' -o '<temporary>/module.ll',0,0,e3b0c44298fc1c149afbf4c8996fb92427ae41e4649b934ca495991b7852b855,e3b0c44298fc1c149afbf4c8996fb92427ae41e4649b934ca495991b7852b855,,2,0,0,0,0,0,0,0,0
debug/macho/testdata/hello.c,b56bc30a35b0e984799aac58be0e7c994183bdba43e52a4249896d563fe85449,O2,"[""clang"",""-O2"",""-S"",""-emit-llvm"",""-Wno-everything"",""-I"",""<snapshot>/debug/macho/testdata"",""-I"",""<snapshot>"",""<snapshot>/debug/macho/testdata/hello.c"",""-o"",""<temporary>/module.ll""]",clang -O2 -S -emit-llvm -Wno-everything -I '<snapshot>/debug/macho/testdata' -I '<snapshot>' '<snapshot>/debug/macho/testdata/hello.c' -o '<temporary>/module.ll',0,0,e3b0c44298fc1c149afbf4c8996fb92427ae41e4649b934ca495991b7852b855,e3b0c44298fc1c149afbf4c8996fb92427ae41e4649b934ca495991b7852b855,,2,0,0,0,0,0,0,0,0
debug/pe/testdata/hello.c,b56bc30a35b0e984799aac58be0e7c994183bdba43e52a4249896d563fe85449,O0,"[""clang"",""-O0"",""-S"",""-emit-llvm"",""-Wno-everything"",""-I"",""<snapshot>/debug/pe/testdata"",""-I"",""<snapshot>"",""<snapshot>/debug/pe/testdata/hello.c"",""-o"",""<temporary>/module.ll""]",clang -O0 -S -emit-llvm -Wno-everything -I '<snapshot>/debug/pe/testdata' -I '<snapshot>' '<snapshot>/debug/pe/testdata/hello.c' -o '<temporary>/module.ll',0,0,e3b0c44298fc1c149afbf4c8996fb92427ae41e4649b934ca495991b7852b855,e3b0c44298fc1c149afbf4c8996fb92427ae41e4649b934ca495991b7852b855,,4,0,0,0,0,0,0,0,0
debug/pe/testdata/hello.c,b56bc30a35b0e984799aac58be0e7c994183bdba43e52a4249896d563fe85449,O1,"[""clang"",""-O1"",""-S"",""-emit-llvm"",""-Wno-everything"",""-I"",""<snapshot>/debug/pe/testdata"",""-I"",""<snapshot>"",""<snapshot>/debug/pe/testdata/hello.c"",""-o"",""<temporary>/module.ll""]",clang -O1 -S -emit-llvm -Wno-everything -I '<snapshot>/debug/pe/testdata' -I '<snapshot>' '<snapshot>/debug/pe/testdata/hello.c' -o '<temporary>/module.ll',0,0,e3b0c44298fc1c149afbf4c8996fb92427ae41e4649b934ca495991b7852b855,e3b0c44298fc1c149afbf4c8996fb92427ae41e4649b934ca495991b7852b855,,2,0,0,0,0,0,0,0,0
debug/pe/testdata/hello.c,b56bc30a35b0e984799aac58be0e7c994183bdba43e52a4249896d563fe85449,O2,"[""clang"",""-O2"",""-S"",""-emit-llvm"",""-Wno-everything"",""-I"",""<snapshot>/debug/pe/testdata"",""-I"",""<snapshot>"",""<snapshot>/debug/pe/testdata/hello.c"",""-o"",""<temporary>/module.ll""]",clang -O2 -S -emit-llvm -Wno-everything -I '<snapshot>/debug/pe/testdata' -I '<snapshot>' '<snapshot>/debug/pe/testdata/hello.c' -o '<temporary>/module.ll',0,0,e3b0c44298fc1c149afbf4c8996fb92427ae41e4649b934ca495991b7852b855,e3b0c44298fc1c149afbf4c8996fb92427ae41e4649b934ca495991b7852b855,,2,0,0,0,0,0,0,0,0
debug/plan9obj/testdata/hello.c,f394bd43efc0bda10d7da6e5217baf311bc1240128411b4c7a284a3b1c46ec62,O0,"[""clang"",""-O0"",""-S"",""-emit-llvm"",""-Wno-everything"",""-I"",""<snapshot>/debug/plan9obj/testdata"",""-I"",""<snapshot>"",""<snapshot>/debug/plan9obj/testdata/hello.c"",""-o"",""<temporary>/module.ll""]",clang -O0 -S -emit-llvm -Wno-everything -I '<snapshot>/debug/plan9obj/testdata' -I '<snapshot>' '<snapshot>/debug/plan9obj/testdata/hello.c' -o '<temporary>/module.ll',1,0,e3b0c44298fc1c149afbf4c8996fb92427ae41e4649b934ca495991b7852b855,93ae8628a36a16227d46de85c02d910b1be138f4144a42d96fff3fc17a3ee44c,"<snapshot>/debug/plan9obj/testdata/hello.c:1:10: fatal error: 'u.h' file not found
    1 | #include <u.h>
      |          ^~~~~
1 error generated.",0,0,0,0,0,0,0,0,0
debug/plan9obj/testdata/hello.c,f394bd43efc0bda10d7da6e5217baf311bc1240128411b4c7a284a3b1c46ec62,O1,"[""clang"",""-O1"",""-S"",""-emit-llvm"",""-Wno-everything"",""-I"",""<snapshot>/debug/plan9obj/testdata"",""-I"",""<snapshot>"",""<snapshot>/debug/plan9obj/testdata/hello.c"",""-o"",""<temporary>/module.ll""]",clang -O1 -S -emit-llvm -Wno-everything -I '<snapshot>/debug/plan9obj/testdata' -I '<snapshot>' '<snapshot>/debug/plan9obj/testdata/hello.c' -o '<temporary>/module.ll',1,0,e3b0c44298fc1c149afbf4c8996fb92427ae41e4649b934ca495991b7852b855,93ae8628a36a16227d46de85c02d910b1be138f4144a42d96fff3fc17a3ee44c,"<snapshot>/debug/plan9obj/testdata/hello.c:1:10: fatal error: 'u.h' file not found
    1 | #include <u.h>
      |          ^~~~~
1 error generated.",0,0,0,0,0,0,0,0,0
debug/plan9obj/testdata/hello.c,f394bd43efc0bda10d7da6e5217baf311bc1240128411b4c7a284a3b1c46ec62,O2,"[""clang"",""-O2"",""-S"",""-emit-llvm"",""-Wno-everything"",""-I"",""<snapshot>/debug/plan9obj/testdata"",""-I"",""<snapshot>"",""<snapshot>/debug/plan9obj/testdata/hello.c"",""-o"",""<temporary>/module.ll""]",clang -O2 -S -emit-llvm -Wno-everything -I '<snapshot>/debug/plan9obj/testdata' -I '<snapshot>' '<snapshot>/debug/plan9obj/testdata/hello.c' -o '<temporary>/module.ll',1,0,e3b0c44298fc1c149afbf4c8996fb92427ae41e4649b934ca495991b7852b855,93ae8628a36a16227d46de85c02d910b1be138f4144a42d96fff3fc17a3ee44c,"<snapshot>/debug/plan9obj/testdata/hello.c:1:10: fatal error: 'u.h' file not found
    1 | #include <u.h>
      |          ^~~~~
1 error generated.",0,0,0,0,0,0,0,0,0
internal/xcoff/testdata/hello.c,3f6097ad890b3178b65f12c744a7b629c25d66f1daeb8f1acb82868a34f52672,O0,"[""clang"",""-O0"",""-S"",""-emit-llvm"",""-Wno-everything"",""-I"",""<snapshot>/internal/xcoff/testdata"",""-I"",""<snapshot>"",""<snapshot>/internal/xcoff/testdata/hello.c"",""-o"",""<temporary>/module.ll""]",clang -O0 -S -emit-llvm -Wno-everything -I '<snapshot>/internal/xcoff/testdata' -I '<snapshot>' '<snapshot>/internal/xcoff/testdata/hello.c' -o '<temporary>/module.ll',0,0,e3b0c44298fc1c149afbf4c8996fb92427ae41e4649b934ca495991b7852b855,e3b0c44298fc1c149afbf4c8996fb92427ae41e4649b934ca495991b7852b855,,6,0,0,0,0,0,0,0,0
internal/xcoff/testdata/hello.c,3f6097ad890b3178b65f12c744a7b629c25d66f1daeb8f1acb82868a34f52672,O1,"[""clang"",""-O1"",""-S"",""-emit-llvm"",""-Wno-everything"",""-I"",""<snapshot>/internal/xcoff/testdata"",""-I"",""<snapshot>"",""<snapshot>/internal/xcoff/testdata/hello.c"",""-o"",""<temporary>/module.ll""]",clang -O1 -S -emit-llvm -Wno-everything -I '<snapshot>/internal/xcoff/testdata' -I '<snapshot>' '<snapshot>/internal/xcoff/testdata/hello.c' -o '<temporary>/module.ll',0,0,e3b0c44298fc1c149afbf4c8996fb92427ae41e4649b934ca495991b7852b855,e3b0c44298fc1c149afbf4c8996fb92427ae41e4649b934ca495991b7852b855,,2,0,0,0,0,0,0,0,0
internal/xcoff/testdata/hello.c,3f6097ad890b3178b65f12c744a7b629c25d66f1daeb8f1acb82868a34f52672,O2,"[""clang"",""-O2"",""-S"",""-emit-llvm"",""-Wno-everything"",""-I"",""<snapshot>/internal/xcoff/testdata"",""-I"",""<snapshot>"",""<snapshot>/internal/xcoff/testdata/hello.c"",""-o"",""<temporary>/module.ll""]",clang -O2 -S -emit-llvm -Wno-everything -I '<snapshot>/internal/xcoff/testdata' -I '<snapshot>' '<snapshot>/internal/xcoff/testdata/hello.c' -o '<temporary>/module.ll',0,0,e3b0c44298fc1c149afbf4c8996fb92427ae41e4649b934ca495991b7852b855,e3b0c44298fc1c149afbf4c8996fb92427ae41e4649b934ca495991b7852b855,,2,0,0,0,0,0,0,0,0
internal/xcoff/testdata/printbye.c,1a67b29c4f21a4e020b1dfa7f920d66e9273322ed6105ac2c1e78f5fda8aaae1,O0,"[""clang"",""-O0"",""-S"",""-emit-llvm"",""-Wno-everything"",""-I"",""<snapshot>/internal/xcoff/testdata"",""-I"",""<snapshot>"",""<snapshot>/internal/xcoff/testdata/printbye.c"",""-o"",""<temporary>/module.ll""]",clang -O0 -S -emit-llvm -Wno-everything -I '<snapshot>/internal/xcoff/testdata' -I '<snapshot>' '<snapshot>/internal/xcoff/testdata/printbye.c' -o '<temporary>/module.ll',0,0,e3b0c44298fc1c149afbf4c8996fb92427ae41e4649b934ca495991b7852b855,e3b0c44298fc1c149afbf4c8996fb92427ae41e4649b934ca495991b7852b855,,2,0,0,0,0,0,0,0,0
internal/xcoff/testdata/printbye.c,1a67b29c4f21a4e020b1dfa7f920d66e9273322ed6105ac2c1e78f5fda8aaae1,O1,"[""clang"",""-O1"",""-S"",""-emit-llvm"",""-Wno-everything"",""-I"",""<snapshot>/internal/xcoff/testdata"",""-I"",""<snapshot>"",""<snapshot>/internal/xcoff/testdata/printbye.c"",""-o"",""<temporary>/module.ll""]",clang -O1 -S -emit-llvm -Wno-everything -I '<snapshot>/internal/xcoff/testdata' -I '<snapshot>' '<snapshot>/internal/xcoff/testdata/printbye.c' -o '<temporary>/module.ll',0,0,e3b0c44298fc1c149afbf4c8996fb92427ae41e4649b934ca495991b7852b855,e3b0c44298fc1c149afbf4c8996fb92427ae41e4649b934ca495991b7852b855,,2,0,0,0,0,0,0,0,0
internal/xcoff/testdata/printbye.c,1a67b29c4f21a4e020b1dfa7f920d66e9273322ed6105ac2c1e78f5fda8aaae1,O2,"[""clang"",""-O2"",""-S"",""-emit-llvm"",""-Wno-everything"",""-I"",""<snapshot>/internal/xcoff/testdata"",""-I"",""<snapshot>"",""<snapshot>/internal/xcoff/testdata/printbye.c"",""-o"",""<temporary>/module.ll""]",clang -O2 -S -emit-llvm -Wno-everything -I '<snapshot>/internal/xcoff/testdata' -I '<snapshot>' '<snapshot>/internal/xcoff/testdata/printbye.c' -o '<temporary>/module.ll',0,0,e3b0c44298fc1c149afbf4c8996fb92427ae41e4649b934ca495991b7852b855,e3b0c44298fc1c149afbf4c8996fb92427ae41e4649b934ca495991b7852b855,,2,0,0,0,0,0,0,0,0
internal/xcoff/testdata/printhello.c,500cc3c675849b790f2cac07ada49a2fe23d352dbd03153a500c1d755e82797c,O0,"[""clang"",""-O0"",""-S"",""-emit-llvm"",""-Wno-everything"",""-I"",""<snapshot>/internal/xcoff/testdata"",""-I"",""<snapshot>"",""<snapshot>/internal/xcoff/testdata/printhello.c"",""-o"",""<temporary>/module.ll""]",clang -O0 -S -emit-llvm -Wno-everything -I '<snapshot>/internal/xcoff/testdata' -I '<snapshot>' '<snapshot>/internal/xcoff/testdata/printhello.c' -o '<temporary>/module.ll',0,0,e3b0c44298fc1c149afbf4c8996fb92427ae41e4649b934ca495991b7852b855,e3b0c44298fc1c149afbf4c8996fb92427ae41e4649b934ca495991b7852b855,,2,0,0,0,0,0,0,0,0
internal/xcoff/testdata/printhello.c,500cc3c675849b790f2cac07ada49a2fe23d352dbd03153a500c1d755e82797c,O1,"[""clang"",""-O1"",""-S"",""-emit-llvm"",""-Wno-everything"",""-I"",""<snapshot>/internal/xcoff/testdata"",""-I"",""<snapshot>"",""<snapshot>/internal/xcoff/testdata/printhello.c"",""-o"",""<temporary>/module.ll""]",clang -O1 -S -emit-llvm -Wno-everything -I '<snapshot>/internal/xcoff/testdata' -I '<snapshot>' '<snapshot>/internal/xcoff/testdata/printhello.c' -o '<temporary>/module.ll',0,0,e3b0c44298fc1c149afbf4c8996fb92427ae41e4649b934ca495991b7852b855,e3b0c44298fc1c149afbf4c8996fb92427ae41e4649b934ca495991b7852b855,,2,0,0,0,0,0,0,0,0
internal/xcoff/testdata/printhello.c,500cc3c675849b790f2cac07ada49a2fe23d352dbd03153a500c1d755e82797c,O2,"[""clang"",""-O2"",""-S"",""-emit-llvm"",""-Wno-everything"",""-I"",""<snapshot>/internal/xcoff/testdata"",""-I"",""<snapshot>"",""<snapshot>/internal/xcoff/testdata/printhello.c"",""-o"",""<temporary>/module.ll""]",clang -O2 -S -emit-llvm -Wno-everything -I '<snapshot>/internal/xcoff/testdata' -I '<snapshot>' '<snapshot>/internal/xcoff/testdata/printhello.c' -o '<temporary>/module.ll',0,0,e3b0c44298fc1c149afbf4c8996fb92427ae41e4649b934ca495991b7852b855,e3b0c44298fc1c149afbf4c8996fb92427ae41e4649b934ca495991b7852b855,,2,0,0,0,0,0,0,0,0
regexp/testdata/testregex.c,0460365072087dab590c01814b56e2ca64c89a576eace2e06482192f1a49dc24,O0,"[""clang"",""-O0"",""-S"",""-emit-llvm"",""-Wno-everything"",""-I"",""<snapshot>/regexp/testdata"",""-I"",""<snapshot>"",""<snapshot>/regexp/testdata/testregex.c"",""-o"",""<temporary>/module.ll""]",clang -O0 -S -emit-llvm -Wno-everything -I '<snapshot>/regexp/testdata' -I '<snapshot>' '<snapshot>/regexp/testdata/testregex.c' -o '<temporary>/module.ll',1,0,e3b0c44298fc1c149afbf4c8996fb92427ae41e4649b934ca495991b7852b855,437b9311dfb55cf9c6bd477bc6c05604a6a241d0cc49193a30c0bfebfc901b92,"<snapshot>/regexp/testdata/testregex.c:1036:1: error: static declaration of 'getline' follows non-static declaration
 1036 | getline(FILE* fp)
      | ^
/usr/include/stdio.h:697:18: note: previous declaration is here
  697 | extern __ssize_t getline (char **__restrict __lineptr,
      |                  ^
<snapshot>/regexp/testdata/testregex.c:1449:24: error: too few arguments to function call, expected 3, have 1
 1449 |                 while (p = getline(fp))
      |                            ~~~~~~~   ^
/usr/include/stdio.h:697:18: note: 'getline' declared here
  697 | extern __ssize_t getline (char **__restrict __lineptr,
      |                  ^        ~~~~~~~~~~~~~~~~~~~~~~~~~~~~
  698 |                           size_t *__restrict __n,
      |                           ~~~~~~~~~~~~~~~~~~~~~~~
  699 |                           FILE *__restrict __stream) __wur __nonnull ((3));
      |                           ~~~~~~~~~~~~~~~~~~~~~~~~~
2 errors generated.",0,0,0,0,0,0,0,0,0
regexp/testdata/testregex.c,0460365072087dab590c01814b56e2ca64c89a576eace2e06482192f1a49dc24,O1,"[""clang"",""-O1"",""-S"",""-emit-llvm"",""-Wno-everything"",""-I"",""<snapshot>/regexp/testdata"",""-I"",""<snapshot>"",""<snapshot>/regexp/testdata/testregex.c"",""-o"",""<temporary>/module.ll""]",clang -O1 -S -emit-llvm -Wno-everything -I '<snapshot>/regexp/testdata' -I '<snapshot>' '<snapshot>/regexp/testdata/testregex.c' -o '<temporary>/module.ll',1,0,e3b0c44298fc1c149afbf4c8996fb92427ae41e4649b934ca495991b7852b855,437b9311dfb55cf9c6bd477bc6c05604a6a241d0cc49193a30c0bfebfc901b92,"<snapshot>/regexp/testdata/testregex.c:1036:1: error: static declaration of 'getline' follows non-static declaration
 1036 | getline(FILE* fp)
      | ^
/usr/include/stdio.h:697:18: note: previous declaration is here
  697 | extern __ssize_t getline (char **__restrict __lineptr,
      |                  ^
<snapshot>/regexp/testdata/testregex.c:1449:24: error: too few arguments to function call, expected 3, have 1
 1449 |                 while (p = getline(fp))
      |                            ~~~~~~~   ^
/usr/include/stdio.h:697:18: note: 'getline' declared here
  697 | extern __ssize_t getline (char **__restrict __lineptr,
      |                  ^        ~~~~~~~~~~~~~~~~~~~~~~~~~~~~
  698 |                           size_t *__restrict __n,
      |                           ~~~~~~~~~~~~~~~~~~~~~~~
  699 |                           FILE *__restrict __stream) __wur __nonnull ((3));
      |                           ~~~~~~~~~~~~~~~~~~~~~~~~~
2 errors generated.",0,0,0,0,0,0,0,0,0
regexp/testdata/testregex.c,0460365072087dab590c01814b56e2ca64c89a576eace2e06482192f1a49dc24,O2,"[""clang"",""-O2"",""-S"",""-emit-llvm"",""-Wno-everything"",""-I"",""<snapshot>/regexp/testdata"",""-I"",""<snapshot>"",""<snapshot>/regexp/testdata/testregex.c"",""-o"",""<temporary>/module.ll""]",clang -O2 -S -emit-llvm -Wno-everything -I '<snapshot>/regexp/testdata' -I '<snapshot>' '<snapshot>/regexp/testdata/testregex.c' -o '<temporary>/module.ll',1,0,e3b0c44298fc1c149afbf4c8996fb92427ae41e4649b934ca495991b7852b855,437b9311dfb55cf9c6bd477bc6c05604a6a241d0cc49193a30c0bfebfc901b92,"<snapshot>/regexp/testdata/testregex.c:1036:1: error: static declaration of 'getline' follows non-static declaration
 1036 | getline(FILE* fp)
      | ^
/usr/include/stdio.h:697:18: note: previous declaration is here
  697 | extern __ssize_t getline (char **__restrict __lineptr,
      |                  ^
<snapshot>/regexp/testdata/testregex.c:1449:24: error: too few arguments to function call, expected 3, have 1
 1449 |                 while (p = getline(fp))
      |                            ~~~~~~~   ^
/usr/include/stdio.h:697:18: note: 'getline' declared here
  697 | extern __ssize_t getline (char **__restrict __lineptr,
      |                  ^        ~~~~~~~~~~~~~~~~~~~~~~~~~~~~
  698 |                           size_t *__restrict __n,
      |                           ~~~~~~~~~~~~~~~~~~~~~~~
  699 |                           FILE *__restrict __stream) __wur __nonnull ((3));
      |                           ~~~~~~~~~~~~~~~~~~~~~~~~~
2 errors generated.",0,0,0,0,0,0,0,0,0
runtime/cgo/gcc_aix_ppc64.c,f778c6e5288146bdc2d5f8f42a958bb707e321086e93b709aa2918e6dbe9945d,O0,"[""clang"",""-O0"",""-S"",""-emit-llvm"",""-Wno-everything"",""-I"",""<snapshot>/runtime/cgo"",""-I"",""<snapshot>"",""<snapshot>/runtime/cgo/gcc_aix_ppc64.c"",""-o"",""<temporary>/module.ll""]",clang -O0 -S -emit-llvm -Wno-everything -I '<snapshot>/runtime/cgo' -I '<snapshot>' '<snapshot>/runtime/cgo/gcc_aix_ppc64.c' -o '<temporary>/module.ll',0,0,e3b0c44298fc1c149afbf4c8996fb92427ae41e4649b934ca495991b7852b855,e3b0c44298fc1c149afbf4c8996fb92427ae41e4649b934ca495991b7852b855,,14,0,0,0,0,0,0,0,0
runtime/cgo/gcc_aix_ppc64.c,f778c6e5288146bdc2d5f8f42a958bb707e321086e93b709aa2918e6dbe9945d,O1,"[""clang"",""-O1"",""-S"",""-emit-llvm"",""-Wno-everything"",""-I"",""<snapshot>/runtime/cgo"",""-I"",""<snapshot>"",""<snapshot>/runtime/cgo/gcc_aix_ppc64.c"",""-o"",""<temporary>/module.ll""]",clang -O1 -S -emit-llvm -Wno-everything -I '<snapshot>/runtime/cgo' -I '<snapshot>' '<snapshot>/runtime/cgo/gcc_aix_ppc64.c' -o '<temporary>/module.ll',0,0,e3b0c44298fc1c149afbf4c8996fb92427ae41e4649b934ca495991b7852b855,e3b0c44298fc1c149afbf4c8996fb92427ae41e4649b934ca495991b7852b855,,6,0,0,0,0,0,0,0,0
runtime/cgo/gcc_aix_ppc64.c,f778c6e5288146bdc2d5f8f42a958bb707e321086e93b709aa2918e6dbe9945d,O2,"[""clang"",""-O2"",""-S"",""-emit-llvm"",""-Wno-everything"",""-I"",""<snapshot>/runtime/cgo"",""-I"",""<snapshot>"",""<snapshot>/runtime/cgo/gcc_aix_ppc64.c"",""-o"",""<temporary>/module.ll""]",clang -O2 -S -emit-llvm -Wno-everything -I '<snapshot>/runtime/cgo' -I '<snapshot>' '<snapshot>/runtime/cgo/gcc_aix_ppc64.c' -o '<temporary>/module.ll',0,0,e3b0c44298fc1c149afbf4c8996fb92427ae41e4649b934ca495991b7852b855,e3b0c44298fc1c149afbf4c8996fb92427ae41e4649b934ca495991b7852b855,,6,0,0,0,0,0,0,0,0
runtime/cgo/gcc_android.c,92ee44eaab25fc059fc061c684886fc65e21eb721a774b709d9d8a792b59c05d,O0,"[""clang"",""-O0"",""-S"",""-emit-llvm"",""-Wno-everything"",""-I"",""<snapshot>/runtime/cgo"",""-I"",""<snapshot>"",""<snapshot>/runtime/cgo/gcc_android.c"",""-o"",""<temporary>/module.ll""]",clang -O0 -S -emit-llvm -Wno-everything -I '<snapshot>/runtime/cgo' -I '<snapshot>' '<snapshot>/runtime/cgo/gcc_android.c' -o '<temporary>/module.ll',1,0,e3b0c44298fc1c149afbf4c8996fb92427ae41e4649b934ca495991b7852b855,5b23f484fc94d76def13cc8984e59e751226e9a38632fc10b003b2f818af08a0,"<snapshot>/runtime/cgo/gcc_android.c:6:10: fatal error: 'android/log.h' file not found
    6 | #include <android/log.h>
      |          ^~~~~~~~~~~~~~~
1 error generated.",0,0,0,0,0,0,0,0,0
runtime/cgo/gcc_android.c,92ee44eaab25fc059fc061c684886fc65e21eb721a774b709d9d8a792b59c05d,O1,"[""clang"",""-O1"",""-S"",""-emit-llvm"",""-Wno-everything"",""-I"",""<snapshot>/runtime/cgo"",""-I"",""<snapshot>"",""<snapshot>/runtime/cgo/gcc_android.c"",""-o"",""<temporary>/module.ll""]",clang -O1 -S -emit-llvm -Wno-everything -I '<snapshot>/runtime/cgo' -I '<snapshot>' '<snapshot>/runtime/cgo/gcc_android.c' -o '<temporary>/module.ll',1,0,e3b0c44298fc1c149afbf4c8996fb92427ae41e4649b934ca495991b7852b855,5b23f484fc94d76def13cc8984e59e751226e9a38632fc10b003b2f818af08a0,"<snapshot>/runtime/cgo/gcc_android.c:6:10: fatal error: 'android/log.h' file not found
    6 | #include <android/log.h>
      |          ^~~~~~~~~~~~~~~
1 error generated.",0,0,0,0,0,0,0,0,0
runtime/cgo/gcc_android.c,92ee44eaab25fc059fc061c684886fc65e21eb721a774b709d9d8a792b59c05d,O2,"[""clang"",""-O2"",""-S"",""-emit-llvm"",""-Wno-everything"",""-I"",""<snapshot>/runtime/cgo"",""-I"",""<snapshot>"",""<snapshot>/runtime/cgo/gcc_android.c"",""-o"",""<temporary>/module.ll""]",clang -O2 -S -emit-llvm -Wno-everything -I '<snapshot>/runtime/cgo' -I '<snapshot>' '<snapshot>/runtime/cgo/gcc_android.c' -o '<temporary>/module.ll',1,0,e3b0c44298fc1c149afbf4c8996fb92427ae41e4649b934ca495991b7852b855,5b23f484fc94d76def13cc8984e59e751226e9a38632fc10b003b2f818af08a0,"<snapshot>/runtime/cgo/gcc_android.c:6:10: fatal error: 'android/log.h' file not found
    6 | #include <android/log.h>
      |          ^~~~~~~~~~~~~~~
1 error generated.",0,0,0,0,0,0,0,0,0
runtime/cgo/gcc_context.c,5e7e6d031bd63b00fcddc755e2823ef38afcb561587b12e4e45c68bddbfd07fe,O0,"[""clang"",""-O0"",""-S"",""-emit-llvm"",""-Wno-everything"",""-I"",""<snapshot>/runtime/cgo"",""-I"",""<snapshot>"",""<snapshot>/runtime/cgo/gcc_context.c"",""-o"",""<temporary>/module.ll""]",clang -O0 -S -emit-llvm -Wno-everything -I '<snapshot>/runtime/cgo' -I '<snapshot>' '<snapshot>/runtime/cgo/gcc_context.c' -o '<temporary>/module.ll',0,0,e3b0c44298fc1c149afbf4c8996fb92427ae41e4649b934ca495991b7852b855,e3b0c44298fc1c149afbf4c8996fb92427ae41e4649b934ca495991b7852b855,,19,0,0,0,0,0,0,0,0
runtime/cgo/gcc_context.c,5e7e6d031bd63b00fcddc755e2823ef38afcb561587b12e4e45c68bddbfd07fe,O1,"[""clang"",""-O1"",""-S"",""-emit-llvm"",""-Wno-everything"",""-I"",""<snapshot>/runtime/cgo"",""-I"",""<snapshot>"",""<snapshot>/runtime/cgo/gcc_context.c"",""-o"",""<temporary>/module.ll""]",clang -O1 -S -emit-llvm -Wno-everything -I '<snapshot>/runtime/cgo' -I '<snapshot>' '<snapshot>/runtime/cgo/gcc_context.c' -o '<temporary>/module.ll',0,0,e3b0c44298fc1c149afbf4c8996fb92427ae41e4649b934ca495991b7852b855,e3b0c44298fc1c149afbf4c8996fb92427ae41e4649b934ca495991b7852b855,,12,0,0,1,1,0,0,0,0
runtime/cgo/gcc_context.c,5e7e6d031bd63b00fcddc755e2823ef38afcb561587b12e4e45c68bddbfd07fe,O2,"[""clang"",""-O2"",""-S"",""-emit-llvm"",""-Wno-everything"",""-I"",""<snapshot>/runtime/cgo"",""-I"",""<snapshot>"",""<snapshot>/runtime/cgo/gcc_context.c"",""-o"",""<temporary>/module.ll""]",clang -O2 -S -emit-llvm -Wno-everything -I '<snapshot>/runtime/cgo' -I '<snapshot>' '<snapshot>/runtime/cgo/gcc_context.c' -o '<temporary>/module.ll',0,0,e3b0c44298fc1c149afbf4c8996fb92427ae41e4649b934ca495991b7852b855,e3b0c44298fc1c149afbf4c8996fb92427ae41e4649b934ca495991b7852b855,,12,0,0,1,1,0,0,0,0
runtime/cgo/gcc_darwin_amd64.c,02a6e36e9637f0688b542fcb849bbe3c6b9beff1c282501bab96773ebc48dcff,O0,"[""clang"",""-O0"",""-S"",""-emit-llvm"",""-Wno-everything"",""-I"",""<snapshot>/runtime/cgo"",""-I"",""<snapshot>"",""<snapshot>/runtime/cgo/gcc_darwin_amd64.c"",""-o"",""<temporary>/module.ll""]",clang -O0 -S -emit-llvm -Wno-everything -I '<snapshot>/runtime/cgo' -I '<snapshot>' '<snapshot>/runtime/cgo/gcc_darwin_amd64.c' -o '<temporary>/module.ll',0,0,e3b0c44298fc1c149afbf4c8996fb92427ae41e4649b934ca495991b7852b855,e3b0c44298fc1c149afbf4c8996fb92427ae41e4649b934ca495991b7852b855,,64,0,0,0,0,0,0,0,0
runtime/cgo/gcc_darwin_amd64.c,02a6e36e9637f0688b542fcb849bbe3c6b9beff1c282501bab96773ebc48dcff,O1,"[""clang"",""-O1"",""-S"",""-emit-llvm"",""-Wno-everything"",""-I"",""<snapshot>/runtime/cgo"",""-I"",""<snapshot>"",""<snapshot>/runtime/cgo/gcc_darwin_amd64.c"",""-o"",""<temporary>/module.ll""]",clang -O1 -S -emit-llvm -Wno-everything -I '<snapshot>/runtime/cgo' -I '<snapshot>' '<snapshot>/runtime/cgo/gcc_darwin_amd64.c' -o '<temporary>/module.ll',0,0,e3b0c44298fc1c149afbf4c8996fb92427ae41e4649b934ca495991b7852b855,e3b0c44298fc1c149afbf4c8996fb92427ae41e4649b934ca495991b7852b855,,45,1,0,0,1,0,0,0,0
runtime/cgo/gcc_darwin_amd64.c,02a6e36e9637f0688b542fcb849bbe3c6b9beff1c282501bab96773ebc48dcff,O2,"[""clang"",""-O2"",""-S"",""-emit-llvm"",""-Wno-everything"",""-I"",""<snapshot>/runtime/cgo"",""-I"",""<snapshot>"",""<snapshot>/runtime/cgo/gcc_darwin_amd64.c"",""-o"",""<temporary>/module.ll""]",clang -O2 -S -emit-llvm -Wno-everything -I '<snapshot>/runtime/cgo' -I '<snapshot>' '<snapshot>/runtime/cgo/gcc_darwin_amd64.c' -o '<temporary>/module.ll',0,0,e3b0c44298fc1c149afbf4c8996fb92427ae41e4649b934ca495991b7852b855,e3b0c44298fc1c149afbf4c8996fb92427ae41e4649b934ca495991b7852b855,,45,1,0,0,1,0,0,0,0
runtime/cgo/gcc_darwin_arm64.c,fc0eb8132b79caa5d2257481cf0e72f0e98f0169d7e2471ee8d50c111bd05edb,O0,"[""clang"",""-O0"",""-S"",""-emit-llvm"",""-Wno-everything"",""-I"",""<snapshot>/runtime/cgo"",""-I"",""<snapshot>"",""<snapshot>/runtime/cgo/gcc_darwin_arm64.c"",""-o"",""<temporary>/module.ll""]",clang -O0 -S -emit-llvm -Wno-everything -I '<snapshot>/runtime/cgo' -I '<snapshot>' '<snapshot>/runtime/cgo/gcc_darwin_arm64.c' -o '<temporary>/module.ll',1,0,e3b0c44298fc1c149afbf4c8996fb92427ae41e4649b934ca495991b7852b855,c55ff9f1aa2282e3430273a0d7063f0d40ec4da429fdf336a07c54540442cdf9,"<snapshot>/runtime/cgo/gcc_darwin_arm64.c:16:10: fatal error: 'TargetConditionals.h' file not found
   16 | #include <TargetConditionals.h>
      |          ^~~~~~~~~~~~~~~~~~~~~~
1 error generated.",0,0,0,0,0,0,0,0,0
runtime/cgo/gcc_darwin_arm64.c,fc0eb8132b79caa5d2257481cf0e72f0e98f0169d7e2471ee8d50c111bd05edb,O1,"[""clang"",""-O1"",""-S"",""-emit-llvm"",""-Wno-everything"",""-I"",""<snapshot>/runtime/cgo"",""-I"",""<snapshot>"",""<snapshot>/runtime/cgo/gcc_darwin_arm64.c"",""-o"",""<temporary>/module.ll""]",clang -O1 -S -emit-llvm -Wno-everything -I '<snapshot>/runtime/cgo' -I '<snapshot>' '<snapshot>/runtime/cgo/gcc_darwin_arm64.c' -o '<temporary>/module.ll',1,0,e3b0c44298fc1c149afbf4c8996fb92427ae41e4649b934ca495991b7852b855,c55ff9f1aa2282e3430273a0d7063f0d40ec4da429fdf336a07c54540442cdf9,"<snapshot>/runtime/cgo/gcc_darwin_arm64.c:16:10: fatal error: 'TargetConditionals.h' file not found
   16 | #include <TargetConditionals.h>
      |          ^~~~~~~~~~~~~~~~~~~~~~
1 error generated.",0,0,0,0,0,0,0,0,0
runtime/cgo/gcc_darwin_arm64.c,fc0eb8132b79caa5d2257481cf0e72f0e98f0169d7e2471ee8d50c111bd05edb,O2,"[""clang"",""-O2"",""-S"",""-emit-llvm"",""-Wno-everything"",""-I"",""<snapshot>/runtime/cgo"",""-I"",""<snapshot>"",""<snapshot>/runtime/cgo/gcc_darwin_arm64.c"",""-o"",""<temporary>/module.ll""]",clang -O2 -S -emit-llvm -Wno-everything -I '<snapshot>/runtime/cgo' -I '<snapshot>' '<snapshot>/runtime/cgo/gcc_darwin_arm64.c' -o '<temporary>/module.ll',1,0,e3b0c44298fc1c149afbf4c8996fb92427ae41e4649b934ca495991b7852b855,c55ff9f1aa2282e3430273a0d7063f0d40ec4da429fdf336a07c54540442cdf9,"<snapshot>/runtime/cgo/gcc_darwin_arm64.c:16:10: fatal error: 'TargetConditionals.h' file not found
   16 | #include <TargetConditionals.h>
      |          ^~~~~~~~~~~~~~~~~~~~~~
1 error generated.",0,0,0,0,0,0,0,0,0
runtime/cgo/gcc_dragonfly_amd64.c,290318e768f5fb42e8a5ff28921a0790df7b6ffe699cbd8ad40f64ae72f19d50,O0,"[""clang"",""-O0"",""-S"",""-emit-llvm"",""-Wno-everything"",""-I"",""<snapshot>/runtime/cgo"",""-I"",""<snapshot>"",""<snapshot>/runtime/cgo/gcc_dragonfly_amd64.c"",""-o"",""<temporary>/module.ll""]",clang -O0 -S -emit-llvm -Wno-everything -I '<snapshot>/runtime/cgo' -I '<snapshot>' '<snapshot>/runtime/cgo/gcc_dragonfly_amd64.c' -o '<temporary>/module.ll',1,0,e3b0c44298fc1c149afbf4c8996fb92427ae41e4649b934ca495991b7852b855,a2f158a8e1e5823046a1cc2b433fa741796e99c2446678eb5acd9848d33496de,"<snapshot>/runtime/cgo/gcc_dragonfly_amd64.c:6:10: fatal error: 'sys/signalvar.h' file not found
    6 | #include <sys/signalvar.h>
      |          ^~~~~~~~~~~~~~~~~
1 error generated.",0,0,0,0,0,0,0,0,0
runtime/cgo/gcc_dragonfly_amd64.c,290318e768f5fb42e8a5ff28921a0790df7b6ffe699cbd8ad40f64ae72f19d50,O1,"[""clang"",""-O1"",""-S"",""-emit-llvm"",""-Wno-everything"",""-I"",""<snapshot>/runtime/cgo"",""-I"",""<snapshot>"",""<snapshot>/runtime/cgo/gcc_dragonfly_amd64.c"",""-o"",""<temporary>/module.ll""]",clang -O1 -S -emit-llvm -Wno-everything -I '<snapshot>/runtime/cgo' -I '<snapshot>' '<snapshot>/runtime/cgo/gcc_dragonfly_amd64.c' -o '<temporary>/module.ll',1,0,e3b0c44298fc1c149afbf4c8996fb92427ae41e4649b934ca495991b7852b855,a2f158a8e1e5823046a1cc2b433fa741796e99c2446678eb5acd9848d33496de,"<snapshot>/runtime/cgo/gcc_dragonfly_amd64.c:6:10: fatal error: 'sys/signalvar.h' file not found
    6 | #include <sys/signalvar.h>
      |          ^~~~~~~~~~~~~~~~~
1 error generated.",0,0,0,0,0,0,0,0,0
runtime/cgo/gcc_dragonfly_amd64.c,290318e768f5fb42e8a5ff28921a0790df7b6ffe699cbd8ad40f64ae72f19d50,O2,"[""clang"",""-O2"",""-S"",""-emit-llvm"",""-Wno-everything"",""-I"",""<snapshot>/runtime/cgo"",""-I"",""<snapshot>"",""<snapshot>/runtime/cgo/gcc_dragonfly_amd64.c"",""-o"",""<temporary>/module.ll""]",clang -O2 -S -emit-llvm -Wno-everything -I '<snapshot>/runtime/cgo' -I '<snapshot>' '<snapshot>/runtime/cgo/gcc_dragonfly_amd64.c' -o '<temporary>/module.ll',1,0,e3b0c44298fc1c149afbf4c8996fb92427ae41e4649b934ca495991b7852b855,a2f158a8e1e5823046a1cc2b433fa741796e99c2446678eb5acd9848d33496de,"<snapshot>/runtime/cgo/gcc_dragonfly_amd64.c:6:10: fatal error: 'sys/signalvar.h' file not found
    6 | #include <sys/signalvar.h>
      |          ^~~~~~~~~~~~~~~~~
1 error generated.",0,0,0,0,0,0,0,0,0
runtime/cgo/gcc_fatalf.c,d407340597efac27ac1f308b5cbf11f2381f25cd944e6fd609319054d8c70fd2,O0,"[""clang"",""-O0"",""-S"",""-emit-llvm"",""-Wno-everything"",""-I"",""<snapshot>/runtime/cgo"",""-I"",""<snapshot>"",""<snapshot>/runtime/cgo/gcc_fatalf.c"",""-o"",""<temporary>/module.ll""]",clang -O0 -S -emit-llvm -Wno-everything -I '<snapshot>/runtime/cgo' -I '<snapshot>' '<snapshot>/runtime/cgo/gcc_fatalf.c' -o '<temporary>/module.ll',0,0,e3b0c44298fc1c149afbf4c8996fb92427ae41e4649b934ca495991b7852b855,e3b0c44298fc1c149afbf4c8996fb92427ae41e4649b934ca495991b7852b855,,17,0,0,0,0,0,0,0,0
runtime/cgo/gcc_fatalf.c,d407340597efac27ac1f308b5cbf11f2381f25cd944e6fd609319054d8c70fd2,O1,"[""clang"",""-O1"",""-S"",""-emit-llvm"",""-Wno-everything"",""-I"",""<snapshot>/runtime/cgo"",""-I"",""<snapshot>"",""<snapshot>/runtime/cgo/gcc_fatalf.c"",""-o"",""<temporary>/module.ll""]",clang -O1 -S -emit-llvm -Wno-everything -I '<snapshot>/runtime/cgo' -I '<snapshot>' '<snapshot>/runtime/cgo/gcc_fatalf.c' -o '<temporary>/module.ll',0,0,e3b0c44298fc1c149afbf4c8996fb92427ae41e4649b934ca495991b7852b855,e3b0c44298fc1c149afbf4c8996fb92427ae41e4649b934ca495991b7852b855,,12,0,0,0,0,0,0,0,0
runtime/cgo/gcc_fatalf.c,d407340597efac27ac1f308b5cbf11f2381f25cd944e6fd609319054d8c70fd2,O2,"[""clang"",""-O2"",""-S"",""-emit-llvm"",""-Wno-everything"",""-I"",""<snapshot>/runtime/cgo"",""-I"",""<snapshot>"",""<snapshot>/runtime/cgo/gcc_fatalf.c"",""-o"",""<temporary>/module.ll""]",clang -O2 -S -emit-llvm -Wno-everything -I '<snapshot>/runtime/cgo' -I '<snapshot>' '<snapshot>/runtime/cgo/gcc_fatalf.c' -o '<temporary>/module.ll',0,0,e3b0c44298fc1c149afbf4c8996fb92427ae41e4649b934ca495991b7852b855,e3b0c44298fc1c149afbf4c8996fb92427ae41e4649b934ca495991b7852b855,,12,0,0,0,0,0,0,0,0
runtime/cgo/gcc_freebsd.c,619ac24689adb796158190a68d91dc302e7c1ef342a6d54ec3651a878ac04cfb,O0,"[""clang"",""-O0"",""-S"",""-emit-llvm"",""-Wno-everything"",""-I"",""<snapshot>/runtime/cgo"",""-I"",""<snapshot>"",""<snapshot>/runtime/cgo/gcc_freebsd.c"",""-o"",""<temporary>/module.ll""]",clang -O0 -S -emit-llvm -Wno-everything -I '<snapshot>/runtime/cgo' -I '<snapshot>' '<snapshot>/runtime/cgo/gcc_freebsd.c' -o '<temporary>/module.ll',1,0,e3b0c44298fc1c149afbf4c8996fb92427ae41e4649b934ca495991b7852b855,974ba091ae4e3169f9b997f5a80bdffc1709e1e4ae28bcbb0e8d056d8ad46151,"<snapshot>/runtime/cgo/gcc_freebsd.c:8:10: fatal error: 'sys/signalvar.h' file not found
    8 | #include <sys/signalvar.h>
      |          ^~~~~~~~~~~~~~~~~
1 error generated.",0,0,0,0,0,0,0,0,0
runtime/cgo/gcc_freebsd.c,619ac24689adb796158190a68d91dc302e7c1ef342a6d54ec3651a878ac04cfb,O1,"[""clang"",""-O1"",""-S"",""-emit-llvm"",""-Wno-everything"",""-I"",""<snapshot>/runtime/cgo"",""-I"",""<snapshot>"",""<snapshot>/runtime/cgo/gcc_freebsd.c"",""-o"",""<temporary>/module.ll""]",clang -O1 -S -emit-llvm -Wno-everything -I '<snapshot>/runtime/cgo' -I '<snapshot>' '<snapshot>/runtime/cgo/gcc_freebsd.c' -o '<temporary>/module.ll',1,0,e3b0c44298fc1c149afbf4c8996fb92427ae41e4649b934ca495991b7852b855,974ba091ae4e3169f9b997f5a80bdffc1709e1e4ae28bcbb0e8d056d8ad46151,"<snapshot>/runtime/cgo/gcc_freebsd.c:8:10: fatal error: 'sys/signalvar.h' file not found
    8 | #include <sys/signalvar.h>
      |          ^~~~~~~~~~~~~~~~~
1 error generated.",0,0,0,0,0,0,0,0,0
runtime/cgo/gcc_freebsd.c,619ac24689adb796158190a68d91dc302e7c1ef342a6d54ec3651a878ac04cfb,O2,"[""clang"",""-O2"",""-S"",""-emit-llvm"",""-Wno-everything"",""-I"",""<snapshot>/runtime/cgo"",""-I"",""<snapshot>"",""<snapshot>/runtime/cgo/gcc_freebsd.c"",""-o"",""<temporary>/module.ll""]",clang -O2 -S -emit-llvm -Wno-everything -I '<snapshot>/runtime/cgo' -I '<snapshot>' '<snapshot>/runtime/cgo/gcc_freebsd.c' -o '<temporary>/module.ll',1,0,e3b0c44298fc1c149afbf4c8996fb92427ae41e4649b934ca495991b7852b855,974ba091ae4e3169f9b997f5a80bdffc1709e1e4ae28bcbb0e8d056d8ad46151,"<snapshot>/runtime/cgo/gcc_freebsd.c:8:10: fatal error: 'sys/signalvar.h' file not found
    8 | #include <sys/signalvar.h>
      |          ^~~~~~~~~~~~~~~~~
1 error generated.",0,0,0,0,0,0,0,0,0
runtime/cgo/gcc_freebsd_amd64.c,36bc3570e0e6183b525951076b36001847a5ac6de0e2d011952bf413d3b06f53,O0,"[""clang"",""-O0"",""-S"",""-emit-llvm"",""-Wno-everything"",""-I"",""<snapshot>/runtime/cgo"",""-I"",""<snapshot>"",""<snapshot>/runtime/cgo/gcc_freebsd_amd64.c"",""-o"",""<temporary>/module.ll""]",clang -O0 -S -emit-llvm -Wno-everything -I '<snapshot>/runtime/cgo' -I '<snapshot>' '<snapshot>/runtime/cgo/gcc_freebsd_amd64.c' -o '<temporary>/module.ll',1,0,e3b0c44298fc1c149afbf4c8996fb92427ae41e4649b934ca495991b7852b855,ede010d4ec5fd4eb487b13ee14fda897cc104af462279f93d8e7e92b434b915c,"<snapshot>/runtime/cgo/gcc_freebsd_amd64.c:7:10: fatal error: 'sys/signalvar.h' file not found
    7 | #include <sys/signalvar.h>
      |          ^~~~~~~~~~~~~~~~~
1 error generated.",0,0,0,0,0,0,0,0,0
runtime/cgo/gcc_freebsd_amd64.c,36bc3570e0e6183b525951076b36001847a5ac6de0e2d011952bf413d3b06f53,O1,"[""clang"",""-O1"",""-S"",""-emit-llvm"",""-Wno-everything"",""-I"",""<snapshot>/runtime/cgo"",""-I"",""<snapshot>"",""<snapshot>/runtime/cgo/gcc_freebsd_amd64.c"",""-o"",""<temporary>/module.ll""]",clang -O1 -S -emit-llvm -Wno-everything -I '<snapshot>/runtime/cgo' -I '<snapshot>' '<snapshot>/runtime/cgo/gcc_freebsd_amd64.c' -o '<temporary>/module.ll',1,0,e3b0c44298fc1c149afbf4c8996fb92427ae41e4649b934ca495991b7852b855,ede010d4ec5fd4eb487b13ee14fda897cc104af462279f93d8e7e92b434b915c,"<snapshot>/runtime/cgo/gcc_freebsd_amd64.c:7:10: fatal error: 'sys/signalvar.h' file not found
    7 | #include <sys/signalvar.h>
      |          ^~~~~~~~~~~~~~~~~
1 error generated.",0,0,0,0,0,0,0,0,0
runtime/cgo/gcc_freebsd_amd64.c,36bc3570e0e6183b525951076b36001847a5ac6de0e2d011952bf413d3b06f53,O2,"[""clang"",""-O2"",""-S"",""-emit-llvm"",""-Wno-everything"",""-I"",""<snapshot>/runtime/cgo"",""-I"",""<snapshot>"",""<snapshot>/runtime/cgo/gcc_freebsd_amd64.c"",""-o"",""<temporary>/module.ll""]",clang -O2 -S -emit-llvm -Wno-everything -I '<snapshot>/runtime/cgo' -I '<snapshot>' '<snapshot>/runtime/cgo/gcc_freebsd_amd64.c' -o '<temporary>/module.ll',1,0,e3b0c44298fc1c149afbf4c8996fb92427ae41e4649b934ca495991b7852b855,ede010d4ec5fd4eb487b13ee14fda897cc104af462279f93d8e7e92b434b915c,"<snapshot>/runtime/cgo/gcc_freebsd_amd64.c:7:10: fatal error: 'sys/signalvar.h' file not found
    7 | #include <sys/signalvar.h>
      |          ^~~~~~~~~~~~~~~~~
1 error generated.",0,0,0,0,0,0,0,0,0
runtime/cgo/gcc_freebsd_sigaction.c,dec849e68899c4a2e44f04decec04f1e0149f37df5dab7099e50b69c459b0b04,O0,"[""clang"",""-O0"",""-S"",""-emit-llvm"",""-Wno-everything"",""-I"",""<snapshot>/runtime/cgo"",""-I"",""<snapshot>"",""<snapshot>/runtime/cgo/gcc_freebsd_sigaction.c"",""-o"",""<temporary>/module.ll""]",clang -O0 -S -emit-llvm -Wno-everything -I '<snapshot>/runtime/cgo' -I '<snapshot>' '<snapshot>/runtime/cgo/gcc_freebsd_sigaction.c' -o '<temporary>/module.ll',1,0,e3b0c44298fc1c149afbf4c8996fb92427ae41e4649b934ca495991b7852b855,d2d6d9ccfee067d085f7153607122779ece646228386b3eda5aecb441a84e96f,"<snapshot>/runtime/cgo/gcc_freebsd_sigaction.c:19:25: error: use of undeclared identifier '_SIG_WORDS'
   19 |         uint32_t __bits[_SIG_WORDS];
      |                         ^
<snapshot>/runtime/cgo/gcc_freebsd_sigaction.c:67:20: error: use of undeclared identifier '_SIG_WORDS'
   67 |                 for (i = 0 ; i < _SIG_WORDS; i++) {
      |                                  ^
2 errors generated.",0,0,0,0,0,0,0,0,0
runtime/cgo/gcc_freebsd_sigaction.c,dec849e68899c4a2e44f04decec04f1e0149f37df5dab7099e50b69c459b0b04,O1,"[""clang"",""-O1"",""-S"",""-emit-llvm"",""-Wno-everything"",""-I"",""<snapshot>/runtime/cgo"",""-I"",""<snapshot>"",""<snapshot>/runtime/cgo/gcc_freebsd_sigaction.c"",""-o"",""<temporary>/module.ll""]",clang -O1 -S -emit-llvm -Wno-everything -I '<snapshot>/runtime/cgo' -I '<snapshot>' '<snapshot>/runtime/cgo/gcc_freebsd_sigaction.c' -o '<temporary>/module.ll',1,0,e3b0c44298fc1c149afbf4c8996fb92427ae41e4649b934ca495991b7852b855,d2d6d9ccfee067d085f7153607122779ece646228386b3eda5aecb441a84e96f,"<snapshot>/runtime/cgo/gcc_freebsd_sigaction.c:19:25: error: use of undeclared identifier '_SIG_WORDS'
   19 |         uint32_t __bits[_SIG_WORDS];
      |                         ^
<snapshot>/runtime/cgo/gcc_freebsd_sigaction.c:67:20: error: use of undeclared identifier '_SIG_WORDS'
   67 |                 for (i = 0 ; i < _SIG_WORDS; i++) {
      |                                  ^
2 errors generated.",0,0,0,0,0,0,0,0,0
runtime/cgo/gcc_freebsd_sigaction.c,dec849e68899c4a2e44f04decec04f1e0149f37df5dab7099e50b69c459b0b04,O2,"[""clang"",""-O2"",""-S"",""-emit-llvm"",""-Wno-everything"",""-I"",""<snapshot>/runtime/cgo"",""-I"",""<snapshot>"",""<snapshot>/runtime/cgo/gcc_freebsd_sigaction.c"",""-o"",""<temporary>/module.ll""]",clang -O2 -S -emit-llvm -Wno-everything -I '<snapshot>/runtime/cgo' -I '<snapshot>' '<snapshot>/runtime/cgo/gcc_freebsd_sigaction.c' -o '<temporary>/module.ll',1,0,e3b0c44298fc1c149afbf4c8996fb92427ae41e4649b934ca495991b7852b855,d2d6d9ccfee067d085f7153607122779ece646228386b3eda5aecb441a84e96f,"<snapshot>/runtime/cgo/gcc_freebsd_sigaction.c:19:25: error: use of undeclared identifier '_SIG_WORDS'
   19 |         uint32_t __bits[_SIG_WORDS];
      |                         ^
<snapshot>/runtime/cgo/gcc_freebsd_sigaction.c:67:20: error: use of undeclared identifier '_SIG_WORDS'
   67 |                 for (i = 0 ; i < _SIG_WORDS; i++) {
      |                                  ^
2 errors generated.",0,0,0,0,0,0,0,0,0
runtime/cgo/gcc_libinit.c,7b7d658a045e588f0ae4d767c24bd741f4b7a6d05590738280f982231108a2e3,O0,"[""clang"",""-O0"",""-S"",""-emit-llvm"",""-Wno-everything"",""-I"",""<snapshot>/runtime/cgo"",""-I"",""<snapshot>"",""<snapshot>/runtime/cgo/gcc_libinit.c"",""-o"",""<temporary>/module.ll""]",clang -O0 -S -emit-llvm -Wno-everything -I '<snapshot>/runtime/cgo' -I '<snapshot>' '<snapshot>/runtime/cgo/gcc_libinit.c' -o '<temporary>/module.ll',0,0,e3b0c44298fc1c149afbf4c8996fb92427ae41e4649b934ca495991b7852b855,e3b0c44298fc1c149afbf4c8996fb92427ae41e4649b934ca495991b7852b855,,216,8,0,1,9,5,4,0,0
runtime/cgo/gcc_libinit.c,7b7d658a045e588f0ae4d767c24bd741f4b7a6d05590738280f982231108a2e3,O1,"[""clang"",""-O1"",""-S"",""-emit-llvm"",""-Wno-everything"",""-I"",""<snapshot>/runtime/cgo"",""-I"",""<snapshot>"",""<snapshot>/runtime/cgo/gcc_libinit.c"",""-o"",""<temporary>/module.ll""]",clang -O1 -S -emit-llvm -Wno-everything -I '<snapshot>/runtime/cgo' -I '<snapshot>' '<snapshot>/runtime/cgo/gcc_libinit.c' -o '<temporary>/module.ll',0,0,e3b0c44298fc1c149afbf4c8996fb92427ae41e4649b934ca495991b7852b855,e3b0c44298fc1c149afbf4c8996fb92427ae41e4649b934ca495991b7852b855,,135,13,0,1,14,10,9,0,0
runtime/cgo/gcc_libinit.c,7b7d658a045e588f0ae4d767c24bd741f4b7a6d05590738280f982231108a2e3,O2,"[""clang"",""-O2"",""-S"",""-emit-llvm"",""-Wno-everything"",""-I"",""<snapshot>/runtime/cgo"",""-I"",""<snapshot>"",""<snapshot>/runtime/cgo/gcc_libinit.c"",""-o"",""<temporary>/module.ll""]",clang -O2 -S -emit-llvm -Wno-everything -I '<snapshot>/runtime/cgo' -I '<snapshot>' '<snapshot>/runtime/cgo/gcc_libinit.c' -o '<temporary>/module.ll',0,0,e3b0c44298fc1c149afbf4c8996fb92427ae41e4649b934ca495991b7852b855,e3b0c44298fc1c149afbf4c8996fb92427ae41e4649b934ca495991b7852b855,,134,12,0,1,13,9,8,0,0
runtime/cgo/gcc_libinit_windows.c,c849c2a54eb96355beb91b4f5d3e7f3e56e1f7b19759fead4b9055b2632f5f7e,O0,"[""clang"",""-O0"",""-S"",""-emit-llvm"",""-Wno-everything"",""-I"",""<snapshot>/runtime/cgo"",""-I"",""<snapshot>"",""<snapshot>/runtime/cgo/gcc_libinit_windows.c"",""-o"",""<temporary>/module.ll""]",clang -O0 -S -emit-llvm -Wno-everything -I '<snapshot>/runtime/cgo' -I '<snapshot>' '<snapshot>/runtime/cgo/gcc_libinit_windows.c' -o '<temporary>/module.ll',1,0,e3b0c44298fc1c149afbf4c8996fb92427ae41e4649b934ca495991b7852b855,5f3bf89e74d3277c99e60aab389fab4f5f19a2a00c1b3e8cf9201c807893c4f4,"<snapshot>/runtime/cgo/gcc_libinit_windows.c:6:10: fatal error: 'windows.h' file not found
    6 | #include <windows.h>
      |          ^~~~~~~~~~~
1 error generated.",0,0,0,0,0,0,0,0,0
runtime/cgo/gcc_libinit_windows.c,c849c2a54eb96355beb91b4f5d3e7f3e56e1f7b19759fead4b9055b2632f5f7e,O1,"[""clang"",""-O1"",""-S"",""-emit-llvm"",""-Wno-everything"",""-I"",""<snapshot>/runtime/cgo"",""-I"",""<snapshot>"",""<snapshot>/runtime/cgo/gcc_libinit_windows.c"",""-o"",""<temporary>/module.ll""]",clang -O1 -S -emit-llvm -Wno-everything -I '<snapshot>/runtime/cgo' -I '<snapshot>' '<snapshot>/runtime/cgo/gcc_libinit_windows.c' -o '<temporary>/module.ll',1,0,e3b0c44298fc1c149afbf4c8996fb92427ae41e4649b934ca495991b7852b855,5f3bf89e74d3277c99e60aab389fab4f5f19a2a00c1b3e8cf9201c807893c4f4,"<snapshot>/runtime/cgo/gcc_libinit_windows.c:6:10: fatal error: 'windows.h' file not found
    6 | #include <windows.h>
      |          ^~~~~~~~~~~
1 error generated.",0,0,0,0,0,0,0,0,0
runtime/cgo/gcc_libinit_windows.c,c849c2a54eb96355beb91b4f5d3e7f3e56e1f7b19759fead4b9055b2632f5f7e,O2,"[""clang"",""-O2"",""-S"",""-emit-llvm"",""-Wno-everything"",""-I"",""<snapshot>/runtime/cgo"",""-I"",""<snapshot>"",""<snapshot>/runtime/cgo/gcc_libinit_windows.c"",""-o"",""<temporary>/module.ll""]",clang -O2 -S -emit-llvm -Wno-everything -I '<snapshot>/runtime/cgo' -I '<snapshot>' '<snapshot>/runtime/cgo/gcc_libinit_windows.c' -o '<temporary>/module.ll',1,0,e3b0c44298fc1c149afbf4c8996fb92427ae41e4649b934ca495991b7852b855,5f3bf89e74d3277c99e60aab389fab4f5f19a2a00c1b3e8cf9201c807893c4f4,"<snapshot>/runtime/cgo/gcc_libinit_windows.c:6:10: fatal error: 'windows.h' file not found
    6 | #include <windows.h>
      |          ^~~~~~~~~~~
1 error generated.",0,0,0,0,0,0,0,0,0
runtime/cgo/gcc_linux.c,3534abbbce791d3d952a93b1bdd1de5bca76cab50791a70f42c2d6d459c6070e,O0,"[""clang"",""-O0"",""-S"",""-emit-llvm"",""-Wno-everything"",""-I"",""<snapshot>/runtime/cgo"",""-I"",""<snapshot>"",""<snapshot>/runtime/cgo/gcc_linux.c"",""-o"",""<temporary>/module.ll""]",clang -O0 -S -emit-llvm -Wno-everything -I '<snapshot>/runtime/cgo' -I '<snapshot>' '<snapshot>/runtime/cgo/gcc_linux.c' -o '<temporary>/module.ll',0,0,e3b0c44298fc1c149afbf4c8996fb92427ae41e4649b934ca495991b7852b855,e3b0c44298fc1c149afbf4c8996fb92427ae41e4649b934ca495991b7852b855,,65,0,0,0,0,0,0,0,0
runtime/cgo/gcc_linux.c,3534abbbce791d3d952a93b1bdd1de5bca76cab50791a70f42c2d6d459c6070e,O1,"[""clang"",""-O1"",""-S"",""-emit-llvm"",""-Wno-everything"",""-I"",""<snapshot>/runtime/cgo"",""-I"",""<snapshot>"",""<snapshot>/runtime/cgo/gcc_linux.c"",""-o"",""<temporary>/module.ll""]",clang -O1 -S -emit-llvm -Wno-everything -I '<snapshot>/runtime/cgo' -I '<snapshot>' '<snapshot>/runtime/cgo/gcc_linux.c' -o '<temporary>/module.ll',0,0,e3b0c44298fc1c149afbf4c8996fb92427ae41e4649b934ca495991b7852b855,e3b0c44298fc1c149afbf4c8996fb92427ae41e4649b934ca495991b7852b855,,46,1,0,0,1,0,0,0,0
runtime/cgo/gcc_linux.c,3534abbbce791d3d952a93b1bdd1de5bca76cab50791a70f42c2d6d459c6070e,O2,"[""clang"",""-O2"",""-S"",""-emit-llvm"",""-Wno-everything"",""-I"",""<snapshot>/runtime/cgo"",""-I"",""<snapshot>"",""<snapshot>/runtime/cgo/gcc_linux.c"",""-o"",""<temporary>/module.ll""]",clang -O2 -S -emit-llvm -Wno-everything -I '<snapshot>/runtime/cgo' -I '<snapshot>' '<snapshot>/runtime/cgo/gcc_linux.c' -o '<temporary>/module.ll',0,0,e3b0c44298fc1c149afbf4c8996fb92427ae41e4649b934ca495991b7852b855,e3b0c44298fc1c149afbf4c8996fb92427ae41e4649b934ca495991b7852b855,,46,1,0,0,1,0,0,0,0
runtime/cgo/gcc_linux_amd64.c,c5de05b31c9083060908613c908efc8a5517872a1fabba01540d266661728ec3,O0,"[""clang"",""-O0"",""-S"",""-emit-llvm"",""-Wno-everything"",""-I"",""<snapshot>/runtime/cgo"",""-I"",""<snapshot>"",""<snapshot>/runtime/cgo/gcc_linux_amd64.c"",""-o"",""<temporary>/module.ll""]",clang -O0 -S -emit-llvm -Wno-everything -I '<snapshot>/runtime/cgo' -I '<snapshot>' '<snapshot>/runtime/cgo/gcc_linux_amd64.c' -o '<temporary>/module.ll',0,0,e3b0c44298fc1c149afbf4c8996fb92427ae41e4649b934ca495991b7852b855,e3b0c44298fc1c149afbf4c8996fb92427ae41e4649b934ca495991b7852b855,,79,0,0,0,0,0,0,0,0
runtime/cgo/gcc_linux_amd64.c,c5de05b31c9083060908613c908efc8a5517872a1fabba01540d266661728ec3,O1,"[""clang"",""-O1"",""-S"",""-emit-llvm"",""-Wno-everything"",""-I"",""<snapshot>/runtime/cgo"",""-I"",""<snapshot>"",""<snapshot>/runtime/cgo/gcc_linux_amd64.c"",""-o"",""<temporary>/module.ll""]",clang -O1 -S -emit-llvm -Wno-everything -I '<snapshot>/runtime/cgo' -I '<snapshot>' '<snapshot>/runtime/cgo/gcc_linux_amd64.c' -o '<temporary>/module.ll',0,0,e3b0c44298fc1c149afbf4c8996fb92427ae41e4649b934ca495991b7852b855,e3b0c44298fc1c149afbf4c8996fb92427ae41e4649b934ca495991b7852b855,,55,1,0,0,1,0,0,0,0
runtime/cgo/gcc_linux_amd64.c,c5de05b31c9083060908613c908efc8a5517872a1fabba01540d266661728ec3,O2,"[""clang"",""-O2"",""-S"",""-emit-llvm"",""-Wno-everything"",""-I"",""<snapshot>/runtime/cgo"",""-I"",""<snapshot>"",""<snapshot>/runtime/cgo/gcc_linux_amd64.c"",""-o"",""<temporary>/module.ll""]",clang -O2 -S -emit-llvm -Wno-everything -I '<snapshot>/runtime/cgo' -I '<snapshot>' '<snapshot>/runtime/cgo/gcc_linux_amd64.c' -o '<temporary>/module.ll',0,0,e3b0c44298fc1c149afbf4c8996fb92427ae41e4649b934ca495991b7852b855,e3b0c44298fc1c149afbf4c8996fb92427ae41e4649b934ca495991b7852b855,,55,1,0,0,1,0,0,0,0
runtime/cgo/gcc_linux_arm64.c,a6d84201c5a26fddea3f4c7a910c9392d3f18b5dc6972088b3796c8cd5a1a2b2,O0,"[""clang"",""-O0"",""-S"",""-emit-llvm"",""-Wno-everything"",""-I"",""<snapshot>/runtime/cgo"",""-I"",""<snapshot>"",""<snapshot>/runtime/cgo/gcc_linux_arm64.c"",""-o"",""<temporary>/module.ll""]",clang -O0 -S -emit-llvm -Wno-everything -I '<snapshot>/runtime/cgo' -I '<snapshot>' '<snapshot>/runtime/cgo/gcc_linux_arm64.c' -o '<temporary>/module.ll',0,0,e3b0c44298fc1c149afbf4c8996fb92427ae41e4649b934ca495991b7852b855,e3b0c44298fc1c149afbf4c8996fb92427ae41e4649b934ca495991b7852b855,,79,0,0,0,0,0,0,0,0
runtime/cgo/gcc_linux_arm64.c,a6d84201c5a26fddea3f4c7a910c9392d3f18b5dc6972088b3796c8cd5a1a2b2,O1,"[""clang"",""-O1"",""-S"",""-emit-llvm"",""-Wno-everything"",""-I"",""<snapshot>/runtime/cgo"",""-I"",""<snapshot>"",""<snapshot>/runtime/cgo/gcc_linux_arm64.c"",""-o"",""<temporary>/module.ll""]",clang -O1 -S -emit-llvm -Wno-everything -I '<snapshot>/runtime/cgo' -I '<snapshot>' '<snapshot>/runtime/cgo/gcc_linux_arm64.c' -o '<temporary>/module.ll',0,0,e3b0c44298fc1c149afbf4c8996fb92427ae41e4649b934ca495991b7852b855,e3b0c44298fc1c149afbf4c8996fb92427ae41e4649b934ca495991b7852b855,,55,1,0,0,1,0,0,0,0
runtime/cgo/gcc_linux_arm64.c,a6d84201c5a26fddea3f4c7a910c9392d3f18b5dc6972088b3796c8cd5a1a2b2,O2,"[""clang"",""-O2"",""-S"",""-emit-llvm"",""-Wno-everything"",""-I"",""<snapshot>/runtime/cgo"",""-I"",""<snapshot>"",""<snapshot>/runtime/cgo/gcc_linux_arm64.c"",""-o"",""<temporary>/module.ll""]",clang -O2 -S -emit-llvm -Wno-everything -I '<snapshot>/runtime/cgo' -I '<snapshot>' '<snapshot>/runtime/cgo/gcc_linux_arm64.c' -o '<temporary>/module.ll',0,0,e3b0c44298fc1c149afbf4c8996fb92427ae41e4649b934ca495991b7852b855,e3b0c44298fc1c149afbf4c8996fb92427ae41e4649b934ca495991b7852b855,,55,1,0,0,1,0,0,0,0
runtime/cgo/gcc_linux_s390x.c,f2d1be7642e2d034ee3f32125e9ebcf8e0844ff2e261df2e4e716dcad083ca08,O0,"[""clang"",""-O0"",""-S"",""-emit-llvm"",""-Wno-everything"",""-I"",""<snapshot>/runtime/cgo"",""-I"",""<snapshot>"",""<snapshot>/runtime/cgo/gcc_linux_s390x.c"",""-o"",""<temporary>/module.ll""]",clang -O0 -S -emit-llvm -Wno-everything -I '<snapshot>/runtime/cgo' -I '<snapshot>' '<snapshot>/runtime/cgo/gcc_linux_s390x.c' -o '<temporary>/module.ll',0,0,e3b0c44298fc1c149afbf4c8996fb92427ae41e4649b934ca495991b7852b855,e3b0c44298fc1c149afbf4c8996fb92427ae41e4649b934ca495991b7852b855,,58,0,0,0,0,0,0,0,0
runtime/cgo/gcc_linux_s390x.c,f2d1be7642e2d034ee3f32125e9ebcf8e0844ff2e261df2e4e716dcad083ca08,O1,"[""clang"",""-O1"",""-S"",""-emit-llvm"",""-Wno-everything"",""-I"",""<snapshot>/runtime/cgo"",""-I"",""<snapshot>"",""<snapshot>/runtime/cgo/gcc_linux_s390x.c"",""-o"",""<temporary>/module.ll""]",clang -O1 -S -emit-llvm -Wno-everything -I '<snapshot>/runtime/cgo' -I '<snapshot>' '<snapshot>/runtime/cgo/gcc_linux_s390x.c' -o '<temporary>/module.ll',0,0,e3b0c44298fc1c149afbf4c8996fb92427ae41e4649b934ca495991b7852b855,e3b0c44298fc1c149afbf4c8996fb92427ae41e4649b934ca495991b7852b855,,42,1,0,0,1,0,0,0,0
runtime/cgo/gcc_linux_s390x.c,f2d1be7642e2d034ee3f32125e9ebcf8e0844ff2e261df2e4e716dcad083ca08,O2,"[""clang"",""-O2"",""-S"",""-emit-llvm"",""-Wno-everything"",""-I"",""<snapshot>/runtime/cgo"",""-I"",""<snapshot>"",""<snapshot>/runtime/cgo/gcc_linux_s390x.c"",""-o"",""<temporary>/module.ll""]",clang -O2 -S -emit-llvm -Wno-everything -I '<snapshot>/runtime/cgo' -I '<snapshot>' '<snapshot>/runtime/cgo/gcc_linux_s390x.c' -o '<temporary>/module.ll',0,0,e3b0c44298fc1c149afbf4c8996fb92427ae41e4649b934ca495991b7852b855,e3b0c44298fc1c149afbf4c8996fb92427ae41e4649b934ca495991b7852b855,,42,1,0,0,1,0,0,0,0
runtime/cgo/gcc_mmap.c,d8ece6e6a4385bf0449ab50c51887946e39c49bd6d43b3a5f3757a7546c73c96,O0,"[""clang"",""-O0"",""-S"",""-emit-llvm"",""-Wno-everything"",""-I"",""<snapshot>/runtime/cgo"",""-I"",""<snapshot>"",""<snapshot>/runtime/cgo/gcc_mmap.c"",""-o"",""<temporary>/module.ll""]",clang -O0 -S -emit-llvm -Wno-everything -I '<snapshot>/runtime/cgo' -I '<snapshot>' '<snapshot>/runtime/cgo/gcc_mmap.c' -o '<temporary>/module.ll',0,0,e3b0c44298fc1c149afbf4c8996fb92427ae41e4649b934ca495991b7852b855,e3b0c44298fc1c149afbf4c8996fb92427ae41e4649b934ca495991b7852b855,,52,0,0,0,0,0,0,0,0
runtime/cgo/gcc_mmap.c,d8ece6e6a4385bf0449ab50c51887946e39c49bd6d43b3a5f3757a7546c73c96,O1,"[""clang"",""-O1"",""-S"",""-emit-llvm"",""-Wno-everything"",""-I"",""<snapshot>/runtime/cgo"",""-I"",""<snapshot>"",""<snapshot>/runtime/cgo/gcc_mmap.c"",""-o"",""<temporary>/module.ll""]",clang -O1 -S -emit-llvm -Wno-everything -I '<snapshot>/runtime/cgo' -I '<snapshot>' '<snapshot>/runtime/cgo/gcc_mmap.c' -o '<temporary>/module.ll',0,0,e3b0c44298fc1c149afbf4c8996fb92427ae41e4649b934ca495991b7852b855,e3b0c44298fc1c149afbf4c8996fb92427ae41e4649b934ca495991b7852b855,,18,0,0,0,0,0,0,0,0
runtime/cgo/gcc_mmap.c,d8ece6e6a4385bf0449ab50c51887946e39c49bd6d43b3a5f3757a7546c73c96,O2,"[""clang"",""-O2"",""-S"",""-emit-llvm"",""-Wno-everything"",""-I"",""<snapshot>/runtime/cgo"",""-I"",""<snapshot>"",""<snapshot>/runtime/cgo/gcc_mmap.c"",""-o"",""<temporary>/module.ll""]",clang -O2 -S -emit-llvm -Wno-everything -I '<snapshot>/runtime/cgo' -I '<snapshot>' '<snapshot>/runtime/cgo/gcc_mmap.c' -o '<temporary>/module.ll',0,0,e3b0c44298fc1c149afbf4c8996fb92427ae41e4649b934ca495991b7852b855,e3b0c44298fc1c149afbf4c8996fb92427ae41e4649b934ca495991b7852b855,,18,0,0,0,0,0,0,0,0
runtime/cgo/gcc_netbsd.c,f952d3dd21d40c10f61058bba98945c25626b69359fe549059c05e8ea523c907,O0,"[""clang"",""-O0"",""-S"",""-emit-llvm"",""-Wno-everything"",""-I"",""<snapshot>/runtime/cgo"",""-I"",""<snapshot>"",""<snapshot>/runtime/cgo/gcc_netbsd.c"",""-o"",""<temporary>/module.ll""]",clang -O0 -S -emit-llvm -Wno-everything -I '<snapshot>/runtime/cgo' -I '<snapshot>' '<snapshot>/runtime/cgo/gcc_netbsd.c' -o '<temporary>/module.ll',0,0,e3b0c44298fc1c149afbf4c8996fb92427ae41e4649b934ca495991b7852b855,e3b0c44298fc1c149afbf4c8996fb92427ae41e4649b934ca495991b7852b855,,58,0,0,0,0,0,0,0,0
runtime/cgo/gcc_netbsd.c,f952d3dd21d40c10f61058bba98945c25626b69359fe549059c05e8ea523c907,O1,"[""clang"",""-O1"",""-S"",""-emit-llvm"",""-Wno-everything"",""-I"",""<snapshot>/runtime/cgo"",""-I"",""<snapshot>"",""<snapshot>/runtime/cgo/gcc_netbsd.c"",""-o"",""<temporary>/module.ll""]",clang -O1 -S -emit-llvm -Wno-everything -I '<snapshot>/runtime/cgo' -I '<snapshot>' '<snapshot>/runtime/cgo/gcc_netbsd.c' -o '<temporary>/module.ll',0,0,e3b0c44298fc1c149afbf4c8996fb92427ae41e4649b934ca495991b7852b855,e3b0c44298fc1c149afbf4c8996fb92427ae41e4649b934ca495991b7852b855,,48,1,0,0,1,0,0,0,0
runtime/cgo/gcc_netbsd.c,f952d3dd21d40c10f61058bba98945c25626b69359fe549059c05e8ea523c907,O2,"[""clang"",""-O2"",""-S"",""-emit-llvm"",""-Wno-everything"",""-I"",""<snapshot>/runtime/cgo"",""-I"",""<snapshot>"",""<snapshot>/runtime/cgo/gcc_netbsd.c"",""-o"",""<temporary>/module.ll""]",clang -O2 -S -emit-llvm -Wno-everything -I '<snapshot>/runtime/cgo' -I '<snapshot>' '<snapshot>/runtime/cgo/gcc_netbsd.c' -o '<temporary>/module.ll',0,0,e3b0c44298fc1c149afbf4c8996fb92427ae41e4649b934ca495991b7852b855,e3b0c44298fc1c149afbf4c8996fb92427ae41e4649b934ca495991b7852b855,,48,1,0,0,1,0,0,0,0
runtime/cgo/gcc_openbsd.c,49c546cf4fb24d0206839c9a364a4880b3984962c848ca0ad6f3b2b7044ce5a4,O0,"[""clang"",""-O0"",""-S"",""-emit-llvm"",""-Wno-everything"",""-I"",""<snapshot>/runtime/cgo"",""-I"",""<snapshot>"",""<snapshot>/runtime/cgo/gcc_openbsd.c"",""-o"",""<temporary>/module.ll""]",clang -O0 -S -emit-llvm -Wno-everything -I '<snapshot>/runtime/cgo' -I '<snapshot>' '<snapshot>/runtime/cgo/gcc_openbsd.c' -o '<temporary>/module.ll',0,0,e3b0c44298fc1c149afbf4c8996fb92427ae41e4649b934ca495991b7852b855,e3b0c44298fc1c149afbf4c8996fb92427ae41e4649b934ca495991b7852b855,,53,0,0,0,0,0,0,0,0
runtime/cgo/gcc_openbsd.c,49c546cf4fb24d0206839c9a364a4880b3984962c848ca0ad6f3b2b7044ce5a4,O1,"[""clang"",""-O1"",""-S"",""-emit-llvm"",""-Wno-everything"",""-I"",""<snapshot>/runtime/cgo"",""-I"",""<snapshot>"",""<snapshot>/runtime/cgo/gcc_openbsd.c"",""-o"",""<temporary>/module.ll""]",clang -O1 -S -emit-llvm -Wno-everything -I '<snapshot>/runtime/cgo' -I '<snapshot>' '<snapshot>/runtime/cgo/gcc_openbsd.c' -o '<temporary>/module.ll',0,0,e3b0c44298fc1c149afbf4c8996fb92427ae41e4649b934ca495991b7852b855,e3b0c44298fc1c149afbf4c8996fb92427ae41e4649b934ca495991b7852b855,,41,1,0,0,1,0,0,0,0
runtime/cgo/gcc_openbsd.c,49c546cf4fb24d0206839c9a364a4880b3984962c848ca0ad6f3b2b7044ce5a4,O2,"[""clang"",""-O2"",""-S"",""-emit-llvm"",""-Wno-everything"",""-I"",""<snapshot>/runtime/cgo"",""-I"",""<snapshot>"",""<snapshot>/runtime/cgo/gcc_openbsd.c"",""-o"",""<temporary>/module.ll""]",clang -O2 -S -emit-llvm -Wno-everything -I '<snapshot>/runtime/cgo' -I '<snapshot>' '<snapshot>/runtime/cgo/gcc_openbsd.c' -o '<temporary>/module.ll',0,0,e3b0c44298fc1c149afbf4c8996fb92427ae41e4649b934ca495991b7852b855,e3b0c44298fc1c149afbf4c8996fb92427ae41e4649b934ca495991b7852b855,,41,1,0,0,1,0,0,0,0
runtime/cgo/gcc_ppc64x.c,7cb635277ef33c54762fcb429cec60d55bd787c0baabbe9a6596adecb9b01ce3,O0,"[""clang"",""-O0"",""-S"",""-emit-llvm"",""-Wno-everything"",""-I"",""<snapshot>/runtime/cgo"",""-I"",""<snapshot>"",""<snapshot>/runtime/cgo/gcc_ppc64x.c"",""-o"",""<temporary>/module.ll""]",clang -O0 -S -emit-llvm -Wno-everything -I '<snapshot>/runtime/cgo' -I '<snapshot>' '<snapshot>/runtime/cgo/gcc_ppc64x.c' -o '<temporary>/module.ll',0,0,e3b0c44298fc1c149afbf4c8996fb92427ae41e4649b934ca495991b7852b855,e3b0c44298fc1c149afbf4c8996fb92427ae41e4649b934ca495991b7852b855,,58,0,0,0,0,0,0,0,0
runtime/cgo/gcc_ppc64x.c,7cb635277ef33c54762fcb429cec60d55bd787c0baabbe9a6596adecb9b01ce3,O1,"[""clang"",""-O1"",""-S"",""-emit-llvm"",""-Wno-everything"",""-I"",""<snapshot>/runtime/cgo"",""-I"",""<snapshot>"",""<snapshot>/runtime/cgo/gcc_ppc64x.c"",""-o"",""<temporary>/module.ll""]",clang -O1 -S -emit-llvm -Wno-everything -I '<snapshot>/runtime/cgo' -I '<snapshot>' '<snapshot>/runtime/cgo/gcc_ppc64x.c' -o '<temporary>/module.ll',0,0,e3b0c44298fc1c149afbf4c8996fb92427ae41e4649b934ca495991b7852b855,e3b0c44298fc1c149afbf4c8996fb92427ae41e4649b934ca495991b7852b855,,42,1,0,0,1,0,0,0,0
runtime/cgo/gcc_ppc64x.c,7cb635277ef33c54762fcb429cec60d55bd787c0baabbe9a6596adecb9b01ce3,O2,"[""clang"",""-O2"",""-S"",""-emit-llvm"",""-Wno-everything"",""-I"",""<snapshot>/runtime/cgo"",""-I"",""<snapshot>"",""<snapshot>/runtime/cgo/gcc_ppc64x.c"",""-o"",""<temporary>/module.ll""]",clang -O2 -S -emit-llvm -Wno-everything -I '<snapshot>/runtime/cgo' -I '<snapshot>' '<snapshot>/runtime/cgo/gcc_ppc64x.c' -o '<temporary>/module.ll',0,0,e3b0c44298fc1c149afbf4c8996fb92427ae41e4649b934ca495991b7852b855,e3b0c44298fc1c149afbf4c8996fb92427ae41e4649b934ca495991b7852b855,,42,1,0,0,1,0,0,0,0
runtime/cgo/gcc_setenv.c,120a9a088f87be81a95270eff8dc431fc112a1d1b803c72176c469379eb0f96f,O0,"[""clang"",""-O0"",""-S"",""-emit-llvm"",""-Wno-everything"",""-I"",""<snapshot>/runtime/cgo"",""-I"",""<snapshot>"",""<snapshot>/runtime/cgo/gcc_setenv.c"",""-o"",""<temporary>/module.ll""]",clang -O0 -S -emit-llvm -Wno-everything -I '<snapshot>/runtime/cgo' -I '<snapshot>' '<snapshot>/runtime/cgo/gcc_setenv.c' -o '<temporary>/module.ll',0,0,e3b0c44298fc1c149afbf4c8996fb92427ae41e4649b934ca495991b7852b855,e3b0c44298fc1c149afbf4c8996fb92427ae41e4649b934ca495991b7852b855,,17,0,0,0,0,0,0,0,0
runtime/cgo/gcc_setenv.c,120a9a088f87be81a95270eff8dc431fc112a1d1b803c72176c469379eb0f96f,O1,"[""clang"",""-O1"",""-S"",""-emit-llvm"",""-Wno-everything"",""-I"",""<snapshot>/runtime/cgo"",""-I"",""<snapshot>"",""<snapshot>/runtime/cgo/gcc_setenv.c"",""-o"",""<temporary>/module.ll""]",clang -O1 -S -emit-llvm -Wno-everything -I '<snapshot>/runtime/cgo' -I '<snapshot>' '<snapshot>/runtime/cgo/gcc_setenv.c' -o '<temporary>/module.ll',0,0,e3b0c44298fc1c149afbf4c8996fb92427ae41e4649b934ca495991b7852b855,e3b0c44298fc1c149afbf4c8996fb92427ae41e4649b934ca495991b7852b855,,8,0,0,0,0,0,0,0,0
runtime/cgo/gcc_setenv.c,120a9a088f87be81a95270eff8dc431fc112a1d1b803c72176c469379eb0f96f,O2,"[""clang"",""-O2"",""-S"",""-emit-llvm"",""-Wno-everything"",""-I"",""<snapshot>/runtime/cgo"",""-I"",""<snapshot>"",""<snapshot>/runtime/cgo/gcc_setenv.c"",""-o"",""<temporary>/module.ll""]",clang -O2 -S -emit-llvm -Wno-everything -I '<snapshot>/runtime/cgo' -I '<snapshot>' '<snapshot>/runtime/cgo/gcc_setenv.c' -o '<temporary>/module.ll',0,0,e3b0c44298fc1c149afbf4c8996fb92427ae41e4649b934ca495991b7852b855,e3b0c44298fc1c149afbf4c8996fb92427ae41e4649b934ca495991b7852b855,,8,0,0,0,0,0,0,0,0
runtime/cgo/gcc_sigaction.c,2feadadb5a4a51c085f661417dc2d9bbf69a90c59b687919dd5fc77a26b81e95,O0,"[""clang"",""-O0"",""-S"",""-emit-llvm"",""-Wno-everything"",""-I"",""<snapshot>/runtime/cgo"",""-I"",""<snapshot>"",""<snapshot>/runtime/cgo/gcc_sigaction.c"",""-o"",""<temporary>/module.ll""]",clang -O0 -S -emit-llvm -Wno-everything -I '<snapshot>/runtime/cgo' -I '<snapshot>' '<snapshot>/runtime/cgo/gcc_sigaction.c' -o '<temporary>/module.ll',0,0,e3b0c44298fc1c149afbf4c8996fb92427ae41e4649b934ca495991b7852b855,e3b0c44298fc1c149afbf4c8996fb92427ae41e4649b934ca495991b7852b855,,155,6,0,3,9,5,3,0,1
runtime/cgo/gcc_sigaction.c,2feadadb5a4a51c085f661417dc2d9bbf69a90c59b687919dd5fc77a26b81e95,O1,"[""clang"",""-O1"",""-S"",""-emit-llvm"",""-Wno-everything"",""-I"",""<snapshot>/runtime/cgo"",""-I"",""<snapshot>"",""<snapshot>/runtime/cgo/gcc_sigaction.c"",""-o"",""<temporary>/module.ll""]",clang -O1 -S -emit-llvm -Wno-everything -I '<snapshot>/runtime/cgo' -I '<snapshot>' '<snapshot>/runtime/cgo/gcc_sigaction.c' -o '<temporary>/module.ll',0,0,e3b0c44298fc1c149afbf4c8996fb92427ae41e4649b934ca495991b7852b855,e3b0c44298fc1c149afbf4c8996fb92427ae41e4649b934ca495991b7852b855,,76,8,0,3,11,7,4,0,1
runtime/cgo/gcc_sigaction.c,2feadadb5a4a51c085f661417dc2d9bbf69a90c59b687919dd5fc77a26b81e95,O2,"[""clang"",""-O2"",""-S"",""-emit-llvm"",""-Wno-everything"",""-I"",""<snapshot>/runtime/cgo"",""-I"",""<snapshot>"",""<snapshot>/runtime/cgo/gcc_sigaction.c"",""-o"",""<temporary>/module.ll""]",clang -O2 -S -emit-llvm -Wno-everything -I '<snapshot>/runtime/cgo' -I '<snapshot>' '<snapshot>/runtime/cgo/gcc_sigaction.c' -o '<temporary>/module.ll',0,0,e3b0c44298fc1c149afbf4c8996fb92427ae41e4649b934ca495991b7852b855,e3b0c44298fc1c149afbf4c8996fb92427ae41e4649b934ca495991b7852b855,,76,8,0,3,11,7,4,0,1
runtime/cgo/gcc_signal2_ios_arm64.c,7d3a365437bdf44ed000dbd837ad495f5f254fc2d7230ca98f7d6b5c5ab09a98,O0,"[""clang"",""-O0"",""-S"",""-emit-llvm"",""-Wno-everything"",""-I"",""<snapshot>/runtime/cgo"",""-I"",""<snapshot>"",""<snapshot>/runtime/cgo/gcc_signal2_ios_arm64.c"",""-o"",""<temporary>/module.ll""]",clang -O0 -S -emit-llvm -Wno-everything -I '<snapshot>/runtime/cgo' -I '<snapshot>' '<snapshot>/runtime/cgo/gcc_signal2_ios_arm64.c' -o '<temporary>/module.ll',0,0,e3b0c44298fc1c149afbf4c8996fb92427ae41e4649b934ca495991b7852b855,e3b0c44298fc1c149afbf4c8996fb92427ae41e4649b934ca495991b7852b855,,1,0,0,0,0,0,0,0,0
runtime/cgo/gcc_signal2_ios_arm64.c,7d3a365437bdf44ed000dbd837ad495f5f254fc2d7230ca98f7d6b5c5ab09a98,O1,"[""clang"",""-O1"",""-S"",""-emit-llvm"",""-Wno-everything"",""-I"",""<snapshot>/runtime/cgo"",""-I"",""<snapshot>"",""<snapshot>/runtime/cgo/gcc_signal2_ios_arm64.c"",""-o"",""<temporary>/module.ll""]",clang -O1 -S -emit-llvm -Wno-everything -I '<snapshot>/runtime/cgo' -I '<snapshot>' '<snapshot>/runtime/cgo/gcc_signal2_ios_arm64.c' -o '<temporary>/module.ll',0,0,e3b0c44298fc1c149afbf4c8996fb92427ae41e4649b934ca495991b7852b855,e3b0c44298fc1c149afbf4c8996fb92427ae41e4649b934ca495991b7852b855,,1,0,0,0,0,0,0,0,0
runtime/cgo/gcc_signal2_ios_arm64.c,7d3a365437bdf44ed000dbd837ad495f5f254fc2d7230ca98f7d6b5c5ab09a98,O2,"[""clang"",""-O2"",""-S"",""-emit-llvm"",""-Wno-everything"",""-I"",""<snapshot>/runtime/cgo"",""-I"",""<snapshot>"",""<snapshot>/runtime/cgo/gcc_signal2_ios_arm64.c"",""-o"",""<temporary>/module.ll""]",clang -O2 -S -emit-llvm -Wno-everything -I '<snapshot>/runtime/cgo' -I '<snapshot>' '<snapshot>/runtime/cgo/gcc_signal2_ios_arm64.c' -o '<temporary>/module.ll',0,0,e3b0c44298fc1c149afbf4c8996fb92427ae41e4649b934ca495991b7852b855,e3b0c44298fc1c149afbf4c8996fb92427ae41e4649b934ca495991b7852b855,,1,0,0,0,0,0,0,0,0
runtime/cgo/gcc_signal_ios_arm64.c,4433d89f8471b3809ba8a7450d2926c8265886a343d343965fbe580659ca9052,O0,"[""clang"",""-O0"",""-S"",""-emit-llvm"",""-Wno-everything"",""-I"",""<snapshot>/runtime/cgo"",""-I"",""<snapshot>"",""<snapshot>/runtime/cgo/gcc_signal_ios_arm64.c"",""-o"",""<temporary>/module.ll""]",clang -O0 -S -emit-llvm -Wno-everything -I '<snapshot>/runtime/cgo' -I '<snapshot>' '<snapshot>/runtime/cgo/gcc_signal_ios_arm64.c' -o '<temporary>/module.ll',1,0,e3b0c44298fc1c149afbf4c8996fb92427ae41e4649b934ca495991b7852b855,9342c573407a4a8db9b2c2a5e7da7b93e4553d951db9befa9730ff625aeca7b0,"<snapshot>/runtime/cgo/gcc_signal_ios_arm64.c:29:10: fatal error: 'mach/arm/thread_status.h' file not found
   29 | #include <mach/arm/thread_status.h>
      |          ^~~~~~~~~~~~~~~~~~~~~~~~~~
1 error generated.",0,0,0,0,0,0,0,0,0
runtime/cgo/gcc_signal_ios_arm64.c,4433d89f8471b3809ba8a7450d2926c8265886a343d343965fbe580659ca9052,O1,"[""clang"",""-O1"",""-S"",""-emit-llvm"",""-Wno-everything"",""-I"",""<snapshot>/runtime/cgo"",""-I"",""<snapshot>"",""<snapshot>/runtime/cgo/gcc_signal_ios_arm64.c"",""-o"",""<temporary>/module.ll""]",clang -O1 -S -emit-llvm -Wno-everything -I '<snapshot>/runtime/cgo' -I '<snapshot>' '<snapshot>/runtime/cgo/gcc_signal_ios_arm64.c' -o '<temporary>/module.ll',1,0,e3b0c44298fc1c149afbf4c8996fb92427ae41e4649b934ca495991b7852b855,9342c573407a4a8db9b2c2a5e7da7b93e4553d951db9befa9730ff625aeca7b0,"<snapshot>/runtime/cgo/gcc_signal_ios_arm64.c:29:10: fatal error: 'mach/arm/thread_status.h' file not found
   29 | #include <mach/arm/thread_status.h>
      |          ^~~~~~~~~~~~~~~~~~~~~~~~~~
1 error generated.",0,0,0,0,0,0,0,0,0
runtime/cgo/gcc_signal_ios_arm64.c,4433d89f8471b3809ba8a7450d2926c8265886a343d343965fbe580659ca9052,O2,"[""clang"",""-O2"",""-S"",""-emit-llvm"",""-Wno-everything"",""-I"",""<snapshot>/runtime/cgo"",""-I"",""<snapshot>"",""<snapshot>/runtime/cgo/gcc_signal_ios_arm64.c"",""-o"",""<temporary>/module.ll""]",clang -O2 -S -emit-llvm -Wno-everything -I '<snapshot>/runtime/cgo' -I '<snapshot>' '<snapshot>/runtime/cgo/gcc_signal_ios_arm64.c' -o '<temporary>/module.ll',1,0,e3b0c44298fc1c149afbf4c8996fb92427ae41e4649b934ca495991b7852b855,9342c573407a4a8db9b2c2a5e7da7b93e4553d951db9befa9730ff625aeca7b0,"<snapshot>/runtime/cgo/gcc_signal_ios_arm64.c:29:10: fatal error: 'mach/arm/thread_status.h' file not found
   29 | #include <mach/arm/thread_status.h>
      |          ^~~~~~~~~~~~~~~~~~~~~~~~~~
1 error generated.",0,0,0,0,0,0,0,0,0
runtime/cgo/gcc_signal_ios_nolldb.c,45b43b2c1b703f46cdf99944a23323ff1bcbc357d555ea3538f525b6b004c12c,O0,"[""clang"",""-O0"",""-S"",""-emit-llvm"",""-Wno-everything"",""-I"",""<snapshot>/runtime/cgo"",""-I"",""<snapshot>"",""<snapshot>/runtime/cgo/gcc_signal_ios_nolldb.c"",""-o"",""<temporary>/module.ll""]",clang -O0 -S -emit-llvm -Wno-everything -I '<snapshot>/runtime/cgo' -I '<snapshot>' '<snapshot>/runtime/cgo/gcc_signal_ios_nolldb.c' -o '<temporary>/module.ll',0,0,e3b0c44298fc1c149afbf4c8996fb92427ae41e4649b934ca495991b7852b855,e3b0c44298fc1c149afbf4c8996fb92427ae41e4649b934ca495991b7852b855,,2,0,0,0,0,0,0,0,0
runtime/cgo/gcc_signal_ios_nolldb.c,45b43b2c1b703f46cdf99944a23323ff1bcbc357d555ea3538f525b6b004c12c,O1,"[""clang"",""-O1"",""-S"",""-emit-llvm"",""-Wno-everything"",""-I"",""<snapshot>/runtime/cgo"",""-I"",""<snapshot>"",""<snapshot>/runtime/cgo/gcc_signal_ios_nolldb.c"",""-o"",""<temporary>/module.ll""]",clang -O1 -S -emit-llvm -Wno-everything -I '<snapshot>/runtime/cgo' -I '<snapshot>' '<snapshot>/runtime/cgo/gcc_signal_ios_nolldb.c' -o '<temporary>/module.ll',0,0,e3b0c44298fc1c149afbf4c8996fb92427ae41e4649b934ca495991b7852b855,e3b0c44298fc1c149afbf4c8996fb92427ae41e4649b934ca495991b7852b855,,2,0,0,0,0,0,0,0,0
runtime/cgo/gcc_signal_ios_nolldb.c,45b43b2c1b703f46cdf99944a23323ff1bcbc357d555ea3538f525b6b004c12c,O2,"[""clang"",""-O2"",""-S"",""-emit-llvm"",""-Wno-everything"",""-I"",""<snapshot>/runtime/cgo"",""-I"",""<snapshot>"",""<snapshot>/runtime/cgo/gcc_signal_ios_nolldb.c"",""-o"",""<temporary>/module.ll""]",clang -O2 -S -emit-llvm -Wno-everything -I '<snapshot>/runtime/cgo' -I '<snapshot>' '<snapshot>/runtime/cgo/gcc_signal_ios_nolldb.c' -o '<temporary>/module.ll',0,0,e3b0c44298fc1c149afbf4c8996fb92427ae41e4649b934ca495991b7852b855,e3b0c44298fc1c149afbf4c8996fb92427ae41e4649b934ca495991b7852b855,,2,0,0,0,0,0,0,0,0
runtime/cgo/gcc_solaris_amd64.c,839262a00bcdd98d7f16cd5903108810d48b0fe6c726c86d2598e33c37fb47cc,O0,"[""clang"",""-O0"",""-S"",""-emit-llvm"",""-Wno-everything"",""-I"",""<snapshot>/runtime/cgo"",""-I"",""<snapshot>"",""<snapshot>/runtime/cgo/gcc_solaris_amd64.c"",""-o"",""<temporary>/module.ll""]",clang -O0 -S -emit-llvm -Wno-everything -I '<snapshot>/runtime/cgo' -I '<snapshot>' '<snapshot>/runtime/cgo/gcc_solaris_amd64.c' -o '<temporary>/module.ll',0,0,e3b0c44298fc1c149afbf4c8996fb92427ae41e4649b934ca495991b7852b855,e3b0c44298fc1c149afbf4c8996fb92427ae41e4649b934ca495991b7852b855,,123,1,0,0,1,0,0,0,0
runtime/cgo/gcc_solaris_amd64.c,839262a00bcdd98d7f16cd5903108810d48b0fe6c726c86d2598e33c37fb47cc,O1,"[""clang"",""-O1"",""-S"",""-emit-llvm"",""-Wno-everything"",""-I"",""<snapshot>/runtime/cgo"",""-I"",""<snapshot>"",""<snapshot>/runtime/cgo/gcc_solaris_amd64.c"",""-o"",""<temporary>/module.ll""]",clang -O1 -S -emit-llvm -Wno-everything -I '<snapshot>/runtime/cgo' -I '<snapshot>' '<snapshot>/runtime/cgo/gcc_solaris_amd64.c' -o '<temporary>/module.ll',0,0,e3b0c44298fc1c149afbf4c8996fb92427ae41e4649b934ca495991b7852b855,e3b0c44298fc1c149afbf4c8996fb92427ae41e4649b934ca495991b7852b855,,86,7,0,1,8,4,4,0,0
runtime/cgo/gcc_solaris_amd64.c,839262a00bcdd98d7f16cd5903108810d48b0fe6c726c86d2598e33c37fb47cc,O2,"[""clang"",""-O2"",""-S"",""-emit-llvm"",""-Wno-everything"",""-I"",""<snapshot>/runtime/cgo"",""-I"",""<snapshot>"",""<snapshot>/runtime/cgo/gcc_solaris_amd64.c"",""-o"",""<temporary>/module.ll""]",clang -O2 -S -emit-llvm -Wno-everything -I '<snapshot>/runtime/cgo' -I '<snapshot>' '<snapshot>/runtime/cgo/gcc_solaris_amd64.c' -o '<temporary>/module.ll',0,0,e3b0c44298fc1c149afbf4c8996fb92427ae41e4649b934ca495991b7852b855,e3b0c44298fc1c149afbf4c8996fb92427ae41e4649b934ca495991b7852b855,,86,7,0,1,8,4,4,0,0
runtime/cgo/gcc_stack_darwin.c,406a0563a17fe501c6bfd5e41841c2d322caa4ab871a5bfe28d61bb36f678ed5,O0,"[""clang"",""-O0"",""-S"",""-emit-llvm"",""-Wno-everything"",""-I"",""<snapshot>/runtime/cgo"",""-I"",""<snapshot>"",""<snapshot>/runtime/cgo/gcc_stack_darwin.c"",""-o"",""<temporary>/module.ll""]",clang -O0 -S -emit-llvm -Wno-everything -I '<snapshot>/runtime/cgo' -I '<snapshot>' '<snapshot>/runtime/cgo/gcc_stack_darwin.c' -o '<temporary>/module.ll',0,0,e3b0c44298fc1c149afbf4c8996fb92427ae41e4649b934ca495991b7852b855,e3b0c44298fc1c149afbf4c8996fb92427ae41e4649b934ca495991b7852b855,,29,0,0,0,0,0,0,0,0
runtime/cgo/gcc_stack_darwin.c,406a0563a17fe501c6bfd5e41841c2d322caa4ab871a5bfe28d61bb36f678ed5,O1,"[""clang"",""-O1"",""-S"",""-emit-llvm"",""-Wno-everything"",""-I"",""<snapshot>/runtime/cgo"",""-I"",""<snapshot>"",""<snapshot>/runtime/cgo/gcc_stack_darwin.c"",""-o"",""<temporary>/module.ll""]",clang -O1 -S -emit-llvm -Wno-everything -I '<snapshot>/runtime/cgo' -I '<snapshot>' '<snapshot>/runtime/cgo/gcc_stack_darwin.c' -o '<temporary>/module.ll',0,0,e3b0c44298fc1c149afbf4c8996fb92427ae41e4649b934ca495991b7852b855,e3b0c44298fc1c149afbf4c8996fb92427ae41e4649b934ca495991b7852b855,,10,0,0,0,0,0,0,0,0
runtime/cgo/gcc_stack_darwin.c,406a0563a17fe501c6bfd5e41841c2d322caa4ab871a5bfe28d61bb36f678ed5,O2,"[""clang"",""-O2"",""-S"",""-emit-llvm"",""-Wno-everything"",""-I"",""<snapshot>/runtime/cgo"",""-I"",""<snapshot>"",""<snapshot>/runtime/cgo/gcc_stack_darwin.c"",""-o"",""<temporary>/module.ll""]",clang -O2 -S -emit-llvm -Wno-everything -I '<snapshot>/runtime/cgo' -I '<snapshot>' '<snapshot>/runtime/cgo/gcc_stack_darwin.c' -o '<temporary>/module.ll',0,0,e3b0c44298fc1c149afbf4c8996fb92427ae41e4649b934ca495991b7852b855,e3b0c44298fc1c149afbf4c8996fb92427ae41e4649b934ca495991b7852b855,,10,0,0,0,0,0,0,0,0
runtime/cgo/gcc_stack_unix.c,7abf64f7312fa88ccb3e17130678747fc21ffc744514c23e900c071d06dabc5d,O0,"[""clang"",""-O0"",""-S"",""-emit-llvm"",""-Wno-everything"",""-I"",""<snapshot>/runtime/cgo"",""-I"",""<snapshot>"",""<snapshot>/runtime/cgo/gcc_stack_unix.c"",""-o"",""<temporary>/module.ll""]",clang -O0 -S -emit-llvm -Wno-everything -I '<snapshot>/runtime/cgo' -I '<snapshot>' '<snapshot>/runtime/cgo/gcc_stack_unix.c' -o '<temporary>/module.ll',0,0,e3b0c44298fc1c149afbf4c8996fb92427ae41e4649b934ca495991b7852b855,e3b0c44298fc1c149afbf4c8996fb92427ae41e4649b934ca495991b7852b855,,23,1,0,0,1,0,0,0,0
runtime/cgo/gcc_stack_unix.c,7abf64f7312fa88ccb3e17130678747fc21ffc744514c23e900c071d06dabc5d,O1,"[""clang"",""-O1"",""-S"",""-emit-llvm"",""-Wno-everything"",""-I"",""<snapshot>/runtime/cgo"",""-I"",""<snapshot>"",""<snapshot>/runtime/cgo/gcc_stack_unix.c"",""-o"",""<temporary>/module.ll""]",clang -O1 -S -emit-llvm -Wno-everything -I '<snapshot>/runtime/cgo' -I '<snapshot>' '<snapshot>/runtime/cgo/gcc_stack_unix.c' -o '<temporary>/module.ll',0,0,e3b0c44298fc1c149afbf4c8996fb92427ae41e4649b934ca495991b7852b855,e3b0c44298fc1c149afbf4c8996fb92427ae41e4649b934ca495991b7852b855,,22,1,0,1,1,0,0,0,0
runtime/cgo/gcc_stack_unix.c,7abf64f7312fa88ccb3e17130678747fc21ffc744514c23e900c071d06dabc5d,O2,"[""clang"",""-O2"",""-S"",""-emit-llvm"",""-Wno-everything"",""-I"",""<snapshot>/runtime/cgo"",""-I"",""<snapshot>"",""<snapshot>/runtime/cgo/gcc_stack_unix.c"",""-o"",""<temporary>/module.ll""]",clang -O2 -S -emit-llvm -Wno-everything -I '<snapshot>/runtime/cgo' -I '<snapshot>' '<snapshot>/runtime/cgo/gcc_stack_unix.c' -o '<temporary>/module.ll',0,0,e3b0c44298fc1c149afbf4c8996fb92427ae41e4649b934ca495991b7852b855,e3b0c44298fc1c149afbf4c8996fb92427ae41e4649b934ca495991b7852b855,,22,1,0,1,1,0,0,0,0
runtime/cgo/gcc_stack_windows.c,9d801831c3beee705cb63081563adfe078f16e93c80c3cf53919a44f4d8e7d06,O0,"[""clang"",""-O0"",""-S"",""-emit-llvm"",""-Wno-everything"",""-I"",""<snapshot>/runtime/cgo"",""-I"",""<snapshot>"",""<snapshot>/runtime/cgo/gcc_stack_windows.c"",""-o"",""<temporary>/module.ll""]",clang -O0 -S -emit-llvm -Wno-everything -I '<snapshot>/runtime/cgo' -I '<snapshot>' '<snapshot>/runtime/cgo/gcc_stack_windows.c' -o '<temporary>/module.ll',0,0,e3b0c44298fc1c149afbf4c8996fb92427ae41e4649b934ca495991b7852b855,e3b0c44298fc1c149afbf4c8996fb92427ae41e4649b934ca495991b7852b855,,3,0,0,0,0,0,0,0,0
runtime/cgo/gcc_stack_windows.c,9d801831c3beee705cb63081563adfe078f16e93c80c3cf53919a44f4d8e7d06,O1,"[""clang"",""-O1"",""-S"",""-emit-llvm"",""-Wno-everything"",""-I"",""<snapshot>/runtime/cgo"",""-I"",""<snapshot>"",""<snapshot>/runtime/cgo/gcc_stack_windows.c"",""-o"",""<temporary>/module.ll""]",clang -O1 -S -emit-llvm -Wno-everything -I '<snapshot>/runtime/cgo' -I '<snapshot>' '<snapshot>/runtime/cgo/gcc_stack_windows.c' -o '<temporary>/module.ll',0,0,e3b0c44298fc1c149afbf4c8996fb92427ae41e4649b934ca495991b7852b855,e3b0c44298fc1c149afbf4c8996fb92427ae41e4649b934ca495991b7852b855,,1,0,0,0,0,0,0,0,0
runtime/cgo/gcc_stack_windows.c,9d801831c3beee705cb63081563adfe078f16e93c80c3cf53919a44f4d8e7d06,O2,"[""clang"",""-O2"",""-S"",""-emit-llvm"",""-Wno-everything"",""-I"",""<snapshot>/runtime/cgo"",""-I"",""<snapshot>"",""<snapshot>/runtime/cgo/gcc_stack_windows.c"",""-o"",""<temporary>/module.ll""]",clang -O2 -S -emit-llvm -Wno-everything -I '<snapshot>/runtime/cgo' -I '<snapshot>' '<snapshot>/runtime/cgo/gcc_stack_windows.c' -o '<temporary>/module.ll',0,0,e3b0c44298fc1c149afbf4c8996fb92427ae41e4649b934ca495991b7852b855,e3b0c44298fc1c149afbf4c8996fb92427ae41e4649b934ca495991b7852b855,,1,0,0,0,0,0,0,0,0
runtime/cgo/gcc_traceback.c,1a51727ac7da836a98eb4987c897a1e1f7c73922c0de1a74b93add8ec0ddece7,O0,"[""clang"",""-O0"",""-S"",""-emit-llvm"",""-Wno-everything"",""-I"",""<snapshot>/runtime/cgo"",""-I"",""<snapshot>"",""<snapshot>/runtime/cgo/gcc_traceback.c"",""-o"",""<temporary>/module.ll""]",clang -O0 -S -emit-llvm -Wno-everything -I '<snapshot>/runtime/cgo' -I '<snapshot>' '<snapshot>/runtime/cgo/gcc_traceback.c' -o '<temporary>/module.ll',0,0,e3b0c44298fc1c149afbf4c8996fb92427ae41e4649b934ca495991b7852b855,e3b0c44298fc1c149afbf4c8996fb92427ae41e4649b934ca495991b7852b855,,32,0,0,1,1,0,0,0,0
runtime/cgo/gcc_traceback.c,1a51727ac7da836a98eb4987c897a1e1f7c73922c0de1a74b93add8ec0ddece7,O1,"[""clang"",""-O1"",""-S"",""-emit-llvm"",""-Wno-everything"",""-I"",""<snapshot>/runtime/cgo"",""-I"",""<snapshot>"",""<snapshot>/runtime/cgo/gcc_traceback.c"",""-o"",""<temporary>/module.ll""]",clang -O1 -S -emit-llvm -Wno-everything -I '<snapshot>/runtime/cgo' -I '<snapshot>' '<snapshot>/runtime/cgo/gcc_traceback.c' -o '<temporary>/module.ll',0,0,e3b0c44298fc1c149afbf4c8996fb92427ae41e4649b934ca495991b7852b855,e3b0c44298fc1c149afbf4c8996fb92427ae41e4649b934ca495991b7852b855,,14,0,0,1,1,0,0,0,0
runtime/cgo/gcc_traceback.c,1a51727ac7da836a98eb4987c897a1e1f7c73922c0de1a74b93add8ec0ddece7,O2,"[""clang"",""-O2"",""-S"",""-emit-llvm"",""-Wno-everything"",""-I"",""<snapshot>/runtime/cgo"",""-I"",""<snapshot>"",""<snapshot>/runtime/cgo/gcc_traceback.c"",""-o"",""<temporary>/module.ll""]",clang -O2 -S -emit-llvm -Wno-everything -I '<snapshot>/runtime/cgo' -I '<snapshot>' '<snapshot>/runtime/cgo/gcc_traceback.c' -o '<temporary>/module.ll',0,0,e3b0c44298fc1c149afbf4c8996fb92427ae41e4649b934ca495991b7852b855,e3b0c44298fc1c149afbf4c8996fb92427ae41e4649b934ca495991b7852b855,,14,0,0,1,1,0,0,0,0
runtime/cgo/gcc_util.c,04d353f36b280597753a7c4a013d4b19b906227775f4ba7b2c54ec297ecfb504,O0,"[""clang"",""-O0"",""-S"",""-emit-llvm"",""-Wno-everything"",""-I"",""<snapshot>/runtime/cgo"",""-I"",""<snapshot>"",""<snapshot>/runtime/cgo/gcc_util.c"",""-o"",""<temporary>/module.ll""]",clang -O0 -S -emit-llvm -Wno-everything -I '<snapshot>/runtime/cgo' -I '<snapshot>' '<snapshot>/runtime/cgo/gcc_util.c' -o '<temporary>/module.ll',0,0,e3b0c44298fc1c149afbf4c8996fb92427ae41e4649b934ca495991b7852b855,e3b0c44298fc1c149afbf4c8996fb92427ae41e4649b934ca495991b7852b855,,18,0,0,0,0,0,0,0,0
runtime/cgo/gcc_util.c,04d353f36b280597753a7c4a013d4b19b906227775f4ba7b2c54ec297ecfb504,O1,"[""clang"",""-O1"",""-S"",""-emit-llvm"",""-Wno-everything"",""-I"",""<snapshot>/runtime/cgo"",""-I"",""<snapshot>"",""<snapshot>/runtime/cgo/gcc_util.c"",""-o"",""<temporary>/module.ll""]",clang -O1 -S -emit-llvm -Wno-everything -I '<snapshot>/runtime/cgo' -I '<snapshot>' '<snapshot>/runtime/cgo/gcc_util.c' -o '<temporary>/module.ll',0,0,e3b0c44298fc1c149afbf4c8996fb92427ae41e4649b934ca495991b7852b855,e3b0c44298fc1c149afbf4c8996fb92427ae41e4649b934ca495991b7852b855,,13,0,0,0,0,0,0,0,0
runtime/cgo/gcc_util.c,04d353f36b280597753a7c4a013d4b19b906227775f4ba7b2c54ec297ecfb504,O2,"[""clang"",""-O2"",""-S"",""-emit-llvm"",""-Wno-everything"",""-I"",""<snapshot>/runtime/cgo"",""-I"",""<snapshot>"",""<snapshot>/runtime/cgo/gcc_util.c"",""-o"",""<temporary>/module.ll""]",clang -O2 -S -emit-llvm -Wno-everything -I '<snapshot>/runtime/cgo' -I '<snapshot>' '<snapshot>/runtime/cgo/gcc_util.c' -o '<temporary>/module.ll',0,0,e3b0c44298fc1c149afbf4c8996fb92427ae41e4649b934ca495991b7852b855,e3b0c44298fc1c149afbf4c8996fb92427ae41e4649b934ca495991b7852b855,,13,0,0,0,0,0,0,0,0
runtime/cgo/gcc_windows_386.c,f148858e61a6312b17d131151a8978faccf71ed5a68d721c7af4c64e8d6c75df,O0,"[""clang"",""-O0"",""-S"",""-emit-llvm"",""-Wno-everything"",""-I"",""<snapshot>/runtime/cgo"",""-I"",""<snapshot>"",""<snapshot>/runtime/cgo/gcc_windows_386.c"",""-o"",""<temporary>/module.ll""]",clang -O0 -S -emit-llvm -Wno-everything -I '<snapshot>/runtime/cgo' -I '<snapshot>' '<snapshot>/runtime/cgo/gcc_windows_386.c' -o '<temporary>/module.ll',1,0,e3b0c44298fc1c149afbf4c8996fb92427ae41e4649b934ca495991b7852b855,85f6765d947716c5b15a902004bd68de7e58aa4c609e14a49d4114f993124899,"<snapshot>/runtime/cgo/gcc_windows_386.c:6:10: fatal error: 'windows.h' file not found
    6 | #include <windows.h>
      |          ^~~~~~~~~~~
1 error generated.",0,0,0,0,0,0,0,0,0
runtime/cgo/gcc_windows_386.c,f148858e61a6312b17d131151a8978faccf71ed5a68d721c7af4c64e8d6c75df,O1,"[""clang"",""-O1"",""-S"",""-emit-llvm"",""-Wno-everything"",""-I"",""<snapshot>/runtime/cgo"",""-I"",""<snapshot>"",""<snapshot>/runtime/cgo/gcc_windows_386.c"",""-o"",""<temporary>/module.ll""]",clang -O1 -S -emit-llvm -Wno-everything -I '<snapshot>/runtime/cgo' -I '<snapshot>' '<snapshot>/runtime/cgo/gcc_windows_386.c' -o '<temporary>/module.ll',1,0,e3b0c44298fc1c149afbf4c8996fb92427ae41e4649b934ca495991b7852b855,85f6765d947716c5b15a902004bd68de7e58aa4c609e14a49d4114f993124899,"<snapshot>/runtime/cgo/gcc_windows_386.c:6:10: fatal error: 'windows.h' file not found
    6 | #include <windows.h>
      |          ^~~~~~~~~~~
1 error generated.",0,0,0,0,0,0,0,0,0
runtime/cgo/gcc_windows_386.c,f148858e61a6312b17d131151a8978faccf71ed5a68d721c7af4c64e8d6c75df,O2,"[""clang"",""-O2"",""-S"",""-emit-llvm"",""-Wno-everything"",""-I"",""<snapshot>/runtime/cgo"",""-I"",""<snapshot>"",""<snapshot>/runtime/cgo/gcc_windows_386.c"",""-o"",""<temporary>/module.ll""]",clang -O2 -S -emit-llvm -Wno-everything -I '<snapshot>/runtime/cgo' -I '<snapshot>' '<snapshot>/runtime/cgo/gcc_windows_386.c' -o '<temporary>/module.ll',1,0,e3b0c44298fc1c149afbf4c8996fb92427ae41e4649b934ca495991b7852b855,85f6765d947716c5b15a902004bd68de7e58aa4c609e14a49d4114f993124899,"<snapshot>/runtime/cgo/gcc_windows_386.c:6:10: fatal error: 'windows.h' file not found
    6 | #include <windows.h>
      |          ^~~~~~~~~~~
1 error generated.",0,0,0,0,0,0,0,0,0
runtime/cgo/gcc_windows_amd64.c,aab420ac071dff89cd7e1f551c310700d33834b4fbcb3cd15ae3d71ab610ad9a,O0,"[""clang"",""-O0"",""-S"",""-emit-llvm"",""-Wno-everything"",""-I"",""<snapshot>/runtime/cgo"",""-I"",""<snapshot>"",""<snapshot>/runtime/cgo/gcc_windows_amd64.c"",""-o"",""<temporary>/module.ll""]",clang -O0 -S -emit-llvm -Wno-everything -I '<snapshot>/runtime/cgo' -I '<snapshot>' '<snapshot>/runtime/cgo/gcc_windows_amd64.c' -o '<temporary>/module.ll',1,0,e3b0c44298fc1c149afbf4c8996fb92427ae41e4649b934ca495991b7852b855,b863f4867dbe68080f273acf7f6db3b710ede43b43b82ece075e0fa647594c3f,"<snapshot>/runtime/cgo/gcc_windows_amd64.c:6:10: fatal error: 'windows.h' file not found
    6 | #include <windows.h>
      |          ^~~~~~~~~~~
1 error generated.",0,0,0,0,0,0,0,0,0
runtime/cgo/gcc_windows_amd64.c,aab420ac071dff89cd7e1f551c310700d33834b4fbcb3cd15ae3d71ab610ad9a,O1,"[""clang"",""-O1"",""-S"",""-emit-llvm"",""-Wno-everything"",""-I"",""<snapshot>/runtime/cgo"",""-I"",""<snapshot>"",""<snapshot>/runtime/cgo/gcc_windows_amd64.c"",""-o"",""<temporary>/module.ll""]",clang -O1 -S -emit-llvm -Wno-everything -I '<snapshot>/runtime/cgo' -I '<snapshot>' '<snapshot>/runtime/cgo/gcc_windows_amd64.c' -o '<temporary>/module.ll',1,0,e3b0c44298fc1c149afbf4c8996fb92427ae41e4649b934ca495991b7852b855,b863f4867dbe68080f273acf7f6db3b710ede43b43b82ece075e0fa647594c3f,"<snapshot>/runtime/cgo/gcc_windows_amd64.c:6:10: fatal error: 'windows.h' file not found
    6 | #include <windows.h>
      |          ^~~~~~~~~~~
1 error generated.",0,0,0,0,0,0,0,0,0
runtime/cgo/gcc_windows_amd64.c,aab420ac071dff89cd7e1f551c310700d33834b4fbcb3cd15ae3d71ab610ad9a,O2,"[""clang"",""-O2"",""-S"",""-emit-llvm"",""-Wno-everything"",""-I"",""<snapshot>/runtime/cgo"",""-I"",""<snapshot>"",""<snapshot>/runtime/cgo/gcc_windows_amd64.c"",""-o"",""<temporary>/module.ll""]",clang -O2 -S -emit-llvm -Wno-everything -I '<snapshot>/runtime/cgo' -I '<snapshot>' '<snapshot>/runtime/cgo/gcc_windows_amd64.c' -o '<temporary>/module.ll',1,0,e3b0c44298fc1c149afbf4c8996fb92427ae41e4649b934ca495991b7852b855,b863f4867dbe68080f273acf7f6db3b710ede43b43b82ece075e0fa647594c3f,"<snapshot>/runtime/cgo/gcc_windows_amd64.c:6:10: fatal error: 'windows.h' file not found
    6 | #include <windows.h>
      |          ^~~~~~~~~~~
1 error generated.",0,0,0,0,0,0,0,0,0
runtime/cgo/gcc_windows_arm64.c,5a8259d5bfabb3c6b35d6dc83fb8721f807bc73e0431933ea6cfbd58293d3d87,O0,"[""clang"",""-O0"",""-S"",""-emit-llvm"",""-Wno-everything"",""-I"",""<snapshot>/runtime/cgo"",""-I"",""<snapshot>"",""<snapshot>/runtime/cgo/gcc_windows_arm64.c"",""-o"",""<temporary>/module.ll""]",clang -O0 -S -emit-llvm -Wno-everything -I '<snapshot>/runtime/cgo' -I '<snapshot>' '<snapshot>/runtime/cgo/gcc_windows_arm64.c' -o '<temporary>/module.ll',1,0,e3b0c44298fc1c149afbf4c8996fb92427ae41e4649b934ca495991b7852b855,df7ccf0d26560a658802fff084c613d54bb905b0fb12bb267e52531c9155a3a6,"<snapshot>/runtime/cgo/gcc_windows_arm64.c:6:10: fatal error: 'windows.h' file not found
    6 | #include <windows.h>
      |          ^~~~~~~~~~~
1 error generated.",0,0,0,0,0,0,0,0,0
runtime/cgo/gcc_windows_arm64.c,5a8259d5bfabb3c6b35d6dc83fb8721f807bc73e0431933ea6cfbd58293d3d87,O1,"[""clang"",""-O1"",""-S"",""-emit-llvm"",""-Wno-everything"",""-I"",""<snapshot>/runtime/cgo"",""-I"",""<snapshot>"",""<snapshot>/runtime/cgo/gcc_windows_arm64.c"",""-o"",""<temporary>/module.ll""]",clang -O1 -S -emit-llvm -Wno-everything -I '<snapshot>/runtime/cgo' -I '<snapshot>' '<snapshot>/runtime/cgo/gcc_windows_arm64.c' -o '<temporary>/module.ll',1,0,e3b0c44298fc1c149afbf4c8996fb92427ae41e4649b934ca495991b7852b855,df7ccf0d26560a658802fff084c613d54bb905b0fb12bb267e52531c9155a3a6,"<snapshot>/runtime/cgo/gcc_windows_arm64.c:6:10: fatal error: 'windows.h' file not found
    6 | #include <windows.h>
      |          ^~~~~~~~~~~
1 error generated.",0,0,0,0,0,0,0,0,0
runtime/cgo/gcc_windows_arm64.c,5a8259d5bfabb3c6b35d6dc83fb8721f807bc73e0431933ea6cfbd58293d3d87,O2,"[""clang"",""-O2"",""-S"",""-emit-llvm"",""-Wno-everything"",""-I"",""<snapshot>/runtime/cgo"",""-I"",""<snapshot>"",""<snapshot>/runtime/cgo/gcc_windows_arm64.c"",""-o"",""<temporary>/module.ll""]",clang -O2 -S -emit-llvm -Wno-everything -I '<snapshot>/runtime/cgo' -I '<snapshot>' '<snapshot>/runtime/cgo/gcc_windows_arm64.c' -o '<temporary>/module.ll',1,0,e3b0c44298fc1c149afbf4c8996fb92427ae41e4649b934ca495991b7852b855,df7ccf0d26560a658802fff084c613d54bb905b0fb12bb267e52531c9155a3a6,"<snapshot>/runtime/cgo/gcc_windows_arm64.c:6:10: fatal error: 'windows.h' file not found
    6 | #include <windows.h>
      |          ^~~~~~~~~~~
1 error generated.",0,0,0,0,0,0,0,0,0
runtime/cgo/linux_syscall.c,fb53e53bc37d5ba8f8df641e4f6e0abd705e3eae7815ccc87f55911d20c36133,O0,"[""clang"",""-O0"",""-S"",""-emit-llvm"",""-Wno-everything"",""-I"",""<snapshot>/runtime/cgo"",""-I"",""<snapshot>"",""<snapshot>/runtime/cgo/linux_syscall.c"",""-o"",""<temporary>/module.ll""]",clang -O0 -S -emit-llvm -Wno-everything -I '<snapshot>/runtime/cgo' -I '<snapshot>' '<snapshot>/runtime/cgo/linux_syscall.c' -o '<temporary>/module.ll',0,0,e3b0c44298fc1c149afbf4c8996fb92427ae41e4649b934ca495991b7852b855,e3b0c44298fc1c149afbf4c8996fb92427ae41e4649b934ca495991b7852b855,,293,9,0,0,9,5,5,0,0
runtime/cgo/linux_syscall.c,fb53e53bc37d5ba8f8df641e4f6e0abd705e3eae7815ccc87f55911d20c36133,O1,"[""clang"",""-O1"",""-S"",""-emit-llvm"",""-Wno-everything"",""-I"",""<snapshot>/runtime/cgo"",""-I"",""<snapshot>"",""<snapshot>/runtime/cgo/linux_syscall.c"",""-o"",""<temporary>/module.ll""]",clang -O1 -S -emit-llvm -Wno-everything -I '<snapshot>/runtime/cgo' -I '<snapshot>' '<snapshot>/runtime/cgo/linux_syscall.c' -o '<temporary>/module.ll',0,0,e3b0c44298fc1c149afbf4c8996fb92427ae41e4649b934ca495991b7852b855,e3b0c44298fc1c149afbf4c8996fb92427ae41e4649b934ca495991b7852b855,,146,9,0,15,24,19,5,0,11
runtime/cgo/linux_syscall.c,fb53e53bc37d5ba8f8df641e4f6e0abd705e3eae7815ccc87f55911d20c36133,O2,"[""clang"",""-O2"",""-S"",""-emit-llvm"",""-Wno-everything"",""-I"",""<snapshot>/runtime/cgo"",""-I"",""<snapshot>"",""<snapshot>/runtime/cgo/linux_syscall.c"",""-o"",""<temporary>/module.ll""]",clang -O2 -S -emit-llvm -Wno-everything -I '<snapshot>/runtime/cgo' -I '<snapshot>' '<snapshot>/runtime/cgo/linux_syscall.c' -o '<temporary>/module.ll',0,0,e3b0c44298fc1c149afbf4c8996fb92427ae41e4649b934ca495991b7852b855,e3b0c44298fc1c149afbf4c8996fb92427ae41e4649b934ca495991b7852b855,,146,9,0,15,24,19,5,0,11
runtime/testdata/testprogcgo/aprof_c.c,4876b147dfe0849b604740a771126504816e52910612a3f9626dc81405de27bc,O0,"[""clang"",""-O0"",""-S"",""-emit-llvm"",""-Wno-everything"",""-I"",""<snapshot>/runtime/testdata/testprogcgo"",""-I"",""<snapshot>"",""<snapshot>/runtime/testdata/testprogcgo/aprof_c.c"",""-o"",""<temporary>/module.ll""]",clang -O0 -S -emit-llvm -Wno-everything -I '<snapshot>/runtime/testdata/testprogcgo' -I '<snapshot>' '<snapshot>/runtime/testdata/testprogcgo/aprof_c.c' -o '<temporary>/module.ll',1,0,e3b0c44298fc1c149afbf4c8996fb92427ae41e4649b934ca495991b7852b855,882dd63b4d08025d097a170bdccfde222cbe5781cdee2ecd6ceff510c55dc828,"<snapshot>/runtime/testdata/testprogcgo/aprof_c.c:5:10: fatal error: '_cgo_export.h' file not found
    5 | #include ""_cgo_export.h""
      |          ^~~~~~~~~~~~~~~
1 error generated.",0,0,0,0,0,0,0,0,0
runtime/testdata/testprogcgo/aprof_c.c,4876b147dfe0849b604740a771126504816e52910612a3f9626dc81405de27bc,O1,"[""clang"",""-O1"",""-S"",""-emit-llvm"",""-Wno-everything"",""-I"",""<snapshot>/runtime/testdata/testprogcgo"",""-I"",""<snapshot>"",""<snapshot>/runtime/testdata/testprogcgo/aprof_c.c"",""-o"",""<temporary>/module.ll""]",clang -O1 -S -emit-llvm -Wno-everything -I '<snapshot>/runtime/testdata/testprogcgo' -I '<snapshot>' '<snapshot>/runtime/testdata/testprogcgo/aprof_c.c' -o '<temporary>/module.ll',1,0,e3b0c44298fc1c149afbf4c8996fb92427ae41e4649b934ca495991b7852b855,882dd63b4d08025d097a170bdccfde222cbe5781cdee2ecd6ceff510c55dc828,"<snapshot>/runtime/testdata/testprogcgo/aprof_c.c:5:10: fatal error: '_cgo_export.h' file not found
    5 | #include ""_cgo_export.h""
      |          ^~~~~~~~~~~~~~~
1 error generated.",0,0,0,0,0,0,0,0,0
runtime/testdata/testprogcgo/aprof_c.c,4876b147dfe0849b604740a771126504816e52910612a3f9626dc81405de27bc,O2,"[""clang"",""-O2"",""-S"",""-emit-llvm"",""-Wno-everything"",""-I"",""<snapshot>/runtime/testdata/testprogcgo"",""-I"",""<snapshot>"",""<snapshot>/runtime/testdata/testprogcgo/aprof_c.c"",""-o"",""<temporary>/module.ll""]",clang -O2 -S -emit-llvm -Wno-everything -I '<snapshot>/runtime/testdata/testprogcgo' -I '<snapshot>' '<snapshot>/runtime/testdata/testprogcgo/aprof_c.c' -o '<temporary>/module.ll',1,0,e3b0c44298fc1c149afbf4c8996fb92427ae41e4649b934ca495991b7852b855,882dd63b4d08025d097a170bdccfde222cbe5781cdee2ecd6ceff510c55dc828,"<snapshot>/runtime/testdata/testprogcgo/aprof_c.c:5:10: fatal error: '_cgo_export.h' file not found
    5 | #include ""_cgo_export.h""
      |          ^~~~~~~~~~~~~~~
1 error generated.",0,0,0,0,0,0,0,0,0
runtime/testdata/testprogcgo/bigstack1_windows.c,41c849a0fbdb2a9f35d4bc78b54fe76d15b16b29b3fc716012c4d85008a5a64c,O0,"[""clang"",""-O0"",""-S"",""-emit-llvm"",""-Wno-everything"",""-I"",""<snapshot>/runtime/testdata/testprogcgo"",""-I"",""<snapshot>"",""<snapshot>/runtime/testdata/testprogcgo/bigstack1_windows.c"",""-o"",""<temporary>/module.ll""]",clang -O0 -S -emit-llvm -Wno-everything -I '<snapshot>/runtime/testdata/testprogcgo' -I '<snapshot>' '<snapshot>/runtime/testdata/testprogcgo/bigstack1_windows.c' -o '<temporary>/module.ll',1,0,e3b0c44298fc1c149afbf4c8996fb92427ae41e4649b934ca495991b7852b855,03304d74d7b599833214f555fffc87ab1b491aeffcefaa33014edd866dd30033,"<snapshot>/runtime/testdata/testprogcgo/bigstack1_windows.c:8:10: fatal error: '_cgo_export.h' file not found
    8 | #include ""_cgo_export.h""
      |          ^~~~~~~~~~~~~~~
1 error generated.",0,0,0,0,0,0,0,0,0
runtime/testdata/testprogcgo/bigstack1_windows.c,41c849a0fbdb2a9f35d4bc78b54fe76d15b16b29b3fc716012c4d85008a5a64c,O1,"[""clang"",""-O1"",""-S"",""-emit-llvm"",""-Wno-everything"",""-I"",""<snapshot>/runtime/testdata/testprogcgo"",""-I"",""<snapshot>"",""<snapshot>/runtime/testdata/testprogcgo/bigstack1_windows.c"",""-o"",""<temporary>/module.ll""]",clang -O1 -S -emit-llvm -Wno-everything -I '<snapshot>/runtime/testdata/testprogcgo' -I '<snapshot>' '<snapshot>/runtime/testdata/testprogcgo/bigstack1_windows.c' -o '<temporary>/module.ll',1,0,e3b0c44298fc1c149afbf4c8996fb92427ae41e4649b934ca495991b7852b855,03304d74d7b599833214f555fffc87ab1b491aeffcefaa33014edd866dd30033,"<snapshot>/runtime/testdata/testprogcgo/bigstack1_windows.c:8:10: fatal error: '_cgo_export.h' file not found
    8 | #include ""_cgo_export.h""
      |          ^~~~~~~~~~~~~~~
1 error generated.",0,0,0,0,0,0,0,0,0
runtime/testdata/testprogcgo/bigstack1_windows.c,41c849a0fbdb2a9f35d4bc78b54fe76d15b16b29b3fc716012c4d85008a5a64c,O2,"[""clang"",""-O2"",""-S"",""-emit-llvm"",""-Wno-everything"",""-I"",""<snapshot>/runtime/testdata/testprogcgo"",""-I"",""<snapshot>"",""<snapshot>/runtime/testdata/testprogcgo/bigstack1_windows.c"",""-o"",""<temporary>/module.ll""]",clang -O2 -S -emit-llvm -Wno-everything -I '<snapshot>/runtime/testdata/testprogcgo' -I '<snapshot>' '<snapshot>/runtime/testdata/testprogcgo/bigstack1_windows.c' -o '<temporary>/module.ll',1,0,e3b0c44298fc1c149afbf4c8996fb92427ae41e4649b934ca495991b7852b855,03304d74d7b599833214f555fffc87ab1b491aeffcefaa33014edd866dd30033,"<snapshot>/runtime/testdata/testprogcgo/bigstack1_windows.c:8:10: fatal error: '_cgo_export.h' file not found
    8 | #include ""_cgo_export.h""
      |          ^~~~~~~~~~~~~~~
1 error generated.",0,0,0,0,0,0,0,0,0
runtime/testdata/testprogcgo/bigstack_windows.c,afe025afadf11bd48b967fe9405520296e04c98a5773a0b0095349ecad889b46,O0,"[""clang"",""-O0"",""-S"",""-emit-llvm"",""-Wno-everything"",""-I"",""<snapshot>/runtime/testdata/testprogcgo"",""-I"",""<snapshot>"",""<snapshot>/runtime/testdata/testprogcgo/bigstack_windows.c"",""-o"",""<temporary>/module.ll""]",clang -O0 -S -emit-llvm -Wno-everything -I '<snapshot>/runtime/testdata/testprogcgo' -I '<snapshot>' '<snapshot>/runtime/testdata/testprogcgo/bigstack_windows.c' -o '<temporary>/module.ll',1,0,e3b0c44298fc1c149afbf4c8996fb92427ae41e4649b934ca495991b7852b855,6e175f94b989bfbce05be8673d32456529a481cbe9d5592f414ab4a3c38b6634,"<snapshot>/runtime/testdata/testprogcgo/bigstack_windows.c:9:10: fatal error: 'windows.h' file not found
    9 | #include <windows.h>
      |          ^~~~~~~~~~~
1 error generated.",0,0,0,0,0,0,0,0,0
runtime/testdata/testprogcgo/bigstack_windows.c,afe025afadf11bd48b967fe9405520296e04c98a5773a0b0095349ecad889b46,O1,"[""clang"",""-O1"",""-S"",""-emit-llvm"",""-Wno-everything"",""-I"",""<snapshot>/runtime/testdata/testprogcgo"",""-I"",""<snapshot>"",""<snapshot>/runtime/testdata/testprogcgo/bigstack_windows.c"",""-o"",""<temporary>/module.ll""]",clang -O1 -S -emit-llvm -Wno-everything -I '<snapshot>/runtime/testdata/testprogcgo' -I '<snapshot>' '<snapshot>/runtime/testdata/testprogcgo/bigstack_windows.c' -o '<temporary>/module.ll',1,0,e3b0c44298fc1c149afbf4c8996fb92427ae41e4649b934ca495991b7852b855,6e175f94b989bfbce05be8673d32456529a481cbe9d5592f414ab4a3c38b6634,"<snapshot>/runtime/testdata/testprogcgo/bigstack_windows.c:9:10: fatal error: 'windows.h' file not found
    9 | #include <windows.h>
      |          ^~~~~~~~~~~
1 error generated.",0,0,0,0,0,0,0,0,0
runtime/testdata/testprogcgo/bigstack_windows.c,afe025afadf11bd48b967fe9405520296e04c98a5773a0b0095349ecad889b46,O2,"[""clang"",""-O2"",""-S"",""-emit-llvm"",""-Wno-everything"",""-I"",""<snapshot>/runtime/testdata/testprogcgo"",""-I"",""<snapshot>"",""<snapshot>/runtime/testdata/testprogcgo/bigstack_windows.c"",""-o"",""<temporary>/module.ll""]",clang -O2 -S -emit-llvm -Wno-everything -I '<snapshot>/runtime/testdata/testprogcgo' -I '<snapshot>' '<snapshot>/runtime/testdata/testprogcgo/bigstack_windows.c' -o '<temporary>/module.ll',1,0,e3b0c44298fc1c149afbf4c8996fb92427ae41e4649b934ca495991b7852b855,6e175f94b989bfbce05be8673d32456529a481cbe9d5592f414ab4a3c38b6634,"<snapshot>/runtime/testdata/testprogcgo/bigstack_windows.c:9:10: fatal error: 'windows.h' file not found
    9 | #include <windows.h>
      |          ^~~~~~~~~~~
1 error generated.",0,0,0,0,0,0,0,0,0
runtime/testdata/testprogcgo/bindm.c,904093a37c7fc6932e3933246a98f2fedac90565e05691f885368f82d5dc4ab5,O0,"[""clang"",""-O0"",""-S"",""-emit-llvm"",""-Wno-everything"",""-I"",""<snapshot>/runtime/testdata/testprogcgo"",""-I"",""<snapshot>"",""<snapshot>/runtime/testdata/testprogcgo/bindm.c"",""-o"",""<temporary>/module.ll""]",clang -O0 -S -emit-llvm -Wno-everything -I '<snapshot>/runtime/testdata/testprogcgo' -I '<snapshot>' '<snapshot>/runtime/testdata/testprogcgo/bindm.c' -o '<temporary>/module.ll',1,0,e3b0c44298fc1c149afbf4c8996fb92427ae41e4649b934ca495991b7852b855,80396917d14c4d99daf7c6646fe9e5d238c83596617fe908913c5268d65e0bb4,"<snapshot>/runtime/testdata/testprogcgo/bindm.c:10:10: fatal error: '_cgo_export.h' file not found
   10 | #include ""_cgo_export.h""
      |          ^~~~~~~~~~~~~~~
1 error generated.",0,0,0,0,0,0,0,0,0
runtime/testdata/testprogcgo/bindm.c,904093a37c7fc6932e3933246a98f2fedac90565e05691f885368f82d5dc4ab5,O1,"[""clang"",""-O1"",""-S"",""-emit-llvm"",""-Wno-everything"",""-I"",""<snapshot>/runtime/testdata/testprogcgo"",""-I"",""<snapshot>"",""<snapshot>/runtime/testdata/testprogcgo/bindm.c"",""-o"",""<temporary>/module.ll""]",clang -O1 -S -emit-llvm -Wno-everything -I '<snapshot>/runtime/testdata/testprogcgo' -I '<snapshot>' '<snapshot>/runtime/testdata/testprogcgo/bindm.c' -o '<temporary>/module.ll',1,0,e3b0c44298fc1c149afbf4c8996fb92427ae41e4649b934ca495991b7852b855,80396917d14c4d99daf7c6646fe9e5d238c83596617fe908913c5268d65e0bb4,"<snapshot>/runtime/testdata/testprogcgo/bindm.c:10:10: fatal error: '_cgo_export.h' file not found
   10 | #include ""_cgo_export.h""
      |          ^~~~~~~~~~~~~~~
1 error generated.",0,0,0,0,0,0,0,0,0
runtime/testdata/testprogcgo/bindm.c,904093a37c7fc6932e3933246a98f2fedac90565e05691f885368f82d5dc4ab5,O2,"[""clang"",""-O2"",""-S"",""-emit-llvm"",""-Wno-everything"",""-I"",""<snapshot>/runtime/testdata/testprogcgo"",""-I"",""<snapshot>"",""<snapshot>/runtime/testdata/testprogcgo/bindm.c"",""-o"",""<temporary>/module.ll""]",clang -O2 -S -emit-llvm -Wno-everything -I '<snapshot>/runtime/testdata/testprogcgo' -I '<snapshot>' '<snapshot>/runtime/testdata/testprogcgo/bindm.c' -o '<temporary>/module.ll',1,0,e3b0c44298fc1c149afbf4c8996fb92427ae41e4649b934ca495991b7852b855,80396917d14c4d99daf7c6646fe9e5d238c83596617fe908913c5268d65e0bb4,"<snapshot>/runtime/testdata/testprogcgo/bindm.c:10:10: fatal error: '_cgo_export.h' file not found
   10 | #include ""_cgo_export.h""
      |          ^~~~~~~~~~~~~~~
1 error generated.",0,0,0,0,0,0,0,0,0
runtime/testdata/testprogcgo/cgonocallback.c,763d9a56eaf604b10895f3a4a6ef0e93b6bfa269def33f2bba4511638db923d7,O0,"[""clang"",""-O0"",""-S"",""-emit-llvm"",""-Wno-everything"",""-I"",""<snapshot>/runtime/testdata/testprogcgo"",""-I"",""<snapshot>"",""<snapshot>/runtime/testdata/testprogcgo/cgonocallback.c"",""-o"",""<temporary>/module.ll""]",clang -O0 -S -emit-llvm -Wno-everything -I '<snapshot>/runtime/testdata/testprogcgo' -I '<snapshot>' '<snapshot>/runtime/testdata/testprogcgo/cgonocallback.c' -o '<temporary>/module.ll',1,0,e3b0c44298fc1c149afbf4c8996fb92427ae41e4649b934ca495991b7852b855,de451aa705f81661143aa12e703578f661ab9b2ae47f5c52471d522fa00d3f39,"<snapshot>/runtime/testdata/testprogcgo/cgonocallback.c:5:10: fatal error: '_cgo_export.h' file not found
    5 | #include ""_cgo_export.h""
      |          ^~~~~~~~~~~~~~~
1 error generated.",0,0,0,0,0,0,0,0,0
runtime/testdata/testprogcgo/cgonocallback.c,763d9a56eaf604b10895f3a4a6ef0e93b6bfa269def33f2bba4511638db923d7,O1,"[""clang"",""-O1"",""-S"",""-emit-llvm"",""-Wno-everything"",""-I"",""<snapshot>/runtime/testdata/testprogcgo"",""-I"",""<snapshot>"",""<snapshot>/runtime/testdata/testprogcgo/cgonocallback.c"",""-o"",""<temporary>/module.ll""]",clang -O1 -S -emit-llvm -Wno-everything -I '<snapshot>/runtime/testdata/testprogcgo' -I '<snapshot>' '<snapshot>/runtime/testdata/testprogcgo/cgonocallback.c' -o '<temporary>/module.ll',1,0,e3b0c44298fc1c149afbf4c8996fb92427ae41e4649b934ca495991b7852b855,de451aa705f81661143aa12e703578f661ab9b2ae47f5c52471d522fa00d3f39,"<snapshot>/runtime/testdata/testprogcgo/cgonocallback.c:5:10: fatal error: '_cgo_export.h' file not found
    5 | #include ""_cgo_export.h""
      |          ^~~~~~~~~~~~~~~
1 error generated.",0,0,0,0,0,0,0,0,0
runtime/testdata/testprogcgo/cgonocallback.c,763d9a56eaf604b10895f3a4a6ef0e93b6bfa269def33f2bba4511638db923d7,O2,"[""clang"",""-O2"",""-S"",""-emit-llvm"",""-Wno-everything"",""-I"",""<snapshot>/runtime/testdata/testprogcgo"",""-I"",""<snapshot>"",""<snapshot>/runtime/testdata/testprogcgo/cgonocallback.c"",""-o"",""<temporary>/module.ll""]",clang -O2 -S -emit-llvm -Wno-everything -I '<snapshot>/runtime/testdata/testprogcgo' -I '<snapshot>' '<snapshot>/runtime/testdata/testprogcgo/cgonocallback.c' -o '<temporary>/module.ll',1,0,e3b0c44298fc1c149afbf4c8996fb92427ae41e4649b934ca495991b7852b855,de451aa705f81661143aa12e703578f661ab9b2ae47f5c52471d522fa00d3f39,"<snapshot>/runtime/testdata/testprogcgo/cgonocallback.c:5:10: fatal error: '_cgo_export.h' file not found
    5 | #include ""_cgo_export.h""
      |          ^~~~~~~~~~~~~~~
1 error generated.",0,0,0,0,0,0,0,0,0
runtime/testdata/testprogcgo/destructor.c,3380aff1e3c05962df711d6990b186df7658f88a7049576fc7c8e2c287be412c,O0,"[""clang"",""-O0"",""-S"",""-emit-llvm"",""-Wno-everything"",""-I"",""<snapshot>/runtime/testdata/testprogcgo"",""-I"",""<snapshot>"",""<snapshot>/runtime/testdata/testprogcgo/destructor.c"",""-o"",""<temporary>/module.ll""]",clang -O0 -S -emit-llvm -Wno-everything -I '<snapshot>/runtime/testdata/testprogcgo' -I '<snapshot>' '<snapshot>/runtime/testdata/testprogcgo/destructor.c' -o '<temporary>/module.ll',1,0,e3b0c44298fc1c149afbf4c8996fb92427ae41e4649b934ca495991b7852b855,26e6ee99f503ef200761486cf1e69a428ce6100863c58562f5cf650a562a7be1,"<snapshot>/runtime/testdata/testprogcgo/destructor.c:5:10: fatal error: '_cgo_export.h' file not found
    5 | #include ""_cgo_export.h""
      |          ^~~~~~~~~~~~~~~
1 error generated.",0,0,0,0,0,0,0,0,0
runtime/testdata/testprogcgo/destructor.c,3380aff1e3c05962df711d6990b186df7658f88a7049576fc7c8e2c287be412c,O1,"[""clang"",""-O1"",""-S"",""-emit-llvm"",""-Wno-everything"",""-I"",""<snapshot>/runtime/testdata/testprogcgo"",""-I"",""<snapshot>"",""<snapshot>/runtime/testdata/testprogcgo/destructor.c"",""-o"",""<temporary>/module.ll""]",clang -O1 -S -emit-llvm -Wno-everything -I '<snapshot>/runtime/testdata/testprogcgo' -I '<snapshot>' '<snapshot>/runtime/testdata/testprogcgo/destructor.c' -o '<temporary>/module.ll',1,0,e3b0c44298fc1c149afbf4c8996fb92427ae41e4649b934ca495991b7852b855,26e6ee99f503ef200761486cf1e69a428ce6100863c58562f5cf650a562a7be1,"<snapshot>/runtime/testdata/testprogcgo/destructor.c:5:10: fatal error: '_cgo_export.h' file not found
    5 | #include ""_cgo_export.h""
      |          ^~~~~~~~~~~~~~~
1 error generated.",0,0,0,0,0,0,0,0,0
runtime/testdata/testprogcgo/destructor.c,3380aff1e3c05962df711d6990b186df7658f88a7049576fc7c8e2c287be412c,O2,"[""clang"",""-O2"",""-S"",""-emit-llvm"",""-Wno-everything"",""-I"",""<snapshot>/runtime/testdata/testprogcgo"",""-I"",""<snapshot>"",""<snapshot>/runtime/testdata/testprogcgo/destructor.c"",""-o"",""<temporary>/module.ll""]",clang -O2 -S -emit-llvm -Wno-everything -I '<snapshot>/runtime/testdata/testprogcgo' -I '<snapshot>' '<snapshot>/runtime/testdata/testprogcgo/destructor.c' -o '<temporary>/module.ll',1,0,e3b0c44298fc1c149afbf4c8996fb92427ae41e4649b934ca495991b7852b855,26e6ee99f503ef200761486cf1e69a428ce6100863c58562f5cf650a562a7be1,"<snapshot>/runtime/testdata/testprogcgo/destructor.c:5:10: fatal error: '_cgo_export.h' file not found
    5 | #include ""_cgo_export.h""
      |          ^~~~~~~~~~~~~~~
1 error generated.",0,0,0,0,0,0,0,0,0
runtime/testdata/testprogcgo/gprof_c.c,a0b3061fed5d345885a5ba68c70548afcae89bb13154632796c603b66dbaca26,O0,"[""clang"",""-O0"",""-S"",""-emit-llvm"",""-Wno-everything"",""-I"",""<snapshot>/runtime/testdata/testprogcgo"",""-I"",""<snapshot>"",""<snapshot>/runtime/testdata/testprogcgo/gprof_c.c"",""-o"",""<temporary>/module.ll""]",clang -O0 -S -emit-llvm -Wno-everything -I '<snapshot>/runtime/testdata/testprogcgo' -I '<snapshot>' '<snapshot>/runtime/testdata/testprogcgo/gprof_c.c' -o '<temporary>/module.ll',0,0,e3b0c44298fc1c149afbf4c8996fb92427ae41e4649b934ca495991b7852b855,e3b0c44298fc1c149afbf4c8996fb92427ae41e4649b934ca495991b7852b855,,22,1,0,0,1,0,0,0,0
runtime/testdata/testprogcgo/gprof_c.c,a0b3061fed5d345885a5ba68c70548afcae89bb13154632796c603b66dbaca26,O1,"[""clang"",""-O1"",""-S"",""-emit-llvm"",""-Wno-everything"",""-I"",""<snapshot>/runtime/testdata/testprogcgo"",""-I"",""<snapshot>"",""<snapshot>/runtime/testdata/testprogcgo/gprof_c.c"",""-o"",""<temporary>/module.ll""]",clang -O1 -S -emit-llvm -Wno-everything -I '<snapshot>/runtime/testdata/testprogcgo' -I '<snapshot>' '<snapshot>/runtime/testdata/testprogcgo/gprof_c.c' -o '<temporary>/module.ll',0,0,e3b0c44298fc1c149afbf4c8996fb92427ae41e4649b934ca495991b7852b855,e3b0c44298fc1c149afbf4c8996fb92427ae41e4649b934ca495991b7852b855,,18,1,0,0,1,0,0,0,0
runtime/testdata/testprogcgo/gprof_c.c,a0b3061fed5d345885a5ba68c70548afcae89bb13154632796c603b66dbaca26,O2,"[""clang"",""-O2"",""-S"",""-emit-llvm"",""-Wno-everything"",""-I"",""<snapshot>/runtime/testdata/testprogcgo"",""-I"",""<snapshot>"",""<snapshot>/runtime/testdata/testprogcgo/gprof_c.c"",""-o"",""<temporary>/module.ll""]",clang -O2 -S -emit-llvm -Wno-everything -I '<snapshot>/runtime/testdata/testprogcgo' -I '<snapshot>' '<snapshot>/runtime/testdata/testprogcgo/gprof_c.c' -o '<temporary>/module.ll',0,0,e3b0c44298fc1c149afbf4c8996fb92427ae41e4649b934ca495991b7852b855,e3b0c44298fc1c149afbf4c8996fb92427ae41e4649b934ca495991b7852b855,,18,1,0,0,1,0,0,0,0
runtime/testdata/testprogcgo/lockosthread.c,fad677ee1f247c3c55eecf9ef6d0924acb683d935f4a7cbc6c8f70b18bebf9f1,O0,"[""clang"",""-O0"",""-S"",""-emit-llvm"",""-Wno-everything"",""-I"",""<snapshot>/runtime/testdata/testprogcgo"",""-I"",""<snapshot>"",""<snapshot>/runtime/testdata/testprogcgo/lockosthread.c"",""-o"",""<temporary>/module.ll""]",clang -O0 -S -emit-llvm -Wno-everything -I '<snapshot>/runtime/testdata/testprogcgo' -I '<snapshot>' '<snapshot>/runtime/testdata/testprogcgo/lockosthread.c' -o '<temporary>/module.ll',0,0,e3b0c44298fc1c149afbf4c8996fb92427ae41e4649b934ca495991b7852b855,e3b0c44298fc1c149afbf4c8996fb92427ae41e4649b934ca495991b7852b855,,4,0,0,0,0,0,0,0,0
runtime/testdata/testprogcgo/lockosthread.c,fad677ee1f247c3c55eecf9ef6d0924acb683d935f4a7cbc6c8f70b18bebf9f1,O1,"[""clang"",""-O1"",""-S"",""-emit-llvm"",""-Wno-everything"",""-I"",""<snapshot>/runtime/testdata/testprogcgo"",""-I"",""<snapshot>"",""<snapshot>/runtime/testdata/testprogcgo/lockosthread.c"",""-o"",""<temporary>/module.ll""]",clang -O1 -S -emit-llvm -Wno-everything -I '<snapshot>/runtime/testdata/testprogcgo' -I '<snapshot>' '<snapshot>/runtime/testdata/testprogcgo/lockosthread.c' -o '<temporary>/module.ll',0,0,e3b0c44298fc1c149afbf4c8996fb92427ae41e4649b934ca495991b7852b855,e3b0c44298fc1c149afbf4c8996fb92427ae41e4649b934ca495991b7852b855,,2,0,0,0,0,0,0,0,0
runtime/testdata/testprogcgo/lockosthread.c,fad677ee1f247c3c55eecf9ef6d0924acb683d935f4a7cbc6c8f70b18bebf9f1,O2,"[""clang"",""-O2"",""-S"",""-emit-llvm"",""-Wno-everything"",""-I"",""<snapshot>/runtime/testdata/testprogcgo"",""-I"",""<snapshot>"",""<snapshot>/runtime/testdata/testprogcgo/lockosthread.c"",""-o"",""<temporary>/module.ll""]",clang -O2 -S -emit-llvm -Wno-everything -I '<snapshot>/runtime/testdata/testprogcgo' -I '<snapshot>' '<snapshot>/runtime/testdata/testprogcgo/lockosthread.c' -o '<temporary>/module.ll',0,0,e3b0c44298fc1c149afbf4c8996fb92427ae41e4649b934ca495991b7852b855,e3b0c44298fc1c149afbf4c8996fb92427ae41e4649b934ca495991b7852b855,,2,0,0,0,0,0,0,0,0
runtime/testdata/testprogcgo/panic.c,706eadd9ad2ab1349dd44dcf4d194a05111f6419ba115e8eb054ce293ed62e0d,O0,"[""clang"",""-O0"",""-S"",""-emit-llvm"",""-Wno-everything"",""-I"",""<snapshot>/runtime/testdata/testprogcgo"",""-I"",""<snapshot>"",""<snapshot>/runtime/testdata/testprogcgo/panic.c"",""-o"",""<temporary>/module.ll""]",clang -O0 -S -emit-llvm -Wno-everything -I '<snapshot>/runtime/testdata/testprogcgo' -I '<snapshot>' '<snapshot>/runtime/testdata/testprogcgo/panic.c' -o '<temporary>/module.ll',0,0,e3b0c44298fc1c149afbf4c8996fb92427ae41e4649b934ca495991b7852b855,e3b0c44298fc1c149afbf4c8996fb92427ae41e4649b934ca495991b7852b855,,2,0,0,0,0,0,0,0,0
runtime/testdata/testprogcgo/panic.c,706eadd9ad2ab1349dd44dcf4d194a05111f6419ba115e8eb054ce293ed62e0d,O1,"[""clang"",""-O1"",""-S"",""-emit-llvm"",""-Wno-everything"",""-I"",""<snapshot>/runtime/testdata/testprogcgo"",""-I"",""<snapshot>"",""<snapshot>/runtime/testdata/testprogcgo/panic.c"",""-o"",""<temporary>/module.ll""]",clang -O1 -S -emit-llvm -Wno-everything -I '<snapshot>/runtime/testdata/testprogcgo' -I '<snapshot>' '<snapshot>/runtime/testdata/testprogcgo/panic.c' -o '<temporary>/module.ll',0,0,e3b0c44298fc1c149afbf4c8996fb92427ae41e4649b934ca495991b7852b855,e3b0c44298fc1c149afbf4c8996fb92427ae41e4649b934ca495991b7852b855,,2,0,0,0,0,0,0,0,0
runtime/testdata/testprogcgo/panic.c,706eadd9ad2ab1349dd44dcf4d194a05111f6419ba115e8eb054ce293ed62e0d,O2,"[""clang"",""-O2"",""-S"",""-emit-llvm"",""-Wno-everything"",""-I"",""<snapshot>/runtime/testdata/testprogcgo"",""-I"",""<snapshot>"",""<snapshot>/runtime/testdata/testprogcgo/panic.c"",""-o"",""<temporary>/module.ll""]",clang -O2 -S -emit-llvm -Wno-everything -I '<snapshot>/runtime/testdata/testprogcgo' -I '<snapshot>' '<snapshot>/runtime/testdata/testprogcgo/panic.c' -o '<temporary>/module.ll',0,0,e3b0c44298fc1c149afbf4c8996fb92427ae41e4649b934ca495991b7852b855,e3b0c44298fc1c149afbf4c8996fb92427ae41e4649b934ca495991b7852b855,,2,0,0,0,0,0,0,0,0
runtime/testdata/testprogcgo/stackswitch.c,e57107de4cdb787c258526f4bd15c7fea0f925e6324234043f5990a428944849,O0,"[""clang"",""-O0"",""-S"",""-emit-llvm"",""-Wno-everything"",""-I"",""<snapshot>/runtime/testdata/testprogcgo"",""-I"",""<snapshot>"",""<snapshot>/runtime/testdata/testprogcgo/stackswitch.c"",""-o"",""<temporary>/module.ll""]",clang -O0 -S -emit-llvm -Wno-everything -I '<snapshot>/runtime/testdata/testprogcgo' -I '<snapshot>' '<snapshot>/runtime/testdata/testprogcgo/stackswitch.c' -o '<temporary>/module.ll',0,0,e3b0c44298fc1c149afbf4c8996fb92427ae41e4649b934ca495991b7852b855,e3b0c44298fc1c149afbf4c8996fb92427ae41e4649b934ca495991b7852b855,,117,10,0,0,10,6,6,0,0
runtime/testdata/testprogcgo/stackswitch.c,e57107de4cdb787c258526f4bd15c7fea0f925e6324234043f5990a428944849,O1,"[""clang"",""-O1"",""-S"",""-emit-llvm"",""-Wno-everything"",""-I"",""<snapshot>/runtime/testdata/testprogcgo"",""-I"",""<snapshot>"",""<snapshot>/runtime/testdata/testprogcgo/stackswitch.c"",""-o"",""<temporary>/module.ll""]",clang -O1 -S -emit-llvm -Wno-everything -I '<snapshot>/runtime/testdata/testprogcgo' -I '<snapshot>' '<snapshot>/runtime/testdata/testprogcgo/stackswitch.c' -o '<temporary>/module.ll',0,0,e3b0c44298fc1c149afbf4c8996fb92427ae41e4649b934ca495991b7852b855,e3b0c44298fc1c149afbf4c8996fb92427ae41e4649b934ca495991b7852b855,,124,10,0,0,10,6,6,0,0
runtime/testdata/testprogcgo/stackswitch.c,e57107de4cdb787c258526f4bd15c7fea0f925e6324234043f5990a428944849,O2,"[""clang"",""-O2"",""-S"",""-emit-llvm"",""-Wno-everything"",""-I"",""<snapshot>/runtime/testdata/testprogcgo"",""-I"",""<snapshot>"",""<snapshot>/runtime/testdata/testprogcgo/stackswitch.c"",""-o"",""<temporary>/module.ll""]",clang -O2 -S -emit-llvm -Wno-everything -I '<snapshot>/runtime/testdata/testprogcgo' -I '<snapshot>' '<snapshot>/runtime/testdata/testprogcgo/stackswitch.c' -o '<temporary>/module.ll',0,0,e3b0c44298fc1c149afbf4c8996fb92427ae41e4649b934ca495991b7852b855,e3b0c44298fc1c149afbf4c8996fb92427ae41e4649b934ca495991b7852b855,,124,10,0,0,10,6,6,0,0
runtime/testdata/testprogcgo/threadpanic_unix.c,098971627d5dbb80cea1f39d12eb01ddd1799afa692110b847742101b9ea749f,O0,"[""clang"",""-O0"",""-S"",""-emit-llvm"",""-Wno-everything"",""-I"",""<snapshot>/runtime/testdata/testprogcgo"",""-I"",""<snapshot>"",""<snapshot>/runtime/testdata/testprogcgo/threadpanic_unix.c"",""-o"",""<temporary>/module.ll""]",clang -O0 -S -emit-llvm -Wno-everything -I '<snapshot>/runtime/testdata/testprogcgo' -I '<snapshot>' '<snapshot>/runtime/testdata/testprogcgo/threadpanic_unix.c' -o '<temporary>/module.ll',0,0,e3b0c44298fc1c149afbf4c8996fb92427ae41e4649b934ca495991b7852b855,e3b0c44298fc1c149afbf4c8996fb92427ae41e4649b934ca495991b7852b855,,11,0,0,0,0,0,0,0,0
runtime/testdata/testprogcgo/threadpanic_unix.c,098971627d5dbb80cea1f39d12eb01ddd1799afa692110b847742101b9ea749f,O1,"[""clang"",""-O1"",""-S"",""-emit-llvm"",""-Wno-everything"",""-I"",""<snapshot>/runtime/testdata/testprogcgo"",""-I"",""<snapshot>"",""<snapshot>/runtime/testdata/testprogcgo/threadpanic_unix.c"",""-o"",""<temporary>/module.ll""]",clang -O1 -S -emit-llvm -Wno-everything -I '<snapshot>/runtime/testdata/testprogcgo' -I '<snapshot>' '<snapshot>/runtime/testdata/testprogcgo/threadpanic_unix.c' -o '<temporary>/module.ll',0,0,e3b0c44298fc1c149afbf4c8996fb92427ae41e4649b934ca495991b7852b855,e3b0c44298fc1c149afbf4c8996fb92427ae41e4649b934ca495991b7852b855,,11,1,0,0,1,0,0,0,0
runtime/testdata/testprogcgo/threadpanic_unix.c,098971627d5dbb80cea1f39d12eb01ddd1799afa692110b847742101b9ea749f,O2,"[""clang"",""-O2"",""-S"",""-emit-llvm"",""-Wno-everything"",""-I"",""<snapshot>/runtime/testdata/testprogcgo"",""-I"",""<snapshot>"",""<snapshot>/runtime/testdata/testprogcgo/threadpanic_unix.c"",""-o"",""<temporary>/module.ll""]",clang -O2 -S -emit-llvm -Wno-everything -I '<snapshot>/runtime/testdata/testprogcgo' -I '<snapshot>' '<snapshot>/runtime/testdata/testprogcgo/threadpanic_unix.c' -o '<temporary>/module.ll',0,0,e3b0c44298fc1c149afbf4c8996fb92427ae41e4649b934ca495991b7852b855,e3b0c44298fc1c149afbf4c8996fb92427ae41e4649b934ca495991b7852b855,,11,1,0,0,1,0,0,0,0
runtime/testdata/testprogcgo/threadpanic_windows.c,ecd24740557d89d2169e8adc6f583d23557eed01d666a64bf08e63639b8c6a51,O0,"[""clang"",""-O0"",""-S"",""-emit-llvm"",""-Wno-everything"",""-I"",""<snapshot>/runtime/testdata/testprogcgo"",""-I"",""<snapshot>"",""<snapshot>/runtime/testdata/testprogcgo/threadpanic_windows.c"",""-o"",""<temporary>/module.ll""]",clang -O0 -S -emit-llvm -Wno-everything -I '<snapshot>/runtime/testdata/testprogcgo' -I '<snapshot>' '<snapshot>/runtime/testdata/testprogcgo/threadpanic_windows.c' -o '<temporary>/module.ll',1,0,e3b0c44298fc1c149afbf4c8996fb92427ae41e4649b934ca495991b7852b855,6b051543fb333f306e9c7ee15f8b0a3a5b8817d1d4b0551fb5a8bed4340978dd,"<snapshot>/runtime/testdata/testprogcgo/threadpanic_windows.c:5:10: fatal error: 'process.h' file not found
    5 | #include <process.h>
      |          ^~~~~~~~~~~
1 error generated.",0,0,0,0,0,0,0,0,0
runtime/testdata/testprogcgo/threadpanic_windows.c,ecd24740557d89d2169e8adc6f583d23557eed01d666a64bf08e63639b8c6a51,O1,"[""clang"",""-O1"",""-S"",""-emit-llvm"",""-Wno-everything"",""-I"",""<snapshot>/runtime/testdata/testprogcgo"",""-I"",""<snapshot>"",""<snapshot>/runtime/testdata/testprogcgo/threadpanic_windows.c"",""-o"",""<temporary>/module.ll""]",clang -O1 -S -emit-llvm -Wno-everything -I '<snapshot>/runtime/testdata/testprogcgo' -I '<snapshot>' '<snapshot>/runtime/testdata/testprogcgo/threadpanic_windows.c' -o '<temporary>/module.ll',1,0,e3b0c44298fc1c149afbf4c8996fb92427ae41e4649b934ca495991b7852b855,6b051543fb333f306e9c7ee15f8b0a3a5b8817d1d4b0551fb5a8bed4340978dd,"<snapshot>/runtime/testdata/testprogcgo/threadpanic_windows.c:5:10: fatal error: 'process.h' file not found
    5 | #include <process.h>
      |          ^~~~~~~~~~~
1 error generated.",0,0,0,0,0,0,0,0,0
runtime/testdata/testprogcgo/threadpanic_windows.c,ecd24740557d89d2169e8adc6f583d23557eed01d666a64bf08e63639b8c6a51,O2,"[""clang"",""-O2"",""-S"",""-emit-llvm"",""-Wno-everything"",""-I"",""<snapshot>/runtime/testdata/testprogcgo"",""-I"",""<snapshot>"",""<snapshot>/runtime/testdata/testprogcgo/threadpanic_windows.c"",""-o"",""<temporary>/module.ll""]",clang -O2 -S -emit-llvm -Wno-everything -I '<snapshot>/runtime/testdata/testprogcgo' -I '<snapshot>' '<snapshot>/runtime/testdata/testprogcgo/threadpanic_windows.c' -o '<temporary>/module.ll',1,0,e3b0c44298fc1c149afbf4c8996fb92427ae41e4649b934ca495991b7852b855,6b051543fb333f306e9c7ee15f8b0a3a5b8817d1d4b0551fb5a8bed4340978dd,"<snapshot>/runtime/testdata/testprogcgo/threadpanic_windows.c:5:10: fatal error: 'process.h' file not found
    5 | #include <process.h>
      |          ^~~~~~~~~~~
1 error generated.",0,0,0,0,0,0,0,0,0
runtime/testdata/testprogcgo/trace_unix.c,f8456dc82d7221d9ade1ebc3372310acf99767b97c2f89c4b75ccbd6b3e9f833,O0,"[""clang"",""-O0"",""-S"",""-emit-llvm"",""-Wno-everything"",""-I"",""<snapshot>/runtime/testdata/testprogcgo"",""-I"",""<snapshot>"",""<snapshot>/runtime/testdata/testprogcgo/trace_unix.c"",""-o"",""<temporary>/module.ll""]",clang -O0 -S -emit-llvm -Wno-everything -I '<snapshot>/runtime/testdata/testprogcgo' -I '<snapshot>' '<snapshot>/runtime/testdata/testprogcgo/trace_unix.c' -o '<temporary>/module.ll',0,0,e3b0c44298fc1c149afbf4c8996fb92427ae41e4649b934ca495991b7852b855,e3b0c44298fc1c149afbf4c8996fb92427ae41e4649b934ca495991b7852b855,,20,2,0,0,2,0,0,0,0
runtime/testdata/testprogcgo/trace_unix.c,f8456dc82d7221d9ade1ebc3372310acf99767b97c2f89c4b75ccbd6b3e9f833,O1,"[""clang"",""-O1"",""-S"",""-emit-llvm"",""-Wno-everything"",""-I"",""<snapshot>/runtime/testdata/testprogcgo"",""-I"",""<snapshot>"",""<snapshot>/runtime/testdata/testprogcgo/trace_unix.c"",""-o"",""<temporary>/module.ll""]",clang -O1 -S -emit-llvm -Wno-everything -I '<snapshot>/runtime/testdata/testprogcgo' -I '<snapshot>' '<snapshot>/runtime/testdata/testprogcgo/trace_unix.c' -o '<temporary>/module.ll',0,0,e3b0c44298fc1c149afbf4c8996fb92427ae41e4649b934ca495991b7852b855,e3b0c44298fc1c149afbf4c8996fb92427ae41e4649b934ca495991b7852b855,,24,2,0,0,2,0,0,0,0
runtime/testdata/testprogcgo/trace_unix.c,f8456dc82d7221d9ade1ebc3372310acf99767b97c2f89c4b75ccbd6b3e9f833,O2,"[""clang"",""-O2"",""-S"",""-emit-llvm"",""-Wno-everything"",""-I"",""<snapshot>/runtime/testdata/testprogcgo"",""-I"",""<snapshot>"",""<snapshot>/runtime/testdata/testprogcgo/trace_unix.c"",""-o"",""<temporary>/module.ll""]",clang -O2 -S -emit-llvm -Wno-everything -I '<snapshot>/runtime/testdata/testprogcgo' -I '<snapshot>' '<snapshot>/runtime/testdata/testprogcgo/trace_unix.c' -o '<temporary>/module.ll',0,0,e3b0c44298fc1c149afbf4c8996fb92427ae41e4649b934ca495991b7852b855,e3b0c44298fc1c149afbf4c8996fb92427ae41e4649b934ca495991b7852b855,,24,2,0,0,2,0,0,0,0
runtime/testdata/testprogcgo/trace_windows.c,beb84a1659ccf34f1ec45d4dc6cda112a9aaeb5b2a58d274e3c6a3f5811b7639,O0,"[""clang"",""-O0"",""-S"",""-emit-llvm"",""-Wno-everything"",""-I"",""<snapshot>/runtime/testdata/testprogcgo"",""-I"",""<snapshot>"",""<snapshot>/runtime/testdata/testprogcgo/trace_windows.c"",""-o"",""<temporary>/module.ll""]",clang -O0 -S -emit-llvm -Wno-everything -I '<snapshot>/runtime/testdata/testprogcgo' -I '<snapshot>' '<snapshot>/runtime/testdata/testprogcgo/trace_windows.c' -o '<temporary>/module.ll',1,0,e3b0c44298fc1c149afbf4c8996fb92427ae41e4649b934ca495991b7852b855,5f0656b8495cdb02250d084cbdc67695acb167375f4942b3b7cb204c5d571a90,"<snapshot>/runtime/testdata/testprogcgo/trace_windows.c:9:10: fatal error: 'windows.h' file not found
    9 | #include <windows.h>
      |          ^~~~~~~~~~~
1 error generated.",0,0,0,0,0,0,0,0,0
runtime/testdata/testprogcgo/trace_windows.c,beb84a1659ccf34f1ec45d4dc6cda112a9aaeb5b2a58d274e3c6a3f5811b7639,O1,"[""clang"",""-O1"",""-S"",""-emit-llvm"",""-Wno-everything"",""-I"",""<snapshot>/runtime/testdata/testprogcgo"",""-I"",""<snapshot>"",""<snapshot>/runtime/testdata/testprogcgo/trace_windows.c"",""-o"",""<temporary>/module.ll""]",clang -O1 -S -emit-llvm -Wno-everything -I '<snapshot>/runtime/testdata/testprogcgo' -I '<snapshot>' '<snapshot>/runtime/testdata/testprogcgo/trace_windows.c' -o '<temporary>/module.ll',1,0,e3b0c44298fc1c149afbf4c8996fb92427ae41e4649b934ca495991b7852b855,5f0656b8495cdb02250d084cbdc67695acb167375f4942b3b7cb204c5d571a90,"<snapshot>/runtime/testdata/testprogcgo/trace_windows.c:9:10: fatal error: 'windows.h' file not found
    9 | #include <windows.h>
      |          ^~~~~~~~~~~
1 error generated.",0,0,0,0,0,0,0,0,0
runtime/testdata/testprogcgo/trace_windows.c,beb84a1659ccf34f1ec45d4dc6cda112a9aaeb5b2a58d274e3c6a3f5811b7639,O2,"[""clang"",""-O2"",""-S"",""-emit-llvm"",""-Wno-everything"",""-I"",""<snapshot>/runtime/testdata/testprogcgo"",""-I"",""<snapshot>"",""<snapshot>/runtime/testdata/testprogcgo/trace_windows.c"",""-o"",""<temporary>/module.ll""]",clang -O2 -S -emit-llvm -Wno-everything -I '<snapshot>/runtime/testdata/testprogcgo' -I '<snapshot>' '<snapshot>/runtime/testdata/testprogcgo/trace_windows.c' -o '<temporary>/module.ll',1,0,e3b0c44298fc1c149afbf4c8996fb92427ae41e4649b934ca495991b7852b855,5f0656b8495cdb02250d084cbdc67695acb167375f4942b3b7cb204c5d571a90,"<snapshot>/runtime/testdata/testprogcgo/trace_windows.c:9:10: fatal error: 'windows.h' file not found
    9 | #include <windows.h>
      |          ^~~~~~~~~~~
1 error generated.",0,0,0,0,0,0,0,0,0
runtime/testdata/testprogcgo/traceback_c.c,6f3861ceab4252a8341199f6105b956559e893a0262f037693b903643d965d69,O0,"[""clang"",""-O0"",""-S"",""-emit-llvm"",""-Wno-everything"",""-I"",""<snapshot>/runtime/testdata/testprogcgo"",""-I"",""<snapshot>"",""<snapshot>/runtime/testdata/testprogcgo/traceback_c.c"",""-o"",""<temporary>/module.ll""]",clang -O0 -S -emit-llvm -Wno-everything -I '<snapshot>/runtime/testdata/testprogcgo' -I '<snapshot>' '<snapshot>/runtime/testdata/testprogcgo/traceback_c.c' -o '<temporary>/module.ll',0,0,e3b0c44298fc1c149afbf4c8996fb92427ae41e4649b934ca495991b7852b855,e3b0c44298fc1c149afbf4c8996fb92427ae41e4649b934ca495991b7852b855,,74,3,0,0,3,1,1,0,0
runtime/testdata/testprogcgo/traceback_c.c,6f3861ceab4252a8341199f6105b956559e893a0262f037693b903643d965d69,O1,"[""clang"",""-O1"",""-S"",""-emit-llvm"",""-Wno-everything"",""-I"",""<snapshot>/runtime/testdata/testprogcgo"",""-I"",""<snapshot>"",""<snapshot>/runtime/testdata/testprogcgo/traceback_c.c"",""-o"",""<temporary>/module.ll""]",clang -O1 -S -emit-llvm -Wno-everything -I '<snapshot>/runtime/testdata/testprogcgo' -I '<snapshot>' '<snapshot>/runtime/testdata/testprogcgo/traceback_c.c' -o '<temporary>/module.ll',0,0,e3b0c44298fc1c149afbf4c8996fb92427ae41e4649b934ca495991b7852b855,e3b0c44298fc1c149afbf4c8996fb92427ae41e4649b934ca495991b7852b855,,49,5,0,2,6,3,2,0,0
runtime/testdata/testprogcgo/traceback_c.c,6f3861ceab4252a8341199f6105b956559e893a0262f037693b903643d965d69,O2,"[""clang"",""-O2"",""-S"",""-emit-llvm"",""-Wno-everything"",""-I"",""<snapshot>/runtime/testdata/testprogcgo"",""-I"",""<snapshot>"",""<snapshot>/runtime/testdata/testprogcgo/traceback_c.c"",""-o"",""<temporary>/module.ll""]",clang -O2 -S -emit-llvm -Wno-everything -I '<snapshot>/runtime/testdata/testprogcgo' -I '<snapshot>' '<snapshot>/runtime/testdata/testprogcgo/traceback_c.c' -o '<temporary>/module.ll',0,0,e3b0c44298fc1c149afbf4c8996fb92427ae41e4649b934ca495991b7852b855,e3b0c44298fc1c149afbf4c8996fb92427ae41e4649b934ca495991b7852b855,,49,5,0,1,6,3,2,0,0
runtime/testdata/testprogcgo/tracebackctxt_c.c,fd5f27d3b9de8c7102f6eaded1df2d17a008b2ac6cef336a7932a50545385f35,O0,"[""clang"",""-O0"",""-S"",""-emit-llvm"",""-Wno-everything"",""-I"",""<snapshot>/runtime/testdata/testprogcgo"",""-I"",""<snapshot>"",""<snapshot>/runtime/testdata/testprogcgo/tracebackctxt_c.c"",""-o"",""<temporary>/module.ll""]",clang -O0 -S -emit-llvm -Wno-everything -I '<snapshot>/runtime/testdata/testprogcgo' -I '<snapshot>' '<snapshot>/runtime/testdata/testprogcgo/tracebackctxt_c.c' -o '<temporary>/module.ll',0,0,e3b0c44298fc1c149afbf4c8996fb92427ae41e4649b934ca495991b7852b855,e3b0c44298fc1c149afbf4c8996fb92427ae41e4649b934ca495991b7852b855,,156,9,2,0,11,7,5,0,0
runtime/testdata/testprogcgo/tracebackctxt_c.c,fd5f27d3b9de8c7102f6eaded1df2d17a008b2ac6cef336a7932a50545385f35,O1,"[""clang"",""-O1"",""-S"",""-emit-llvm"",""-Wno-everything"",""-I"",""<snapshot>/runtime/testdata/testprogcgo"",""-I"",""<snapshot>"",""<snapshot>/runtime/testdata/testprogcgo/tracebackctxt_c.c"",""-o"",""<temporary>/module.ll""]",clang -O1 -S -emit-llvm -Wno-everything -I '<snapshot>/runtime/testdata/testprogcgo' -I '<snapshot>' '<snapshot>/runtime/testdata/testprogcgo/tracebackctxt_c.c' -o '<temporary>/module.ll',0,0,e3b0c44298fc1c149afbf4c8996fb92427ae41e4649b934ca495991b7852b855,e3b0c44298fc1c149afbf4c8996fb92427ae41e4649b934ca495991b7852b855,,81,11,0,5,14,10,7,0,1
runtime/testdata/testprogcgo/tracebackctxt_c.c,fd5f27d3b9de8c7102f6eaded1df2d17a008b2ac6cef336a7932a50545385f35,O2,"[""clang"",""-O2"",""-S"",""-emit-llvm"",""-Wno-everything"",""-I"",""<snapshot>/runtime/testdata/testprogcgo"",""-I"",""<snapshot>"",""<snapshot>/runtime/testdata/testprogcgo/tracebackctxt_c.c"",""-o"",""<temporary>/module.ll""]",clang -O2 -S -emit-llvm -Wno-everything -I '<snapshot>/runtime/testdata/testprogcgo' -I '<snapshot>' '<snapshot>/runtime/testdata/testprogcgo/tracebackctxt_c.c' -o '<temporary>/module.ll',0,0,e3b0c44298fc1c149afbf4c8996fb92427ae41e4649b934ca495991b7852b855,e3b0c44298fc1c149afbf4c8996fb92427ae41e4649b934ca495991b7852b855,,80,10,0,5,13,9,6,0,1
runtime/testdata/testwinlib/main.c,7043eedb3e1fd9dd0d887958fb4e560dcfc26d2f258801dc8b63c17ad3cae9c1,O0,"[""clang"",""-O0"",""-S"",""-emit-llvm"",""-Wno-everything"",""-I"",""<snapshot>/runtime/testdata/testwinlib"",""-I"",""<snapshot>"",""<snapshot>/runtime/testdata/testwinlib/main.c"",""-o"",""<temporary>/module.ll""]",clang -O0 -S -emit-llvm -Wno-everything -I '<snapshot>/runtime/testdata/testwinlib' -I '<snapshot>' '<snapshot>/runtime/testdata/testwinlib/main.c' -o '<temporary>/module.ll',1,0,e3b0c44298fc1c149afbf4c8996fb92427ae41e4649b934ca495991b7852b855,c6d6566fe4a67509c47ae161a7cbdf8a397f710cff2dcdb457a420b7d5589089,"<snapshot>/runtime/testdata/testwinlib/main.c:2:10: fatal error: 'windows.h' file not found
    2 | #include <windows.h>
      |          ^~~~~~~~~~~
1 error generated.",0,0,0,0,0,0,0,0,0
runtime/testdata/testwinlib/main.c,7043eedb3e1fd9dd0d887958fb4e560dcfc26d2f258801dc8b63c17ad3cae9c1,O1,"[""clang"",""-O1"",""-S"",""-emit-llvm"",""-Wno-everything"",""-I"",""<snapshot>/runtime/testdata/testwinlib"",""-I"",""<snapshot>"",""<snapshot>/runtime/testdata/testwinlib/main.c"",""-o"",""<temporary>/module.ll""]",clang -O1 -S -emit-llvm -Wno-everything -I '<snapshot>/runtime/testdata/testwinlib' -I '<snapshot>' '<snapshot>/runtime/testdata/testwinlib/main.c' -o '<temporary>/module.ll',1,0,e3b0c44298fc1c149afbf4c8996fb92427ae41e4649b934ca495991b7852b855,c6d6566fe4a67509c47ae161a7cbdf8a397f710cff2dcdb457a420b7d5589089,"<snapshot>/runtime/testdata/testwinlib/main.c:2:10: fatal error: 'windows.h' file not found
    2 | #include <windows.h>
      |          ^~~~~~~~~~~
1 error generated.",0,0,0,0,0,0,0,0,0
runtime/testdata/testwinlib/main.c,7043eedb3e1fd9dd0d887958fb4e560dcfc26d2f258801dc8b63c17ad3cae9c1,O2,"[""clang"",""-O2"",""-S"",""-emit-llvm"",""-Wno-everything"",""-I"",""<snapshot>/runtime/testdata/testwinlib"",""-I"",""<snapshot>"",""<snapshot>/runtime/testdata/testwinlib/main.c"",""-o"",""<temporary>/module.ll""]",clang -O2 -S -emit-llvm -Wno-everything -I '<snapshot>/runtime/testdata/testwinlib' -I '<snapshot>' '<snapshot>/runtime/testdata/testwinlib/main.c' -o '<temporary>/module.ll',1,0,e3b0c44298fc1c149afbf4c8996fb92427ae41e4649b934ca495991b7852b855,c6d6566fe4a67509c47ae161a7cbdf8a397f710cff2dcdb457a420b7d5589089,"<snapshot>/runtime/testdata/testwinlib/main.c:2:10: fatal error: 'windows.h' file not found
    2 | #include <windows.h>
      |          ^~~~~~~~~~~
1 error generated.",0,0,0,0,0,0,0,0,0
runtime/testdata/testwinlibsignal/main.c,3f86052eac437b61fffc38d823c15cb5cbcfcecd01d63d7bfd9fa1e5d194f313,O0,"[""clang"",""-O0"",""-S"",""-emit-llvm"",""-Wno-everything"",""-I"",""<snapshot>/runtime/testdata/testwinlibsignal"",""-I"",""<snapshot>"",""<snapshot>/runtime/testdata/testwinlibsignal/main.c"",""-o"",""<temporary>/module.ll""]",clang -O0 -S -emit-llvm -Wno-everything -I '<snapshot>/runtime/testdata/testwinlibsignal' -I '<snapshot>' '<snapshot>/runtime/testdata/testwinlibsignal/main.c' -o '<temporary>/module.ll',1,0,e3b0c44298fc1c149afbf4c8996fb92427ae41e4649b934ca495991b7852b855,2845312358e2023114477d4ce27ead74657970b49ce5736d72db3ff7ac832dcb,"<snapshot>/runtime/testdata/testwinlibsignal/main.c:1:10: fatal error: 'windows.h' file not found
    1 | #include <windows.h>
      |          ^~~~~~~~~~~
1 error generated.",0,0,0,0,0,0,0,0,0
runtime/testdata/testwinlibsignal/main.c,3f86052eac437b61fffc38d823c15cb5cbcfcecd01d63d7bfd9fa1e5d194f313,O1,"[""clang"",""-O1"",""-S"",""-emit-llvm"",""-Wno-everything"",""-I"",""<snapshot>/runtime/testdata/testwinlibsignal"",""-I"",""<snapshot>"",""<snapshot>/runtime/testdata/testwinlibsignal/main.c"",""-o"",""<temporary>/module.ll""]",clang -O1 -S -emit-llvm -Wno-everything -I '<snapshot>/runtime/testdata/testwinlibsignal' -I '<snapshot>' '<snapshot>/runtime/testdata/testwinlibsignal/main.c' -o '<temporary>/module.ll',1,0,e3b0c44298fc1c149afbf4c8996fb92427ae41e4649b934ca495991b7852b855,2845312358e2023114477d4ce27ead74657970b49ce5736d72db3ff7ac832dcb,"<snapshot>/runtime/testdata/testwinlibsignal/main.c:1:10: fatal error: 'windows.h' file not found
    1 | #include <windows.h>
      |          ^~~~~~~~~~~
1 error generated.",0,0,0,0,0,0,0,0,0
runtime/testdata/testwinlibsignal/main.c,3f86052eac437b61fffc38d823c15cb5cbcfcecd01d63d7bfd9fa1e5d194f313,O2,"[""clang"",""-O2"",""-S"",""-emit-llvm"",""-Wno-everything"",""-I"",""<snapshot>/runtime/testdata/testwinlibsignal"",""-I"",""<snapshot>"",""<snapshot>/runtime/testdata/testwinlibsignal/main.c"",""-o"",""<temporary>/module.ll""]",clang -O2 -S -emit-llvm -Wno-everything -I '<snapshot>/runtime/testdata/testwinlibsignal' -I '<snapshot>' '<snapshot>/runtime/testdata/testwinlibsignal/main.c' -o '<temporary>/module.ll',1,0,e3b0c44298fc1c149afbf4c8996fb92427ae41e4649b934ca495991b7852b855,2845312358e2023114477d4ce27ead74657970b49ce5736d72db3ff7ac832dcb,"<snapshot>/runtime/testdata/testwinlibsignal/main.c:1:10: fatal error: 'windows.h' file not found
    1 | #include <windows.h>
      |          ^~~~~~~~~~~
1 error generated.",0,0,0,0,0,0,0,0,0
runtime/testdata/testwinlibthrow/veh.c,f117fee17cefd02ec2b1b6c3d293032871d8b7e2f8295355a577fd758ad4cf55,O0,"[""clang"",""-O0"",""-S"",""-emit-llvm"",""-Wno-everything"",""-I"",""<snapshot>/runtime/testdata/testwinlibthrow"",""-I"",""<snapshot>"",""<snapshot>/runtime/testdata/testwinlibthrow/veh.c"",""-o"",""<temporary>/module.ll""]",clang -O0 -S -emit-llvm -Wno-everything -I '<snapshot>/runtime/testdata/testwinlibthrow' -I '<snapshot>' '<snapshot>/runtime/testdata/testwinlibthrow/veh.c' -o '<temporary>/module.ll',1,0,e3b0c44298fc1c149afbf4c8996fb92427ae41e4649b934ca495991b7852b855,dbf2dceb439a21de9749b8b19e384840da13337ccabaa6dd1507804ee1109d19,"<snapshot>/runtime/testdata/testwinlibthrow/veh.c:3:10: fatal error: 'windows.h' file not found
    3 | #include <windows.h>
      |          ^~~~~~~~~~~
1 error generated.",0,0,0,0,0,0,0,0,0
runtime/testdata/testwinlibthrow/veh.c,f117fee17cefd02ec2b1b6c3d293032871d8b7e2f8295355a577fd758ad4cf55,O1,"[""clang"",""-O1"",""-S"",""-emit-llvm"",""-Wno-everything"",""-I"",""<snapshot>/runtime/testdata/testwinlibthrow"",""-I"",""<snapshot>"",""<snapshot>/runtime/testdata/testwinlibthrow/veh.c"",""-o"",""<temporary>/module.ll""]",clang -O1 -S -emit-llvm -Wno-everything -I '<snapshot>/runtime/testdata/testwinlibthrow' -I '<snapshot>' '<snapshot>/runtime/testdata/testwinlibthrow/veh.c' -o '<temporary>/module.ll',1,0,e3b0c44298fc1c149afbf4c8996fb92427ae41e4649b934ca495991b7852b855,dbf2dceb439a21de9749b8b19e384840da13337ccabaa6dd1507804ee1109d19,"<snapshot>/runtime/testdata/testwinlibthrow/veh.c:3:10: fatal error: 'windows.h' file not found
    3 | #include <windows.h>
      |          ^~~~~~~~~~~
1 error generated.",0,0,0,0,0,0,0,0,0
runtime/testdata/testwinlibthrow/veh.c,f117fee17cefd02ec2b1b6c3d293032871d8b7e2f8295355a577fd758ad4cf55,O2,"[""clang"",""-O2"",""-S"",""-emit-llvm"",""-Wno-everything"",""-I"",""<snapshot>/runtime/testdata/testwinlibthrow"",""-I"",""<snapshot>"",""<snapshot>/runtime/testdata/testwinlibthrow/veh.c"",""-o"",""<temporary>/module.ll""]",clang -O2 -S -emit-llvm -Wno-everything -I '<snapshot>/runtime/testdata/testwinlibthrow' -I '<snapshot>' '<snapshot>/runtime/testdata/testwinlibthrow/veh.c' -o '<temporary>/module.ll',1,0,e3b0c44298fc1c149afbf4c8996fb92427ae41e4649b934ca495991b7852b855,dbf2dceb439a21de9749b8b19e384840da13337ccabaa6dd1507804ee1109d19,"<snapshot>/runtime/testdata/testwinlibthrow/veh.c:3:10: fatal error: 'windows.h' file not found
    3 | #include <windows.h>
      |          ^~~~~~~~~~~
1 error generated.",0,0,0,0,0,0,0,0,0
runtime/testdata/testwintls/main.c,1198e56469724a85e3bf8f94f7e8f705072e3cc55be79f7997ef02ae7d61c161,O0,"[""clang"",""-O0"",""-S"",""-emit-llvm"",""-Wno-everything"",""-I"",""<snapshot>/runtime/testdata/testwintls"",""-I"",""<snapshot>"",""<snapshot>/runtime/testdata/testwintls/main.c"",""-o"",""<temporary>/module.ll""]",clang -O0 -S -emit-llvm -Wno-everything -I '<snapshot>/runtime/testdata/testwintls' -I '<snapshot>' '<snapshot>/runtime/testdata/testwintls/main.c' -o '<temporary>/module.ll',1,0,e3b0c44298fc1c149afbf4c8996fb92427ae41e4649b934ca495991b7852b855,6c73220fa435e90a28a18ff4938d3294c8c64709ebd85e4e7cc2835c84aa34e5,"<snapshot>/runtime/testdata/testwintls/main.c:5:10: fatal error: 'windows.h' file not found
    5 | #include <windows.h>
      |          ^~~~~~~~~~~
1 error generated.",0,0,0,0,0,0,0,0,0
runtime/testdata/testwintls/main.c,1198e56469724a85e3bf8f94f7e8f705072e3cc55be79f7997ef02ae7d61c161,O1,"[""clang"",""-O1"",""-S"",""-emit-llvm"",""-Wno-everything"",""-I"",""<snapshot>/runtime/testdata/testwintls"",""-I"",""<snapshot>"",""<snapshot>/runtime/testdata/testwintls/main.c"",""-o"",""<temporary>/module.ll""]",clang -O1 -S -emit-llvm -Wno-everything -I '<snapshot>/runtime/testdata/testwintls' -I '<snapshot>' '<snapshot>/runtime/testdata/testwintls/main.c' -o '<temporary>/module.ll',1,0,e3b0c44298fc1c149afbf4c8996fb92427ae41e4649b934ca495991b7852b855,6c73220fa435e90a28a18ff4938d3294c8c64709ebd85e4e7cc2835c84aa34e5,"<snapshot>/runtime/testdata/testwintls/main.c:5:10: fatal error: 'windows.h' file not found
    5 | #include <windows.h>
      |          ^~~~~~~~~~~
1 error generated.",0,0,0,0,0,0,0,0,0
runtime/testdata/testwintls/main.c,1198e56469724a85e3bf8f94f7e8f705072e3cc55be79f7997ef02ae7d61c161,O2,"[""clang"",""-O2"",""-S"",""-emit-llvm"",""-Wno-everything"",""-I"",""<snapshot>/runtime/testdata/testwintls"",""-I"",""<snapshot>"",""<snapshot>/runtime/testdata/testwintls/main.c"",""-o"",""<temporary>/module.ll""]",clang -O2 -S -emit-llvm -Wno-everything -I '<snapshot>/runtime/testdata/testwintls' -I '<snapshot>' '<snapshot>/runtime/testdata/testwintls/main.c' -o '<temporary>/module.ll',1,0,e3b0c44298fc1c149afbf4c8996fb92427ae41e4649b934ca495991b7852b855,6c73220fa435e90a28a18ff4938d3294c8c64709ebd85e4e7cc2835c84aa34e5,"<snapshot>/runtime/testdata/testwintls/main.c:5:10: fatal error: 'windows.h' file not found
    5 | #include <windows.h>
      |          ^~~~~~~~~~~
1 error generated.",0,0,0,0,0,0,0,0,0
vendor/golang.org/x/sys/cpu/cpu_gccgo_x86.c,50585132982aa1dda61a887bb62f468a1a843cf1993d59a4b0fe6ca2e8a5c8f7,O0,"[""clang"",""-O0"",""-S"",""-emit-llvm"",""-Wno-everything"",""-I"",""<snapshot>/vendor/golang.org/x/sys/cpu"",""-I"",""<snapshot>"",""<snapshot>/vendor/golang.org/x/sys/cpu/cpu_gccgo_x86.c"",""-o"",""<temporary>/module.ll""]",clang -O0 -S -emit-llvm -Wno-everything -I '<snapshot>/vendor/golang.org/x/sys/cpu' -I '<snapshot>' '<snapshot>/vendor/golang.org/x/sys/cpu/cpu_gccgo_x86.c' -o '<temporary>/module.ll',0,0,e3b0c44298fc1c149afbf4c8996fb92427ae41e4649b934ca495991b7852b855,e3b0c44298fc1c149afbf4c8996fb92427ae41e4649b934ca495991b7852b855,,111,1,0,6,5,2,0,0,1
vendor/golang.org/x/sys/cpu/cpu_gccgo_x86.c,50585132982aa1dda61a887bb62f468a1a843cf1993d59a4b0fe6ca2e8a5c8f7,O1,"[""clang"",""-O1"",""-S"",""-emit-llvm"",""-Wno-everything"",""-I"",""<snapshot>/vendor/golang.org/x/sys/cpu"",""-I"",""<snapshot>"",""<snapshot>/vendor/golang.org/x/sys/cpu/cpu_gccgo_x86.c"",""-o"",""<temporary>/module.ll""]",clang -O1 -S -emit-llvm -Wno-everything -I '<snapshot>/vendor/golang.org/x/sys/cpu' -I '<snapshot>' '<snapshot>/vendor/golang.org/x/sys/cpu/cpu_gccgo_x86.c' -o '<temporary>/module.ll',0,0,e3b0c44298fc1c149afbf4c8996fb92427ae41e4649b934ca495991b7852b855,e3b0c44298fc1c149afbf4c8996fb92427ae41e4649b934ca495991b7852b855,,26,1,0,4,3,1,0,0,1
vendor/golang.org/x/sys/cpu/cpu_gccgo_x86.c,50585132982aa1dda61a887bb62f468a1a843cf1993d59a4b0fe6ca2e8a5c8f7,O2,"[""clang"",""-O2"",""-S"",""-emit-llvm"",""-Wno-everything"",""-I"",""<snapshot>/vendor/golang.org/x/sys/cpu"",""-I"",""<snapshot>"",""<snapshot>/vendor/golang.org/x/sys/cpu/cpu_gccgo_x86.c"",""-o"",""<temporary>/module.ll""]",clang -O2 -S -emit-llvm -Wno-everything -I '<snapshot>/vendor/golang.org/x/sys/cpu' -I '<snapshot>' '<snapshot>/vendor/golang.org/x/sys/cpu/cpu_gccgo_x86.c' -o '<temporary>/module.ll',0,0,e3b0c44298fc1c149afbf4c8996fb92427ae41e4649b934ca495991b7852b855,e3b0c44298fc1c149afbf4c8996fb92427ae41e4649b934ca495991b7852b855,,26,1,0,4,3,1,0,0,1
